month,sku_id,market,channel,forecast_locked_at,forecast_method,budget_units,budget_revenue_eur,forecast_basis_units,forecast_units,forecast_revenue_eur
2025-01,SKU-01,Central,Convenience,2024-12-31,calendar_plan_v1_no_realized_demand,949,2004.29,918,916,1934.59
2025-01,SKU-01,Central,Ecommerce,2024-12-31,calendar_plan_v1_no_realized_demand,887,1873.34,856,846,1786.75
2025-01,SKU-01,Central,Grocery,2024-12-31,calendar_plan_v1_no_realized_demand,1548,3269.38,1486,1476,3117.31
2025-01,SKU-01,Central,Wholesale,2024-12-31,calendar_plan_v1_no_realized_demand,1349,2849.09,1291,1293,2730.82
2025-01,SKU-01,North,Convenience,2024-12-31,calendar_plan_v1_no_realized_demand,887,1967.01,856,859,1904.92
2025-01,SKU-01,North,Ecommerce,2024-12-31,calendar_plan_v1_no_realized_demand,825,1829.52,794,773,1714.2
2025-01,SKU-01,North,Grocery,2024-12-31,calendar_plan_v1_no_realized_demand,1446,3206.65,1384,1375,3049.2
2025-01,SKU-01,North,Wholesale,2024-12-31,calendar_plan_v1_no_realized_demand,1258,2789.74,1200,1209,2681.08
2025-01,SKU-01,South,Convenience,2024-12-31,calendar_plan_v1_no_realized_demand,763,1514.77,732,732,1453.22
2025-01,SKU-01,South,Ecommerce,2024-12-31,calendar_plan_v1_no_realized_demand,723,1435.36,692,706,1401.61
2025-01,SKU-01,South,Grocery,2024-12-31,calendar_plan_v1_no_realized_demand,1258,2497.48,1200,1196,2374.39
2025-01,SKU-01,South,Wholesale,2024-12-31,calendar_plan_v1_no_realized_demand,1069,2122.26,1038,1029,2042.85
2025-01,SKU-01,West,Convenience,2024-12-31,calendar_plan_v1_no_realized_demand,661,1354.15,630,634,1298.84
2025-01,SKU-01,West,Ecommerce,2024-12-31,calendar_plan_v1_no_realized_demand,603,1235.33,572,565,1157.48
2025-01,SKU-01,West,Grocery,2024-12-31,calendar_plan_v1_no_realized_demand,1038,2126.49,1007,999,2046.59
2025-01,SKU-01,West,Wholesale,2024-12-31,calendar_plan_v1_no_realized_demand,899,1841.73,868,858,1757.73
2025-01,SKU-02,Central,Convenience,2024-12-31,calendar_plan_v1_no_realized_demand,1108,1914.62,1073,1076,1859.33
2025-01,SKU-02,Central,Ecommerce,2024-12-31,calendar_plan_v1_no_realized_demand,1038,1793.66,1007,995,1719.36
2025-01,SKU-02,Central,Grocery,2024-12-31,calendar_plan_v1_no_realized_demand,1805,3119.04,1743,1735,2998.08
2025-01,SKU-02,Central,Wholesale,2024-12-31,calendar_plan_v1_no_realized_demand,1579,2728.51,1517,1514,2616.19
2025-01,SKU-02,North,Convenience,2024-12-31,calendar_plan_v1_no_realized_demand,1038,1883.35,1007,1022,1854.32
2025-01,SKU-02,North,Ecommerce,2024-12-31,calendar_plan_v1_no_realized_demand,976,1770.85,945,943,1710.98
2025-01,SKU-02,North,Grocery,2024-12-31,calendar_plan_v1_no_realized_demand,1679,3046.38,1617,1611,2923.0
2025-01,SKU-02,North,Wholesale,2024-12-31,calendar_plan_v1_no_realized_demand,1459,2647.21,1397,1400,2540.16
2025-01,SKU-02,South,Convenience,2024-12-31,calendar_plan_v1_no_realized_demand,887,1440.77,856,856,1390.42
2025-01,SKU-02,South,Ecommerce,2024-12-31,calendar_plan_v1_no_realized_demand,847,1375.8,816,822,1335.19
2025-01,SKU-02,South,Grocery,2024-12-31,calendar_plan_v1_no_realized_demand,1462,2374.76,1400,1405,2282.17
2025-01,SKU-02,South,Wholesale,2024-12-31,calendar_plan_v1_no_realized_demand,1260,2046.64,1202,1197,1944.31
2025-01,SKU-02,West,Convenience,2024-12-31,calendar_plan_v1_no_realized_demand,754,1263.82,723,727,1218.57
2025-01,SKU-02,West,Ecommerce,2024-12-31,calendar_plan_v1_no_realized_demand,723,1211.86,692,690,1156.55
2025-01,SKU-02,West,Grocery,2024-12-31,calendar_plan_v1_no_realized_demand,1222,2048.27,1177,1170,1961.11
2025-01,SKU-02,West,Wholesale,2024-12-31,calendar_plan_v1_no_realized_demand,1051,1761.64,1020,1024,1716.39
2025-01,SKU-03,Central,Convenience,2024-12-31,calendar_plan_v1_no_realized_demand,785,1959.36,754,756,1886.98
2025-01,SKU-03,Central,Ecommerce,2024-12-31,calendar_plan_v1_no_realized_demand,736,1837.06,705,704,1757.18
2025-01,SKU-03,Central,Grocery,2024-12-31,calendar_plan_v1_no_realized_demand,1291,3222.34,1233,1225,3057.6
2025-01,SKU-03,Central,Wholesale,2024-12-31,calendar_plan_v1_no_realized_demand,1086,2710.66,1055,1052,2625.79
2025-01,SKU-03,North,Convenience,2024-12-31,calendar_plan_v1_no_realized_demand,723,1894.84,692,697,1826.7
2025-01,SKU-03,North,Ecommerce,2024-12-31,calendar_plan_v1_no_realized_demand,692,1813.59,833,838,2196.23
2025-01,SKU-03,North,Grocery,2024-12-31,calendar_plan_v1_no_realized_demand,1180,3092.54,1140,1137,2979.85
2025-01,SKU-03,North,Wholesale,2024-12-31,calendar_plan_v1_no_realized_demand,1011,2649.63,980,975,2555.28
2025-01,SKU-03,South,Convenience,2024-12-31,calendar_plan_v1_no_realized_demand,634,1487.52,713,711,1668.18
2025-01,SKU-03,South,Ecommerce,2024-12-31,calendar_plan_v1_no_realized_demand,600,1407.74,569,571,1339.7
2025-01,SKU-03,South,Grocery,2024-12-31,calendar_plan_v1_no_realized_demand,1011,2372.05,980,986,2313.39
2025-01,SKU-03,South,Wholesale,2024-12-31,calendar_plan_v1_no_realized_demand,887,2081.11,856,863,2024.81
2025-01,SKU-03,West,Convenience,2024-12-31,calendar_plan_v1_no_realized_demand,541,1309.83,510,507,1227.51
2025-01,SKU-03,West,Ecommerce,2024-12-31,calendar_plan_v1_no_realized_demand,510,1234.77,479,481,1164.56
2025-01,SKU-03,West,Grocery,2024-12-31,calendar_plan_v1_no_realized_demand,856,2072.48,825,825,1997.42
2025-01,SKU-03,West,Wholesale,2024-12-31,calendar_plan_v1_no_realized_demand,754,1825.52,723,727,1760.15
2025-01,SKU-04,Central,Convenience,2024-12-31,calendar_plan_v1_no_realized_demand,723,1874.02,692,696,1804.03
2025-01,SKU-04,Central,Ecommerce,2024-12-31,calendar_plan_v1_no_realized_demand,692,1793.66,661,658,1705.54
2025-01,SKU-04,Central,Grocery,2024-12-31,calendar_plan_v1_no_realized_demand,1180,3058.56,1140,1142,2960.06
2025-01,SKU-04,Central,Wholesale,2024-12-31,calendar_plan_v1_no_realized_demand,1011,2620.51,980,980,2540.16
2025-01,SKU-04,North,Convenience,2024-12-31,calendar_plan_v1_no_realized_demand,692,1883.35,661,664,1807.14
2025-01,SKU-04,North,Ecommerce,2024-12-31,calendar_plan_v1_no_realized_demand,634,1725.49,603,607,1652.01
2025-01,SKU-04,North,Grocery,2024-12-31,calendar_plan_v1_no_realized_demand,1082,2944.77,1051,1050,2857.68
2025-01,SKU-04,North,Wholesale,2024-12-31,calendar_plan_v1_no_realized_demand,949,2582.8,918,921,2506.59
2025-01,SKU-04,South,Convenience,2024-12-31,calendar_plan_v1_no_realized_demand,599,1459.45,568,569,1386.36
2025-01,SKU-04,South,Ecommerce,2024-12-31,calendar_plan_v1_no_realized_demand,559,1361.99,528,528,1286.46
2025-01,SKU-04,South,Grocery,2024-12-31,calendar_plan_v1_no_realized_demand,949,2312.22,918,913,2224.51
2025-01,SKU-04,South,Wholesale,2024-12-31,calendar_plan_v1_no_realized_demand,817,1990.6,786,787,1917.51
2025-01,SKU-04,West,Convenience,2024-12-31,calendar_plan_v1_no_realized_demand,506,1272.21,475,469,1179.18
2025-01,SKU-04,West,Ecommerce,2024-12-31,calendar_plan_v1_no_realized_demand,470,1181.69,439,436,1096.21
2025-01,SKU-04,West,Grocery,2024-12-31,calendar_plan_v1_no_realized_demand,794,1996.31,763,757,1903.28
2025-01,SKU-04,West,Wholesale,2024-12-31,calendar_plan_v1_no_realized_demand,692,1739.85,661,660,1659.4
2025-01,SKU-05,Central,Convenience,2024-12-31,calendar_plan_v1_no_realized_demand,669,2440.51,638,644,2349.31
2025-01,SKU-05,Central,Ecommerce,2024-12-31,calendar_plan_v1_no_realized_demand,634,2312.83,603,605,2207.04
2025-01,SKU-05,Central,Grocery,2024-12-31,calendar_plan_v1_no_realized_demand,1079,3936.19,1048,1071,3907.01
2025-01,SKU-05,Central,Wholesale,2024-12-31,calendar_plan_v1_no_realized_demand,945,3447.36,914,907,3308.74
2025-01,SKU-05,North,Convenience,2024-12-31,calendar_plan_v1_no_realized_demand,631,2416.98,600,600,2298.24
2025-01,SKU-05,North,Ecommerce,2024-12-31,calendar_plan_v1_no_realized_demand,599,2294.41,568,562,2152.68
2025-01,SKU-05,North,Grocery,2024-12-31,calendar_plan_v1_no_realized_demand,1007,3857.21,976,971,3719.32
2025-01,SKU-05,North,Wholesale,2024-12-31,calendar_plan_v1_no_realized_demand,877,3359.26,846,841,3221.37
2025-01,SKU-05,South,Convenience,2024-12-31,calendar_plan_v1_no_realized_demand,541,1855.15,510,509,1745.42
2025-01,SKU-05,South,Ecommerce,2024-12-31,calendar_plan_v1_no_realized_demand,510,1748.85,479,484,1659.69
2025-01,SKU-05,South,Grocery,2024-12-31,calendar_plan_v1_no_realized_demand,878,3010.77,847,858,2942.18
2025-01,SKU-05,South,Wholesale,2024-12-31,calendar_plan_v1_no_realized_demand,754,2585.56,723,724,2482.68
2025-01,SKU-05,West,Convenience,2024-12-31,calendar_plan_v1_no_realized_demand,470,1663.12,439,437,1546.35
2025-01,SKU-05,West,Ecommerce,2024-12-31,calendar_plan_v1_no_realized_demand,435,1539.27,408,408,1443.73
2025-01,SKU-05,West,Grocery,2024-12-31,calendar_plan_v1_no_realized_demand,741,2622.07,710,707,2501.76
2025-01,SKU-05,West,Wholesale,2024-12-31,calendar_plan_v1_no_realized_demand,634,2243.45,603,601,2126.67
2025-01,SKU-06,Central,Convenience,2024-12-31,calendar_plan_v1_no_realized_demand,630,2782.08,599,596,2631.94
2025-01,SKU-06,Central,Ecommerce,2024-12-31,calendar_plan_v1_no_realized_demand,590,2605.44,559,557,2459.71
2025-01,SKU-06,Central,Grocery,2024-12-31,calendar_plan_v1_no_realized_demand,983,4340.93,952,960,4239.36
2025-01,SKU-06,Central,Wholesale,2024-12-31,calendar_plan_v1_no_realized_demand,856,3780.1,825,821,3625.54
2025-01,SKU-06,North,Convenience,2024-12-31,calendar_plan_v1_no_realized_demand,572,2652.25,541,543,2517.78
2025-01,SKU-06,North,Ecommerce,2024-12-31,calendar_plan_v1_no_realized_demand,541,2508.51,510,508,2355.49
2025-01,SKU-06,North,Grocery,2024-12-31,calendar_plan_v1_no_realized_demand,918,4256.58,887,874,4052.56
2025-01,SKU-06,North,Wholesale,2024-12-31,calendar_plan_v1_no_realized_demand,795,3686.26,764,763,3537.88
2025-01,SKU-06,South,Convenience,2024-12-31,calendar_plan_v1_no_realized_demand,510,2117.03,479,482,2000.8
2025-01,SKU-06,South,Ecommerce,2024-12-31,calendar_plan_v1_no_realized_demand,473,1963.44,442,446,1851.36
2025-01,SKU-06,South,Grocery,2024-12-31,calendar_plan_v1_no_realized_demand,795,3300.08,764,758,3146.49
2025-01,SKU-06,South,Wholesale,2024-12-31,calendar_plan_v1_no_realized_demand,692,2872.52,661,661,2743.84
2025-01,SKU-06,West,Convenience,2024-12-31,calendar_plan_v1_no_realized_demand,435,1863.33,408,403,1726.26
2025-01,SKU-06,West,Ecommerce,2024-12-31,calendar_plan_v1_no_realized_demand,386,1653.44,377,377,1614.89
2025-01,SKU-06,West,Grocery,2024-12-31,calendar_plan_v1_no_realized_demand,692,2964.2,661,669,2865.67
2025-01,SKU-06,West,Wholesale,2024-12-31,calendar_plan_v1_no_realized_demand,599,2565.83,568,574,2458.74
2025-01,SKU-07,Central,Convenience,2024-12-31,calendar_plan_v1_no_realized_demand,572,2306.3,541,542,2185.34
2025-01,SKU-07,Central,Ecommerce,2024-12-31,calendar_plan_v1_no_realized_demand,541,2181.31,510,502,2024.06
2025-01,SKU-07,Central,Grocery,2024-12-31,calendar_plan_v1_no_realized_demand,905,3648.96,874,875,3528.0
2025-01,SKU-07,Central,Wholesale,2024-12-31,calendar_plan_v1_no_realized_demand,785,3165.12,754,759,3060.29
2025-01,SKU-07,North,Convenience,2024-12-31,calendar_plan_v1_no_realized_demand,532,2252.28,501,503,2129.5
2025-01,SKU-07,North,Ecommerce,2024-12-31,calendar_plan_v1_no_realized_demand,501,2121.03,470,470,1989.79
2025-01,SKU-07,North,Grocery,2024-12-31,calendar_plan_v1_no_realized_demand,847,3585.86,816,810,3429.22
2025-01,SKU-07,North,Wholesale,2024-12-31,calendar_plan_v1_no_realized_demand,723,3060.89,692,692,2929.65
2025-01,SKU-07,South,Convenience,2024-12-31,calendar_plan_v1_no_realized_demand,470,1781.34,439,439,1663.85
2025-01,SKU-07,South,Ecommerce,2024-12-31,calendar_plan_v1_no_realized_demand,435,1648.68,408,406,1538.77
2025-01,SKU-07,South,Grocery,2024-12-31,calendar_plan_v1_no_realized_demand,723,2740.23,692,694,2630.32
2025-01,SKU-07,South,Wholesale,2024-12-31,calendar_plan_v1_no_realized_demand,634,2402.91,603,601,2277.84
2025-01,SKU-07,West,Convenience,2024-12-31,calendar_plan_v1_no_realized_demand,386,1509.66,377,377,1474.46
2025-01,SKU-07,West,Ecommerce,2024-12-31,calendar_plan_v1_no_realized_demand,346,1353.22,346,346,1353.22
2025-01,SKU-07,West,Grocery,2024-12-31,calendar_plan_v1_no_realized_demand,630,2463.96,599,602,2354.45
2025-01,SKU-07,West,Wholesale,2024-12-31,calendar_plan_v1_no_realized_demand,541,2115.87,510,511,1998.54
2025-01,SKU-08,Central,Convenience,2024-12-31,calendar_plan_v1_no_realized_demand,510,2399.04,479,472,2220.29
2025-01,SKU-08,Central,Ecommerce,2024-12-31,calendar_plan_v1_no_realized_demand,479,2253.22,448,449,2112.1
2025-01,SKU-08,Central,Grocery,2024-12-31,calendar_plan_v1_no_realized_demand,816,3838.46,785,790,3716.16
2025-01,SKU-08,Central,Wholesale,2024-12-31,calendar_plan_v1_no_realized_demand,717,3372.77,796,795,3739.68
2025-01,SKU-08,North,Convenience,2024-12-31,calendar_plan_v1_no_realized_demand,479,2365.88,448,449,2217.7
2025-01,SKU-08,North,Ecommerce,2024-12-31,calendar_plan_v1_no_realized_demand,444,2193.0,417,421,2079.4
2025-01,SKU-08,North,Grocery,2024-12-31,calendar_plan_v1_no_realized_demand,754,3724.16,853,841,4153.87
2025-01,SKU-08,North,Wholesale,2024-12-31,calendar_plan_v1_no_realized_demand,661,3264.81,630,628,3101.82
2025-01,SKU-08,South,Convenience,2024-12-31,calendar_plan_v1_no_realized_demand,395,1746.6,386,385,1702.38
2025-01,SKU-08,South,Ecommerce,2024-12-31,calendar_plan_v1_no_realized_demand,386,1706.8,377,386,1706.8
2025-01,SKU-08,South,Grocery,2024-12-31,calendar_plan_v1_no_realized_demand,661,2922.78,630,640,2829.93
2025-01,SKU-08,South,Wholesale,2024-12-31,calendar_plan_v1_no_realized_demand,572,2529.25,541,532,2352.38
2025-01,SKU-08,West,Convenience,2024-12-31,calendar_plan_v1_no_realized_demand,319,1455.56,319,316,1441.87
2025-01,SKU-08,West,Ecommerce,2024-12-31,calendar_plan_v1_no_realized_demand,315,1437.31,315,315,1437.31
2025-01,SKU-08,West,Grocery,2024-12-31,calendar_plan_v1_no_realized_demand,571,2605.4,540,543,2477.64
2025-01,SKU-08,West,Wholesale,2024-12-31,calendar_plan_v1_no_realized_demand,497,2267.75,466,474,2162.81
2025-01,SKU-09,Central,Convenience,2024-12-31,calendar_plan_v1_no_realized_demand,1260,2056.32,1202,1212,1977.98
2025-01,SKU-09,Central,Ecommerce,2024-12-31,calendar_plan_v1_no_realized_demand,1172,1912.7,1132,1113,1816.42
2025-01,SKU-09,Central,Grocery,2024-12-31,calendar_plan_v1_no_realized_demand,2030,3312.96,1959,1978,3228.1
2025-01,SKU-09,Central,Wholesale,2024-12-31,calendar_plan_v1_no_realized_demand,1763,2877.22,1701,1700,2774.4
2025-01,SKU-09,North,Convenience,2024-12-31,calendar_plan_v1_no_realized_demand,1171,2006.63,1131,1123,1924.37
2025-01,SKU-09,North,Ecommerce,2024-12-31,calendar_plan_v1_no_realized_demand,1082,1854.12,1051,1033,1770.15
2025-01,SKU-09,North,Grocery,2024-12-31,calendar_plan_v1_no_realized_demand,1903,3260.98,1832,1855,3178.73
2025-01,SKU-09,North,Wholesale,2024-12-31,calendar_plan_v1_no_realized_demand,1641,2812.02,1579,1595,2733.19
2025-01,SKU-09,South,Convenience,2024-12-31,calendar_plan_v1_no_realized_demand,1007,1544.82,1178,1180,1810.21
2025-01,SKU-09,South,Ecommerce,2024-12-31,calendar_plan_v1_no_realized_demand,947,1452.77,916,901,1382.21
2025-01,SKU-09,South,Grocery,2024-12-31,calendar_plan_v1_no_realized_demand,1641,2517.43,1579,1568,2405.44
2025-01,SKU-09,South,Wholesale,2024-12-31,calendar_plan_v1_no_realized_demand,1424,2184.53,1362,1359,2084.81
2025-01,SKU-09,West,Convenience,2024-12-31,calendar_plan_v1_no_realized_demand,856,1355.08,825,824,1304.42
2025-01,SKU-09,West,Ecommerce,2024-12-31,calendar_plan_v1_no_realized_demand,794,1256.93,763,773,1223.69
2025-01,SKU-09,West,Grocery,2024-12-31,calendar_plan_v1_no_realized_demand,1388,2197.26,1326,1342,2124.44
2025-01,SKU-09,West,Wholesale,2024-12-31,calendar_plan_v1_no_realized_demand,1182,1871.15,1142,1137,1799.92
2025-01,SKU-10,Central,Convenience,2024-12-31,calendar_plan_v1_no_realized_demand,856,2383.1,825,822,2288.45
2025-01,SKU-10,Central,Ecommerce,2024-12-31,calendar_plan_v1_no_realized_demand,816,2271.74,785,790,2199.36
2025-01,SKU-10,Central,Grocery,2024-12-31,calendar_plan_v1_no_realized_demand,1416,3942.14,1354,1358,3780.67
2025-01,SKU-10,Central,Wholesale,2024-12-31,calendar_plan_v1_no_realized_demand,1211,3371.42,1171,1182,3290.69
2025-01,SKU-10,North,Convenience,2024-12-31,calendar_plan_v1_no_realized_demand,816,2385.33,785,781,2283.02
2025-01,SKU-10,North,Ecommerce,2024-12-31,calendar_plan_v1_no_realized_demand,754,2204.09,869,859,2511.03
2025-01,SKU-10,North,Grocery,2024-12-31,calendar_plan_v1_no_realized_demand,1322,3864.47,1264,1271,3715.39
2025-01,SKU-10,North,Wholesale,2024-12-31,calendar_plan_v1_no_realized_demand,1122,3279.83,1082,1088,3180.44
2025-01,SKU-10,South,Convenience,2024-12-31,calendar_plan_v1_no_realized_demand,695,1818.79,664,665,1740.28
2025-01,SKU-10,South,Ecommerce,2024-12-31,calendar_plan_v1_no_realized_demand,661,1729.81,630,634,1659.15
2025-01,SKU-10,South,Grocery,2024-12-31,calendar_plan_v1_no_realized_demand,1122,2936.23,1082,1076,2815.85
2025-01,SKU-10,South,Wholesale,2024-12-31,calendar_plan_v1_no_realized_demand,976,2554.15,945,945,2473.03
2025-01,SKU-10,West,Convenience,2024-12-31,calendar_plan_v1_no_realized_demand,599,1617.59,568,568,1533.87
2025-01,SKU-10,West,Ecommerce,2024-12-31,calendar_plan_v1_no_realized_demand,559,1509.57,528,541,1460.96
2025-01,SKU-10,West,Grocery,2024-12-31,calendar_plan_v1_no_realized_demand,949,2562.76,918,925,2497.94
2025-01,SKU-10,West,Wholesale,2024-12-31,calendar_plan_v1_no_realized_demand,825,2227.9,794,796,2149.58
2025-01,SKU-11,Central,Convenience,2024-12-31,calendar_plan_v1_no_realized_demand,754,2388.67,723,724,2293.63
2025-01,SKU-11,Central,Ecommerce,2024-12-31,calendar_plan_v1_no_realized_demand,717,2271.46,686,688,2179.58
2025-01,SKU-11,Central,Grocery,2024-12-31,calendar_plan_v1_no_realized_demand,1211,3836.45,1171,1168,3700.22
2025-01,SKU-11,Central,Wholesale,2024-12-31,calendar_plan_v1_no_realized_demand,1047,3316.9,1016,1013,3209.18
2025-01,SKU-11,North,Convenience,2024-12-31,calendar_plan_v1_no_realized_demand,703,2338.46,672,670,2228.69
2025-01,SKU-11,North,Ecommerce,2024-12-31,calendar_plan_v1_no_realized_demand,661,2198.75,630,618,2055.72
2025-01,SKU-11,North,Grocery,2024-12-31,calendar_plan_v1_no_realized_demand,1140,3792.1,1100,1094,3639.08
2025-01,SKU-11,North,Wholesale,2024-12-31,calendar_plan_v1_no_realized_demand,980,3259.87,949,941,3130.14
2025-01,SKU-11,South,Convenience,2024-12-31,calendar_plan_v1_no_realized_demand,606,1804.62,575,577,1718.26
2025-01,SKU-11,South,Ecommerce,2024-12-31,calendar_plan_v1_no_realized_demand,572,1703.37,541,555,1652.75
2025-01,SKU-11,South,Grocery,2024-12-31,calendar_plan_v1_no_realized_demand,980,2918.36,949,943,2808.18
2025-01,SKU-11,South,Wholesale,2024-12-31,calendar_plan_v1_no_realized_demand,852,2537.19,821,810,2412.12
2025-01,SKU-11,West,Convenience,2024-12-31,calendar_plan_v1_no_realized_demand,528,1622.52,497,499,1533.41
2025-01,SKU-11,West,Ecommerce,2024-12-31,calendar_plan_v1_no_realized_demand,497,1527.26,466,465,1428.93
2025-01,SKU-11,West,Grocery,2024-12-31,calendar_plan_v1_no_realized_demand,825,2535.19,794,788,2421.49
2025-01,SKU-11,West,Wholesale,2024-12-31,calendar_plan_v1_no_realized_demand,723,2221.75,692,685,2104.98
2025-01,SKU-12,Central,Convenience,2024-12-31,calendar_plan_v1_no_realized_demand,696,2405.38,665,669,2312.06
2025-01,SKU-12,Central,Ecommerce,2024-12-31,calendar_plan_v1_no_realized_demand,661,2284.42,630,632,2184.19
2025-01,SKU-12,Central,Grocery,2024-12-31,calendar_plan_v1_no_realized_demand,1140,3939.84,1100,1118,3863.81
2025-01,SKU-12,Central,Wholesale,2024-12-31,calendar_plan_v1_no_realized_demand,978,3379.97,947,952,3290.11
2025-01,SKU-12,North,Convenience,2024-12-31,calendar_plan_v1_no_realized_demand,661,2398.64,630,628,2278.89
2025-01,SKU-12,North,Ecommerce,2024-12-31,calendar_plan_v1_no_realized_demand,615,2231.71,584,586,2126.48
2025-01,SKU-12,North,Grocery,2024-12-31,calendar_plan_v1_no_realized_demand,1042,3781.21,1011,998,3621.54
2025-01,SKU-12,North,Wholesale,2024-12-31,calendar_plan_v1_no_realized_demand,917,3327.61,886,880,3193.34
2025-01,SKU-12,South,Convenience,2024-12-31,calendar_plan_v1_no_realized_demand,572,1858.22,541,532,1728.28
2025-01,SKU-12,South,Ecommerce,2024-12-31,calendar_plan_v1_no_realized_demand,541,1757.51,510,515,1673.05
2025-01,SKU-12,South,Grocery,2024-12-31,calendar_plan_v1_no_realized_demand,918,2982.25,887,886,2878.3
2025-01,SKU-12,South,Wholesale,2024-12-31,calendar_plan_v1_no_realized_demand,785,2550.18,754,750,2436.48
2025-01,SKU-12,West,Convenience,2024-12-31,calendar_plan_v1_no_realized_demand,479,1605.76,448,453,1518.6
2025-01,SKU-12,West,Ecommerce,2024-12-31,calendar_plan_v1_no_realized_demand,449,1505.19,422,419,1404.62
2025-01,SKU-12,West,Grocery,2024-12-31,calendar_plan_v1_no_realized_demand,767,2571.23,736,745,2497.48
2025-01,SKU-12,West,Wholesale,2024-12-31,calendar_plan_v1_no_realized_demand,665,2229.29,634,638,2138.78
2025-01,SKU-13,Central,Convenience,2024-12-31,calendar_plan_v1_no_realized_demand,661,2030.59,630,626,1923.07
2025-01,SKU-13,Central,Ecommerce,2024-12-31,calendar_plan_v1_no_realized_demand,603,1852.42,572,574,1763.33
2025-01,SKU-13,Central,Grocery,2024-12-31,calendar_plan_v1_no_realized_demand,1038,3188.74,1007,999,3068.93
2025-01,SKU-13,Central,Wholesale,2024-12-31,calendar_plan_v1_no_realized_demand,895,2749.44,864,857,2632.7
2025-01,SKU-13,North,Convenience,2024-12-31,calendar_plan_v1_no_realized_demand,603,1945.04,572,571,1841.82
2025-01,SKU-13,North,Ecommerce,2024-12-31,calendar_plan_v1_no_realized_demand,572,1845.04,633,635,2048.26
2025-01,SKU-13,North,Grocery,2024-12-31,calendar_plan_v1_no_realized_demand,973,3138.51,942,933,3009.48
2025-01,SKU-13,North,Wholesale,2024-12-31,calendar_plan_v1_no_realized_demand,845,2725.63,814,815,2628.86
2025-01,SKU-13,South,Convenience,2024-12-31,calendar_plan_v1_no_realized_demand,528,1524.7,497,493,1423.63
2025-01,SKU-13,South,Ecommerce,2024-12-31,calendar_plan_v1_no_realized_demand,501,1446.73,470,477,1377.42
2025-01,SKU-13,South,Grocery,2024-12-31,calendar_plan_v1_no_realized_demand,846,2442.98,815,803,2318.81
2025-01,SKU-13,South,Wholesale,2024-12-31,calendar_plan_v1_no_realized_demand,723,2087.79,692,683,1972.29
2025-01,SKU-13,West,Convenience,2024-12-31,calendar_plan_v1_no_realized_demand,444,1323.05,417,419,1248.55
2025-01,SKU-13,West,Ecommerce,2024-12-31,calendar_plan_v1_no_realized_demand,395,1177.04,386,381,1135.32
2025-01,SKU-13,West,Grocery,2024-12-31,calendar_plan_v1_no_realized_demand,723,2154.42,692,692,2062.05
2025-01,SKU-13,West,Wholesale,2024-12-31,calendar_plan_v1_no_realized_demand,622,1853.46,591,582,1734.27
2025-01,SKU-14,Central,Convenience,2024-12-31,calendar_plan_v1_no_realized_demand,541,1921.63,510,508,1804.42
2025-01,SKU-14,Central,Ecommerce,2024-12-31,calendar_plan_v1_no_realized_demand,510,1811.52,479,480,1704.96
2025-01,SKU-14,Central,Grocery,2024-12-31,calendar_plan_v1_no_realized_demand,856,3040.51,825,818,2905.54
2025-01,SKU-14,Central,Wholesale,2024-12-31,calendar_plan_v1_no_realized_demand,754,2678.21,723,729,2589.41
2025-01,SKU-14,North,Convenience,2024-12-31,calendar_plan_v1_no_realized_demand,510,1902.1,479,481,1793.94
2025-01,SKU-14,North,Ecommerce,2024-12-31,calendar_plan_v1_no_realized_demand,470,1752.91,439,441,1644.75
2025-01,SKU-14,North,Grocery,2024-12-31,calendar_plan_v1_no_realized_demand,794,2961.3,763,759,2830.77
2025-01,SKU-14,North,Wholesale,2024-12-31,calendar_plan_v1_no_realized_demand,692,2580.88,661,649,2420.51
2025-01,SKU-14,South,Convenience,2024-12-31,calendar_plan_v1_no_realized_demand,435,1452.41,408,406,1355.59
2025-01,SKU-14,South,Ecommerce,2024-12-31,calendar_plan_v1_no_realized_demand,386,1288.81,377,381,1272.11
2025-01,SKU-14,South,Grocery,2024-12-31,calendar_plan_v1_no_realized_demand,692,2310.5,661,666,2223.69
2025-01,SKU-14,South,Wholesale,2024-12-31,calendar_plan_v1_no_realized_demand,603,2013.34,572,567,1893.14
2025-01,SKU-14,West,Convenience,2024-12-31,calendar_plan_v1_no_realized_demand,346,1192.12,346,352,1212.79
2025-01,SKU-14,West,Ecommerce,2024-12-31,calendar_plan_v1_no_realized_demand,315,1085.31,315,312,1074.98
2025-01,SKU-14,West,Grocery,2024-12-31,calendar_plan_v1_no_realized_demand,599,2063.82,568,560,1929.45
2025-01,SKU-14,West,Wholesale,2024-12-31,calendar_plan_v1_no_realized_demand,510,1757.17,479,480,1653.81
2025-01,SKU-15,Central,Convenience,2024-12-31,calendar_plan_v1_no_realized_demand,483,2040.19,452,450,1900.8
2025-01,SKU-15,Central,Ecommerce,2024-12-31,calendar_plan_v1_no_realized_demand,462,1951.49,435,430,1816.32
2025-01,SKU-15,Central,Grocery,2024-12-31,calendar_plan_v1_no_realized_demand,779,3290.5,748,744,3142.66
2025-01,SKU-15,Central,Wholesale,2024-12-31,calendar_plan_v1_no_realized_demand,665,2808.96,634,638,2694.91
2025-01,SKU-15,North,Convenience,2024-12-31,calendar_plan_v1_no_realized_demand,444,1969.23,417,420,1862.78
2025-01,SKU-15,North,Ecommerce,2024-12-31,calendar_plan_v1_no_realized_demand,435,1929.31,408,407,1805.13
2025-01,SKU-15,North,Grocery,2024-12-31,calendar_plan_v1_no_realized_demand,723,3206.65,692,697,3091.33
2025-01,SKU-15,North,Wholesale,2024-12-31,calendar_plan_v1_no_realized_demand,630,2794.18,599,603,2674.43
2025-01,SKU-15,South,Convenience,2024-12-31,calendar_plan_v1_no_realized_demand,386,1532.64,377,377,1496.9
2025-01,SKU-15,South,Ecommerce,2024-12-31,calendar_plan_v1_no_realized_demand,346,1373.81,346,339,1346.02
2025-01,SKU-15,South,Grocery,2024-12-31,calendar_plan_v1_no_realized_demand,630,2501.45,599,601,2386.31
2025-01,SKU-15,South,Wholesale,2024-12-31,calendar_plan_v1_no_realized_demand,541,2148.07,510,507,2013.07
2025-01,SKU-15,West,Convenience,2024-12-31,calendar_plan_v1_no_realized_demand,315,1290.64,315,314,1286.55
2025-01,SKU-15,West,Ecommerce,2024-12-31,calendar_plan_v1_no_realized_demand,284,1163.63,284,278,1139.04
2025-01,SKU-15,West,Grocery,2024-12-31,calendar_plan_v1_no_realized_demand,539,2208.43,508,503,2060.93
2025-01,SKU-15,West,Wholesale,2024-12-31,calendar_plan_v1_no_realized_demand,470,1925.72,439,435,1782.32
2025-01,SKU-16,Central,Convenience,2024-12-31,calendar_plan_v1_no_realized_demand,599,1782.62,568,571,1699.3
2025-01,SKU-16,Central,Ecommerce,2024-12-31,calendar_plan_v1_no_realized_demand,559,1663.58,528,525,1562.4
2025-01,SKU-16,Central,Grocery,2024-12-31,calendar_plan_v1_no_realized_demand,949,2824.22,918,925,2752.8
2025-01,SKU-16,Central,Wholesale,2024-12-31,calendar_plan_v1_no_realized_demand,825,2455.2,794,788,2345.09
2025-01,SKU-16,North,Convenience,2024-12-31,calendar_plan_v1_no_realized_demand,559,1746.76,528,536,1674.89
2025-01,SKU-16,North,Ecommerce,2024-12-31,calendar_plan_v1_no_realized_demand,528,1649.89,497,506,1581.15
2025-01,SKU-16,North,Grocery,2024-12-31,calendar_plan_v1_no_realized_demand,887,2771.7,856,849,2652.96
2025-01,SKU-16,North,Wholesale,2024-12-31,calendar_plan_v1_no_realized_demand,763,2384.22,732,730,2281.1
2025-01,SKU-16,South,Convenience,2024-12-31,calendar_plan_v1_no_realized_demand,479,1339.97,523,506,1415.5
2025-01,SKU-16,South,Ecommerce,2024-12-31,calendar_plan_v1_no_realized_demand,444,1242.06,417,411,1149.75
2025-01,SKU-16,South,Grocery,2024-12-31,calendar_plan_v1_no_realized_demand,763,2134.45,732,732,2047.73
2025-01,SKU-16,South,Wholesale,2024-12-31,calendar_plan_v1_no_realized_demand,665,1860.3,634,634,1773.58
2025-01,SKU-16,West,Convenience,2024-12-31,calendar_plan_v1_no_realized_demand,386,1114.27,377,371,1070.97
2025-01,SKU-16,West,Ecommerce,2024-12-31,calendar_plan_v1_no_realized_demand,346,998.81,346,347,1001.69
2025-01,SKU-16,West,Grocery,2024-12-31,calendar_plan_v1_no_realized_demand,661,1908.12,630,622,1795.54
2025-01,SKU-16,West,Wholesale,2024-12-31,calendar_plan_v1_no_realized_demand,572,1651.2,541,537,1550.17
2025-02,SKU-01,Central,Convenience,2025-01-31,calendar_plan_v1_no_realized_demand,884,1867.01,856,845,1784.64
2025-02,SKU-01,Central,Ecommerce,2025-01-31,calendar_plan_v1_no_realized_demand,828,1748.74,800,803,1695.94
2025-02,SKU-01,Central,Grocery,2025-01-31,calendar_plan_v1_no_realized_demand,1452,3066.62,1396,1409,2975.81
2025-02,SKU-01,Central,Wholesale,2025-01-31,calendar_plan_v1_no_realized_demand,1252,2644.22,1196,1194,2521.73
2025-02,SKU-01,North,Convenience,2025-01-31,calendar_plan_v1_no_realized_demand,828,1836.17,800,809,1794.04
2025-02,SKU-01,North,Ecommerce,2025-01-31,calendar_plan_v1_no_realized_demand,772,1711.99,744,747,1656.55
2025-02,SKU-01,North,Grocery,2025-01-31,calendar_plan_v1_no_realized_demand,1344,2980.45,1288,1279,2836.31
2025-02,SKU-01,North,Wholesale,2025-01-31,calendar_plan_v1_no_realized_demand,1164,2581.29,1112,1112,2465.97
2025-02,SKU-01,South,Convenience,2025-01-31,calendar_plan_v1_no_realized_demand,716,1421.46,688,688,1365.87
2025-02,SKU-01,South,Ecommerce,2025-01-31,calendar_plan_v1_no_realized_demand,680,1349.99,652,645,1280.51
2025-02,SKU-01,South,Grocery,2025-01-31,calendar_plan_v1_no_realized_demand,1164,2310.87,1112,1121,2225.5
2025-02,SKU-01,South,Wholesale,2025-01-31,calendar_plan_v1_no_realized_demand,992,1969.4,964,970,1925.72
2025-02,SKU-01,West,Convenience,2025-01-31,calendar_plan_v1_no_realized_demand,600,1229.18,572,573,1173.87
2025-02,SKU-01,West,Ecommerce,2025-01-31,calendar_plan_v1_no_realized_demand,571,1169.77,543,541,1108.31
2025-02,SKU-01,West,Grocery,2025-01-31,calendar_plan_v1_no_realized_demand,964,1974.89,936,933,1911.38
2025-02,SKU-01,West,Wholesale,2025-01-31,calendar_plan_v1_no_realized_demand,844,1729.05,816,813,1665.54
2025-02,SKU-02,Central,Convenience,2025-01-31,calendar_plan_v1_no_realized_demand,1040,1797.12,1004,1016,1755.65
2025-02,SKU-02,Central,Ecommerce,2025-01-31,calendar_plan_v1_no_realized_demand,964,1665.79,936,946,1634.69
2025-02,SKU-02,Central,Grocery,2025-01-31,calendar_plan_v1_no_realized_demand,1694,2927.23,1630,1626,2809.73
2025-02,SKU-02,Central,Wholesale,2025-01-31,calendar_plan_v1_no_realized_demand,1480,2557.44,1424,1403,2424.38
2025-02,SKU-02,North,Convenience,2025-01-31,calendar_plan_v1_no_realized_demand,964,1749.08,936,935,1696.46
2025-02,SKU-02,North,Ecommerce,2025-01-31,calendar_plan_v1_no_realized_demand,908,1647.48,880,883,1602.12
2025-02,SKU-02,North,Grocery,2025-01-31,calendar_plan_v1_no_realized_demand,1572,2852.24,1516,1516,2750.63
2025-02,SKU-02,North,Wholesale,2025-01-31,calendar_plan_v1_no_realized_demand,1368,2482.1,1312,1301,2360.53
2025-02,SKU-02,South,Convenience,2025-01-31,calendar_plan_v1_no_realized_demand,828,1344.94,800,797,1294.58
2025-02,SKU-02,South,Ecommerce,2025-01-31,calendar_plan_v1_no_realized_demand,788,1279.96,760,759,1232.86
2025-02,SKU-02,South,Grocery,2025-01-31,calendar_plan_v1_no_realized_demand,1368,2222.07,1312,1331,2161.97
2025-02,SKU-02,South,Wholesale,2025-01-31,calendar_plan_v1_no_realized_demand,1192,1936.19,1140,1131,1837.11
2025-02,SKU-02,West,Convenience,2025-01-31,calendar_plan_v1_no_realized_demand,708,1186.72,680,669,1121.35
2025-02,SKU-02,West,Ecommerce,2025-01-31,calendar_plan_v1_no_realized_demand,664,1112.97,636,637,1067.71
2025-02,SKU-02,West,Grocery,2025-01-31,calendar_plan_v1_no_realized_demand,1164,1951.05,1112,1103,1848.8
2025-02,SKU-02,West,Wholesale,2025-01-31,calendar_plan_v1_no_realized_demand,992,1662.75,964,966,1619.17
2025-02,SKU-03,Central,Convenience,2025-01-31,calendar_plan_v1_no_realized_demand,736,1837.06,708,707,1764.67
2025-02,SKU-03,Central,Ecommerce,2025-01-31,calendar_plan_v1_no_realized_demand,681,1699.78,653,655,1634.88
2025-02,SKU-03,Central,Grocery,2025-01-31,calendar_plan_v1_no_realized_demand,1192,2975.23,1140,1144,2855.42
2025-02,SKU-03,Central,Wholesale,2025-01-31,calendar_plan_v1_no_realized_demand,1028,2565.89,992,998,2491.01
2025-02,SKU-03,North,Convenience,2025-01-31,calendar_plan_v1_no_realized_demand,680,1782.14,652,650,1703.52
2025-02,SKU-03,North,Ecommerce,2025-01-31,calendar_plan_v1_no_realized_demand,648,1698.28,620,630,1651.1
2025-02,SKU-03,North,Grocery,2025-01-31,calendar_plan_v1_no_realized_demand,1092,2861.91,1056,1049,2749.22
2025-02,SKU-03,North,Wholesale,2025-01-31,calendar_plan_v1_no_realized_demand,944,2474.04,916,923,2419.0
2025-02,SKU-03,South,Convenience,2025-01-31,calendar_plan_v1_no_realized_demand,596,1398.36,568,575,1349.09
2025-02,SKU-03,South,Ecommerce,2025-01-31,calendar_plan_v1_no_realized_demand,560,1313.89,532,535,1255.24
2025-02,SKU-03,South,Grocery,2025-01-31,calendar_plan_v1_no_realized_demand,945,2217.2,917,910,2135.08
2025-02,SKU-03,South,Wholesale,2025-01-31,calendar_plan_v1_no_realized_demand,828,1942.69,800,809,1898.11
2025-02,SKU-03,West,Convenience,2025-01-31,calendar_plan_v1_no_realized_demand,504,1220.24,476,476,1152.45
2025-02,SKU-03,West,Ecommerce,2025-01-31,calendar_plan_v1_no_realized_demand,476,1152.45,448,442,1070.14
2025-02,SKU-03,West,Grocery,2025-01-31,calendar_plan_v1_no_realized_demand,800,1936.9,772,779,1886.05
2025-02,SKU-03,West,Wholesale,2025-01-31,calendar_plan_v1_no_realized_demand,704,1704.47,676,677,1639.1
2025-02,SKU-04,Central,Convenience,2025-01-31,calendar_plan_v1_no_realized_demand,680,1762.56,652,645,1671.84
2025-02,SKU-04,Central,Ecommerce,2025-01-31,calendar_plan_v1_no_realized_demand,644,1669.25,616,617,1599.26
2025-02,SKU-04,Central,Grocery,2025-01-31,calendar_plan_v1_no_realized_demand,1092,2830.46,1056,1049,2719.01
2025-02,SKU-04,Central,Wholesale,2025-01-31,calendar_plan_v1_no_realized_demand,943,2444.26,915,915,2371.68
2025-02,SKU-04,North,Convenience,2025-01-31,calendar_plan_v1_no_realized_demand,633,1722.77,605,601,1635.68
2025-02,SKU-04,North,Ecommerce,2025-01-31,calendar_plan_v1_no_realized_demand,596,1622.07,568,570,1551.31
2025-02,SKU-04,North,Grocery,2025-01-31,calendar_plan_v1_no_realized_demand,1028,2797.8,992,991,2697.11
2025-02,SKU-04,North,Wholesale,2025-01-31,calendar_plan_v1_no_realized_demand,884,2405.89,856,870,2367.79
2025-02,SKU-04,South,Convenience,2025-01-31,calendar_plan_v1_no_realized_demand,544,1325.45,516,514,1252.35
2025-02,SKU-04,South,Ecommerce,2025-01-31,calendar_plan_v1_no_realized_demand,516,1257.22,488,491,1196.31
2025-02,SKU-04,South,Grocery,2025-01-31,calendar_plan_v1_no_realized_demand,884,2153.85,856,862,2100.25
2025-02,SKU-04,South,Wholesale,2025-01-31,calendar_plan_v1_no_realized_demand,767,1868.78,739,741,1805.43
2025-02,SKU-04,West,Convenience,2025-01-31,calendar_plan_v1_no_realized_demand,476,1196.78,448,452,1136.44
2025-02,SKU-04,West,Ecommerce,2025-01-31,calendar_plan_v1_no_realized_demand,448,1126.38,420,425,1068.55
2025-02,SKU-04,West,Grocery,2025-01-31,calendar_plan_v1_no_realized_demand,744,1870.59,716,716,1800.2
2025-02,SKU-04,West,Wholesale,2025-01-31,calendar_plan_v1_no_realized_demand,652,1639.28,624,625,1571.4
2025-02,SKU-05,Central,Convenience,2025-01-31,calendar_plan_v1_no_realized_demand,628,2290.94,600,603,2199.74
2025-02,SKU-05,Central,Ecommerce,2025-01-31,calendar_plan_v1_no_realized_demand,596,2174.21,568,564,2057.47
2025-02,SKU-05,Central,Grocery,2025-01-31,calendar_plan_v1_no_realized_demand,1014,3699.07,978,978,3567.74
2025-02,SKU-05,Central,Wholesale,2025-01-31,calendar_plan_v1_no_realized_demand,880,3210.24,852,847,3089.86
2025-02,SKU-05,North,Convenience,2025-01-31,calendar_plan_v1_no_realized_demand,596,2282.92,568,570,2183.33
2025-02,SKU-05,North,Ecommerce,2025-01-31,calendar_plan_v1_no_realized_demand,544,2083.74,516,518,1984.15
2025-02,SKU-05,North,Grocery,2025-01-31,calendar_plan_v1_no_realized_demand,936,3585.25,908,915,3504.82
2025-02,SKU-05,North,Wholesale,2025-01-31,calendar_plan_v1_no_realized_demand,816,3125.61,788,784,3003.03
2025-02,SKU-05,South,Convenience,2025-01-31,calendar_plan_v1_no_realized_demand,516,1769.43,621,616,2112.34
2025-02,SKU-05,South,Ecommerce,2025-01-31,calendar_plan_v1_no_realized_demand,488,1673.41,460,459,1573.97
2025-02,SKU-05,South,Grocery,2025-01-31,calendar_plan_v1_no_realized_demand,816,2798.16,788,795,2726.15
2025-02,SKU-05,South,Wholesale,2025-01-31,calendar_plan_v1_no_realized_demand,708,2427.82,680,669,2294.08
2025-02,SKU-05,West,Convenience,2025-01-31,calendar_plan_v1_no_realized_demand,432,1528.66,404,406,1436.66
2025-02,SKU-05,West,Ecommerce,2025-01-31,calendar_plan_v1_no_realized_demand,400,1415.42,376,376,1330.5
2025-02,SKU-05,West,Grocery,2025-01-31,calendar_plan_v1_no_realized_demand,688,2434.53,660,659,2331.91
2025-02,SKU-05,West,Wholesale,2025-01-31,calendar_plan_v1_no_realized_demand,600,2123.14,572,576,2038.21
2025-02,SKU-06,Central,Convenience,2025-01-31,calendar_plan_v1_no_realized_demand,572,2525.95,544,540,2384.64
2025-02,SKU-06,Central,Ecommerce,2025-01-31,calendar_plan_v1_no_realized_demand,544,2402.3,516,514,2269.82
2025-02,SKU-06,Central,Grocery,2025-01-31,calendar_plan_v1_no_realized_demand,936,4133.38,908,908,4009.73
2025-02,SKU-06,Central,Wholesale,2025-01-31,calendar_plan_v1_no_realized_demand,800,3532.8,772,782,3453.31
2025-02,SKU-06,North,Convenience,2025-01-31,calendar_plan_v1_no_realized_demand,544,2522.42,516,515,2387.95
2025-02,SKU-06,North,Ecommerce,2025-01-31,calendar_plan_v1_no_realized_demand,516,2392.59,488,490,2272.03
2025-02,SKU-06,North,Grocery,2025-01-31,calendar_plan_v1_no_realized_demand,856,3969.1,828,823,3816.09
2025-02,SKU-06,North,Wholesale,2025-01-31,calendar_plan_v1_no_realized_demand,744,3449.78,815,822,3811.45
2025-02,SKU-06,South,Convenience,2025-01-31,calendar_plan_v1_no_realized_demand,476,1975.9,448,444,1843.06
2025-02,SKU-06,South,Ecommerce,2025-01-31,calendar_plan_v1_no_realized_demand,448,1859.67,420,422,1751.74
2025-02,SKU-06,South,Grocery,2025-01-31,calendar_plan_v1_no_realized_demand,744,3088.37,716,700,2905.73
2025-02,SKU-06,South,Wholesale,2025-01-31,calendar_plan_v1_no_realized_demand,652,2706.48,624,621,2577.8
2025-02,SKU-06,West,Convenience,2025-01-31,calendar_plan_v1_no_realized_demand,395,1691.99,371,366,1567.77
2025-02,SKU-06,West,Ecommerce,2025-01-31,calendar_plan_v1_no_realized_demand,356,1524.93,348,348,1490.66
2025-02,SKU-06,West,Grocery,2025-01-31,calendar_plan_v1_no_realized_demand,635,2720.04,607,602,2578.68
2025-02,SKU-06,West,Wholesale,2025-01-31,calendar_plan_v1_no_realized_demand,547,2343.09,519,519,2223.15
2025-02,SKU-07,Central,Convenience,2025-01-31,calendar_plan_v1_no_realized_demand,532,2145.02,504,506,2040.19
2025-02,SKU-07,Central,Ecommerce,2025-01-31,calendar_plan_v1_no_realized_demand,504,2032.13,476,473,1907.14
2025-02,SKU-07,Central,Grocery,2025-01-31,calendar_plan_v1_no_realized_demand,852,3435.26,824,820,3306.24
2025-02,SKU-07,Central,Wholesale,2025-01-31,calendar_plan_v1_no_realized_demand,736,2967.55,708,708,2854.66
2025-02,SKU-07,North,Convenience,2025-01-31,calendar_plan_v1_no_realized_demand,488,2066.0,460,454,1922.05
2025-02,SKU-07,North,Ecommerce,2025-01-31,calendar_plan_v1_no_realized_demand,460,1947.46,432,432,1828.92
2025-02,SKU-07,North,Grocery,2025-01-31,calendar_plan_v1_no_realized_demand,792,3353.01,764,770,3259.87
2025-02,SKU-07,North,Wholesale,2025-01-31,calendar_plan_v1_no_realized_demand,680,2878.85,652,647,2739.14
2025-02,SKU-07,South,Convenience,2025-01-31,calendar_plan_v1_no_realized_demand,432,1637.31,404,406,1538.77
2025-02,SKU-07,South,Ecommerce,2025-01-31,calendar_plan_v1_no_realized_demand,400,1516.03,376,375,1421.28
2025-02,SKU-07,South,Grocery,2025-01-31,calendar_plan_v1_no_realized_demand,680,2577.25,652,658,2493.87
2025-02,SKU-07,South,Wholesale,2025-01-31,calendar_plan_v1_no_realized_demand,596,2258.89,568,578,2190.67
2025-02,SKU-07,West,Convenience,2025-01-31,calendar_plan_v1_no_realized_demand,348,1361.04,409,408,1595.7
2025-02,SKU-07,West,Ecommerce,2025-01-31,calendar_plan_v1_no_realized_demand,312,1220.24,312,309,1208.51
2025-02,SKU-07,West,Grocery,2025-01-31,calendar_plan_v1_no_realized_demand,572,2237.11,544,550,2151.07
2025-02,SKU-07,West,Wholesale,2025-01-31,calendar_plan_v1_no_realized_demand,505,1975.08,477,477,1865.57
2025-02,SKU-08,Central,Convenience,2025-01-31,calendar_plan_v1_no_realized_demand,485,2281.44,457,461,2168.54
2025-02,SKU-08,Central,Ecommerce,2025-01-31,calendar_plan_v1_no_realized_demand,452,2126.21,424,426,2003.9
2025-02,SKU-08,Central,Grocery,2025-01-31,calendar_plan_v1_no_realized_demand,764,3593.86,736,743,3495.07
2025-02,SKU-08,Central,Wholesale,2025-01-31,calendar_plan_v1_no_realized_demand,664,3123.46,636,624,2935.3
2025-02,SKU-08,North,Convenience,2025-01-31,calendar_plan_v1_no_realized_demand,452,2232.52,424,427,2109.04
2025-02,SKU-08,North,Ecommerce,2025-01-31,calendar_plan_v1_no_realized_demand,424,2094.22,396,397,1960.86
2025-02,SKU-08,North,Grocery,2025-01-31,calendar_plan_v1_no_realized_demand,708,3496.95,680,675,3333.96
2025-02,SKU-08,North,Wholesale,2025-01-31,calendar_plan_v1_no_realized_demand,624,3082.06,596,600,2963.52
2025-02,SKU-08,South,Convenience,2025-01-31,calendar_plan_v1_no_realized_demand,392,1733.33,368,363,1605.1
2025-02,SKU-08,South,Ecommerce,2025-01-31,calendar_plan_v1_no_realized_demand,348,1538.77,340,337,1490.13
2025-02,SKU-08,South,Grocery,2025-01-31,calendar_plan_v1_no_realized_demand,624,2759.18,596,598,2644.21
2025-02,SKU-08,South,Wholesale,2025-01-31,calendar_plan_v1_no_realized_demand,542,2396.59,514,512,2263.94
2025-02,SKU-08,West,Convenience,2025-01-31,calendar_plan_v1_no_realized_demand,312,1423.62,312,309,1409.93
2025-02,SKU-08,West,Ecommerce,2025-01-31,calendar_plan_v1_no_realized_demand,284,1295.86,284,286,1304.98
2025-02,SKU-08,West,Grocery,2025-01-31,calendar_plan_v1_no_realized_demand,524,2390.95,569,568,2591.72
2025-02,SKU-08,West,Wholesale,2025-01-31,calendar_plan_v1_no_realized_demand,460,2098.92,432,428,1952.91
2025-02,SKU-09,Central,Convenience,2025-01-31,calendar_plan_v1_no_realized_demand,1192,1945.34,1140,1142,1863.74
2025-02,SKU-09,Central,Ecommerce,2025-01-31,calendar_plan_v1_no_realized_demand,1092,1782.14,1056,1063,1734.82
2025-02,SKU-09,Central,Grocery,2025-01-31,calendar_plan_v1_no_realized_demand,1925,3141.6,1845,1865,3043.68
2025-02,SKU-09,Central,Wholesale,2025-01-31,calendar_plan_v1_no_realized_demand,1644,2683.01,1588,1563,2550.82
2025-02,SKU-09,North,Convenience,2025-01-31,calendar_plan_v1_no_realized_demand,1092,1871.25,1056,1070,1833.55
2025-02,SKU-09,North,Ecommerce,2025-01-31,calendar_plan_v1_no_realized_demand,1028,1761.58,992,988,1693.04
2025-02,SKU-09,North,Grocery,2025-01-31,calendar_plan_v1_no_realized_demand,1772,3036.5,1708,1712,2933.68
2025-02,SKU-09,North,Wholesale,2025-01-31,calendar_plan_v1_no_realized_demand,1536,2632.09,1480,1481,2537.84
2025-02,SKU-09,South,Convenience,2025-01-31,calendar_plan_v1_no_realized_demand,936,1435.9,908,906,1389.88
2025-02,SKU-09,South,Ecommerce,2025-01-31,calendar_plan_v1_no_realized_demand,882,1353.06,854,845,1296.3
2025-02,SKU-09,South,Grocery,2025-01-31,calendar_plan_v1_no_realized_demand,1536,2356.35,1480,1466,2248.96
2025-02,SKU-09,South,Wholesale,2025-01-31,calendar_plan_v1_no_realized_demand,1332,2043.39,1276,1281,1965.16
2025-02,SKU-09,West,Convenience,2025-01-31,calendar_plan_v1_no_realized_demand,800,1266.43,772,771,1220.52
2025-02,SKU-09,West,Ecommerce,2025-01-31,calendar_plan_v1_no_realized_demand,744,1177.78,716,718,1136.62
2025-02,SKU-09,West,Grocery,2025-01-31,calendar_plan_v1_no_realized_demand,1304,2064.28,1248,1254,1985.13
2025-02,SKU-09,West,Wholesale,2025-01-31,calendar_plan_v1_no_realized_demand,1136,1798.33,1084,1087,1720.76
2025-02,SKU-10,Central,Convenience,2025-01-31,calendar_plan_v1_no_realized_demand,800,2227.2,772,773,2152.03
2025-02,SKU-10,Central,Ecommerce,2025-01-31,calendar_plan_v1_no_realized_demand,764,2126.98,736,734,2043.46
2025-02,SKU-10,Central,Grocery,2025-01-31,calendar_plan_v1_no_realized_demand,1325,3688.8,1269,1275,3549.6
2025-02,SKU-10,Central,Wholesale,2025-01-31,calendar_plan_v1_no_realized_demand,1138,3168.19,1086,1078,3001.15
2025-02,SKU-10,North,Convenience,2025-01-31,calendar_plan_v1_no_realized_demand,747,2183.63,719,718,2098.86
2025-02,SKU-10,North,Ecommerce,2025-01-31,calendar_plan_v1_no_realized_demand,708,2069.63,680,678,1981.93
2025-02,SKU-10,North,Grocery,2025-01-31,calendar_plan_v1_no_realized_demand,1227,3586.77,1171,1171,3423.07
2025-02,SKU-10,North,Wholesale,2025-01-31,calendar_plan_v1_no_realized_demand,1056,3086.9,1020,1041,3043.05
2025-02,SKU-10,South,Convenience,2025-01-31,calendar_plan_v1_no_realized_demand,652,1706.26,624,634,1659.15
2025-02,SKU-10,South,Ecommerce,2025-01-31,calendar_plan_v1_no_realized_demand,624,1632.98,596,599,1567.56
2025-02,SKU-10,South,Grocery,2025-01-31,calendar_plan_v1_no_realized_demand,1056,2763.51,1020,1014,2653.6
2025-02,SKU-10,South,Wholesale,2025-01-31,calendar_plan_v1_no_realized_demand,908,2376.2,880,874,2287.22
2025-02,SKU-10,West,Convenience,2025-01-31,calendar_plan_v1_no_realized_demand,560,1512.27,532,533,1439.36
2025-02,SKU-10,West,Ecommerce,2025-01-31,calendar_plan_v1_no_realized_demand,516,1393.45,488,488,1317.83
2025-02,SKU-10,West,Grocery,2025-01-31,calendar_plan_v1_no_realized_demand,884,2387.22,856,848,2290.01
2025-02,SKU-10,West,Wholesale,2025-01-31,calendar_plan_v1_no_realized_demand,772,2084.77,744,752,2030.76
2025-02,SKU-11,Central,Convenience,2025-01-31,calendar_plan_v1_no_realized_demand,708,2242.94,680,693,2195.42
2025-02,SKU-11,Central,Ecommerce,2025-01-31,calendar_plan_v1_no_realized_demand,664,2103.55,636,622,1970.5
2025-02,SKU-11,Central,Grocery,2025-01-31,calendar_plan_v1_no_realized_demand,1164,3687.55,1112,1137,3602.02
2025-02,SKU-11,Central,Wholesale,2025-01-31,calendar_plan_v1_no_realized_demand,983,3114.14,955,953,3019.1
2025-02,SKU-11,North,Convenience,2025-01-31,calendar_plan_v1_no_realized_demand,652,2168.81,624,628,2088.98
2025-02,SKU-11,North,Ecommerce,2025-01-31,calendar_plan_v1_no_realized_demand,624,2075.67,596,601,1999.17
2025-02,SKU-11,North,Grocery,2025-01-31,calendar_plan_v1_no_realized_demand,1064,3539.29,1028,1016,3379.62
2025-02,SKU-11,North,Wholesale,2025-01-31,calendar_plan_v1_no_realized_demand,912,3033.68,884,897,2983.78
2025-02,SKU-11,South,Convenience,2025-01-31,calendar_plan_v1_no_realized_demand,572,1703.37,544,540,1608.08
2025-02,SKU-11,South,Ecommerce,2025-01-31,calendar_plan_v1_no_realized_demand,542,1614.03,514,512,1524.7
2025-02,SKU-11,South,Grocery,2025-01-31,calendar_plan_v1_no_realized_demand,912,2715.86,884,887,2641.42
2025-02,SKU-11,South,Wholesale,2025-01-31,calendar_plan_v1_no_realized_demand,800,2382.34,772,784,2334.69
2025-02,SKU-11,West,Convenience,2025-01-31,calendar_plan_v1_no_realized_demand,488,1499.6,460,458,1407.42
2025-02,SKU-11,West,Ecommerce,2025-01-31,calendar_plan_v1_no_realized_demand,460,1413.56,432,433,1330.59
2025-02,SKU-11,West,Grocery,2025-01-31,calendar_plan_v1_no_realized_demand,772,2372.33,744,730,2243.26
2025-02,SKU-11,West,Wholesale,2025-01-31,calendar_plan_v1_no_realized_demand,680,2089.61,652,646,1985.13
2025-02,SKU-12,Central,Convenience,2025-01-31,calendar_plan_v1_no_realized_demand,652,2253.31,624,631,2180.74
2025-02,SKU-12,Central,Ecommerce,2025-01-31,calendar_plan_v1_no_realized_demand,624,2156.54,596,605,2090.88
2025-02,SKU-12,Central,Grocery,2025-01-31,calendar_plan_v1_no_realized_demand,1059,3659.9,1023,1022,3532.03
2025-02,SKU-12,Central,Wholesale,2025-01-31,calendar_plan_v1_no_realized_demand,911,3148.42,883,879,3037.82
2025-02,SKU-12,North,Convenience,2025-01-31,calendar_plan_v1_no_realized_demand,624,2264.37,596,588,2133.73
2025-02,SKU-12,North,Ecommerce,2025-01-31,calendar_plan_v1_no_realized_demand,572,2075.67,544,548,1988.58
2025-02,SKU-12,North,Grocery,2025-01-31,calendar_plan_v1_no_realized_demand,976,3541.71,948,945,3429.22
2025-02,SKU-12,North,Wholesale,2025-01-31,calendar_plan_v1_no_realized_demand,854,3099.0,826,831,3015.53
2025-02,SKU-12,South,Convenience,2025-01-31,calendar_plan_v1_no_realized_demand,540,1754.27,512,506,1643.81
2025-02,SKU-12,South,Ecommerce,2025-01-31,calendar_plan_v1_no_realized_demand,504,1637.31,476,470,1526.86
2025-02,SKU-12,South,Grocery,2025-01-31,calendar_plan_v1_no_realized_demand,855,2777.59,827,828,2689.87
2025-02,SKU-12,South,Wholesale,2025-01-31,calendar_plan_v1_no_realized_demand,736,2391.0,708,714,2319.53
2025-02,SKU-12,West,Convenience,2025-01-31,calendar_plan_v1_no_realized_demand,452,1515.25,424,422,1414.68
2025-02,SKU-12,West,Ecommerce,2025-01-31,calendar_plan_v1_no_realized_demand,424,1421.38,396,390,1307.4
2025-02,SKU-12,West,Grocery,2025-01-31,calendar_plan_v1_no_realized_demand,716,2400.26,688,693,2323.16
2025-02,SKU-12,West,Wholesale,2025-01-31,calendar_plan_v1_no_realized_demand,624,2091.85,596,608,2038.21
2025-02,SKU-13,Central,Convenience,2025-01-31,calendar_plan_v1_no_realized_demand,600,1843.2,572,575,1766.4
2025-02,SKU-13,Central,Ecommerce,2025-01-31,calendar_plan_v1_no_realized_demand,570,1751.04,542,540,1658.88
2025-02,SKU-13,Central,Grocery,2025-01-31,calendar_plan_v1_no_realized_demand,964,2961.41,936,922,2832.38
2025-02,SKU-13,Central,Wholesale,2025-01-31,calendar_plan_v1_no_realized_demand,842,2586.62,814,821,2522.11
2025-02,SKU-13,North,Convenience,2025-01-31,calendar_plan_v1_no_realized_demand,568,1832.14,540,530,1709.57
2025-02,SKU-13,North,Ecommerce,2025-01-31,calendar_plan_v1_no_realized_demand,532,1716.02,504,507,1635.38
2025-02,SKU-13,North,Grocery,2025-01-31,calendar_plan_v1_no_realized_demand,908,2928.84,880,876,2825.63
2025-02,SKU-13,North,Wholesale,2025-01-31,calendar_plan_v1_no_realized_demand,782,2522.42,754,753,2428.88
2025-02,SKU-13,South,Convenience,2025-01-31,calendar_plan_v1_no_realized_demand,488,1409.19,460,457,1319.67
2025-02,SKU-13,South,Ecommerce,2025-01-31,calendar_plan_v1_no_realized_demand,460,1328.33,432,427,1233.04
2025-02,SKU-13,South,Grocery,2025-01-31,calendar_plan_v1_no_realized_demand,784,2263.94,756,757,2185.97
2025-02,SKU-13,South,Wholesale,2025-01-31,calendar_plan_v1_no_realized_demand,680,1963.62,652,657,1897.21
2025-02,SKU-13,West,Convenience,2025-01-31,calendar_plan_v1_no_realized_demand,424,1263.45,396,403,1200.88
2025-02,SKU-13,West,Ecommerce,2025-01-31,calendar_plan_v1_no_realized_demand,392,1168.1,368,368,1096.58
2025-02,SKU-13,West,Grocery,2025-01-31,calendar_plan_v1_no_realized_demand,664,1978.61,636,628,1871.34
2025-02,SKU-13,West,Wholesale,2025-01-31,calendar_plan_v1_no_realized_demand,572,1704.47,544,550,1638.91
2025-02,SKU-14,Central,Convenience,2025-01-31,calendar_plan_v1_no_realized_demand,505,1793.76,477,475,1687.2
2025-02,SKU-14,Central,Ecommerce,2025-01-31,calendar_plan_v1_no_realized_demand,476,1690.75,448,449,1594.85
2025-02,SKU-14,Central,Grocery,2025-01-31,calendar_plan_v1_no_realized_demand,800,2841.6,772,771,2738.59
2025-02,SKU-14,Central,Wholesale,2025-01-31,calendar_plan_v1_no_realized_demand,708,2514.82,680,682,2422.46
2025-02,SKU-14,North,Convenience,2025-01-31,calendar_plan_v1_no_realized_demand,476,1775.29,448,448,1670.86
2025-02,SKU-14,North,Ecommerce,2025-01-31,calendar_plan_v1_no_realized_demand,448,1670.86,472,477,1779.02
2025-02,SKU-14,North,Grocery,2025-01-31,calendar_plan_v1_no_realized_demand,744,2774.82,716,720,2685.31
2025-02,SKU-14,North,Wholesale,2025-01-31,calendar_plan_v1_no_realized_demand,652,2431.7,624,629,2345.92
2025-02,SKU-14,South,Convenience,2025-01-31,calendar_plan_v1_no_realized_demand,407,1358.92,383,386,1288.81
2025-02,SKU-14,South,Ecommerce,2025-01-31,calendar_plan_v1_no_realized_demand,392,1308.84,368,369,1232.05
2025-02,SKU-14,South,Grocery,2025-01-31,calendar_plan_v1_no_realized_demand,652,2176.95,624,631,2106.83
2025-02,SKU-14,South,Wholesale,2025-01-31,calendar_plan_v1_no_realized_demand,568,1896.48,540,540,1803.0
2025-02,SKU-14,West,Convenience,2025-01-31,calendar_plan_v1_no_realized_demand,326,1123.21,319,324,1116.32
2025-02,SKU-14,West,Ecommerce,2025-01-31,calendar_plan_v1_no_realized_demand,312,1074.98,312,312,1074.98
2025-02,SKU-14,West,Grocery,2025-01-31,calendar_plan_v1_no_realized_demand,544,1874.32,516,518,1784.74
2025-02,SKU-14,West,Wholesale,2025-01-31,calendar_plan_v1_no_realized_demand,488,1681.37,460,463,1595.24
2025-02,SKU-15,Central,Convenience,2025-01-31,calendar_plan_v1_no_realized_demand,460,1943.04,432,437,1845.89
2025-02,SKU-15,Central,Ecommerce,2025-01-31,calendar_plan_v1_no_realized_demand,424,1790.98,396,396,1672.7
2025-02,SKU-15,Central,Grocery,2025-01-31,calendar_plan_v1_no_realized_demand,716,3024.38,688,691,2918.78
2025-02,SKU-15,Central,Wholesale,2025-01-31,calendar_plan_v1_no_realized_demand,624,2635.78,596,607,2563.97
2025-02,SKU-15,North,Convenience,2025-01-31,calendar_plan_v1_no_realized_demand,424,1880.52,396,396,1756.34
2025-02,SKU-15,North,Ecommerce,2025-01-31,calendar_plan_v1_no_realized_demand,392,1738.6,368,361,1601.11
2025-02,SKU-15,North,Grocery,2025-01-31,calendar_plan_v1_no_realized_demand,680,3015.94,652,646,2865.14
2025-02,SKU-15,North,Wholesale,2025-01-31,calendar_plan_v1_no_realized_demand,596,2643.38,568,569,2523.63
2025-02,SKU-15,South,Convenience,2025-01-31,calendar_plan_v1_no_realized_demand,348,1381.75,340,342,1357.93
2025-02,SKU-15,South,Ecommerce,2025-01-31,calendar_plan_v1_no_realized_demand,312,1238.81,312,314,1246.76
2025-02,SKU-15,South,Grocery,2025-01-31,calendar_plan_v1_no_realized_demand,596,2366.45,568,557,2211.6
2025-02,SKU-15,South,Wholesale,2025-01-31,calendar_plan_v1_no_realized_demand,516,2048.81,488,489,1941.6
2025-02,SKU-15,West,Convenience,2025-01-31,calendar_plan_v1_no_realized_demand,284,1163.63,284,288,1180.02
2025-02,SKU-15,West,Ecommerce,2025-01-31,calendar_plan_v1_no_realized_demand,276,1130.85,276,277,1134.95
2025-02,SKU-15,West,Grocery,2025-01-31,calendar_plan_v1_no_realized_demand,504,2065.03,476,473,1938.01
2025-02,SKU-15,West,Wholesale,2025-01-31,calendar_plan_v1_no_realized_demand,432,1770.02,404,403,1651.2
2025-02,SKU-16,Central,Convenience,2025-01-31,calendar_plan_v1_no_realized_demand,560,1666.56,532,536,1595.14
2025-02,SKU-16,Central,Ecommerce,2025-01-31,calendar_plan_v1_no_realized_demand,516,1535.62,599,596,1773.7
2025-02,SKU-16,Central,Grocery,2025-01-31,calendar_plan_v1_no_realized_demand,884,2630.78,856,855,2544.48
2025-02,SKU-16,Central,Wholesale,2025-01-31,calendar_plan_v1_no_realized_demand,772,2297.47,744,750,2232.0
2025-02,SKU-16,North,Convenience,2025-01-31,calendar_plan_v1_no_realized_demand,516,1612.4,488,498,1556.15
2025-02,SKU-16,North,Ecommerce,2025-01-31,calendar_plan_v1_no_realized_demand,488,1524.9,556,549,1715.52
2025-02,SKU-16,North,Grocery,2025-01-31,calendar_plan_v1_no_realized_demand,828,2587.33,800,796,2487.34
2025-02,SKU-16,North,Wholesale,2025-01-31,calendar_plan_v1_no_realized_demand,716,2237.36,688,678,2118.61
2025-02,SKU-16,South,Convenience,2025-01-31,calendar_plan_v1_no_realized_demand,452,1264.44,471,473,1323.19
2025-02,SKU-16,South,Ecommerce,2025-01-31,calendar_plan_v1_no_realized_demand,424,1186.11,396,401,1121.77
2025-02,SKU-16,South,Grocery,2025-01-31,calendar_plan_v1_no_realized_demand,716,2002.97,688,684,1913.45
2025-02,SKU-16,South,Wholesale,2025-01-31,calendar_plan_v1_no_realized_demand,624,1745.6,596,596,1667.27
2025-02,SKU-16,West,Convenience,2025-01-31,calendar_plan_v1_no_realized_demand,392,1131.59,368,369,1065.2
2025-02,SKU-16,West,Ecommerce,2025-01-31,calendar_plan_v1_no_realized_demand,348,1004.58,340,336,969.94
2025-02,SKU-16,West,Grocery,2025-01-31,calendar_plan_v1_no_realized_demand,600,1732.03,572,575,1659.86
2025-02,SKU-16,West,Wholesale,2025-01-31,calendar_plan_v1_no_realized_demand,532,1535.74,504,501,1446.25
2025-03,SKU-01,Central,Convenience,2025-02-28,calendar_plan_v1_no_realized_demand,1066,2251.39,1035,1050,2217.6
2025-03,SKU-01,Central,Ecommerce,2025-02-28,calendar_plan_v1_no_realized_demand,1004,2120.45,973,991,2092.99
2025-03,SKU-01,Central,Grocery,2025-02-28,calendar_plan_v1_no_realized_demand,1739,3672.77,1677,1678,3543.94
2025-03,SKU-01,Central,Wholesale,2025-02-28,calendar_plan_v1_no_realized_demand,1513,3195.46,1451,1439,3039.17
2025-03,SKU-01,North,Convenience,2025-02-28,calendar_plan_v1_no_realized_demand,999,2215.38,968,970,2151.07
2025-03,SKU-01,North,Ecommerce,2025-02-28,calendar_plan_v1_no_realized_demand,932,2066.8,901,910,2018.02
2025-03,SKU-01,North,Grocery,2025-02-28,calendar_plan_v1_no_realized_demand,1628,3610.25,1566,1580,3503.81
2025-03,SKU-01,North,Wholesale,2025-02-28,calendar_plan_v1_no_realized_demand,1411,3129.03,1349,1380,3060.29
2025-03,SKU-01,South,Convenience,2025-02-28,calendar_plan_v1_no_realized_demand,854,1695.43,823,815,1618.0
2025-03,SKU-01,South,Ecommerce,2025-02-28,calendar_plan_v1_no_realized_demand,814,1616.02,783,783,1554.47
2025-03,SKU-01,South,Grocery,2025-02-28,calendar_plan_v1_no_realized_demand,1411,2801.23,1349,1358,2696.01
2025-03,SKU-01,South,Wholesale,2025-02-28,calendar_plan_v1_no_realized_demand,1208,2398.22,1168,1188,2358.51
2025-03,SKU-01,West,Convenience,2025-02-28,calendar_plan_v1_no_realized_demand,723,1481.17,692,696,1425.85
2025-03,SKU-01,West,Ecommerce,2025-02-28,calendar_plan_v1_no_realized_demand,690,1413.56,659,662,1356.2
2025-03,SKU-01,West,Grocery,2025-02-28,calendar_plan_v1_no_realized_demand,1177,2411.25,1353,1379,2825.07
2025-03,SKU-01,West,Wholesale,2025-02-28,calendar_plan_v1_no_realized_demand,1009,2067.08,978,967,1981.03
2025-03,SKU-02,Central,Convenience,2025-02-28,calendar_plan_v1_no_realized_demand,1284,2218.75,1227,1230,2125.44
2025-03,SKU-02,Central,Ecommerce,2025-02-28,calendar_plan_v1_no_realized_demand,1177,2033.86,1137,1143,1975.1
2025-03,SKU-02,Central,Grocery,2025-02-28,calendar_plan_v1_no_realized_demand,2070,3576.96,1982,1951,3371.33
2025-03,SKU-02,Central,Wholesale,2025-02-28,calendar_plan_v1_no_realized_demand,1770,3058.56,1708,1690,2920.32
2025-03,SKU-02,North,Convenience,2025-02-28,calendar_plan_v1_no_realized_demand,1172,2126.48,1132,1147,2081.12
2025-03,SKU-02,North,Ecommerce,2025-02-28,calendar_plan_v1_no_realized_demand,1097,1990.4,1066,1068,1937.78
2025-03,SKU-02,North,Grocery,2025-02-28,calendar_plan_v1_no_realized_demand,1903,3452.8,1832,1841,3340.31
2025-03,SKU-02,North,Wholesale,2025-02-28,calendar_plan_v1_no_realized_demand,1637,2970.17,1575,1592,2888.52
2025-03,SKU-02,South,Convenience,2025-02-28,calendar_plan_v1_no_realized_demand,1009,1638.94,978,988,1604.83
2025-03,SKU-02,South,Ecommerce,2025-02-28,calendar_plan_v1_no_realized_demand,947,1538.23,916,914,1484.63
2025-03,SKU-02,South,Grocery,2025-02-28,calendar_plan_v1_no_realized_demand,1638,2660.64,1576,1586,2576.17
2025-03,SKU-02,South,Wholesale,2025-02-28,calendar_plan_v1_no_realized_demand,1438,2335.77,1376,1365,2217.2
2025-03,SKU-02,West,Convenience,2025-02-28,calendar_plan_v1_no_realized_demand,854,1431.44,823,818,1371.1
2025-03,SKU-02,West,Ecommerce,2025-02-28,calendar_plan_v1_no_realized_demand,796,1334.22,765,769,1288.97
2025-03,SKU-02,West,Grocery,2025-02-28,calendar_plan_v1_no_realized_demand,1400,2346.62,1338,1332,2232.65
2025-03,SKU-02,West,Wholesale,2025-02-28,calendar_plan_v1_no_realized_demand,1199,2009.72,1159,1153,1932.61
2025-03,SKU-03,Central,Convenience,2025-02-28,calendar_plan_v1_no_realized_demand,885,2208.96,854,851,2124.1
2025-03,SKU-03,Central,Ecommerce,2025-02-28,calendar_plan_v1_no_realized_demand,823,2054.21,792,789,1969.34
2025-03,SKU-03,Central,Grocery,2025-02-28,calendar_plan_v1_no_realized_demand,1442,3599.23,1380,1397,3486.91
2025-03,SKU-03,Central,Wholesale,2025-02-28,calendar_plan_v1_no_realized_demand,1256,3134.98,1199,1207,3012.67
2025-03,SKU-03,North,Convenience,2025-02-28,calendar_plan_v1_no_realized_demand,823,2156.92,792,788,2065.19
2025-03,SKU-03,North,Ecommerce,2025-02-28,calendar_plan_v1_no_realized_demand,775,2031.12,744,738,1934.15
2025-03,SKU-03,North,Grocery,2025-02-28,calendar_plan_v1_no_realized_demand,1352,3543.32,1291,1271,3331.04
2025-03,SKU-03,North,Wholesale,2025-02-28,calendar_plan_v1_no_realized_demand,1146,3003.44,1106,1113,2916.95
2025-03,SKU-03,South,Convenience,2025-02-28,calendar_plan_v1_no_realized_demand,721,1691.64,690,690,1618.91
2025-03,SKU-03,South,Ecommerce,2025-02-28,calendar_plan_v1_no_realized_demand,664,1557.9,633,629,1475.78
2025-03,SKU-03,South,Grocery,2025-02-28,calendar_plan_v1_no_realized_demand,1147,2691.14,1107,1094,2566.79
2025-03,SKU-03,South,Wholesale,2025-02-28,calendar_plan_v1_no_realized_demand,988,2318.09,957,973,2282.89
2025-03,SKU-03,West,Convenience,2025-02-28,calendar_plan_v1_no_realized_demand,602,1457.51,571,564,1365.51
2025-03,SKU-03,West,Ecommerce,2025-02-28,calendar_plan_v1_no_realized_demand,571,1382.46,540,534,1292.88
2025-03,SKU-03,West,Grocery,2025-02-28,calendar_plan_v1_no_realized_demand,973,2355.75,942,942,2280.7
2025-03,SKU-03,West,Wholesale,2025-02-28,calendar_plan_v1_no_realized_demand,845,2045.85,814,818,1980.48
2025-03,SKU-04,Central,Convenience,2025-02-28,calendar_plan_v1_no_realized_demand,823,2133.22,792,797,2065.82
2025-03,SKU-04,Central,Ecommerce,2025-02-28,calendar_plan_v1_no_realized_demand,771,1998.43,740,738,1912.9
2025-03,SKU-04,Central,Grocery,2025-02-28,calendar_plan_v1_no_realized_demand,1350,3499.2,1290,1301,3372.19
2025-03,SKU-04,Central,Wholesale,2025-02-28,calendar_plan_v1_no_realized_demand,1146,2970.43,1106,1117,2895.26
2025-03,SKU-04,North,Convenience,2025-02-28,calendar_plan_v1_no_realized_demand,762,2073.86,731,727,1978.6
2025-03,SKU-04,North,Ecommerce,2025-02-28,calendar_plan_v1_no_realized_demand,721,1962.27,690,693,1886.07
2025-03,SKU-04,North,Grocery,2025-02-28,calendar_plan_v1_no_realized_demand,1256,3418.33,1199,1194,3249.59
2025-03,SKU-04,North,Wholesale,2025-02-28,calendar_plan_v1_no_realized_demand,1066,2901.23,1035,1026,2792.36
2025-03,SKU-04,South,Convenience,2025-02-28,calendar_plan_v1_no_realized_demand,664,1617.82,633,628,1530.11
2025-03,SKU-04,South,Ecommerce,2025-02-28,calendar_plan_v1_no_realized_demand,628,1530.11,597,592,1442.4
2025-03,SKU-04,South,Grocery,2025-02-28,calendar_plan_v1_no_realized_demand,1066,2597.29,1035,1050,2558.3
2025-03,SKU-04,South,Wholesale,2025-02-28,calendar_plan_v1_no_realized_demand,916,2231.82,885,894,2178.21
2025-03,SKU-04,West,Convenience,2025-02-28,calendar_plan_v1_no_realized_demand,571,1435.63,622,626,1573.91
2025-03,SKU-04,West,Ecommerce,2025-02-28,calendar_plan_v1_no_realized_demand,535,1345.12,504,503,1264.66
2025-03,SKU-04,West,Grocery,2025-02-28,calendar_plan_v1_no_realized_demand,902,2267.84,871,869,2184.87
2025-03,SKU-04,West,Wholesale,2025-02-28,calendar_plan_v1_no_realized_demand,783,1968.65,752,760,1910.82
2025-03,SKU-05,Central,Convenience,2025-02-28,calendar_plan_v1_no_realized_demand,758,2765.18,727,726,2648.45
2025-03,SKU-05,Central,Ecommerce,2025-02-28,calendar_plan_v1_no_realized_demand,721,2630.21,690,684,2495.23
2025-03,SKU-05,Central,Grocery,2025-02-28,calendar_plan_v1_no_realized_demand,1247,4549.06,1190,1188,4333.82
2025-03,SKU-05,Central,Wholesale,2025-02-28,calendar_plan_v1_no_realized_demand,1061,3870.53,1030,1019,3717.31
2025-03,SKU-05,North,Convenience,2025-02-28,calendar_plan_v1_no_realized_demand,721,2761.72,690,686,2627.65
2025-03,SKU-05,North,Ecommerce,2025-02-28,calendar_plan_v1_no_realized_demand,664,2543.39,633,638,2443.8
2025-03,SKU-05,North,Grocery,2025-02-28,calendar_plan_v1_no_realized_demand,1139,4362.83,1099,1101,4217.27
2025-03,SKU-05,North,Wholesale,2025-02-28,calendar_plan_v1_no_realized_demand,978,3746.13,947,936,3585.25
2025-03,SKU-05,South,Convenience,2025-02-28,calendar_plan_v1_no_realized_demand,621,2129.48,590,589,2019.75
2025-03,SKU-05,South,Ecommerce,2025-02-28,calendar_plan_v1_no_realized_demand,571,1958.03,540,538,1844.87
2025-03,SKU-05,South,Grocery,2025-02-28,calendar_plan_v1_no_realized_demand,978,3353.68,947,957,3281.67
2025-03,SKU-05,South,Wholesale,2025-02-28,calendar_plan_v1_no_realized_demand,854,2928.47,823,830,2846.17
2025-03,SKU-05,West,Convenience,2025-02-28,calendar_plan_v1_no_realized_demand,526,1861.28,495,498,1762.2
2025-03,SKU-05,West,Ecommerce,2025-02-28,calendar_plan_v1_no_realized_demand,498,1762.2,467,462,1634.81
2025-03,SKU-05,West,Grocery,2025-02-28,calendar_plan_v1_no_realized_demand,829,2933.47,798,816,2887.46
2025-03,SKU-05,West,Wholesale,2025-02-28,calendar_plan_v1_no_realized_demand,721,2551.3,690,687,2430.99
2025-03,SKU-06,Central,Convenience,2025-02-28,calendar_plan_v1_no_realized_demand,695,3069.12,664,659,2910.14
2025-03,SKU-06,Central,Ecommerce,2025-02-28,calendar_plan_v1_no_realized_demand,659,2910.14,628,629,2777.66
2025-03,SKU-06,Central,Grocery,2025-02-28,calendar_plan_v1_no_realized_demand,1129,4985.66,1089,1098,4848.77
2025-03,SKU-06,Central,Wholesale,2025-02-28,calendar_plan_v1_no_realized_demand,973,4296.77,1023,1020,4504.32
2025-03,SKU-06,North,Convenience,2025-02-28,calendar_plan_v1_no_realized_demand,659,3055.65,628,627,2907.27
2025-03,SKU-06,North,Ecommerce,2025-02-28,calendar_plan_v1_no_realized_demand,602,2791.35,571,568,2633.7
2025-03,SKU-06,North,Grocery,2025-02-28,calendar_plan_v1_no_realized_demand,1037,4808.36,1006,1012,4692.44
2025-03,SKU-06,North,Wholesale,2025-02-28,calendar_plan_v1_no_realized_demand,906,4200.94,875,879,4075.75
2025-03,SKU-06,South,Convenience,2025-02-28,calendar_plan_v1_no_realized_demand,571,2370.24,540,540,2241.56
2025-03,SKU-06,South,Ecommerce,2025-02-28,calendar_plan_v1_no_realized_demand,540,2241.56,509,512,2125.33
2025-03,SKU-06,South,Grocery,2025-02-28,calendar_plan_v1_no_realized_demand,908,3769.14,877,872,3619.71
2025-03,SKU-06,South,Wholesale,2025-02-28,calendar_plan_v1_no_realized_demand,783,3250.26,752,753,3125.73
2025-03,SKU-06,West,Convenience,2025-02-28,calendar_plan_v1_no_realized_demand,478,2047.52,447,446,1910.45
2025-03,SKU-06,West,Ecommerce,2025-02-28,calendar_plan_v1_no_realized_demand,442,1893.32,416,420,1799.08
2025-03,SKU-06,West,Grocery,2025-02-28,calendar_plan_v1_no_realized_demand,763,3268.33,732,731,3131.25
2025-03,SKU-06,West,Wholesale,2025-02-28,calendar_plan_v1_no_realized_demand,664,2844.26,633,634,2715.75
2025-03,SKU-07,Central,Convenience,2025-02-28,calendar_plan_v1_no_realized_demand,633,2552.26,602,596,2403.07
2025-03,SKU-07,Central,Ecommerce,2025-02-28,calendar_plan_v1_no_realized_demand,602,2427.26,571,574,2314.37
2025-03,SKU-07,Central,Grocery,2025-02-28,calendar_plan_v1_no_realized_demand,1014,4088.45,983,989,3987.65
2025-03,SKU-07,Central,Wholesale,2025-02-28,calendar_plan_v1_no_realized_demand,885,3568.32,854,859,3463.49
2025-03,SKU-07,North,Convenience,2025-02-28,calendar_plan_v1_no_realized_demand,601,2544.39,570,579,2451.25
2025-03,SKU-07,North,Ecommerce,2025-02-28,calendar_plan_v1_no_realized_demand,557,2358.12,526,523,2214.17
2025-03,SKU-07,North,Grocery,2025-02-28,calendar_plan_v1_no_realized_demand,947,4009.22,916,925,3916.08
2025-03,SKU-07,North,Wholesale,2025-02-28,calendar_plan_v1_no_realized_demand,823,3484.25,792,787,3331.84
2025-03,SKU-07,South,Convenience,2025-02-28,calendar_plan_v1_no_realized_demand,524,1986.0,493,496,1879.88
2025-03,SKU-07,South,Ecommerce,2025-02-28,calendar_plan_v1_no_realized_demand,491,1860.93,460,471,1785.13
2025-03,SKU-07,South,Grocery,2025-02-28,calendar_plan_v1_no_realized_demand,823,3119.24,939,941,3566.47
2025-03,SKU-07,South,Wholesale,2025-02-28,calendar_plan_v1_no_realized_demand,721,2732.65,690,684,2592.41
2025-03,SKU-07,West,Convenience,2025-02-28,calendar_plan_v1_no_realized_demand,433,1693.48,407,415,1623.08
2025-03,SKU-07,West,Ecommerce,2025-02-28,calendar_plan_v1_no_realized_demand,385,1505.75,376,377,1474.46
2025-03,SKU-07,West,Grocery,2025-02-28,calendar_plan_v1_no_realized_demand,695,2718.17,664,665,2600.84
2025-03,SKU-07,West,Wholesale,2025-02-28,calendar_plan_v1_no_realized_demand,602,2354.45,571,573,2241.03
2025-03,SKU-08,Central,Convenience,2025-02-28,calendar_plan_v1_no_realized_demand,571,2685.98,540,545,2563.68
2025-03,SKU-08,Central,Ecommerce,2025-02-28,calendar_plan_v1_no_realized_demand,540,2540.16,509,504,2370.82
2025-03,SKU-08,Central,Grocery,2025-02-28,calendar_plan_v1_no_realized_demand,916,4308.86,885,884,4158.34
2025-03,SKU-08,Central,Wholesale,2025-02-28,calendar_plan_v1_no_realized_demand,792,3725.57,761,760,3575.04
2025-03,SKU-08,North,Convenience,2025-02-28,calendar_plan_v1_no_realized_demand,540,2667.17,509,509,2514.05
2025-03,SKU-08,North,Ecommerce,2025-02-28,calendar_plan_v1_no_realized_demand,509,2514.05,478,474,2341.18
2025-03,SKU-08,North,Grocery,2025-02-28,calendar_plan_v1_no_realized_demand,854,4218.08,823,827,4084.72
2025-03,SKU-08,North,Wholesale,2025-02-28,calendar_plan_v1_no_realized_demand,752,3714.28,721,735,3630.31
2025-03,SKU-08,South,Convenience,2025-02-28,calendar_plan_v1_no_realized_demand,469,2073.81,438,434,1919.04
2025-03,SKU-08,South,Ecommerce,2025-02-28,calendar_plan_v1_no_realized_demand,433,1914.62,407,405,1790.81
2025-03,SKU-08,South,Grocery,2025-02-28,calendar_plan_v1_no_realized_demand,752,3325.16,721,723,3196.93
2025-03,SKU-08,South,Wholesale,2025-02-28,calendar_plan_v1_no_realized_demand,659,2913.94,628,621,2745.91
2025-03,SKU-08,West,Convenience,2025-02-28,calendar_plan_v1_no_realized_demand,385,1756.71,376,372,1697.39
2025-03,SKU-08,West,Ecommerce,2025-02-28,calendar_plan_v1_no_realized_demand,345,1574.19,345,346,1578.76
2025-03,SKU-08,West,Grocery,2025-02-28,calendar_plan_v1_no_realized_demand,633,2888.3,602,605,2760.54
2025-03,SKU-08,West,Wholesale,2025-02-28,calendar_plan_v1_no_realized_demand,553,2523.27,522,526,2400.07
2025-03,SKU-09,Central,Convenience,2025-02-28,calendar_plan_v1_no_realized_demand,1430,2333.76,1368,1355,2211.36
2025-03,SKU-09,Central,Ecommerce,2025-02-28,calendar_plan_v1_no_realized_demand,1344,2193.41,1287,1277,2084.06
2025-03,SKU-09,Central,Grocery,2025-02-28,calendar_plan_v1_no_realized_demand,2324,3792.77,2231,2205,3598.56
2025-03,SKU-09,Central,Wholesale,2025-02-28,calendar_plan_v1_no_realized_demand,1991,3249.31,1920,1934,3156.29
2025-03,SKU-09,North,Convenience,2025-02-28,calendar_plan_v1_no_realized_demand,1318,2258.52,1261,1265,2167.7
2025-03,SKU-09,North,Ecommerce,2025-02-28,calendar_plan_v1_no_realized_demand,1255,2150.57,1198,1197,2051.18
2025-03,SKU-09,North,Grocery,2025-02-28,calendar_plan_v1_no_realized_demand,2155,3692.81,2067,2083,3569.43
2025-03,SKU-09,North,Wholesale,2025-02-28,calendar_plan_v1_no_realized_demand,1849,3168.45,1787,1772,3036.5
2025-03,SKU-09,South,Convenience,2025-02-28,calendar_plan_v1_no_realized_demand,1137,1744.25,1097,1095,1679.82
2025-03,SKU-09,South,Ecommerce,2025-02-28,calendar_plan_v1_no_realized_demand,1066,1635.33,1035,1026,1573.97
2025-03,SKU-09,South,Grocery,2025-02-28,calendar_plan_v1_no_realized_demand,1849,2836.51,1787,1766,2709.19
2025-03,SKU-09,South,Wholesale,2025-02-28,calendar_plan_v1_no_realized_demand,1606,2463.73,1544,1553,2382.43
2025-03,SKU-09,West,Convenience,2025-02-28,calendar_plan_v1_no_realized_demand,947,1499.14,916,917,1451.65
2025-03,SKU-09,West,Ecommerce,2025-02-28,calendar_plan_v1_no_realized_demand,898,1421.57,867,875,1385.16
2025-03,SKU-09,West,Grocery,2025-02-28,calendar_plan_v1_no_realized_demand,1574,2491.7,1512,1521,2407.8
2025-03,SKU-09,West,Wholesale,2025-02-28,calendar_plan_v1_no_realized_demand,1354,2143.44,1292,1293,2046.87
2025-03,SKU-10,Central,Convenience,2025-02-28,calendar_plan_v1_no_realized_demand,978,2722.75,947,950,2644.8
2025-03,SKU-10,Central,Ecommerce,2025-02-28,calendar_plan_v1_no_realized_demand,916,2550.14,885,871,2424.86
2025-03,SKU-10,Central,Grocery,2025-02-28,calendar_plan_v1_no_realized_demand,1601,4457.18,1539,1526,4248.38
2025-03,SKU-10,Central,Wholesale,2025-02-28,calendar_plan_v1_no_realized_demand,1385,3855.84,1323,1303,3627.55
2025-03,SKU-10,North,Convenience,2025-02-28,calendar_plan_v1_no_realized_demand,916,2677.65,885,883,2581.19
2025-03,SKU-10,North,Ecommerce,2025-02-28,calendar_plan_v1_no_realized_demand,854,2496.41,823,827,2417.49
2025-03,SKU-10,North,Grocery,2025-02-28,calendar_plan_v1_no_realized_demand,1487,4346.8,1425,1407,4112.94
2025-03,SKU-10,North,Wholesale,2025-02-28,calendar_plan_v1_no_realized_demand,1287,3762.16,1230,1235,3610.15
2025-03,SKU-10,South,Convenience,2025-02-28,calendar_plan_v1_no_realized_demand,783,2049.08,752,744,1947.02
2025-03,SKU-10,South,Ecommerce,2025-02-28,calendar_plan_v1_no_realized_demand,742,1941.78,711,706,1847.57
2025-03,SKU-10,South,Grocery,2025-02-28,calendar_plan_v1_no_realized_demand,1287,3368.03,1230,1236,3234.56
2025-03,SKU-10,South,Wholesale,2025-02-28,calendar_plan_v1_no_realized_demand,1097,2870.81,1066,1064,2784.45
2025-03,SKU-10,West,Convenience,2025-02-28,calendar_plan_v1_no_realized_demand,664,1793.12,633,634,1712.1
2025-03,SKU-10,West,Ecommerce,2025-02-28,calendar_plan_v1_no_realized_demand,628,1695.9,597,588,1587.88
2025-03,SKU-10,West,Grocery,2025-02-28,calendar_plan_v1_no_realized_demand,1066,2878.71,1035,1042,2813.9
2025-03,SKU-10,West,Wholesale,2025-02-28,calendar_plan_v1_no_realized_demand,916,2473.64,885,880,2376.42
2025-03,SKU-11,Central,Convenience,2025-02-28,calendar_plan_v1_no_realized_demand,854,2705.47,1017,1009,3196.51
2025-03,SKU-11,Central,Ecommerce,2025-02-28,calendar_plan_v1_no_realized_demand,792,2509.06,761,770,2439.36
2025-03,SKU-11,Central,Grocery,2025-02-28,calendar_plan_v1_no_realized_demand,1394,4416.19,1332,1336,4232.45
2025-03,SKU-11,Central,Wholesale,2025-02-28,calendar_plan_v1_no_realized_demand,1199,3798.43,1159,1175,3722.4
2025-03,SKU-11,North,Convenience,2025-02-28,calendar_plan_v1_no_realized_demand,792,2634.51,761,758,2521.41
2025-03,SKU-11,North,Ecommerce,2025-02-28,calendar_plan_v1_no_realized_demand,752,2501.45,721,720,2395.01
2025-03,SKU-11,North,Grocery,2025-02-28,calendar_plan_v1_no_realized_demand,1287,4281.08,1230,1250,4158.0
2025-03,SKU-11,North,Wholesale,2025-02-28,calendar_plan_v1_no_realized_demand,1097,3649.06,1066,1073,3569.23
2025-03,SKU-11,South,Convenience,2025-02-28,calendar_plan_v1_no_realized_demand,690,2054.76,659,661,1968.41
2025-03,SKU-11,South,Ecommerce,2025-02-28,calendar_plan_v1_no_realized_demand,659,1962.45,628,627,1867.16
2025-03,SKU-11,South,Grocery,2025-02-28,calendar_plan_v1_no_realized_demand,1097,3266.78,1066,1072,3192.33
2025-03,SKU-11,South,Wholesale,2025-02-28,calendar_plan_v1_no_realized_demand,947,2820.09,916,926,2757.55
2025-03,SKU-11,West,Convenience,2025-02-28,calendar_plan_v1_no_realized_demand,588,1806.9,557,562,1727.0
2025-03,SKU-11,West,Ecommerce,2025-02-28,calendar_plan_v1_no_realized_demand,553,1699.35,522,519,1594.87
2025-03,SKU-11,West,Grocery,2025-02-28,calendar_plan_v1_no_realized_demand,941,2891.66,910,905,2781.03
2025-03,SKU-11,West,Wholesale,2025-02-28,calendar_plan_v1_no_realized_demand,814,2501.39,783,784,2409.2
2025-03,SKU-12,Central,Convenience,2025-02-28,calendar_plan_v1_no_realized_demand,792,2737.15,761,764,2640.38
2025-03,SKU-12,Central,Ecommerce,2025-02-28,calendar_plan_v1_no_realized_demand,752,2598.91,721,739,2553.98
2025-03,SKU-12,Central,Grocery,2025-02-28,calendar_plan_v1_no_realized_demand,1287,4447.87,1230,1242,4292.35
2025-03,SKU-12,Central,Wholesale,2025-02-28,calendar_plan_v1_no_realized_demand,1097,3791.23,1066,1048,3621.89
2025-03,SKU-12,North,Convenience,2025-02-28,calendar_plan_v1_no_realized_demand,735,2667.17,704,716,2598.22
2025-03,SKU-12,North,Ecommerce,2025-02-28,calendar_plan_v1_no_realized_demand,690,2503.87,659,661,2398.64
2025-03,SKU-12,North,Grocery,2025-02-28,calendar_plan_v1_no_realized_demand,1180,4281.98,1140,1160,4209.41
2025-03,SKU-12,North,Wholesale,2025-02-28,calendar_plan_v1_no_realized_demand,1023,3712.26,992,990,3592.51
2025-03,SKU-12,South,Convenience,2025-02-28,calendar_plan_v1_no_realized_demand,633,2056.39,602,610,1981.67
2025-03,SKU-12,South,Ecommerce,2025-02-28,calendar_plan_v1_no_realized_demand,602,1955.68,571,565,1835.48
2025-03,SKU-12,South,Grocery,2025-02-28,calendar_plan_v1_no_realized_demand,1025,3329.86,994,999,3245.39
2025-03,SKU-12,South,Wholesale,2025-02-28,calendar_plan_v1_no_realized_demand,885,2875.05,854,859,2790.58
2025-03,SKU-12,West,Convenience,2025-02-28,calendar_plan_v1_no_realized_demand,540,1810.25,509,509,1706.33
2025-03,SKU-12,West,Ecommerce,2025-02-28,calendar_plan_v1_no_realized_demand,509,1706.33,478,476,1595.7
2025-03,SKU-12,West,Grocery,2025-02-28,calendar_plan_v1_no_realized_demand,871,2919.87,840,840,2815.95
2025-03,SKU-12,West,Wholesale,2025-02-28,calendar_plan_v1_no_realized_demand,752,2520.94,721,716,2400.26
2025-03,SKU-13,Central,Convenience,2025-02-28,calendar_plan_v1_no_realized_demand,721,2214.91,690,690,2119.68
2025-03,SKU-13,Central,Ecommerce,2025-02-28,calendar_plan_v1_no_realized_demand,690,2119.68,659,660,2027.52
2025-03,SKU-13,Central,Grocery,2025-02-28,calendar_plan_v1_no_realized_demand,1177,3615.74,1137,1125,3456.0
2025-03,SKU-13,Central,Wholesale,2025-02-28,calendar_plan_v1_no_realized_demand,1009,3099.65,978,963,2958.34
2025-03,SKU-13,North,Convenience,2025-02-28,calendar_plan_v1_no_realized_demand,690,2225.66,659,656,2115.99
2025-03,SKU-13,North,Ecommerce,2025-02-28,calendar_plan_v1_no_realized_demand,633,2041.8,602,595,1919.23
2025-03,SKU-13,North,Grocery,2025-02-28,calendar_plan_v1_no_realized_demand,1091,3519.13,1060,1055,3403.01
2025-03,SKU-13,North,Wholesale,2025-02-28,calendar_plan_v1_no_realized_demand,947,3054.64,916,912,2941.75
2025-03,SKU-13,South,Convenience,2025-02-28,calendar_plan_v1_no_realized_demand,597,1723.94,566,565,1631.54
2025-03,SKU-13,South,Ecommerce,2025-02-28,calendar_plan_v1_no_realized_demand,557,1608.44,526,528,1524.7
2025-03,SKU-13,South,Grocery,2025-02-28,calendar_plan_v1_no_realized_demand,947,2734.63,916,923,2665.33
2025-03,SKU-13,South,Wholesale,2025-02-28,calendar_plan_v1_no_realized_demand,822,2373.67,791,787,2272.6
2025-03,SKU-13,West,Convenience,2025-02-28,calendar_plan_v1_no_realized_demand,509,1516.74,478,471,1403.5
2025-03,SKU-13,West,Ecommerce,2025-02-28,calendar_plan_v1_no_realized_demand,469,1397.54,438,435,1296.23
2025-03,SKU-13,West,Grocery,2025-02-28,calendar_plan_v1_no_realized_demand,793,2363.01,762,770,2294.48
2025-03,SKU-13,West,Wholesale,2025-02-28,calendar_plan_v1_no_realized_demand,690,2056.09,659,667,1987.55
2025-03,SKU-14,Central,Convenience,2025-02-28,calendar_plan_v1_no_realized_demand,602,2138.3,571,563,1999.78
2025-03,SKU-14,Central,Ecommerce,2025-02-28,calendar_plan_v1_no_realized_demand,571,2028.19,540,543,1928.74
2025-03,SKU-14,Central,Grocery,2025-02-28,calendar_plan_v1_no_realized_demand,973,3456.1,942,962,3417.02
2025-03,SKU-14,Central,Wholesale,2025-02-28,calendar_plan_v1_no_realized_demand,845,3001.44,814,811,2880.67
2025-03,SKU-14,North,Convenience,2025-02-28,calendar_plan_v1_no_realized_demand,571,2129.6,673,670,2498.83
2025-03,SKU-14,North,Ecommerce,2025-02-28,calendar_plan_v1_no_realized_demand,540,2013.98,509,508,1894.64
2025-03,SKU-14,North,Grocery,2025-02-28,calendar_plan_v1_no_realized_demand,904,3371.56,873,870,3244.75
2025-03,SKU-14,North,Wholesale,2025-02-28,calendar_plan_v1_no_realized_demand,783,2920.28,752,750,2797.2
2025-03,SKU-14,South,Convenience,2025-02-28,calendar_plan_v1_no_realized_demand,500,1669.44,469,474,1582.63
2025-03,SKU-14,South,Ecommerce,2025-02-28,calendar_plan_v1_no_realized_demand,469,1565.93,438,436,1455.75
2025-03,SKU-14,South,Grocery,2025-02-28,calendar_plan_v1_no_realized_demand,783,2614.34,752,751,2507.5
2025-03,SKU-14,South,Wholesale,2025-02-28,calendar_plan_v1_no_realized_demand,690,2303.83,659,659,2200.32
2025-03,SKU-14,West,Convenience,2025-02-28,calendar_plan_v1_no_realized_demand,394,1357.5,385,384,1323.05
2025-03,SKU-14,West,Ecommerce,2025-02-28,calendar_plan_v1_no_realized_demand,385,1326.49,376,375,1292.04
2025-03,SKU-14,West,Grocery,2025-02-28,calendar_plan_v1_no_realized_demand,664,2287.77,707,712,2453.15
2025-03,SKU-14,West,Wholesale,2025-02-28,calendar_plan_v1_no_realized_demand,571,1967.35,540,550,1894.99
2025-03,SKU-15,Central,Convenience,2025-02-28,calendar_plan_v1_no_realized_demand,540,2280.96,509,505,2133.12
2025-03,SKU-15,Central,Ecommerce,2025-02-28,calendar_plan_v1_no_realized_demand,509,2150.02,478,477,2014.85
2025-03,SKU-15,Central,Grocery,2025-02-28,calendar_plan_v1_no_realized_demand,875,3696.0,844,851,3594.62
2025-03,SKU-15,Central,Wholesale,2025-02-28,calendar_plan_v1_no_realized_demand,752,3176.45,721,728,3075.07
2025-03,SKU-15,North,Convenience,2025-02-28,calendar_plan_v1_no_realized_demand,509,2257.52,478,477,2115.59
2025-03,SKU-15,North,Ecommerce,2025-02-28,calendar_plan_v1_no_realized_demand,478,2120.03,447,441,1955.92
2025-03,SKU-15,North,Grocery,2025-02-28,calendar_plan_v1_no_realized_demand,814,3610.25,783,778,3450.59
2025-03,SKU-15,North,Wholesale,2025-02-28,calendar_plan_v1_no_realized_demand,704,3122.38,673,672,2980.45
2025-03,SKU-15,South,Convenience,2025-02-28,calendar_plan_v1_no_realized_demand,439,1743.08,413,413,1639.84
2025-03,SKU-15,South,Ecommerce,2025-02-28,calendar_plan_v1_no_realized_demand,394,1564.4,385,384,1524.7
2025-03,SKU-15,South,Grocery,2025-02-28,calendar_plan_v1_no_realized_demand,704,2795.27,673,673,2672.19
2025-03,SKU-15,South,Wholesale,2025-02-28,calendar_plan_v1_no_realized_demand,611,2426.01,580,585,2322.78
2025-03,SKU-15,West,Convenience,2025-02-28,calendar_plan_v1_no_realized_demand,345,1413.56,345,345,1413.56
2025-03,SKU-15,West,Ecommerce,2025-02-28,calendar_plan_v1_no_realized_demand,319,1307.03,319,316,1294.74
2025-03,SKU-15,West,Grocery,2025-02-28,calendar_plan_v1_no_realized_demand,602,2466.56,571,575,2355.94
2025-03,SKU-15,West,Wholesale,2025-02-28,calendar_plan_v1_no_realized_demand,526,2155.17,495,487,1995.38
2025-03,SKU-16,Central,Convenience,2025-02-28,calendar_plan_v1_no_realized_demand,664,1976.06,633,637,1895.71
2025-03,SKU-16,Central,Ecommerce,2025-02-28,calendar_plan_v1_no_realized_demand,628,1868.93,597,592,1761.79
2025-03,SKU-16,Central,Grocery,2025-02-28,calendar_plan_v1_no_realized_demand,1066,3172.42,1035,1032,3071.23
2025-03,SKU-16,Central,Wholesale,2025-02-28,calendar_plan_v1_no_realized_demand,917,2728.99,886,870,2589.12
2025-03,SKU-16,North,Convenience,2025-02-28,calendar_plan_v1_no_realized_demand,628,1962.37,597,601,1878.0
2025-03,SKU-16,North,Ecommerce,2025-02-28,calendar_plan_v1_no_realized_demand,588,1837.38,557,549,1715.52
2025-03,SKU-16,North,Grocery,2025-02-28,calendar_plan_v1_no_realized_demand,1004,3137.3,973,971,3034.18
2025-03,SKU-16,North,Wholesale,2025-02-28,calendar_plan_v1_no_realized_demand,854,2668.58,823,829,2590.46
2025-03,SKU-16,South,Convenience,2025-02-28,calendar_plan_v1_no_realized_demand,540,1510.62,509,507,1418.3
2025-03,SKU-16,South,Ecommerce,2025-02-28,calendar_plan_v1_no_realized_demand,509,1423.9,603,609,1703.64
2025-03,SKU-16,South,Grocery,2025-02-28,calendar_plan_v1_no_realized_demand,854,2389.01,823,829,2319.08
2025-03,SKU-16,South,Wholesale,2025-02-28,calendar_plan_v1_no_realized_demand,752,2103.67,721,720,2014.16
2025-03,SKU-16,West,Convenience,2025-02-28,calendar_plan_v1_no_realized_demand,469,1353.87,438,436,1258.61
2025-03,SKU-16,West,Ecommerce,2025-02-28,calendar_plan_v1_no_realized_demand,433,1249.95,407,406,1172.01
2025-03,SKU-16,West,Grocery,2025-02-28,calendar_plan_v1_no_realized_demand,733,2115.97,702,698,2014.93
2025-03,SKU-16,West,Wholesale,2025-02-28,calendar_plan_v1_no_realized_demand,633,1827.29,602,610,1760.9
2025-04,SKU-01,Central,Convenience,2025-03-31,calendar_plan_v1_no_realized_demand,1100,2323.2,1062,1059,2236.61
2025-04,SKU-01,Central,Ecommerce,2025-03-31,calendar_plan_v1_no_realized_demand,1014,2141.57,1211,1208,2551.3
2025-04,SKU-01,Central,Grocery,2025-03-31,calendar_plan_v1_no_realized_demand,1772,3742.46,1712,1724,3641.09
2025-04,SKU-01,Central,Wholesale,2025-03-31,calendar_plan_v1_no_realized_demand,1547,3267.26,1487,1487,3140.54
2025-04,SKU-01,North,Convenience,2025-03-31,calendar_plan_v1_no_realized_demand,1006,2230.91,976,982,2177.68
2025-04,SKU-01,North,Ecommerce,2025-03-31,calendar_plan_v1_no_realized_demand,946,2097.85,916,905,2006.93
2025-04,SKU-01,North,Grocery,2025-03-31,calendar_plan_v1_no_realized_demand,1646,3650.17,1586,1605,3559.25
2025-04,SKU-01,North,Wholesale,2025-03-31,calendar_plan_v1_no_realized_demand,1437,3186.69,1377,1377,3053.64
2025-04,SKU-01,South,Convenience,2025-03-31,calendar_plan_v1_no_realized_demand,886,1758.96,856,865,1717.27
2025-04,SKU-01,South,Ecommerce,2025-03-31,calendar_plan_v1_no_realized_demand,826,1639.84,796,798,1584.25
2025-04,SKU-01,South,Grocery,2025-03-31,calendar_plan_v1_no_realized_demand,1438,2854.83,1378,1378,2735.72
2025-04,SKU-01,South,Wholesale,2025-03-31,calendar_plan_v1_no_realized_demand,1246,2473.66,1190,1215,2412.12
2025-04,SKU-01,West,Convenience,2025-03-31,calendar_plan_v1_no_realized_demand,740,1515.99,710,706,1446.34
2025-04,SKU-01,West,Ecommerce,2025-03-31,calendar_plan_v1_no_realized_demand,698,1429.95,668,672,1376.69
2025-04,SKU-01,West,Grocery,2025-03-31,calendar_plan_v1_no_realized_demand,1216,2491.15,1453,1456,2982.82
2025-04,SKU-01,West,Wholesale,2025-03-31,calendar_plan_v1_no_realized_demand,1032,2114.2,1002,1020,2089.61
2025-04,SKU-02,Central,Convenience,2025-03-31,calendar_plan_v1_no_realized_demand,1306,2256.77,1248,1243,2147.9
2025-04,SKU-02,Central,Ecommerce,2025-03-31,calendar_plan_v1_no_realized_demand,1216,2101.25,1160,1158,2001.02
2025-04,SKU-02,Central,Grocery,2025-03-31,calendar_plan_v1_no_realized_demand,2102,3632.26,2016,2000,3456.0
2025-04,SKU-02,Central,Wholesale,2025-03-31,calendar_plan_v1_no_realized_demand,1810,3127.68,1742,1717,2966.98
2025-04,SKU-02,North,Convenience,2025-03-31,calendar_plan_v1_no_realized_demand,1216,2206.31,1160,1154,2093.82
2025-04,SKU-02,North,Ecommerce,2025-03-31,calendar_plan_v1_no_realized_demand,1112,2017.61,1074,1069,1939.59
2025-04,SKU-02,North,Grocery,2025-03-31,calendar_plan_v1_no_realized_demand,1943,3525.38,2346,2352,4267.47
2025-04,SKU-02,North,Wholesale,2025-03-31,calendar_plan_v1_no_realized_demand,1674,3037.31,1614,1619,2937.51
2025-04,SKU-02,South,Convenience,2025-03-31,calendar_plan_v1_no_realized_demand,1032,1676.3,1002,1000,1624.32
2025-04,SKU-02,South,Ecommerce,2025-03-31,calendar_plan_v1_no_realized_demand,972,1578.84,942,945,1534.98
2025-04,SKU-02,South,Grocery,2025-03-31,calendar_plan_v1_no_realized_demand,1676,2722.36,1616,1609,2613.53
2025-04,SKU-02,South,Wholesale,2025-03-31,calendar_plan_v1_no_realized_demand,1460,2371.51,1400,1404,2280.55
2025-04,SKU-02,West,Convenience,2025-03-31,calendar_plan_v1_no_realized_demand,874,1464.96,844,849,1423.06
2025-04,SKU-02,West,Ecommerce,2025-03-31,calendar_plan_v1_no_realized_demand,818,1371.1,788,789,1322.49
2025-04,SKU-02,West,Grocery,2025-03-31,calendar_plan_v1_no_realized_demand,1426,2390.2,1366,1363,2284.61
2025-04,SKU-02,West,Wholesale,2025-03-31,calendar_plan_v1_no_realized_demand,1246,2088.5,1190,1198,2008.04
2025-04,SKU-03,Central,Convenience,2025-03-31,calendar_plan_v1_no_realized_demand,900,2246.4,870,876,2186.5
2025-04,SKU-03,Central,Ecommerce,2025-03-31,calendar_plan_v1_no_realized_demand,848,2116.61,818,818,2041.73
2025-04,SKU-03,Central,Grocery,2025-03-31,calendar_plan_v1_no_realized_demand,1468,3664.13,1408,1420,3544.32
2025-04,SKU-03,Central,Wholesale,2025-03-31,calendar_plan_v1_no_realized_demand,1276,3184.9,1220,1211,3022.66
2025-04,SKU-03,North,Convenience,2025-03-31,calendar_plan_v1_no_realized_demand,836,2190.99,806,810,2122.85
2025-04,SKU-03,North,Ecommerce,2025-03-31,calendar_plan_v1_no_realized_demand,788,2065.19,758,749,1962.98
2025-04,SKU-03,North,Grocery,2025-03-31,calendar_plan_v1_no_realized_demand,1370,3590.5,1310,1307,3425.39
2025-04,SKU-03,North,Wholesale,2025-03-31,calendar_plan_v1_no_realized_demand,1168,3061.09,1130,1135,2974.61
2025-04,SKU-03,South,Convenience,2025-03-31,calendar_plan_v1_no_realized_demand,728,1708.06,698,697,1635.33
2025-04,SKU-03,South,Ecommerce,2025-03-31,calendar_plan_v1_no_realized_demand,680,1595.44,650,651,1527.4
2025-04,SKU-03,South,Grocery,2025-03-31,calendar_plan_v1_no_realized_demand,1168,2740.41,1130,1120,2627.79
2025-04,SKU-03,South,Wholesale,2025-03-31,calendar_plan_v1_no_realized_demand,1006,2360.32,976,973,2282.89
2025-04,SKU-03,West,Convenience,2025-03-31,calendar_plan_v1_no_realized_demand,612,1481.73,582,586,1418.78
2025-04,SKU-03,West,Ecommerce,2025-03-31,calendar_plan_v1_no_realized_demand,582,1409.09,552,551,1334.04
2025-04,SKU-03,West,Grocery,2025-03-31,calendar_plan_v1_no_realized_demand,980,2372.7,950,944,2285.54
2025-04,SKU-03,West,Wholesale,2025-03-31,calendar_plan_v1_no_realized_demand,856,2072.48,826,821,1987.74
2025-04,SKU-04,Central,Convenience,2025-03-31,calendar_plan_v1_no_realized_demand,833,2159.14,803,809,2096.93
2025-04,SKU-04,Central,Ecommerce,2025-03-31,calendar_plan_v1_no_realized_demand,788,2042.5,758,763,1977.7
2025-04,SKU-04,Central,Grocery,2025-03-31,calendar_plan_v1_no_realized_demand,1370,3551.04,1310,1324,3431.81
2025-04,SKU-04,Central,Wholesale,2025-03-31,calendar_plan_v1_no_realized_demand,1168,3027.46,1130,1132,2934.14
2025-04,SKU-04,North,Convenience,2025-03-31,calendar_plan_v1_no_realized_demand,788,2144.62,758,754,2052.09
2025-04,SKU-04,North,Ecommerce,2025-03-31,calendar_plan_v1_no_realized_demand,728,1981.32,698,699,1902.4
2025-04,SKU-04,North,Grocery,2025-03-31,calendar_plan_v1_no_realized_demand,1276,3472.76,1220,1201,3268.64
2025-04,SKU-04,North,Wholesale,2025-03-31,calendar_plan_v1_no_realized_demand,1094,2977.43,1056,1055,2871.29
2025-04,SKU-04,South,Convenience,2025-03-31,calendar_plan_v1_no_realized_demand,672,1637.31,642,638,1554.47
2025-04,SKU-04,South,Ecommerce,2025-03-31,calendar_plan_v1_no_realized_demand,638,1554.47,608,613,1493.56
2025-04,SKU-04,South,Grocery,2025-03-31,calendar_plan_v1_no_realized_demand,1097,2672.82,1059,1042,2538.81
2025-04,SKU-04,South,Wholesale,2025-03-31,calendar_plan_v1_no_realized_demand,942,2295.16,912,909,2214.76
2025-04,SKU-04,West,Convenience,2025-03-31,calendar_plan_v1_no_realized_demand,580,1458.26,550,542,1362.72
2025-04,SKU-04,West,Ecommerce,2025-03-31,calendar_plan_v1_no_realized_demand,540,1357.69,510,516,1297.35
2025-04,SKU-04,West,Grocery,2025-03-31,calendar_plan_v1_no_realized_demand,916,2303.04,886,887,2230.13
2025-04,SKU-04,West,Wholesale,2025-03-31,calendar_plan_v1_no_realized_demand,796,2001.34,766,763,1918.37
2025-04,SKU-05,Central,Convenience,2025-03-31,calendar_plan_v1_no_realized_demand,768,2801.66,738,737,2688.58
2025-04,SKU-05,Central,Ecommerce,2025-03-31,calendar_plan_v1_no_realized_demand,728,2655.74,698,699,2549.95
2025-04,SKU-05,Central,Grocery,2025-03-31,calendar_plan_v1_no_realized_demand,1275,4651.2,1219,1240,4523.52
2025-04,SKU-05,Central,Wholesale,2025-03-31,calendar_plan_v1_no_realized_demand,1082,3947.14,1044,1047,3819.46
2025-04,SKU-05,North,Convenience,2025-03-31,calendar_plan_v1_no_realized_demand,728,2788.53,698,681,2608.5
2025-04,SKU-05,North,Ecommerce,2025-03-31,calendar_plan_v1_no_realized_demand,672,2574.03,642,642,2459.12
2025-04,SKU-05,North,Grocery,2025-03-31,calendar_plan_v1_no_realized_demand,1168,4473.91,1130,1141,4370.49
2025-04,SKU-05,North,Wholesale,2025-03-31,calendar_plan_v1_no_realized_demand,1002,3838.06,972,958,3669.52
2025-04,SKU-05,South,Convenience,2025-03-31,calendar_plan_v1_no_realized_demand,638,2187.78,608,602,2064.33
2025-04,SKU-05,South,Ecommerce,2025-03-31,calendar_plan_v1_no_realized_demand,582,1995.75,552,557,1910.02
2025-04,SKU-05,South,Grocery,2025-03-31,calendar_plan_v1_no_realized_demand,1002,3435.98,972,972,3333.1
2025-04,SKU-05,South,Wholesale,2025-03-31,calendar_plan_v1_no_realized_demand,874,2997.05,844,836,2866.74
2025-04,SKU-05,West,Convenience,2025-03-31,calendar_plan_v1_no_realized_demand,540,1910.82,580,580,2052.36
2025-04,SKU-05,West,Ecommerce,2025-03-31,calendar_plan_v1_no_realized_demand,495,1751.59,465,466,1648.97
2025-04,SKU-05,West,Grocery,2025-03-31,calendar_plan_v1_no_realized_demand,856,3029.01,826,826,2922.85
2025-04,SKU-05,West,Wholesale,2025-03-31,calendar_plan_v1_no_realized_demand,736,2604.38,706,708,2505.3
2025-04,SKU-06,Central,Convenience,2025-03-31,calendar_plan_v1_no_realized_demand,710,3135.36,680,678,2994.05
2025-04,SKU-06,Central,Ecommerce,2025-03-31,calendar_plan_v1_no_realized_demand,668,2949.89,638,636,2808.58
2025-04,SKU-06,Central,Grocery,2025-03-31,calendar_plan_v1_no_realized_demand,1139,5029.82,1101,1084,4786.94
2025-04,SKU-06,Central,Wholesale,2025-03-31,calendar_plan_v1_no_realized_demand,984,4345.34,954,970,4283.52
2025-04,SKU-06,North,Convenience,2025-03-31,calendar_plan_v1_no_realized_demand,668,3097.38,638,637,2953.64
2025-04,SKU-06,North,Ecommerce,2025-03-31,calendar_plan_v1_no_realized_demand,614,2847.0,584,587,2721.8
2025-04,SKU-06,North,Grocery,2025-03-31,calendar_plan_v1_no_realized_demand,1062,4924.28,1032,1010,4683.17
2025-04,SKU-06,North,Wholesale,2025-03-31,calendar_plan_v1_no_realized_demand,916,4247.31,886,896,4154.57
2025-04,SKU-06,South,Convenience,2025-03-31,calendar_plan_v1_no_realized_demand,582,2415.91,552,550,2283.07
2025-04,SKU-06,South,Ecommerce,2025-03-31,calendar_plan_v1_no_realized_demand,547,2270.62,517,523,2170.99
2025-04,SKU-06,South,Grocery,2025-03-31,calendar_plan_v1_no_realized_demand,916,3802.35,886,891,3698.58
2025-04,SKU-06,South,Wholesale,2025-03-31,calendar_plan_v1_no_realized_demand,796,3304.23,766,766,3179.7
2025-04,SKU-06,West,Convenience,2025-03-31,calendar_plan_v1_no_realized_demand,492,2107.49,462,468,2004.69
2025-04,SKU-06,West,Ecommerce,2025-03-31,calendar_plan_v1_no_realized_demand,462,1978.99,432,431,1846.2
2025-04,SKU-06,West,Grocery,2025-03-31,calendar_plan_v1_no_realized_demand,788,3375.41,758,763,3268.33
2025-04,SKU-06,West,Wholesale,2025-03-31,calendar_plan_v1_no_realized_demand,672,2878.53,642,637,2728.6
2025-04,SKU-07,Central,Convenience,2025-03-31,calendar_plan_v1_no_realized_demand,642,2588.54,612,610,2459.52
2025-04,SKU-07,Central,Ecommerce,2025-03-31,calendar_plan_v1_no_realized_demand,612,2467.58,582,587,2366.78
2025-04,SKU-07,Central,Grocery,2025-03-31,calendar_plan_v1_no_realized_demand,1032,4161.02,1002,997,4019.9
2025-04,SKU-07,Central,Wholesale,2025-03-31,calendar_plan_v1_no_realized_demand,904,3644.93,874,878,3540.1
2025-04,SKU-07,North,Convenience,2025-03-31,calendar_plan_v1_no_realized_demand,608,2574.03,578,586,2480.89
2025-04,SKU-07,North,Ecommerce,2025-03-31,calendar_plan_v1_no_realized_demand,570,2413.15,540,546,2311.55
2025-04,SKU-07,North,Grocery,2025-03-31,calendar_plan_v1_no_realized_demand,972,4115.06,942,948,4013.45
2025-04,SKU-07,North,Wholesale,2025-03-31,calendar_plan_v1_no_realized_demand,844,3573.16,814,816,3454.62
2025-04,SKU-07,South,Convenience,2025-03-31,calendar_plan_v1_no_realized_demand,522,1978.42,492,483,1830.61
2025-04,SKU-07,South,Ecommerce,2025-03-31,calendar_plan_v1_no_realized_demand,492,1864.72,462,467,1769.97
2025-04,SKU-07,South,Grocery,2025-03-31,calendar_plan_v1_no_realized_demand,844,3198.83,814,811,3073.75
2025-04,SKU-07,South,Wholesale,2025-03-31,calendar_plan_v1_no_realized_demand,728,2759.18,698,690,2615.16
2025-04,SKU-07,West,Convenience,2025-03-31,calendar_plan_v1_no_realized_demand,454,1775.61,464,461,1802.99
2025-04,SKU-07,West,Ecommerce,2025-03-31,calendar_plan_v1_no_realized_demand,420,1642.64,394,391,1529.22
2025-04,SKU-07,West,Grocery,2025-03-31,calendar_plan_v1_no_realized_demand,710,2776.84,680,681,2663.42
2025-04,SKU-07,West,Wholesale,2025-03-31,calendar_plan_v1_no_realized_demand,612,2393.56,582,584,2284.05
2025-04,SKU-08,Central,Convenience,2025-03-31,calendar_plan_v1_no_realized_demand,582,2737.73,552,553,2601.31
2025-04,SKU-08,Central,Ecommerce,2025-03-31,calendar_plan_v1_no_realized_demand,552,2596.61,522,530,2493.12
2025-04,SKU-08,Central,Grocery,2025-03-31,calendar_plan_v1_no_realized_demand,942,4431.17,912,915,4304.16
2025-04,SKU-08,Central,Wholesale,2025-03-31,calendar_plan_v1_no_realized_demand,818,3847.87,788,778,3659.71
2025-04,SKU-08,North,Convenience,2025-03-31,calendar_plan_v1_no_realized_demand,552,2726.44,522,521,2573.32
2025-04,SKU-08,North,Ecommerce,2025-03-31,calendar_plan_v1_no_realized_demand,522,2578.26,492,496,2449.84
2025-04,SKU-08,North,Grocery,2025-03-31,calendar_plan_v1_no_realized_demand,874,4316.86,844,856,4227.96
2025-04,SKU-08,North,Wholesale,2025-03-31,calendar_plan_v1_no_realized_demand,758,3743.91,728,729,3600.68
2025-04,SKU-08,South,Convenience,2025-03-31,calendar_plan_v1_no_realized_demand,484,2140.13,454,453,2003.06
2025-04,SKU-08,South,Ecommerce,2025-03-31,calendar_plan_v1_no_realized_demand,454,2007.48,424,419,1852.72
2025-04,SKU-08,South,Grocery,2025-03-31,calendar_plan_v1_no_realized_demand,758,3351.69,728,732,3236.73
2025-04,SKU-08,South,Wholesale,2025-03-31,calendar_plan_v1_no_realized_demand,668,2953.74,638,647,2860.88
2025-04,SKU-08,West,Convenience,2025-03-31,calendar_plan_v1_no_realized_demand,380,1733.89,372,371,1692.83
2025-04,SKU-08,West,Ecommerce,2025-03-31,calendar_plan_v1_no_realized_demand,372,1697.39,364,366,1670.01
2025-04,SKU-08,West,Grocery,2025-03-31,calendar_plan_v1_no_realized_demand,642,2929.37,612,604,2755.98
2025-04,SKU-08,West,Wholesale,2025-03-31,calendar_plan_v1_no_realized_demand,552,2518.71,522,523,2386.39
2025-04,SKU-09,Central,Convenience,2025-03-31,calendar_plan_v1_no_realized_demand,1456,2376.19,1396,1384,2258.69
2025-04,SKU-09,Central,Ecommerce,2025-03-31,calendar_plan_v1_no_realized_demand,1366,2229.31,1306,1312,2141.18
2025-04,SKU-09,Central,Grocery,2025-03-31,calendar_plan_v1_no_realized_demand,2355,3843.36,2265,2292,3740.54
2025-04,SKU-09,Central,Wholesale,2025-03-31,calendar_plan_v1_no_realized_demand,2042,3332.54,1956,1968,3211.78
2025-04,SKU-09,North,Convenience,2025-03-31,calendar_plan_v1_no_realized_demand,1366,2340.78,1306,1314,2251.67
2025-04,SKU-09,North,Ecommerce,2025-03-31,calendar_plan_v1_no_realized_demand,1276,2186.55,1220,1224,2097.45
2025-04,SKU-09,North,Grocery,2025-03-31,calendar_plan_v1_no_realized_demand,2196,3763.07,2106,2122,3636.26
2025-04,SKU-09,North,Wholesale,2025-03-31,calendar_plan_v1_no_realized_demand,1896,3248.99,1828,1799,3082.77
2025-04,SKU-09,South,Convenience,2025-03-31,calendar_plan_v1_no_realized_demand,1164,1785.67,1126,1138,1745.78
2025-04,SKU-09,South,Ecommerce,2025-03-31,calendar_plan_v1_no_realized_demand,1082,1659.87,1044,1047,1606.18
2025-04,SKU-09,South,Grocery,2025-03-31,calendar_plan_v1_no_realized_demand,1896,2908.62,1828,1837,2818.1
2025-04,SKU-09,South,Wholesale,2025-03-31,calendar_plan_v1_no_realized_demand,1643,2520.49,1583,1585,2431.52
2025-04,SKU-09,West,Convenience,2025-03-31,calendar_plan_v1_no_realized_demand,976,1545.05,946,953,1508.64
2025-04,SKU-09,West,Ecommerce,2025-03-31,calendar_plan_v1_no_realized_demand,916,1450.06,886,892,1412.07
2025-04,SKU-09,West,Grocery,2025-03-31,calendar_plan_v1_no_realized_demand,1585,2509.12,1525,1530,2422.05
2025-04,SKU-09,West,Wholesale,2025-03-31,calendar_plan_v1_no_realized_demand,1392,2203.59,1332,1327,2100.69
2025-04,SKU-10,Central,Convenience,2025-03-31,calendar_plan_v1_no_realized_demand,1002,2789.57,972,968,2694.91
2025-04,SKU-10,Central,Ecommerce,2025-03-31,calendar_plan_v1_no_realized_demand,933,2597.47,903,908,2527.87
2025-04,SKU-10,Central,Grocery,2025-03-31,calendar_plan_v1_no_realized_demand,1614,4493.38,1554,1559,4340.26
2025-04,SKU-10,Central,Wholesale,2025-03-31,calendar_plan_v1_no_realized_demand,1408,3919.87,1348,1341,3733.34
2025-04,SKU-10,North,Convenience,2025-03-31,calendar_plan_v1_no_realized_demand,916,2677.65,886,878,2566.57
2025-04,SKU-10,North,Ecommerce,2025-03-31,calendar_plan_v1_no_realized_demand,856,2502.26,826,829,2423.33
2025-04,SKU-10,North,Grocery,2025-03-31,calendar_plan_v1_no_realized_demand,1516,4431.57,1456,1450,4238.64
2025-04,SKU-10,North,Wholesale,2025-03-31,calendar_plan_v1_no_realized_demand,1310,3829.39,1250,1240,3624.77
2025-04,SKU-10,South,Convenience,2025-03-31,calendar_plan_v1_no_realized_demand,796,2083.1,766,782,2046.46
2025-04,SKU-10,South,Ecommerce,2025-03-31,calendar_plan_v1_no_realized_demand,758,1983.66,728,727,1902.53
2025-04,SKU-10,South,Grocery,2025-03-31,calendar_plan_v1_no_realized_demand,1310,3428.22,1250,1242,3250.26
2025-04,SKU-10,South,Wholesale,2025-03-31,calendar_plan_v1_no_realized_demand,1130,2957.16,1092,1093,2860.34
2025-04,SKU-10,West,Convenience,2025-03-31,calendar_plan_v1_no_realized_demand,678,1830.93,648,648,1749.91
2025-04,SKU-10,West,Ecommerce,2025-03-31,calendar_plan_v1_no_realized_demand,638,1722.91,608,609,1644.59
2025-04,SKU-10,West,Grocery,2025-03-31,calendar_plan_v1_no_realized_demand,1100,2970.53,1062,1051,2838.2
2025-04,SKU-10,West,Wholesale,2025-03-31,calendar_plan_v1_no_realized_demand,946,2554.65,1140,1144,3089.35
2025-04,SKU-11,Central,Convenience,2025-03-31,calendar_plan_v1_no_realized_demand,867,2746.66,837,827,2619.94
2025-04,SKU-11,Central,Ecommerce,2025-03-31,calendar_plan_v1_no_realized_demand,818,2591.42,788,803,2543.9
2025-04,SKU-11,Central,Grocery,2025-03-31,calendar_plan_v1_no_realized_demand,1426,4517.57,1366,1371,4343.33
2025-04,SKU-11,Central,Wholesale,2025-03-31,calendar_plan_v1_no_realized_demand,1236,3915.65,1180,1168,3700.22
2025-04,SKU-11,North,Convenience,2025-03-31,calendar_plan_v1_no_realized_demand,817,2717.67,787,775,2577.96
2025-04,SKU-11,North,Ecommerce,2025-03-31,calendar_plan_v1_no_realized_demand,758,2521.41,728,729,2424.95
2025-04,SKU-11,North,Grocery,2025-03-31,calendar_plan_v1_no_realized_demand,1325,4407.48,1265,1267,4214.55
2025-04,SKU-11,North,Wholesale,2025-03-31,calendar_plan_v1_no_realized_demand,1130,3758.83,1092,1083,3602.49
2025-04,SKU-11,South,Convenience,2025-03-31,calendar_plan_v1_no_realized_demand,698,2078.59,668,665,1980.32
2025-04,SKU-11,South,Ecommerce,2025-03-31,calendar_plan_v1_no_realized_demand,668,1989.25,638,628,1870.13
2025-04,SKU-11,South,Grocery,2025-03-31,calendar_plan_v1_no_realized_demand,1130,3365.05,1092,1100,3275.71
2025-04,SKU-11,South,Wholesale,2025-03-31,calendar_plan_v1_no_realized_demand,975,2903.47,945,940,2799.24
2025-04,SKU-11,West,Convenience,2025-03-31,calendar_plan_v1_no_realized_demand,602,1849.92,572,574,1763.88
2025-04,SKU-11,West,Ecommerce,2025-03-31,calendar_plan_v1_no_realized_demand,552,1696.27,522,517,1588.72
2025-04,SKU-11,West,Grocery,2025-03-31,calendar_plan_v1_no_realized_demand,946,2907.02,916,918,2820.98
2025-04,SKU-11,West,Wholesale,2025-03-31,calendar_plan_v1_no_realized_demand,826,2538.26,796,805,2473.73
2025-04,SKU-12,Central,Convenience,2025-03-31,calendar_plan_v1_no_realized_demand,799,2761.34,769,776,2681.86
2025-04,SKU-12,Central,Ecommerce,2025-03-31,calendar_plan_v1_no_realized_demand,758,2619.65,728,727,2512.51
2025-04,SKU-12,Central,Grocery,2025-03-31,calendar_plan_v1_no_realized_demand,1313,4537.73,1253,1263,4364.93
2025-04,SKU-12,Central,Wholesale,2025-03-31,calendar_plan_v1_no_realized_demand,1130,3905.28,1092,1090,3767.04
2025-04,SKU-12,North,Convenience,2025-03-31,calendar_plan_v1_no_realized_demand,758,2750.63,728,736,2670.8
2025-04,SKU-12,North,Ecommerce,2025-03-31,calendar_plan_v1_no_realized_demand,698,2532.9,668,664,2409.52
2025-04,SKU-12,North,Grocery,2025-03-31,calendar_plan_v1_no_realized_demand,1216,4412.62,1160,1158,4202.15
2025-04,SKU-12,North,Wholesale,2025-03-31,calendar_plan_v1_no_realized_demand,1040,3773.95,1010,1012,3672.35
2025-04,SKU-12,South,Convenience,2025-03-31,calendar_plan_v1_no_realized_demand,646,2098.62,616,627,2036.9
2025-04,SKU-12,South,Ecommerce,2025-03-31,calendar_plan_v1_no_realized_demand,612,1988.17,582,581,1887.46
2025-04,SKU-12,South,Grocery,2025-03-31,calendar_plan_v1_no_realized_demand,1042,3385.08,1012,1026,3333.1
2025-04,SKU-12,South,Wholesale,2025-03-31,calendar_plan_v1_no_realized_demand,912,2962.76,882,878,2852.31
2025-04,SKU-12,West,Convenience,2025-03-31,calendar_plan_v1_no_realized_demand,552,1850.48,522,518,1736.5
2025-04,SKU-12,West,Ecommerce,2025-03-31,calendar_plan_v1_no_realized_demand,522,1749.91,492,486,1629.23
2025-04,SKU-12,West,Grocery,2025-03-31,calendar_plan_v1_no_realized_demand,886,2970.16,856,856,2869.59
2025-04,SKU-12,West,Wholesale,2025-03-31,calendar_plan_v1_no_realized_demand,766,2567.88,736,738,2474.01
2025-04,SKU-13,Central,Convenience,2025-03-31,calendar_plan_v1_no_realized_demand,740,2273.28,710,713,2190.34
2025-04,SKU-13,Central,Ecommerce,2025-03-31,calendar_plan_v1_no_realized_demand,698,2144.26,668,662,2033.66
2025-04,SKU-13,Central,Grocery,2025-03-31,calendar_plan_v1_no_realized_demand,1216,3735.55,1160,1153,3542.02
2025-04,SKU-13,Central,Wholesale,2025-03-31,calendar_plan_v1_no_realized_demand,1032,3170.3,1002,1005,3087.36
2025-04,SKU-13,North,Convenience,2025-03-31,calendar_plan_v1_no_realized_demand,698,2251.47,668,673,2170.83
2025-04,SKU-13,North,Ecommerce,2025-03-31,calendar_plan_v1_no_realized_demand,642,2070.84,612,614,1980.52
2025-04,SKU-13,North,Grocery,2025-03-31,calendar_plan_v1_no_realized_demand,1111,3583.64,1073,1060,3419.14
2025-04,SKU-13,North,Wholesale,2025-03-31,calendar_plan_v1_no_realized_demand,969,3125.61,939,928,2993.36
2025-04,SKU-13,South,Convenience,2025-03-31,calendar_plan_v1_no_realized_demand,608,1755.71,578,584,1686.41
2025-04,SKU-13,South,Ecommerce,2025-03-31,calendar_plan_v1_no_realized_demand,570,1645.98,540,536,1547.8
2025-04,SKU-13,South,Grocery,2025-03-31,calendar_plan_v1_no_realized_demand,972,2806.82,942,931,2688.43
2025-04,SKU-13,South,Wholesale,2025-03-31,calendar_plan_v1_no_realized_demand,826,2385.22,796,791,2284.15
2025-04,SKU-13,West,Convenience,2025-03-31,calendar_plan_v1_no_realized_demand,514,1531.64,484,488,1454.16
2025-04,SKU-13,West,Ecommerce,2025-03-31,calendar_plan_v1_no_realized_demand,484,1442.24,454,457,1361.79
2025-04,SKU-13,West,Grocery,2025-03-31,calendar_plan_v1_no_realized_demand,818,2437.51,788,787,2345.13
2025-04,SKU-13,West,Wholesale,2025-03-31,calendar_plan_v1_no_realized_demand,701,2088.87,671,673,2005.43
2025-04,SKU-14,Central,Convenience,2025-03-31,calendar_plan_v1_no_realized_demand,612,2173.82,582,586,2081.47
2025-04,SKU-14,Central,Ecommerce,2025-03-31,calendar_plan_v1_no_realized_demand,582,2067.26,552,549,1950.05
2025-04,SKU-14,Central,Grocery,2025-03-31,calendar_plan_v1_no_realized_demand,984,3495.17,954,960,3409.92
2025-04,SKU-14,Central,Wholesale,2025-03-31,calendar_plan_v1_no_realized_demand,856,3040.51,826,823,2923.3
2025-04,SKU-14,North,Convenience,2025-03-31,calendar_plan_v1_no_realized_demand,582,2170.63,552,554,2066.2
2025-04,SKU-14,North,Ecommerce,2025-03-31,calendar_plan_v1_no_realized_demand,544,2028.9,514,512,1909.56
2025-04,SKU-14,North,Grocery,2025-03-31,calendar_plan_v1_no_realized_demand,916,3416.31,886,884,3296.97
2025-04,SKU-14,North,Wholesale,2025-03-31,calendar_plan_v1_no_realized_demand,796,2968.76,766,762,2841.96
2025-04,SKU-14,South,Convenience,2025-03-31,calendar_plan_v1_no_realized_demand,510,1702.83,480,473,1579.29
2025-04,SKU-14,South,Ecommerce,2025-03-31,calendar_plan_v1_no_realized_demand,480,1602.66,450,455,1519.19
2025-04,SKU-14,South,Grocery,2025-03-31,calendar_plan_v1_no_realized_demand,796,2657.75,766,767,2560.92
2025-04,SKU-14,South,Wholesale,2025-03-31,calendar_plan_v1_no_realized_demand,698,2330.54,668,672,2243.73
2025-04,SKU-14,West,Convenience,2025-03-31,calendar_plan_v1_no_realized_demand,420,1447.08,447,446,1536.67
2025-04,SKU-14,West,Ecommerce,2025-03-31,calendar_plan_v1_no_realized_demand,372,1281.7,364,365,1257.59
2025-04,SKU-14,West,Grocery,2025-03-31,calendar_plan_v1_no_realized_demand,672,2315.34,787,799,2752.91
2025-04,SKU-14,West,Wholesale,2025-03-31,calendar_plan_v1_no_realized_demand,582,2005.25,552,547,1884.66
2025-04,SKU-15,Central,Convenience,2025-03-31,calendar_plan_v1_no_realized_demand,552,2331.65,522,520,2196.48
2025-04,SKU-15,Central,Ecommerce,2025-03-31,calendar_plan_v1_no_realized_demand,522,2204.93,492,495,2090.88
2025-04,SKU-15,Central,Grocery,2025-03-31,calendar_plan_v1_no_realized_demand,886,3742.46,856,856,3615.74
2025-04,SKU-15,Central,Wholesale,2025-03-31,calendar_plan_v1_no_realized_demand,766,3235.58,736,742,3134.21
2025-04,SKU-15,North,Convenience,2025-03-31,calendar_plan_v1_no_realized_demand,522,2315.17,492,491,2177.68
2025-04,SKU-15,North,Ecommerce,2025-03-31,calendar_plan_v1_no_realized_demand,492,2182.12,462,464,2057.93
2025-04,SKU-15,North,Grocery,2025-03-31,calendar_plan_v1_no_realized_demand,826,3663.48,796,797,3534.85
2025-04,SKU-15,North,Wholesale,2025-03-31,calendar_plan_v1_no_realized_demand,728,3228.83,698,706,3131.25
2025-04,SKU-15,South,Convenience,2025-03-31,calendar_plan_v1_no_realized_demand,454,1802.63,424,424,1683.52
2025-04,SKU-15,South,Ecommerce,2025-03-31,calendar_plan_v1_no_realized_demand,420,1667.64,394,390,1548.52
2025-04,SKU-15,South,Grocery,2025-03-31,calendar_plan_v1_no_realized_demand,728,2890.57,698,712,2827.04
2025-04,SKU-15,South,Wholesale,2025-03-31,calendar_plan_v1_no_realized_demand,623,2473.66,593,599,2378.37
2025-04,SKU-15,West,Convenience,2025-03-31,calendar_plan_v1_no_realized_demand,372,1524.19,364,368,1507.8
2025-04,SKU-15,West,Ecommerce,2025-03-31,calendar_plan_v1_no_realized_demand,334,1368.49,334,333,1364.39
2025-04,SKU-15,West,Grocery,2025-03-31,calendar_plan_v1_no_realized_demand,612,2507.54,582,583,2388.71
2025-04,SKU-15,West,Wholesale,2025-03-31,calendar_plan_v1_no_realized_demand,522,2138.78,492,490,2007.67
2025-04,SKU-16,Central,Convenience,2025-03-31,calendar_plan_v1_no_realized_demand,680,2023.68,650,644,1916.54
2025-04,SKU-16,Central,Ecommerce,2025-03-31,calendar_plan_v1_no_realized_demand,638,1898.69,608,606,1803.46
2025-04,SKU-16,Central,Grocery,2025-03-31,calendar_plan_v1_no_realized_demand,1100,3273.6,1062,1055,3139.68
2025-04,SKU-16,Central,Wholesale,2025-03-31,calendar_plan_v1_no_realized_demand,946,2815.3,916,917,2728.99
2025-04,SKU-16,North,Convenience,2025-03-31,calendar_plan_v1_no_realized_demand,638,1993.62,608,604,1887.38
2025-04,SKU-16,North,Ecommerce,2025-03-31,calendar_plan_v1_no_realized_demand,600,1874.88,570,574,1793.64
2025-04,SKU-16,North,Grocery,2025-03-31,calendar_plan_v1_no_realized_demand,1010,3156.05,980,985,3077.93
2025-04,SKU-16,North,Wholesale,2025-03-31,calendar_plan_v1_no_realized_demand,886,2768.57,856,858,2681.08
2025-04,SKU-16,South,Convenience,2025-03-31,calendar_plan_v1_no_realized_demand,552,1544.19,522,521,1457.47
2025-04,SKU-16,South,Ecommerce,2025-03-31,calendar_plan_v1_no_realized_demand,522,1460.26,492,493,1379.14
2025-04,SKU-16,South,Grocery,2025-03-31,calendar_plan_v1_no_realized_demand,886,2478.53,856,857,2397.41
2025-04,SKU-16,South,Wholesale,2025-03-31,calendar_plan_v1_no_realized_demand,763,2134.45,733,741,2072.9
2025-04,SKU-16,West,Convenience,2025-03-31,calendar_plan_v1_no_realized_demand,466,1345.21,436,439,1267.27
2025-04,SKU-16,West,Ecommerce,2025-03-31,calendar_plan_v1_no_realized_demand,446,1287.48,420,425,1226.86
2025-04,SKU-16,West,Grocery,2025-03-31,calendar_plan_v1_no_realized_demand,754,2176.59,724,713,2058.23
2025-04,SKU-16,West,Wholesale,2025-03-31,calendar_plan_v1_no_realized_demand,642,1853.27,612,611,1763.79
2025-05,SKU-01,Central,Convenience,2025-04-30,calendar_plan_v1_no_realized_demand,1361,2874.43,1299,1279,2701.25
2025-05,SKU-01,Central,Ecommerce,2025-04-30,calendar_plan_v1_no_realized_demand,1276,2694.91,1218,1220,2576.64
2025-05,SKU-01,Central,Grocery,2025-04-30,calendar_plan_v1_no_realized_demand,2213,4673.86,2124,2126,4490.11
2025-05,SKU-01,Central,Wholesale,2025-04-30,calendar_plan_v1_no_realized_demand,1908,4029.7,1836,1837,3879.74
2025-05,SKU-01,North,Convenience,2025-04-30,calendar_plan_v1_no_realized_demand,1264,2803.05,1419,1413,3133.47
2025-05,SKU-01,North,Ecommerce,2025-04-30,calendar_plan_v1_no_realized_demand,1175,2605.68,1134,1133,2512.54
2025-05,SKU-01,North,Grocery,2025-04-30,calendar_plan_v1_no_realized_demand,2034,4510.6,1962,1961,4348.71
2025-05,SKU-01,North,Wholesale,2025-04-30,calendar_plan_v1_no_realized_demand,1766,3916.28,1704,1699,3767.7
2025-05,SKU-01,South,Convenience,2025-04-30,calendar_plan_v1_no_realized_demand,1072,2128.22,1041,1043,2070.65
2025-05,SKU-01,South,Ecommerce,2025-04-30,calendar_plan_v1_no_realized_demand,1010,2005.13,979,977,1939.62
2025-05,SKU-01,South,Grocery,2025-04-30,calendar_plan_v1_no_realized_demand,1766,3506.0,1704,1736,3446.45
2025-05,SKU-01,South,Wholesale,2025-04-30,calendar_plan_v1_no_realized_demand,1526,3029.54,1464,1466,2910.42
2025-05,SKU-01,West,Convenience,2025-04-30,calendar_plan_v1_no_realized_demand,921,1886.8,890,891,1825.34
2025-05,SKU-01,West,Ecommerce,2025-04-30,calendar_plan_v1_no_realized_demand,859,1759.78,828,821,1681.93
2025-05,SKU-01,West,Grocery,2025-04-30,calendar_plan_v1_no_realized_demand,1495,3062.72,1433,1439,2947.99
2025-05,SKU-01,West,Wholesale,2025-04-30,calendar_plan_v1_no_realized_demand,1295,2652.99,1237,1246,2552.61
2025-05,SKU-02,Central,Convenience,2025-04-30,calendar_plan_v1_no_realized_demand,1593,2752.7,1531,1534,2650.75
2025-05,SKU-02,Central,Ecommerce,2025-04-30,calendar_plan_v1_no_realized_demand,1495,2583.36,1433,1418,2450.3
2025-05,SKU-02,Central,Grocery,2025-04-30,calendar_plan_v1_no_realized_demand,2590,4475.52,2497,2495,4311.36
2025-05,SKU-02,Central,Wholesale,2025-04-30,calendar_plan_v1_no_realized_demand,2249,3886.27,2157,2165,3741.12
2025-05,SKU-02,North,Convenience,2025-04-30,calendar_plan_v1_no_realized_demand,1489,2701.64,1427,1425,2585.52
2025-05,SKU-02,North,Ecommerce,2025-04-30,calendar_plan_v1_no_realized_demand,1392,2525.64,1330,1344,2438.55
2025-05,SKU-02,North,Grocery,2025-04-30,calendar_plan_v1_no_realized_demand,2404,4361.82,2311,2288,4151.35
2025-05,SKU-02,North,Wholesale,2025-04-30,calendar_plan_v1_no_realized_demand,2086,3784.84,1997,2006,3639.69
2025-05,SKU-02,South,Convenience,2025-04-30,calendar_plan_v1_no_realized_demand,1295,2103.49,1237,1251,2032.02
2025-05,SKU-02,South,Ecommerce,2025-04-30,calendar_plan_v1_no_realized_demand,1186,1926.44,1145,1156,1877.71
2025-05,SKU-02,South,Grocery,2025-04-30,calendar_plan_v1_no_realized_demand,2088,3391.58,1999,2012,3268.13
2025-05,SKU-02,South,Wholesale,2025-04-30,calendar_plan_v1_no_realized_demand,1797,2918.9,1735,1729,2808.45
2025-05,SKU-02,West,Convenience,2025-04-30,calendar_plan_v1_no_realized_demand,1072,1796.84,1041,1032,1729.8
2025-05,SKU-02,West,Ecommerce,2025-04-30,calendar_plan_v1_no_realized_demand,1010,1692.92,979,986,1652.69
2025-05,SKU-02,West,Grocery,2025-04-30,calendar_plan_v1_no_realized_demand,1749,2931.6,1687,1697,2844.44
2025-05,SKU-02,West,Wholesale,2025-04-30,calendar_plan_v1_no_realized_demand,1522,2551.12,1460,1459,2445.52
2025-05,SKU-03,Central,Convenience,2025-04-30,calendar_plan_v1_no_realized_demand,1103,2753.09,1072,1061,2648.26
2025-05,SKU-03,Central,Ecommerce,2025-04-30,calendar_plan_v1_no_realized_demand,1041,2598.34,1010,1011,2523.46
2025-05,SKU-03,Central,Grocery,2025-04-30,calendar_plan_v1_no_realized_demand,1810,4517.76,1748,1723,4300.61
2025-05,SKU-03,Central,Wholesale,2025-04-30,calendar_plan_v1_no_realized_demand,1574,3928.7,1512,1506,3758.98
2025-05,SKU-03,North,Convenience,2025-04-30,calendar_plan_v1_no_realized_demand,1036,2715.15,1005,991,2597.21
2025-05,SKU-03,North,Ecommerce,2025-04-30,calendar_plan_v1_no_realized_demand,956,2505.48,1094,1104,2893.36
2025-05,SKU-03,North,Grocery,2025-04-30,calendar_plan_v1_no_realized_demand,1677,4395.08,1615,1595,4180.18
2025-05,SKU-03,North,Wholesale,2025-04-30,calendar_plan_v1_no_realized_demand,1464,3836.85,1402,1397,3661.26
2025-05,SKU-03,South,Convenience,2025-04-30,calendar_plan_v1_no_realized_demand,890,2088.15,859,859,2015.42
2025-05,SKU-03,South,Ecommerce,2025-04-30,calendar_plan_v1_no_realized_demand,832,1952.07,801,795,1865.26
2025-05,SKU-03,South,Grocery,2025-04-30,calendar_plan_v1_no_realized_demand,1464,3434.9,1402,1418,3326.97
2025-05,SKU-03,South,Wholesale,2025-04-30,calendar_plan_v1_no_realized_demand,1264,2965.65,1206,1199,2813.14
2025-05,SKU-03,West,Convenience,2025-04-30,calendar_plan_v1_no_realized_demand,756,1830.37,725,727,1760.15
2025-05,SKU-03,West,Ecommerce,2025-04-30,calendar_plan_v1_no_realized_demand,712,1723.84,681,685,1658.47
2025-05,SKU-03,West,Grocery,2025-04-30,calendar_plan_v1_no_realized_demand,1216,2944.08,1175,1167,2825.45
2025-05,SKU-03,West,Wholesale,2025-04-30,calendar_plan_v1_no_realized_demand,1047,2534.91,1016,1025,2481.65
2025-05,SKU-04,Central,Convenience,2025-04-30,calendar_plan_v1_no_realized_demand,1033,2677.54,1002,980,2540.16
2025-05,SKU-04,Central,Ecommerce,2025-04-30,calendar_plan_v1_no_realized_demand,953,2470.18,922,928,2405.38
2025-05,SKU-04,Central,Grocery,2025-04-30,calendar_plan_v1_no_realized_demand,1677,4346.78,1615,1617,4191.26
2025-05,SKU-04,Central,Wholesale,2025-04-30,calendar_plan_v1_no_realized_demand,1464,3794.69,1402,1428,3701.38
2025-05,SKU-04,North,Convenience,2025-04-30,calendar_plan_v1_no_realized_demand,952,2590.96,921,923,2512.04
2025-05,SKU-04,North,Ecommerce,2025-04-30,calendar_plan_v1_no_realized_demand,890,2422.22,859,867,2359.63
2025-05,SKU-04,North,Grocery,2025-04-30,calendar_plan_v1_no_realized_demand,1568,4267.47,1506,1522,4142.28
2025-05,SKU-04,North,Wholesale,2025-04-30,calendar_plan_v1_no_realized_demand,1361,3704.1,1299,1288,3505.42
2025-05,SKU-04,South,Convenience,2025-04-30,calendar_plan_v1_no_realized_demand,828,2017.41,797,800,1949.18
2025-05,SKU-04,South,Ecommerce,2025-04-30,calendar_plan_v1_no_realized_demand,787,1917.51,756,750,1827.36
2025-05,SKU-04,South,Grocery,2025-04-30,calendar_plan_v1_no_realized_demand,1361,3316.05,1299,1300,3167.42
2025-05,SKU-04,South,Wholesale,2025-04-30,calendar_plan_v1_no_realized_demand,1165,2838.5,1124,1135,2765.4
2025-05,SKU-04,West,Convenience,2025-04-30,calendar_plan_v1_no_realized_demand,700,1759.97,669,666,1674.48
2025-05,SKU-04,West,Ecommerce,2025-04-30,calendar_plan_v1_no_realized_demand,663,1666.94,632,634,1594.03
2025-05,SKU-04,West,Grocery,2025-04-30,calendar_plan_v1_no_realized_demand,1144,2876.29,1103,1100,2765.66
2025-05,SKU-04,West,Wholesale,2025-04-30,calendar_plan_v1_no_realized_demand,982,2468.98,951,965,2426.24
2025-05,SKU-05,Central,Convenience,2025-04-30,calendar_plan_v1_no_realized_demand,859,3133.63,984,992,3618.82
2025-05,SKU-05,Central,Ecommerce,2025-04-30,calendar_plan_v1_no_realized_demand,809,2951.23,778,790,2881.92
2025-05,SKU-05,Central,Grocery,2025-04-30,calendar_plan_v1_no_realized_demand,1414,5158.27,1352,1357,4950.34
2025-05,SKU-05,Central,Wholesale,2025-04-30,calendar_plan_v1_no_realized_demand,1206,4399.49,1165,1157,4220.74
2025-05,SKU-05,North,Convenience,2025-04-30,calendar_plan_v1_no_realized_demand,797,3052.83,766,778,2980.05
2025-05,SKU-05,North,Ecommerce,2025-04-30,calendar_plan_v1_no_realized_demand,756,2895.78,725,724,2773.21
2025-05,SKU-05,North,Grocery,2025-04-30,calendar_plan_v1_no_realized_demand,1310,5017.82,1252,1238,4742.04
2025-05,SKU-05,North,Wholesale,2025-04-30,calendar_plan_v1_no_realized_demand,1123,4301.54,1082,1076,4121.51
2025-05,SKU-05,South,Convenience,2025-04-30,calendar_plan_v1_no_realized_demand,694,2379.81,663,667,2287.22
2025-05,SKU-05,South,Ecommerce,2025-04-30,calendar_plan_v1_no_realized_demand,663,2273.51,632,638,2187.78
2025-05,SKU-05,South,Grocery,2025-04-30,calendar_plan_v1_no_realized_demand,1123,3850.9,1082,1077,3693.16
2025-05,SKU-05,South,Wholesale,2025-04-30,calendar_plan_v1_no_realized_demand,965,3309.1,934,928,3182.22
2025-05,SKU-05,West,Convenience,2025-04-30,calendar_plan_v1_no_realized_demand,599,2119.6,568,574,2031.13
2025-05,SKU-05,West,Ecommerce,2025-04-30,calendar_plan_v1_no_realized_demand,560,1981.59,529,530,1875.44
2025-05,SKU-05,West,Grocery,2025-04-30,calendar_plan_v1_no_realized_demand,950,3361.63,919,922,3262.55
2025-05,SKU-05,West,Wholesale,2025-04-30,calendar_plan_v1_no_realized_demand,818,2894.54,787,784,2774.23
2025-05,SKU-06,Central,Convenience,2025-04-30,calendar_plan_v1_no_realized_demand,787,3475.39,756,748,3303.17
2025-05,SKU-06,Central,Ecommerce,2025-04-30,calendar_plan_v1_no_realized_demand,739,3263.42,708,704,3108.86
2025-05,SKU-06,Central,Grocery,2025-04-30,calendar_plan_v1_no_realized_demand,1295,5718.72,1237,1241,5480.26
2025-05,SKU-06,Central,Wholesale,2025-04-30,calendar_plan_v1_no_realized_demand,1103,4870.85,1072,1081,4773.7
2025-05,SKU-06,North,Convenience,2025-04-30,calendar_plan_v1_no_realized_demand,739,3426.6,708,698,3236.49
2025-05,SKU-06,North,Ecommerce,2025-04-30,calendar_plan_v1_no_realized_demand,694,3217.94,663,659,3055.65
2025-05,SKU-06,North,Grocery,2025-04-30,calendar_plan_v1_no_realized_demand,1185,5494.61,1144,1136,5267.4
2025-05,SKU-06,North,Wholesale,2025-04-30,calendar_plan_v1_no_realized_demand,1014,4701.72,983,981,4548.7
2025-05,SKU-06,South,Convenience,2025-04-30,calendar_plan_v1_no_realized_demand,636,2640.06,605,605,2511.38
2025-05,SKU-06,South,Ecommerce,2025-04-30,calendar_plan_v1_no_realized_demand,605,2511.38,574,577,2395.15
2025-05,SKU-06,South,Grocery,2025-04-30,calendar_plan_v1_no_realized_demand,1015,4213.31,984,994,4126.13
2025-05,SKU-06,South,Wholesale,2025-04-30,calendar_plan_v1_no_realized_demand,890,3694.43,859,865,3590.65
2025-05,SKU-06,West,Convenience,2025-04-30,calendar_plan_v1_no_realized_demand,543,2325.95,512,510,2184.6
2025-05,SKU-06,West,Ecommerce,2025-04-30,calendar_plan_v1_no_realized_demand,512,2193.16,481,482,2064.66
2025-05,SKU-06,West,Grocery,2025-04-30,calendar_plan_v1_no_realized_demand,859,3679.54,828,822,3521.05
2025-05,SKU-06,West,Wholesale,2025-04-30,calendar_plan_v1_no_realized_demand,756,3238.34,725,731,3131.25
2025-05,SKU-07,Central,Convenience,2025-04-30,calendar_plan_v1_no_realized_demand,725,2923.2,694,692,2790.14
2025-05,SKU-07,Central,Ecommerce,2025-04-30,calendar_plan_v1_no_realized_demand,667,2689.34,636,624,2515.97
2025-05,SKU-07,Central,Grocery,2025-04-30,calendar_plan_v1_no_realized_demand,1158,4669.06,1117,1141,4600.51
2025-05,SKU-07,Central,Wholesale,2025-04-30,calendar_plan_v1_no_realized_demand,1010,4072.32,979,985,3971.52
2025-05,SKU-07,North,Convenience,2025-04-30,calendar_plan_v1_no_realized_demand,667,2823.81,636,641,2713.74
2025-05,SKU-07,North,Ecommerce,2025-04-30,calendar_plan_v1_no_realized_demand,632,2675.64,601,604,2557.09
2025-05,SKU-07,North,Grocery,2025-04-30,calendar_plan_v1_no_realized_demand,1072,4538.42,1041,1052,4453.75
2025-05,SKU-07,North,Wholesale,2025-04-30,calendar_plan_v1_no_realized_demand,921,3899.15,890,896,3793.31
2025-05,SKU-07,South,Convenience,2025-04-30,calendar_plan_v1_no_realized_demand,591,2239.94,560,561,2126.23
2025-05,SKU-07,South,Ecommerce,2025-04-30,calendar_plan_v1_no_realized_demand,543,2058.01,512,514,1948.1
2025-05,SKU-07,South,Grocery,2025-04-30,calendar_plan_v1_no_realized_demand,924,3502.03,893,904,3426.23
2025-05,SKU-07,South,Wholesale,2025-04-30,calendar_plan_v1_no_realized_demand,818,3100.29,787,787,2982.79
2025-05,SKU-07,West,Convenience,2025-04-30,calendar_plan_v1_no_realized_demand,502,1963.34,471,469,1834.28
2025-05,SKU-07,West,Ecommerce,2025-04-30,calendar_plan_v1_no_realized_demand,471,1842.1,440,439,1716.95
2025-05,SKU-07,West,Grocery,2025-04-30,calendar_plan_v1_no_realized_demand,787,3077.99,756,755,2952.84
2025-05,SKU-07,West,Wholesale,2025-04-30,calendar_plan_v1_no_realized_demand,694,2714.26,663,667,2608.66
2025-05,SKU-08,Central,Convenience,2025-04-30,calendar_plan_v1_no_realized_demand,663,3118.75,632,621,2921.18
2025-05,SKU-08,Central,Ecommerce,2025-04-30,calendar_plan_v1_no_realized_demand,605,2845.92,574,576,2709.5
2025-05,SKU-08,Central,Grocery,2025-04-30,calendar_plan_v1_no_realized_demand,1041,4896.86,1010,1000,4704.0
2025-05,SKU-08,Central,Wholesale,2025-04-30,calendar_plan_v1_no_realized_demand,907,4266.53,1026,1024,4816.9
2025-05,SKU-08,North,Convenience,2025-04-30,calendar_plan_v1_no_realized_demand,605,2988.22,574,578,2854.86
2025-05,SKU-08,North,Ecommerce,2025-04-30,calendar_plan_v1_no_realized_demand,574,2835.1,543,546,2696.8
2025-05,SKU-08,North,Grocery,2025-04-30,calendar_plan_v1_no_realized_demand,979,4835.48,948,961,4746.57
2025-05,SKU-08,North,Wholesale,2025-04-30,calendar_plan_v1_no_realized_demand,849,4193.38,818,824,4069.9
2025-05,SKU-08,South,Convenience,2025-04-30,calendar_plan_v1_no_realized_demand,533,2356.8,502,504,2228.57
2025-05,SKU-08,South,Ecommerce,2025-04-30,calendar_plan_v1_no_realized_demand,502,2219.72,471,474,2095.91
2025-05,SKU-08,South,Grocery,2025-04-30,calendar_plan_v1_no_realized_demand,849,3754.07,818,820,3625.84
2025-05,SKU-08,South,Wholesale,2025-04-30,calendar_plan_v1_no_realized_demand,725,3205.78,694,703,3108.5
2025-05,SKU-08,West,Convenience,2025-04-30,calendar_plan_v1_no_realized_demand,446,2035.04,419,415,1893.6
2025-05,SKU-08,West,Ecommerce,2025-04-30,calendar_plan_v1_no_realized_demand,398,1816.03,388,384,1752.15
2025-05,SKU-08,West,Grocery,2025-04-30,calendar_plan_v1_no_realized_demand,725,3308.09,694,696,3175.76
2025-05,SKU-08,West,Wholesale,2025-04-30,calendar_plan_v1_no_realized_demand,631,2879.18,600,596,2719.48
2025-05,SKU-09,Central,Convenience,2025-04-30,calendar_plan_v1_no_realized_demand,1615,2635.68,1553,1533,2501.86
2025-05,SKU-09,Central,Ecommerce,2025-04-30,calendar_plan_v1_no_realized_demand,1518,2477.38,1456,1441,2351.71
2025-05,SKU-09,Central,Grocery,2025-04-30,calendar_plan_v1_no_realized_demand,2635,4300.32,2532,2550,4161.6
2025-05,SKU-09,Central,Wholesale,2025-04-30,calendar_plan_v1_no_realized_demand,2278,3717.7,2185,2210,3606.72
2025-05,SKU-09,North,Convenience,2025-04-30,calendar_plan_v1_no_realized_demand,1512,2590.96,1450,1443,2472.72
2025-05,SKU-09,North,Ecommerce,2025-04-30,calendar_plan_v1_no_realized_demand,1419,2431.6,1357,1335,2287.66
2025-05,SKU-09,North,Grocery,2025-04-30,calendar_plan_v1_no_realized_demand,2439,4179.47,2346,2332,3996.12
2025-05,SKU-09,North,Wholesale,2025-04-30,calendar_plan_v1_no_realized_demand,2115,3624.26,2026,2012,3447.76
2025-05,SKU-09,South,Convenience,2025-04-30,calendar_plan_v1_no_realized_demand,1298,1991.24,1240,1247,1913.0
2025-05,SKU-09,South,Ecommerce,2025-04-30,calendar_plan_v1_no_realized_demand,1216,1865.44,1175,1171,1796.41
2025-05,SKU-09,South,Grocery,2025-04-30,calendar_plan_v1_no_realized_demand,2117,3247.65,2028,1999,3066.63
2025-05,SKU-09,South,Wholesale,2025-04-30,calendar_plan_v1_no_realized_demand,1811,2778.22,1749,1730,2653.96
2025-05,SKU-09,West,Convenience,2025-04-30,calendar_plan_v1_no_realized_demand,1086,1719.18,1055,1045,1654.28
2025-05,SKU-09,West,Ecommerce,2025-04-30,calendar_plan_v1_no_realized_demand,1014,1605.2,983,980,1551.38
2025-05,SKU-09,West,Grocery,2025-04-30,calendar_plan_v1_no_realized_demand,1770,2801.98,1708,1689,2673.75
2025-05,SKU-09,West,Wholesale,2025-04-30,calendar_plan_v1_no_realized_demand,1543,2442.63,1481,1464,2317.57
2025-05,SKU-10,Central,Convenience,2025-04-30,calendar_plan_v1_no_realized_demand,1103,3070.75,1072,1068,2973.31
2025-05,SKU-10,Central,Ecommerce,2025-04-30,calendar_plan_v1_no_realized_demand,1041,2898.14,1010,1003,2792.35
2025-05,SKU-10,Central,Grocery,2025-04-30,calendar_plan_v1_no_realized_demand,1802,5016.77,1740,1747,4863.65
2025-05,SKU-10,Central,Wholesale,2025-04-30,calendar_plan_v1_no_realized_demand,1561,4345.82,1499,1492,4153.73
2025-05,SKU-10,North,Convenience,2025-04-30,calendar_plan_v1_no_realized_demand,1024,2993.36,993,986,2882.28
2025-05,SKU-10,North,Ecommerce,2025-04-30,calendar_plan_v1_no_realized_demand,952,2782.89,921,914,2671.8
2025-05,SKU-10,North,Grocery,2025-04-30,calendar_plan_v1_no_realized_demand,1677,4902.21,1615,1619,4732.66
2025-05,SKU-10,North,Wholesale,2025-04-30,calendar_plan_v1_no_realized_demand,1460,4267.87,1398,1388,4057.4
2025-05,SKU-10,South,Convenience,2025-04-30,calendar_plan_v1_no_realized_demand,890,2329.09,859,849,2221.8
2025-05,SKU-10,South,Ecommerce,2025-04-30,calendar_plan_v1_no_realized_demand,828,2166.84,797,800,2093.57
2025-05,SKU-10,South,Grocery,2025-04-30,calendar_plan_v1_no_realized_demand,1461,3823.38,1399,1420,3716.08
2025-05,SKU-10,South,Wholesale,2025-04-30,calendar_plan_v1_no_realized_demand,1264,3307.84,1206,1213,3174.37
2025-05,SKU-10,West,Convenience,2025-04-30,calendar_plan_v1_no_realized_demand,756,2041.56,725,738,1992.95
2025-05,SKU-10,West,Ecommerce,2025-04-30,calendar_plan_v1_no_realized_demand,708,1911.94,677,689,1860.63
2025-05,SKU-10,West,Grocery,2025-04-30,calendar_plan_v1_no_realized_demand,1216,3283.78,1175,1165,3146.06
2025-05,SKU-10,West,Wholesale,2025-04-30,calendar_plan_v1_no_realized_demand,1045,2822.0,1014,1003,2708.58
2025-05,SKU-11,Central,Convenience,2025-04-30,calendar_plan_v1_no_realized_demand,956,3028.61,925,932,2952.58
2025-05,SKU-11,Central,Ecommerce,2025-04-30,calendar_plan_v1_no_realized_demand,907,2873.38,876,876,2775.17
2025-05,SKU-11,Central,Grocery,2025-04-30,calendar_plan_v1_no_realized_demand,1584,5018.11,1522,1520,4815.36
2025-05,SKU-11,Central,Wholesale,2025-04-30,calendar_plan_v1_no_realized_demand,1365,4324.32,1303,1296,4105.73
2025-05,SKU-11,North,Convenience,2025-04-30,calendar_plan_v1_no_realized_demand,890,2960.5,859,854,2840.75
2025-05,SKU-11,North,Ecommerce,2025-04-30,calendar_plan_v1_no_realized_demand,849,2824.11,818,823,2737.63
2025-05,SKU-11,North,Grocery,2025-04-30,calendar_plan_v1_no_realized_demand,1468,4883.16,1406,1410,4690.22
2025-05,SKU-11,North,Wholesale,2025-04-30,calendar_plan_v1_no_realized_demand,1264,4204.57,1206,1201,3995.01
2025-05,SKU-11,South,Convenience,2025-04-30,calendar_plan_v1_no_realized_demand,787,2343.62,756,768,2287.04
2025-05,SKU-11,South,Ecommerce,2025-04-30,calendar_plan_v1_no_realized_demand,725,2158.99,694,693,2063.7
2025-05,SKU-11,South,Grocery,2025-04-30,calendar_plan_v1_no_realized_demand,1264,3764.09,1206,1184,3525.86
2025-05,SKU-11,South,Wholesale,2025-04-30,calendar_plan_v1_no_realized_demand,1082,3222.11,1051,1050,3126.82
2025-05,SKU-11,West,Convenience,2025-04-30,calendar_plan_v1_no_realized_demand,663,2037.37,632,631,1939.04
2025-05,SKU-11,West,Ecommerce,2025-04-30,calendar_plan_v1_no_realized_demand,631,1939.04,600,598,1837.63
2025-05,SKU-11,West,Grocery,2025-04-30,calendar_plan_v1_no_realized_demand,1055,3241.97,1024,1029,3162.08
2025-05,SKU-11,West,Wholesale,2025-04-30,calendar_plan_v1_no_realized_demand,921,2830.2,890,886,2722.64
2025-05,SKU-12,Central,Convenience,2025-04-30,calendar_plan_v1_no_realized_demand,890,3075.84,859,864,2985.98
2025-05,SKU-12,Central,Ecommerce,2025-04-30,calendar_plan_v1_no_realized_demand,841,2906.5,810,817,2823.55
2025-05,SKU-12,Central,Grocery,2025-04-30,calendar_plan_v1_no_realized_demand,1464,5059.58,1402,1408,4866.05
2025-05,SKU-12,Central,Wholesale,2025-04-30,calendar_plan_v1_no_realized_demand,1264,4368.38,1206,1195,4129.92
2025-05,SKU-12,North,Convenience,2025-04-30,calendar_plan_v1_no_realized_demand,828,3004.65,797,790,2866.75
2025-05,SKU-12,North,Ecommerce,2025-04-30,calendar_plan_v1_no_realized_demand,787,2855.87,756,751,2725.23
2025-05,SKU-12,North,Grocery,2025-04-30,calendar_plan_v1_no_realized_demand,1361,4938.8,1299,1298,4710.18
2025-05,SKU-12,North,Wholesale,2025-04-30,calendar_plan_v1_no_realized_demand,1175,4263.84,1134,1131,4104.17
2025-05,SKU-12,South,Convenience,2025-04-30,calendar_plan_v1_no_realized_demand,725,2355.26,694,701,2277.3
2025-05,SKU-12,South,Ecommerce,2025-04-30,calendar_plan_v1_no_realized_demand,685,2225.32,654,659,2140.85
2025-05,SKU-12,South,Grocery,2025-04-30,calendar_plan_v1_no_realized_demand,1175,3817.15,1134,1139,3700.2
2025-05,SKU-12,South,Wholesale,2025-04-30,calendar_plan_v1_no_realized_demand,1010,3281.13,979,981,3186.92
2025-05,SKU-12,West,Convenience,2025-04-30,calendar_plan_v1_no_realized_demand,608,2038.21,577,575,1927.58
2025-05,SKU-12,West,Ecommerce,2025-04-30,calendar_plan_v1_no_realized_demand,574,1924.23,687,689,2309.75
2025-05,SKU-12,West,Grocery,2025-04-30,calendar_plan_v1_no_realized_demand,983,3295.33,952,956,3204.82
2025-05,SKU-12,West,Wholesale,2025-04-30,calendar_plan_v1_no_realized_demand,855,2866.23,824,828,2775.72
2025-05,SKU-13,Central,Convenience,2025-04-30,calendar_plan_v1_no_realized_demand,828,2543.62,797,797,2448.38
2025-05,SKU-13,Central,Ecommerce,2025-04-30,calendar_plan_v1_no_realized_demand,774,2377.73,743,749,2300.93
2025-05,SKU-13,Central,Grocery,2025-04-30,calendar_plan_v1_no_realized_demand,1357,4168.7,1297,1273,3910.66
2025-05,SKU-13,Central,Wholesale,2025-04-30,calendar_plan_v1_no_realized_demand,1154,3545.09,1113,1110,3409.92
2025-05,SKU-13,North,Convenience,2025-04-30,calendar_plan_v1_no_realized_demand,766,2470.81,735,736,2374.04
2025-05,SKU-13,North,Ecommerce,2025-04-30,calendar_plan_v1_no_realized_demand,725,2338.56,694,688,2219.21
2025-05,SKU-13,North,Grocery,2025-04-30,calendar_plan_v1_no_realized_demand,1264,4077.16,1206,1203,3880.4
2025-05,SKU-13,North,Wholesale,2025-04-30,calendar_plan_v1_no_realized_demand,1072,3457.84,1041,1033,3332.04
2025-05,SKU-13,South,Convenience,2025-04-30,calendar_plan_v1_no_realized_demand,667,1926.08,636,650,1876.99
2025-05,SKU-13,South,Ecommerce,2025-04-30,calendar_plan_v1_no_realized_demand,632,1825.01,601,602,1738.38
2025-05,SKU-13,South,Grocery,2025-04-30,calendar_plan_v1_no_realized_demand,1072,3095.59,1041,1048,3026.29
2025-05,SKU-13,South,Wholesale,2025-04-30,calendar_plan_v1_no_realized_demand,921,2659.55,890,894,2581.59
2025-05,SKU-13,West,Convenience,2025-04-30,calendar_plan_v1_no_realized_demand,574,1710.43,543,550,1638.91
2025-05,SKU-13,West,Ecommerce,2025-04-30,calendar_plan_v1_no_realized_demand,537,1600.17,506,504,1501.84
2025-05,SKU-13,West,Grocery,2025-04-30,calendar_plan_v1_no_realized_demand,907,2702.71,876,878,2616.3
2025-05,SKU-13,West,Wholesale,2025-04-30,calendar_plan_v1_no_realized_demand,787,2345.13,756,771,2297.46
2025-05,SKU-14,Central,Convenience,2025-04-30,calendar_plan_v1_no_realized_demand,694,2465.09,663,668,2372.74
2025-05,SKU-14,Central,Ecommerce,2025-04-30,calendar_plan_v1_no_realized_demand,636,2259.07,605,610,2166.72
2025-05,SKU-14,Central,Grocery,2025-04-30,calendar_plan_v1_no_realized_demand,1103,3917.86,1319,1334,4738.37
2025-05,SKU-14,Central,Wholesale,2025-04-30,calendar_plan_v1_no_realized_demand,952,3381.5,921,934,3317.57
2025-05,SKU-14,North,Convenience,2025-04-30,calendar_plan_v1_no_realized_demand,636,2372.03,605,603,2248.95
2025-05,SKU-14,North,Ecommerce,2025-04-30,calendar_plan_v1_no_realized_demand,605,2256.41,574,574,2140.79
2025-05,SKU-14,North,Grocery,2025-04-30,calendar_plan_v1_no_realized_demand,1014,3781.81,983,983,3666.2
2025-05,SKU-14,North,Wholesale,2025-04-30,calendar_plan_v1_no_realized_demand,890,3319.34,859,866,3229.83
2025-05,SKU-14,South,Convenience,2025-04-30,calendar_plan_v1_no_realized_demand,560,1869.77,529,528,1762.93
2025-05,SKU-14,South,Ecommerce,2025-04-30,calendar_plan_v1_no_realized_demand,529,1766.27,498,497,1659.42
2025-05,SKU-14,South,Grocery,2025-04-30,calendar_plan_v1_no_realized_demand,890,2971.6,859,861,2874.78
2025-05,SKU-14,South,Wholesale,2025-04-30,calendar_plan_v1_no_realized_demand,768,2564.26,737,736,2457.42
2025-05,SKU-14,West,Convenience,2025-04-30,calendar_plan_v1_no_realized_demand,471,1622.8,509,509,1753.73
2025-05,SKU-14,West,Ecommerce,2025-04-30,calendar_plan_v1_no_realized_demand,436,1502.21,409,409,1409.18
2025-05,SKU-14,West,Grocery,2025-04-30,calendar_plan_v1_no_realized_demand,756,2604.75,835,839,2890.72
2025-05,SKU-14,West,Wholesale,2025-04-30,calendar_plan_v1_no_realized_demand,663,2284.33,632,642,2211.97
2025-05,SKU-15,Central,Convenience,2025-04-30,calendar_plan_v1_no_realized_demand,622,2627.33,591,592,2500.61
2025-05,SKU-15,Central,Ecommerce,2025-04-30,calendar_plan_v1_no_realized_demand,574,2424.58,543,536,2264.06
2025-05,SKU-15,Central,Grocery,2025-04-30,calendar_plan_v1_no_realized_demand,983,4152.19,952,953,4025.47
2025-05,SKU-15,Central,Wholesale,2025-04-30,calendar_plan_v1_no_realized_demand,859,3628.42,828,832,3514.37
2025-05,SKU-15,North,Convenience,2025-04-30,calendar_plan_v1_no_realized_demand,574,2545.8,543,555,2461.54
2025-05,SKU-15,North,Ecommerce,2025-04-30,calendar_plan_v1_no_realized_demand,543,2408.31,512,516,2288.56
2025-05,SKU-15,North,Grocery,2025-04-30,calendar_plan_v1_no_realized_demand,921,4084.82,890,884,3920.72
2025-05,SKU-15,North,Wholesale,2025-04-30,calendar_plan_v1_no_realized_demand,797,3534.85,766,773,3428.41
2025-05,SKU-15,South,Convenience,2025-04-30,calendar_plan_v1_no_realized_demand,502,1993.22,471,474,1882.05
2025-05,SKU-15,South,Ecommerce,2025-04-30,calendar_plan_v1_no_realized_demand,471,1870.13,440,441,1751.02
2025-05,SKU-15,South,Grocery,2025-04-30,calendar_plan_v1_no_realized_demand,797,3164.54,766,781,3101.01
2025-05,SKU-15,South,Wholesale,2025-04-30,calendar_plan_v1_no_realized_demand,694,2755.57,663,665,2640.42
2025-05,SKU-15,West,Convenience,2025-04-30,calendar_plan_v1_no_realized_demand,436,1786.41,409,407,1667.59
2025-05,SKU-15,West,Ecommerce,2025-04-30,calendar_plan_v1_no_realized_demand,388,1589.74,378,380,1556.97
2025-05,SKU-15,West,Grocery,2025-04-30,calendar_plan_v1_no_realized_demand,667,2732.89,636,633,2593.58
2025-05,SKU-15,West,Wholesale,2025-04-30,calendar_plan_v1_no_realized_demand,591,2421.49,560,561,2298.57
2025-05,SKU-16,Central,Convenience,2025-04-30,calendar_plan_v1_no_realized_demand,756,2249.86,725,723,2151.65
2025-05,SKU-16,Central,Ecommerce,2025-04-30,calendar_plan_v1_no_realized_demand,708,2107.01,677,676,2011.78
2025-05,SKU-16,Central,Grocery,2025-04-30,calendar_plan_v1_no_realized_demand,1216,3618.82,1175,1165,3467.04
2025-05,SKU-16,Central,Wholesale,2025-04-30,calendar_plan_v1_no_realized_demand,1045,3109.92,1014,1018,3029.57
2025-05,SKU-16,North,Convenience,2025-04-30,calendar_plan_v1_no_realized_demand,698,2181.11,667,663,2071.74
2025-05,SKU-16,North,Ecommerce,2025-04-30,calendar_plan_v1_no_realized_demand,663,2071.74,632,633,1978.0
2025-05,SKU-16,North,Grocery,2025-04-30,calendar_plan_v1_no_realized_demand,1144,3574.77,1103,1103,3446.65
2025-05,SKU-16,North,Wholesale,2025-04-30,calendar_plan_v1_no_realized_demand,980,3062.3,949,947,2959.19
2025-05,SKU-16,South,Convenience,2025-04-30,calendar_plan_v1_no_realized_demand,605,1692.45,574,578,1616.92
2025-05,SKU-16,South,Ecommerce,2025-04-30,calendar_plan_v1_no_realized_demand,574,1605.73,543,549,1535.79
2025-05,SKU-16,South,Grocery,2025-04-30,calendar_plan_v1_no_realized_demand,981,2744.29,950,958,2679.95
2025-05,SKU-16,South,Wholesale,2025-04-30,calendar_plan_v1_no_realized_demand,849,2375.03,818,832,2327.47
2025-05,SKU-16,West,Convenience,2025-04-30,calendar_plan_v1_no_realized_demand,528,1524.19,497,503,1452.02
2025-05,SKU-16,West,Ecommerce,2025-04-30,calendar_plan_v1_no_realized_demand,496,1431.81,465,468,1350.98
2025-05,SKU-16,West,Grocery,2025-04-30,calendar_plan_v1_no_realized_demand,828,2390.2,797,798,2303.6
2025-05,SKU-16,West,Wholesale,2025-04-30,calendar_plan_v1_no_realized_demand,725,2092.87,694,684,1974.52
2025-06,SKU-01,Central,Convenience,2025-05-31,calendar_plan_v1_no_realized_demand,1392,2939.9,1332,1318,2783.62
2025-06,SKU-01,Central,Ecommerce,2025-05-31,calendar_plan_v1_no_realized_demand,1303,2751.94,1245,1267,2675.9
2025-06,SKU-01,Central,Grocery,2025-05-31,calendar_plan_v1_no_realized_demand,2246,4743.55,2156,2133,4504.9
2025-06,SKU-01,Central,Wholesale,2025-05-31,calendar_plan_v1_no_realized_demand,1921,4057.15,1853,1835,3875.52
2025-06,SKU-01,North,Convenience,2025-05-31,calendar_plan_v1_no_realized_demand,1288,2856.27,1233,1247,2765.35
2025-06,SKU-01,North,Ecommerce,2025-05-31,calendar_plan_v1_no_realized_demand,1212,2687.73,1157,1171,2596.81
2025-06,SKU-01,North,Grocery,2025-05-31,calendar_plan_v1_no_realized_demand,2085,4623.7,2000,2005,4446.29
2025-06,SKU-01,North,Wholesale,2025-05-31,calendar_plan_v1_no_realized_demand,1793,3976.16,1729,1719,3812.05
2025-06,SKU-01,South,Convenience,2025-05-31,calendar_plan_v1_no_realized_demand,1103,2189.76,1065,1065,2114.32
2025-06,SKU-01,South,Ecommerce,2025-05-31,calendar_plan_v1_no_realized_demand,1029,2042.85,999,1007,1999.18
2025-06,SKU-01,South,Grocery,2025-05-31,calendar_plan_v1_no_realized_demand,1797,3567.55,1731,1731,3436.52
2025-06,SKU-01,South,Wholesale,2025-05-31,calendar_plan_v1_no_realized_demand,1550,3077.18,1490,1461,2900.49
2025-06,SKU-01,West,Convenience,2025-05-31,calendar_plan_v1_no_realized_demand,928,1901.14,898,899,1841.73
2025-06,SKU-01,West,Ecommerce,2025-05-31,calendar_plan_v1_no_realized_demand,871,1784.37,841,847,1735.2
2025-06,SKU-01,West,Grocery,2025-05-31,calendar_plan_v1_no_realized_demand,1520,3113.93,1460,1484,3040.18
2025-06,SKU-01,West,Wholesale,2025-05-31,calendar_plan_v1_no_realized_demand,1313,2689.86,1253,1250,2560.8
2025-06,SKU-02,Central,Convenience,2025-05-31,calendar_plan_v1_no_realized_demand,1610,2782.08,1550,1555,2687.04
2025-06,SKU-02,Central,Ecommerce,2025-05-31,calendar_plan_v1_no_realized_demand,1520,2626.56,1460,1458,2519.42
2025-06,SKU-02,Central,Grocery,2025-05-31,calendar_plan_v1_no_realized_demand,2627,4539.46,2529,2500,4320.0
2025-06,SKU-02,Central,Wholesale,2025-05-31,calendar_plan_v1_no_realized_demand,2276,3932.93,2186,2177,3761.86
2025-06,SKU-02,North,Convenience,2025-05-31,calendar_plan_v1_no_realized_demand,1512,2743.37,1452,1458,2645.4
2025-06,SKU-02,North,Ecommerce,2025-05-31,calendar_plan_v1_no_realized_demand,1419,2574.63,1359,1343,2436.74
2025-06,SKU-02,North,Grocery,2025-05-31,calendar_plan_v1_no_realized_demand,2434,4416.25,2344,2345,4254.77
2025-06,SKU-02,North,Wholesale,2025-05-31,calendar_plan_v1_no_realized_demand,2120,3846.53,2035,2015,3656.02
2025-06,SKU-02,South,Convenience,2025-05-31,calendar_plan_v1_no_realized_demand,1307,2122.99,1247,1248,2027.15
2025-06,SKU-02,South,Ecommerce,2025-05-31,calendar_plan_v1_no_realized_demand,1221,1983.29,1166,1165,1892.33
2025-06,SKU-02,South,Grocery,2025-05-31,calendar_plan_v1_no_realized_demand,2122,3446.81,2037,2042,3316.86
2025-06,SKU-02,South,Wholesale,2025-05-31,calendar_plan_v1_no_realized_demand,1829,2970.88,2269,2302,3739.18
2025-06,SKU-02,West,Convenience,2025-05-31,calendar_plan_v1_no_realized_demand,1097,1838.75,1059,1067,1788.46
2025-06,SKU-02,West,Ecommerce,2025-05-31,calendar_plan_v1_no_realized_demand,1016,1702.98,986,982,1645.99
2025-06,SKU-02,West,Grocery,2025-05-31,calendar_plan_v1_no_realized_demand,1768,2963.45,1708,1724,2889.7
2025-06,SKU-02,West,Wholesale,2025-05-31,calendar_plan_v1_no_realized_demand,1550,2598.05,1490,1499,2512.56
2025-06,SKU-03,Central,Convenience,2025-05-31,calendar_plan_v1_no_realized_demand,1131,2822.98,1093,1086,2710.66
2025-06,SKU-03,Central,Ecommerce,2025-05-31,calendar_plan_v1_no_realized_demand,1059,2643.26,1029,1022,2550.91
2025-06,SKU-03,Central,Grocery,2025-05-31,calendar_plan_v1_no_realized_demand,1836,4582.66,1768,1780,4442.88
2025-06,SKU-03,Central,Wholesale,2025-05-31,calendar_plan_v1_no_realized_demand,1580,3943.68,1520,1523,3801.41
2025-06,SKU-03,North,Convenience,2025-05-31,calendar_plan_v1_no_realized_demand,1042,2730.87,1012,1007,2639.15
2025-06,SKU-03,North,Ecommerce,2025-05-31,calendar_plan_v1_no_realized_demand,974,2552.66,944,946,2479.28
2025-06,SKU-03,North,Grocery,2025-05-31,calendar_plan_v1_no_realized_demand,1707,4473.71,1647,1636,4287.63
2025-06,SKU-03,North,Wholesale,2025-05-31,calendar_plan_v1_no_realized_demand,1484,3889.27,1424,1414,3705.81
2025-06,SKU-03,South,Convenience,2025-05-31,calendar_plan_v1_no_realized_demand,913,2142.12,883,886,2078.77
2025-06,SKU-03,South,Ecommerce,2025-05-31,calendar_plan_v1_no_realized_demand,854,2003.69,824,831,1949.73
2025-06,SKU-03,South,Grocery,2025-05-31,calendar_plan_v1_no_realized_demand,1486,3486.51,1426,1416,3322.28
2025-06,SKU-03,South,Wholesale,2025-05-31,calendar_plan_v1_no_realized_demand,1276,2993.8,1221,1224,2871.8
2025-06,SKU-03,West,Convenience,2025-05-31,calendar_plan_v1_no_realized_demand,764,1849.74,734,736,1781.94
2025-06,SKU-03,West,Ecommerce,2025-05-31,calendar_plan_v1_no_realized_demand,726,1757.73,696,686,1660.89
2025-06,SKU-03,West,Grocery,2025-05-31,calendar_plan_v1_no_realized_demand,1245,3014.29,1190,1184,2866.61
2025-06,SKU-03,West,Wholesale,2025-05-31,calendar_plan_v1_no_realized_demand,1067,2583.34,1033,1035,2505.86
2025-06,SKU-04,Central,Convenience,2025-05-31,calendar_plan_v1_no_realized_demand,1042,2700.86,1012,1011,2620.51
2025-06,SKU-04,Central,Ecommerce,2025-05-31,calendar_plan_v1_no_realized_demand,974,2524.61,944,948,2457.22
2025-06,SKU-04,Central,Grocery,2025-05-31,calendar_plan_v1_no_realized_demand,1706,4421.95,2089,2087,5409.5
2025-06,SKU-04,Central,Wholesale,2025-05-31,calendar_plan_v1_no_realized_demand,1482,3841.34,1422,1433,3714.34
2025-06,SKU-04,North,Convenience,2025-05-31,calendar_plan_v1_no_realized_demand,971,2642.67,941,947,2577.36
2025-06,SKU-04,North,Ecommerce,2025-05-31,calendar_plan_v1_no_realized_demand,914,2487.54,884,878,2389.56
2025-06,SKU-04,North,Grocery,2025-05-31,calendar_plan_v1_no_realized_demand,1580,4300.13,1520,1512,4115.06
2025-06,SKU-04,North,Wholesale,2025-05-31,calendar_plan_v1_no_realized_demand,1376,3744.92,1316,1316,3581.63
2025-06,SKU-04,South,Convenience,2025-05-31,calendar_plan_v1_no_realized_demand,846,2061.26,816,801,1951.62
2025-06,SKU-04,South,Ecommerce,2025-05-31,calendar_plan_v1_no_realized_demand,794,1934.57,764,771,1878.53
2025-06,SKU-04,South,Grocery,2025-05-31,calendar_plan_v1_no_realized_demand,1379,3359.91,1319,1327,3233.21
2025-06,SKU-04,South,Wholesale,2025-05-31,calendar_plan_v1_no_realized_demand,1199,2921.34,1146,1156,2816.57
2025-06,SKU-04,West,Convenience,2025-05-31,calendar_plan_v1_no_realized_demand,726,1825.34,696,692,1739.85
2025-06,SKU-04,West,Ecommerce,2025-05-31,calendar_plan_v1_no_realized_demand,666,1674.48,636,635,1596.54
2025-06,SKU-04,West,Grocery,2025-05-31,calendar_plan_v1_no_realized_demand,1157,2908.98,1119,1105,2778.24
2025-06,SKU-04,West,Wholesale,2025-05-31,calendar_plan_v1_no_realized_demand,999,2511.73,969,978,2458.93
2025-06,SKU-05,Central,Convenience,2025-05-31,calendar_plan_v1_no_realized_demand,878,3202.94,848,850,3100.8
2025-06,SKU-05,Central,Ecommerce,2025-05-31,calendar_plan_v1_no_realized_demand,822,2998.66,792,792,2889.22
2025-06,SKU-05,Central,Grocery,2025-05-31,calendar_plan_v1_no_realized_demand,1426,5202.05,1366,1351,4928.45
2025-06,SKU-05,Central,Wholesale,2025-05-31,calendar_plan_v1_no_realized_demand,1242,4530.82,1187,1163,4242.62
2025-06,SKU-05,North,Convenience,2025-05-31,calendar_plan_v1_no_realized_demand,816,3125.61,786,783,2999.2
2025-06,SKU-05,North,Ecommerce,2025-05-31,calendar_plan_v1_no_realized_demand,760,2911.1,730,725,2777.04
2025-06,SKU-05,North,Grocery,2025-05-31,calendar_plan_v1_no_realized_demand,1333,5105.92,1273,1260,4826.3
2025-06,SKU-05,North,Wholesale,2025-05-31,calendar_plan_v1_no_realized_demand,1135,4347.5,1097,1100,4213.44
2025-06,SKU-05,South,Convenience,2025-05-31,calendar_plan_v1_no_realized_demand,701,2403.81,671,657,2252.93
2025-06,SKU-05,South,Ecommerce,2025-05-31,calendar_plan_v1_no_realized_demand,666,2283.79,636,643,2204.92
2025-06,SKU-05,South,Grocery,2025-05-31,calendar_plan_v1_no_realized_demand,1135,3892.05,1097,1099,3768.6
2025-06,SKU-05,South,Wholesale,2025-05-31,calendar_plan_v1_no_realized_demand,974,3339.96,944,937,3213.09
2025-06,SKU-05,West,Convenience,2025-05-31,calendar_plan_v1_no_realized_demand,606,2144.37,576,573,2027.59
2025-06,SKU-05,West,Ecommerce,2025-05-31,calendar_plan_v1_no_realized_demand,568,2009.9,538,531,1878.98
2025-06,SKU-05,West,Grocery,2025-05-31,calendar_plan_v1_no_realized_demand,954,3375.79,924,926,3276.71
2025-06,SKU-05,West,Wholesale,2025-05-31,calendar_plan_v1_no_realized_demand,824,2915.77,794,797,2820.23
2025-06,SKU-06,Central,Convenience,2025-05-31,calendar_plan_v1_no_realized_demand,794,3506.3,764,756,3338.5
2025-06,SKU-06,Central,Ecommerce,2025-05-31,calendar_plan_v1_no_realized_demand,756,3338.5,726,726,3206.02
2025-06,SKU-06,Central,Grocery,2025-05-31,calendar_plan_v1_no_realized_demand,1307,5771.71,1247,1231,5436.1
2025-06,SKU-06,Central,Wholesale,2025-05-31,calendar_plan_v1_no_realized_demand,1127,4976.83,1089,1089,4809.02
2025-06,SKU-06,North,Convenience,2025-05-31,calendar_plan_v1_no_realized_demand,756,3505.42,726,720,3338.5
2025-06,SKU-06,North,Ecommerce,2025-05-31,calendar_plan_v1_no_realized_demand,696,3227.21,666,660,3060.29
2025-06,SKU-06,North,Grocery,2025-05-31,calendar_plan_v1_no_realized_demand,1212,5619.8,1157,1165,5401.87
2025-06,SKU-06,North,Wholesale,2025-05-31,calendar_plan_v1_no_realized_demand,1030,4775.9,1000,997,4622.89
2025-06,SKU-06,South,Convenience,2025-05-31,calendar_plan_v1_no_realized_demand,641,2660.82,611,617,2561.19
2025-06,SKU-06,South,Ecommerce,2025-05-31,calendar_plan_v1_no_realized_demand,611,2536.29,688,684,2839.31
2025-06,SKU-06,South,Grocery,2025-05-31,calendar_plan_v1_no_realized_demand,1031,4279.72,1001,995,4130.28
2025-06,SKU-06,South,Wholesale,2025-05-31,calendar_plan_v1_no_realized_demand,905,3756.69,875,882,3661.22
2025-06,SKU-06,West,Convenience,2025-05-31,calendar_plan_v1_no_realized_demand,551,2360.22,521,521,2231.71
2025-06,SKU-06,West,Ecommerce,2025-05-31,calendar_plan_v1_no_realized_demand,521,2231.71,491,493,2111.78
2025-06,SKU-06,West,Grocery,2025-05-31,calendar_plan_v1_no_realized_demand,884,3786.63,854,852,3649.56
2025-06,SKU-06,West,Wholesale,2025-05-31,calendar_plan_v1_no_realized_demand,764,3272.61,734,734,3144.1
2025-06,SKU-07,Central,Convenience,2025-05-31,calendar_plan_v1_no_realized_demand,726,2927.23,800,802,3233.66
2025-06,SKU-07,Central,Ecommerce,2025-05-31,calendar_plan_v1_no_realized_demand,696,2806.27,666,660,2661.12
2025-06,SKU-07,Central,Grocery,2025-05-31,calendar_plan_v1_no_realized_demand,1184,4773.89,1138,1136,4580.35
2025-06,SKU-07,Central,Wholesale,2025-05-31,calendar_plan_v1_no_realized_demand,1012,4080.38,1102,1099,4431.17
2025-06,SKU-07,North,Convenience,2025-05-31,calendar_plan_v1_no_realized_demand,679,2874.61,649,651,2756.07
2025-06,SKU-07,North,Ecommerce,2025-05-31,calendar_plan_v1_no_realized_demand,636,2692.57,606,594,2514.76
2025-06,SKU-07,North,Grocery,2025-05-31,calendar_plan_v1_no_realized_demand,1097,4644.26,1059,1076,4555.35
2025-06,SKU-07,North,Wholesale,2025-05-31,calendar_plan_v1_no_realized_demand,944,3996.52,914,927,3924.55
2025-06,SKU-07,South,Convenience,2025-05-31,calendar_plan_v1_no_realized_demand,598,2266.47,568,565,2141.4
2025-06,SKU-07,South,Ecommerce,2025-05-31,calendar_plan_v1_no_realized_demand,551,2088.33,521,515,1951.89
2025-06,SKU-07,South,Grocery,2025-05-31,calendar_plan_v1_no_realized_demand,944,3577.84,914,913,3460.34
2025-06,SKU-07,South,Wholesale,2025-05-31,calendar_plan_v1_no_realized_demand,824,3123.03,794,802,3039.64
2025-06,SKU-07,West,Convenience,2025-05-31,calendar_plan_v1_no_realized_demand,508,1986.81,478,481,1881.21
2025-06,SKU-07,West,Ecommerce,2025-05-31,calendar_plan_v1_no_realized_demand,478,1869.48,448,448,1752.15
2025-06,SKU-07,West,Grocery,2025-05-31,calendar_plan_v1_no_realized_demand,794,3105.37,764,761,2976.3
2025-06,SKU-07,West,Wholesale,2025-05-31,calendar_plan_v1_no_realized_demand,696,2722.08,666,667,2608.66
2025-06,SKU-08,Central,Convenience,2025-05-31,calendar_plan_v1_no_realized_demand,666,3132.86,636,639,3005.86
2025-06,SKU-08,Central,Ecommerce,2025-05-31,calendar_plan_v1_no_realized_demand,611,2874.14,581,590,2775.36
2025-06,SKU-08,Central,Grocery,2025-05-31,calendar_plan_v1_no_realized_demand,1059,4981.54,1029,1037,4878.05
2025-06,SKU-08,Central,Wholesale,2025-05-31,calendar_plan_v1_no_realized_demand,914,4299.46,884,884,4158.34
2025-06,SKU-08,North,Convenience,2025-05-31,calendar_plan_v1_no_realized_demand,611,3017.85,581,580,2864.74
2025-06,SKU-08,North,Ecommerce,2025-05-31,calendar_plan_v1_no_realized_demand,581,2869.68,551,554,2736.32
2025-06,SKU-08,North,Grocery,2025-05-31,calendar_plan_v1_no_realized_demand,978,4830.54,948,950,4692.24
2025-06,SKU-08,North,Wholesale,2025-05-31,calendar_plan_v1_no_realized_demand,854,4218.08,824,817,4035.33
2025-06,SKU-08,South,Convenience,2025-05-31,calendar_plan_v1_no_realized_demand,538,2378.91,508,504,2228.57
2025-06,SKU-08,South,Ecommerce,2025-05-31,calendar_plan_v1_no_realized_demand,508,2246.25,478,479,2118.02
2025-06,SKU-08,South,Grocery,2025-05-31,calendar_plan_v1_no_realized_demand,854,3776.18,824,816,3608.16
2025-06,SKU-08,South,Wholesale,2025-05-31,calendar_plan_v1_no_realized_demand,739,3267.68,709,713,3152.71
2025-06,SKU-08,West,Convenience,2025-05-31,calendar_plan_v1_no_realized_demand,455,2076.11,425,429,1957.48
2025-06,SKU-08,West,Ecommerce,2025-05-31,calendar_plan_v1_no_realized_demand,419,1911.85,394,389,1774.96
2025-06,SKU-08,West,Grocery,2025-05-31,calendar_plan_v1_no_realized_demand,726,3312.65,696,691,3152.95
2025-06,SKU-08,West,Wholesale,2025-05-31,calendar_plan_v1_no_realized_demand,636,2901.99,687,690,3148.39
2025-06,SKU-09,Central,Convenience,2025-05-31,calendar_plan_v1_no_realized_demand,1640,2676.48,1580,1568,2558.98
2025-06,SKU-09,Central,Ecommerce,2025-05-31,calendar_plan_v1_no_realized_demand,1544,2519.81,1484,1490,2431.68
2025-06,SKU-09,Central,Grocery,2025-05-31,calendar_plan_v1_no_realized_demand,2660,4341.12,2562,2568,4190.98
2025-06,SKU-09,Central,Wholesale,2025-05-31,calendar_plan_v1_no_realized_demand,2306,3763.39,2216,2198,3587.14
2025-06,SKU-09,North,Convenience,2025-05-31,calendar_plan_v1_no_realized_demand,1520,2604.67,1460,1457,2496.72
2025-06,SKU-09,North,Ecommerce,2025-05-31,calendar_plan_v1_no_realized_demand,1434,2457.3,1374,1388,2378.48
2025-06,SKU-09,North,Grocery,2025-05-31,calendar_plan_v1_no_realized_demand,2465,4224.02,2375,2410,4129.78
2025-06,SKU-09,North,Wholesale,2025-05-31,calendar_plan_v1_no_realized_demand,2147,3679.1,2062,2066,3540.3
2025-06,SKU-09,South,Convenience,2025-05-31,calendar_plan_v1_no_realized_demand,1332,2043.39,1272,1281,1965.16
2025-06,SKU-09,South,Ecommerce,2025-05-31,calendar_plan_v1_no_realized_demand,1242,1905.33,1187,1201,1842.43
2025-06,SKU-09,South,Grocery,2025-05-31,calendar_plan_v1_no_realized_demand,2149,3296.74,2064,2057,3155.6
2025-06,SKU-09,South,Wholesale,2025-05-31,calendar_plan_v1_no_realized_demand,1849,2836.51,1781,1771,2716.86
2025-06,SKU-09,West,Convenience,2025-05-31,calendar_plan_v1_no_realized_demand,1105,1749.26,1067,1050,1662.19
2025-06,SKU-09,West,Ecommerce,2025-05-31,calendar_plan_v1_no_realized_demand,1029,1628.95,999,995,1575.12
2025-06,SKU-09,West,Grocery,2025-05-31,calendar_plan_v1_no_realized_demand,1805,2857.39,1737,1729,2737.08
2025-06,SKU-09,West,Wholesale,2025-05-31,calendar_plan_v1_no_realized_demand,1550,2453.71,1490,1500,2374.56
2025-06,SKU-10,Central,Convenience,2025-05-31,calendar_plan_v1_no_realized_demand,1127,3137.57,1089,1092,3040.13
2025-06,SKU-10,Central,Ecommerce,2025-05-31,calendar_plan_v1_no_realized_demand,1047,2914.85,1017,1015,2825.76
2025-06,SKU-10,Central,Grocery,2025-05-31,calendar_plan_v1_no_realized_demand,1833,5103.07,1765,1811,5041.82
2025-06,SKU-10,Central,Wholesale,2025-05-31,calendar_plan_v1_no_realized_demand,1580,4398.72,1520,1521,4234.46
2025-06,SKU-10,North,Convenience,2025-05-31,calendar_plan_v1_no_realized_demand,1042,3045.97,1012,1025,2996.28
2025-06,SKU-10,North,Ecommerce,2025-05-31,calendar_plan_v1_no_realized_demand,974,2847.2,944,941,2750.73
2025-06,SKU-10,North,Grocery,2025-05-31,calendar_plan_v1_no_realized_demand,1700,4969.44,1640,1651,4826.2
2025-06,SKU-10,North,Wholesale,2025-05-31,calendar_plan_v1_no_realized_demand,1482,4332.18,1422,1428,4174.33
2025-06,SKU-10,South,Convenience,2025-05-31,calendar_plan_v1_no_realized_demand,909,2378.82,1041,1041,2724.26
2025-06,SKU-10,South,Ecommerce,2025-05-31,calendar_plan_v1_no_realized_demand,854,2234.88,824,814,2130.21
2025-06,SKU-10,South,Grocery,2025-05-31,calendar_plan_v1_no_realized_demand,1482,3878.33,1422,1412,3695.15
2025-06,SKU-10,South,Wholesale,2025-05-31,calendar_plan_v1_no_realized_demand,1272,3328.77,1217,1226,3208.39
2025-06,SKU-10,West,Convenience,2025-05-31,calendar_plan_v1_no_realized_demand,764,2063.17,734,728,1965.95
2025-06,SKU-10,West,Ecommerce,2025-05-31,calendar_plan_v1_no_realized_demand,726,1960.55,696,694,1874.13
2025-06,SKU-10,West,Grocery,2025-05-31,calendar_plan_v1_no_realized_demand,1242,3354.0,1187,1167,3151.46
2025-06,SKU-10,West,Wholesale,2025-05-31,calendar_plan_v1_no_realized_demand,1059,2859.81,1029,1024,2765.29
2025-06,SKU-11,Central,Convenience,2025-05-31,calendar_plan_v1_no_realized_demand,974,3085.63,944,940,2977.92
2025-06,SKU-11,Central,Ecommerce,2025-05-31,calendar_plan_v1_no_realized_demand,914,2895.55,884,889,2816.35
2025-06,SKU-11,Central,Grocery,2025-05-31,calendar_plan_v1_no_realized_demand,1610,5100.48,1550,1561,4945.25
2025-06,SKU-11,Central,Wholesale,2025-05-31,calendar_plan_v1_no_realized_demand,1392,4409.86,1332,1340,4245.12
2025-06,SKU-11,North,Convenience,2025-05-31,calendar_plan_v1_no_realized_demand,914,3040.33,884,876,2913.93
2025-06,SKU-11,North,Ecommerce,2025-05-31,calendar_plan_v1_no_realized_demand,854,2840.75,824,829,2757.59
2025-06,SKU-11,North,Grocery,2025-05-31,calendar_plan_v1_no_realized_demand,1490,4956.34,1430,1442,4796.67
2025-06,SKU-11,North,Wholesale,2025-05-31,calendar_plan_v1_no_realized_demand,1297,4314.34,1242,1245,4141.37
2025-06,SKU-11,South,Convenience,2025-05-31,calendar_plan_v1_no_realized_demand,794,2364.47,764,767,2284.06
2025-06,SKU-11,South,Ecommerce,2025-05-31,calendar_plan_v1_no_realized_demand,739,2200.68,709,718,2138.15
2025-06,SKU-11,South,Grocery,2025-05-31,calendar_plan_v1_no_realized_demand,1297,3862.36,1242,1250,3722.4
2025-06,SKU-11,South,Wholesale,2025-05-31,calendar_plan_v1_no_realized_demand,1105,3290.6,1067,1072,3192.33
2025-06,SKU-11,West,Convenience,2025-05-31,calendar_plan_v1_no_realized_demand,666,2046.59,636,642,1972.84
2025-06,SKU-11,West,Ecommerce,2025-05-31,calendar_plan_v1_no_realized_demand,636,1954.4,800,814,2501.39
2025-06,SKU-11,West,Grocery,2025-05-31,calendar_plan_v1_no_realized_demand,1079,3315.72,1041,1054,3238.9
2025-06,SKU-11,West,Wholesale,2025-05-31,calendar_plan_v1_no_realized_demand,939,2885.51,909,911,2799.47
2025-06,SKU-12,Central,Convenience,2025-05-31,calendar_plan_v1_no_realized_demand,914,3158.78,884,882,3048.19
2025-06,SKU-12,Central,Ecommerce,2025-05-31,calendar_plan_v1_no_realized_demand,854,2951.42,824,806,2785.54
2025-06,SKU-12,Central,Grocery,2025-05-31,calendar_plan_v1_no_realized_demand,1490,5149.44,1430,1423,4917.89
2025-06,SKU-12,Central,Wholesale,2025-05-31,calendar_plan_v1_no_realized_demand,1288,4451.33,1233,1219,4212.86
2025-06,SKU-12,North,Convenience,2025-05-31,calendar_plan_v1_no_realized_demand,852,3091.74,822,821,2979.24
2025-06,SKU-12,North,Ecommerce,2025-05-31,calendar_plan_v1_no_realized_demand,794,2881.27,764,776,2815.95
2025-06,SKU-12,North,Grocery,2025-05-31,calendar_plan_v1_no_realized_demand,1389,5040.4,1329,1314,4768.24
2025-06,SKU-12,North,Wholesale,2025-05-31,calendar_plan_v1_no_realized_demand,1204,4369.08,1149,1134,4115.06
2025-06,SKU-12,South,Convenience,2025-05-31,calendar_plan_v1_no_realized_demand,732,2378.0,702,704,2287.04
2025-06,SKU-12,South,Ecommerce,2025-05-31,calendar_plan_v1_no_realized_demand,696,2261.05,666,673,2186.33
2025-06,SKU-12,South,Grocery,2025-05-31,calendar_plan_v1_no_realized_demand,1204,3911.36,1149,1148,3729.44
2025-06,SKU-12,South,Wholesale,2025-05-31,calendar_plan_v1_no_realized_demand,1025,3329.86,995,1016,3300.62
2025-06,SKU-12,West,Convenience,2025-05-31,calendar_plan_v1_no_realized_demand,634,2125.37,604,606,2031.51
2025-06,SKU-12,West,Ecommerce,2025-05-31,calendar_plan_v1_no_realized_demand,581,1947.7,551,550,1843.78
2025-06,SKU-12,West,Grocery,2025-05-31,calendar_plan_v1_no_realized_demand,999,3348.97,969,957,3208.17
2025-06,SKU-12,West,Wholesale,2025-05-31,calendar_plan_v1_no_realized_demand,854,2862.88,824,822,2755.61
2025-06,SKU-13,Central,Convenience,2025-05-31,calendar_plan_v1_no_realized_demand,841,2583.55,811,799,2454.53
2025-06,SKU-13,Central,Ecommerce,2025-05-31,calendar_plan_v1_no_realized_demand,786,2414.59,756,756,2322.43
2025-06,SKU-13,Central,Grocery,2025-05-31,calendar_plan_v1_no_realized_demand,1368,4202.5,1308,1318,4048.9
2025-06,SKU-13,Central,Wholesale,2025-05-31,calendar_plan_v1_no_realized_demand,1165,3578.88,1127,1113,3419.14
2025-06,SKU-13,North,Convenience,2025-05-31,calendar_plan_v1_no_realized_demand,786,2535.32,756,751,2422.43
2025-06,SKU-13,North,Ecommerce,2025-05-31,calendar_plan_v1_no_realized_demand,726,2341.79,696,706,2277.27
2025-06,SKU-13,North,Grocery,2025-05-31,calendar_plan_v1_no_realized_demand,1272,4102.96,1217,1212,3909.43
2025-06,SKU-13,North,Wholesale,2025-05-31,calendar_plan_v1_no_realized_demand,1097,3538.48,1059,1072,3457.84
2025-06,SKU-13,South,Convenience,2025-05-31,calendar_plan_v1_no_realized_demand,672,1940.52,642,636,1836.56
2025-06,SKU-13,South,Ecommerce,2025-05-31,calendar_plan_v1_no_realized_demand,636,1836.56,606,599,1729.72
2025-06,SKU-13,South,Grocery,2025-05-31,calendar_plan_v1_no_realized_demand,1097,3167.78,1059,1059,3058.05
2025-06,SKU-13,South,Wholesale,2025-05-31,calendar_plan_v1_no_realized_demand,943,2723.08,913,911,2630.68
2025-06,SKU-13,West,Convenience,2025-05-31,calendar_plan_v1_no_realized_demand,581,1731.29,551,557,1659.77
2025-06,SKU-13,West,Ecommerce,2025-05-31,calendar_plan_v1_no_realized_demand,543,1618.05,513,514,1531.64
2025-06,SKU-13,West,Grocery,2025-05-31,calendar_plan_v1_no_realized_demand,914,2723.57,884,875,2607.36
2025-06,SKU-13,West,Wholesale,2025-05-31,calendar_plan_v1_no_realized_demand,794,2365.99,764,771,2297.46
2025-06,SKU-14,Central,Convenience,2025-05-31,calendar_plan_v1_no_realized_demand,696,2472.19,666,650,2308.8
2025-06,SKU-14,Central,Ecommerce,2025-05-31,calendar_plan_v1_no_realized_demand,662,2351.42,632,627,2227.1
2025-06,SKU-14,Central,Grocery,2025-05-31,calendar_plan_v1_no_realized_demand,1127,4003.1,1089,1092,3878.78
2025-06,SKU-14,Central,Wholesale,2025-05-31,calendar_plan_v1_no_realized_demand,969,3441.89,939,933,3314.02
2025-06,SKU-14,North,Convenience,2025-05-31,calendar_plan_v1_no_realized_demand,641,2390.67,611,605,2256.41
2025-06,SKU-14,North,Ecommerce,2025-05-31,calendar_plan_v1_no_realized_demand,611,2278.79,581,581,2166.9
2025-06,SKU-14,North,Grocery,2025-05-31,calendar_plan_v1_no_realized_demand,1030,3841.49,1000,1004,3744.52
2025-06,SKU-14,North,Wholesale,2025-05-31,calendar_plan_v1_no_realized_demand,902,3364.1,872,880,3282.05
2025-06,SKU-14,South,Convenience,2025-05-31,calendar_plan_v1_no_realized_demand,568,1896.48,538,538,1796.32
2025-06,SKU-14,South,Ecommerce,2025-05-31,calendar_plan_v1_no_realized_demand,522,1742.9,492,497,1659.42
2025-06,SKU-14,South,Grocery,2025-05-31,calendar_plan_v1_no_realized_demand,903,3015.01,873,886,2958.25
2025-06,SKU-14,South,Wholesale,2025-05-31,calendar_plan_v1_no_realized_demand,786,2624.36,756,758,2530.87
2025-06,SKU-14,West,Convenience,2025-05-31,calendar_plan_v1_no_realized_demand,483,1664.15,453,458,1578.01
2025-06,SKU-14,West,Ecommerce,2025-05-31,calendar_plan_v1_no_realized_demand,453,1560.78,423,420,1447.08
2025-06,SKU-14,West,Grocery,2025-05-31,calendar_plan_v1_no_realized_demand,764,2632.32,734,738,2542.73
2025-06,SKU-14,West,Wholesale,2025-05-31,calendar_plan_v1_no_realized_demand,666,2294.66,636,639,2201.64
2025-06,SKU-15,Central,Convenience,2025-05-31,calendar_plan_v1_no_realized_demand,636,2686.46,606,605,2555.52
2025-06,SKU-15,Central,Ecommerce,2025-05-31,calendar_plan_v1_no_realized_demand,581,2454.14,551,552,2331.65
2025-06,SKU-15,Central,Grocery,2025-05-31,calendar_plan_v1_no_realized_demand,999,4219.78,969,974,4114.18
2025-06,SKU-15,Central,Wholesale,2025-05-31,calendar_plan_v1_no_realized_demand,870,3674.88,840,838,3539.71
2025-06,SKU-15,North,Convenience,2025-05-31,calendar_plan_v1_no_realized_demand,581,2576.85,551,546,2421.62
2025-06,SKU-15,North,Ecommerce,2025-05-31,calendar_plan_v1_no_realized_demand,551,2443.8,521,528,2341.79
2025-06,SKU-15,North,Grocery,2025-05-31,calendar_plan_v1_no_realized_demand,939,4164.65,909,914,4053.77
2025-06,SKU-15,North,Wholesale,2025-05-31,calendar_plan_v1_no_realized_demand,816,3619.12,786,789,3499.37
2025-06,SKU-15,South,Convenience,2025-05-31,calendar_plan_v1_no_realized_demand,511,2028.96,481,479,1901.9
2025-06,SKU-15,South,Ecommerce,2025-05-31,calendar_plan_v1_no_realized_demand,483,1917.78,453,448,1778.81
2025-06,SKU-15,South,Grocery,2025-05-31,calendar_plan_v1_no_realized_demand,816,3239.98,786,781,3101.01
2025-06,SKU-15,South,Wholesale,2025-05-31,calendar_plan_v1_no_realized_demand,696,2763.51,666,669,2656.3
2025-06,SKU-15,West,Convenience,2025-05-31,calendar_plan_v1_no_realized_demand,426,1745.44,401,400,1638.91
2025-06,SKU-15,West,Ecommerce,2025-05-31,calendar_plan_v1_no_realized_demand,379,1552.87,371,362,1483.22
2025-06,SKU-15,West,Grocery,2025-05-31,calendar_plan_v1_no_realized_demand,696,2851.71,666,662,2712.4
2025-06,SKU-15,West,Wholesale,2025-05-31,calendar_plan_v1_no_realized_demand,604,2474.76,574,580,2376.42
2025-06,SKU-16,Central,Convenience,2025-05-31,calendar_plan_v1_no_realized_demand,764,2273.66,734,740,2202.24
2025-06,SKU-16,Central,Ecommerce,2025-05-31,calendar_plan_v1_no_realized_demand,726,2160.58,696,702,2089.15
2025-06,SKU-16,Central,Grocery,2025-05-31,calendar_plan_v1_no_realized_demand,1242,3696.19,1187,1200,3571.2
2025-06,SKU-16,Central,Wholesale,2025-05-31,calendar_plan_v1_no_realized_demand,1059,3151.58,1029,1018,3029.57
2025-06,SKU-16,North,Convenience,2025-05-31,calendar_plan_v1_no_realized_demand,726,2268.6,696,693,2165.49
2025-06,SKU-16,North,Ecommerce,2025-05-31,calendar_plan_v1_no_realized_demand,666,2081.12,636,644,2012.37
2025-06,SKU-16,North,Grocery,2025-05-31,calendar_plan_v1_no_realized_demand,1157,3615.39,1119,1129,3527.9
2025-06,SKU-16,North,Wholesale,2025-05-31,calendar_plan_v1_no_realized_demand,999,3121.68,969,959,2996.68
2025-06,SKU-16,South,Convenience,2025-05-31,calendar_plan_v1_no_realized_demand,614,1717.63,584,587,1642.1
2025-06,SKU-16,South,Ecommerce,2025-05-31,calendar_plan_v1_no_realized_demand,581,1625.31,551,552,1544.19
2025-06,SKU-16,South,Grocery,2025-05-31,calendar_plan_v1_no_realized_demand,999,2794.64,969,969,2710.72
2025-06,SKU-16,South,Wholesale,2025-05-31,calendar_plan_v1_no_realized_demand,854,2389.01,824,839,2347.05
2025-06,SKU-16,West,Convenience,2025-05-31,calendar_plan_v1_no_realized_demand,521,1503.98,491,495,1428.93
2025-06,SKU-16,West,Ecommerce,2025-05-31,calendar_plan_v1_no_realized_demand,491,1417.38,461,454,1310.57
2025-06,SKU-16,West,Grocery,2025-05-31,calendar_plan_v1_no_realized_demand,845,2439.28,815,811,2341.13
2025-06,SKU-16,West,Wholesale,2025-05-31,calendar_plan_v1_no_realized_demand,726,2095.76,696,694,2003.38
2025-07,SKU-01,Central,Convenience,2025-06-30,calendar_plan_v1_no_realized_demand,1485,3136.32,1723,1704,3598.85
2025-07,SKU-01,Central,Ecommerce,2025-06-30,calendar_plan_v1_no_realized_demand,1390,2935.68,1328,1334,2817.41
2025-07,SKU-01,Central,Grocery,2025-06-30,calendar_plan_v1_no_realized_demand,2406,5081.47,2313,2304,4866.05
2025-07,SKU-01,Central,Wholesale,2025-06-30,calendar_plan_v1_no_realized_demand,2084,4401.41,1995,1992,4207.1
2025-07,SKU-01,North,Convenience,2025-06-30,calendar_plan_v1_no_realized_demand,1384,3069.16,1322,1326,2940.54
2025-07,SKU-01,North,Ecommerce,2025-06-30,calendar_plan_v1_no_realized_demand,1287,2854.05,1229,1226,2718.78
2025-07,SKU-01,North,Grocery,2025-06-30,calendar_plan_v1_no_realized_demand,2237,4960.77,2144,2127,4716.84
2025-07,SKU-01,North,Wholesale,2025-06-30,calendar_plan_v1_no_realized_demand,1927,4273.32,1857,1835,4069.3
2025-07,SKU-01,South,Convenience,2025-06-30,calendar_plan_v1_no_realized_demand,1175,2332.7,1136,1144,2271.16
2025-07,SKU-01,South,Ecommerce,2025-06-30,calendar_plan_v1_no_realized_demand,1097,2177.85,1066,1050,2084.54
2025-07,SKU-01,South,Grocery,2025-06-30,calendar_plan_v1_no_realized_demand,1927,3825.63,1857,1828,3629.09
2025-07,SKU-01,South,Wholesale,2025-06-30,calendar_plan_v1_no_realized_demand,1667,3309.46,1605,1587,3150.64
2025-07,SKU-01,West,Convenience,2025-06-30,calendar_plan_v1_no_realized_demand,1004,2056.83,973,969,1985.13
2025-07,SKU-01,West,Ecommerce,2025-06-30,calendar_plan_v1_no_realized_demand,938,1921.62,907,899,1841.73
2025-07,SKU-01,West,Grocery,2025-06-30,calendar_plan_v1_no_realized_demand,1636,3351.58,1574,1564,3204.07
2025-07,SKU-01,West,Wholesale,2025-06-30,calendar_plan_v1_no_realized_demand,1414,2896.78,1352,1345,2755.42
2025-07,SKU-02,Central,Convenience,2025-06-30,calendar_plan_v1_no_realized_demand,1735,2998.08,1673,1667,2880.58
2025-07,SKU-02,Central,Ecommerce,2025-06-30,calendar_plan_v1_no_realized_demand,1636,2827.01,1574,1562,2699.14
2025-07,SKU-02,Central,Grocery,2025-06-30,calendar_plan_v1_no_realized_demand,2817,4867.78,2716,2712,4686.34
2025-07,SKU-02,Central,Wholesale,2025-06-30,calendar_plan_v1_no_realized_demand,2450,4233.6,2357,2386,4123.01
2025-07,SKU-02,North,Convenience,2025-06-30,calendar_plan_v1_no_realized_demand,1611,2923.0,1549,1550,2812.32
2025-07,SKU-02,North,Ecommerce,2025-06-30,calendar_plan_v1_no_realized_demand,1516,2750.63,1454,1446,2623.62
2025-07,SKU-02,North,Grocery,2025-06-30,calendar_plan_v1_no_realized_demand,2621,4755.54,2520,2484,4506.97
2025-07,SKU-02,North,Wholesale,2025-06-30,calendar_plan_v1_no_realized_demand,2268,4115.06,2175,2174,3944.51
2025-07,SKU-02,South,Convenience,2025-06-30,calendar_plan_v1_no_realized_demand,1411,2291.92,1349,1353,2197.7
2025-07,SKU-02,South,Ecommerce,2025-06-30,calendar_plan_v1_no_realized_demand,1318,2140.85,1260,1263,2051.52
2025-07,SKU-02,South,Grocery,2025-06-30,calendar_plan_v1_no_realized_demand,2270,3687.21,2177,2179,3539.39
2025-07,SKU-02,South,Wholesale,2025-06-30,calendar_plan_v1_no_realized_demand,1958,3180.42,1888,1890,3069.96
2025-07,SKU-02,West,Convenience,2025-06-30,calendar_plan_v1_no_realized_demand,1175,1969.49,1136,1129,1892.38
2025-07,SKU-02,West,Ecommerce,2025-06-30,calendar_plan_v1_no_realized_demand,1097,1838.75,1066,1059,1775.05
2025-07,SKU-02,West,Grocery,2025-06-30,calendar_plan_v1_no_realized_demand,1911,3203.14,1841,1845,3092.52
2025-07,SKU-02,West,Wholesale,2025-06-30,calendar_plan_v1_no_realized_demand,1661,2784.1,1599,1595,2673.48
2025-07,SKU-03,Central,Convenience,2025-06-30,calendar_plan_v1_no_realized_demand,1206,3010.18,1167,1173,2927.81
2025-07,SKU-03,Central,Ecommerce,2025-06-30,calendar_plan_v1_no_realized_demand,1136,2835.46,1097,1096,2735.62
2025-07,SKU-03,Central,Grocery,2025-06-30,calendar_plan_v1_no_realized_demand,1975,4929.6,1905,1904,4752.38
2025-07,SKU-03,Central,Wholesale,2025-06-30,calendar_plan_v1_no_realized_demand,1701,4245.7,1639,1643,4100.93
2025-07,SKU-03,North,Convenience,2025-06-30,calendar_plan_v1_no_realized_demand,1136,2977.23,1097,1102,2888.12
2025-07,SKU-03,North,Ecommerce,2025-06-30,calendar_plan_v1_no_realized_demand,1047,2743.98,1016,1012,2652.25
2025-07,SKU-03,North,Grocery,2025-06-30,calendar_plan_v1_no_realized_demand,1830,4796.06,1768,1740,4560.19
2025-07,SKU-03,North,Wholesale,2025-06-30,calendar_plan_v1_no_realized_demand,1594,4177.56,1532,1527,4001.96
2025-07,SKU-03,South,Convenience,2025-06-30,calendar_plan_v1_no_realized_demand,977,2292.28,946,940,2205.47
2025-07,SKU-03,South,Ecommerce,2025-06-30,calendar_plan_v1_no_realized_demand,915,2146.81,884,881,2067.04
2025-07,SKU-03,South,Grocery,2025-06-30,calendar_plan_v1_no_realized_demand,1596,3744.6,1534,1529,3587.4
2025-07,SKU-03,South,Wholesale,2025-06-30,calendar_plan_v1_no_realized_demand,1384,3247.2,1322,1311,3075.92
2025-07,SKU-03,West,Convenience,2025-06-30,calendar_plan_v1_no_realized_demand,822,1990.16,791,794,1922.37
2025-07,SKU-03,West,Ecommerce,2025-06-30,calendar_plan_v1_no_realized_demand,783,1895.74,752,750,1815.84
2025-07,SKU-03,West,Grocery,2025-06-30,calendar_plan_v1_no_realized_demand,1353,3275.78,1291,1285,3111.14
2025-07,SKU-03,West,Wholesale,2025-06-30,calendar_plan_v1_no_realized_demand,1148,2779.45,1109,1112,2692.29
2025-07,SKU-04,Central,Convenience,2025-06-30,calendar_plan_v1_no_realized_demand,1136,2944.51,1097,1097,2843.42
2025-07,SKU-04,Central,Ecommerce,2025-06-30,calendar_plan_v1_no_realized_demand,1047,2713.82,1016,1024,2654.21
2025-07,SKU-04,Central,Grocery,2025-06-30,calendar_plan_v1_no_realized_demand,1830,4743.36,1768,1769,4585.25
2025-07,SKU-04,Central,Wholesale,2025-06-30,calendar_plan_v1_no_realized_demand,1590,4121.28,1528,1531,3968.35
2025-07,SKU-04,North,Convenience,2025-06-30,calendar_plan_v1_no_realized_demand,1039,2827.74,1008,1015,2762.42
2025-07,SKU-04,North,Ecommerce,2025-06-30,calendar_plan_v1_no_realized_demand,977,2659.0,946,955,2599.13
2025-07,SKU-04,North,Grocery,2025-06-30,calendar_plan_v1_no_realized_demand,1698,4621.28,1636,1644,4474.31
2025-07,SKU-04,North,Wholesale,2025-06-30,calendar_plan_v1_no_realized_demand,1483,4036.13,1421,1414,3848.34
2025-07,SKU-04,South,Convenience,2025-06-30,calendar_plan_v1_no_realized_demand,915,2229.38,884,878,2139.23
2025-07,SKU-04,South,Ecommerce,2025-06-30,calendar_plan_v1_no_realized_demand,853,2078.32,822,822,2002.79
2025-07,SKU-04,South,Grocery,2025-06-30,calendar_plan_v1_no_realized_demand,1483,3613.3,1421,1425,3471.98
2025-07,SKU-04,South,Wholesale,2025-06-30,calendar_plan_v1_no_realized_demand,1287,3135.75,1229,1241,3023.67
2025-07,SKU-04,West,Convenience,2025-06-30,calendar_plan_v1_no_realized_demand,764,1920.88,733,729,1832.88
2025-07,SKU-04,West,Ecommerce,2025-06-30,calendar_plan_v1_no_realized_demand,721,1812.77,690,695,1747.4
2025-07,SKU-04,West,Grocery,2025-06-30,calendar_plan_v1_no_realized_demand,1256,3157.89,1198,1206,3032.17
2025-07,SKU-04,West,Wholesale,2025-06-30,calendar_plan_v1_no_realized_demand,1066,2680.18,1035,1040,2614.81
2025-07,SKU-05,Central,Convenience,2025-06-30,calendar_plan_v1_no_realized_demand,943,3440.06,912,908,3312.38
2025-07,SKU-05,Central,Ecommerce,2025-06-30,calendar_plan_v1_no_realized_demand,884,3224.83,853,851,3104.45
2025-07,SKU-05,Central,Grocery,2025-06-30,calendar_plan_v1_no_realized_demand,1535,5599.68,1473,1463,5337.02
2025-07,SKU-05,Central,Wholesale,2025-06-30,calendar_plan_v1_no_realized_demand,1318,4808.06,1260,1253,4570.94
2025-07,SKU-05,North,Convenience,2025-06-30,calendar_plan_v1_no_realized_demand,876,3355.43,845,847,3244.35
2025-07,SKU-05,North,Ecommerce,2025-06-30,calendar_plan_v1_no_realized_demand,818,3133.27,787,789,3022.19
2025-07,SKU-05,North,Grocery,2025-06-30,calendar_plan_v1_no_realized_demand,1423,5450.66,1361,1352,5178.7
2025-07,SKU-05,North,Wholesale,2025-06-30,calendar_plan_v1_no_realized_demand,1224,4688.41,1177,1176,4504.55
2025-07,SKU-05,South,Convenience,2025-06-30,calendar_plan_v1_no_realized_demand,752,2578.7,721,724,2482.68
2025-07,SKU-05,South,Ecommerce,2025-06-30,calendar_plan_v1_no_realized_demand,721,2472.4,690,692,2372.95
2025-07,SKU-05,South,Grocery,2025-06-30,calendar_plan_v1_no_realized_demand,1231,4221.25,1181,1183,4056.65
2025-07,SKU-05,South,Wholesale,2025-06-30,calendar_plan_v1_no_realized_demand,1047,3590.29,1016,1033,3542.28
2025-07,SKU-05,West,Convenience,2025-06-30,calendar_plan_v1_no_realized_demand,636,2250.52,605,605,2140.83
2025-07,SKU-05,West,Ecommerce,2025-06-30,calendar_plan_v1_no_realized_demand,601,2126.67,570,568,2009.9
2025-07,SKU-05,West,Grocery,2025-06-30,calendar_plan_v1_no_realized_demand,1035,3662.41,1004,1011,3577.48
2025-07,SKU-05,West,Wholesale,2025-06-30,calendar_plan_v1_no_realized_demand,884,3128.09,853,858,3036.08
2025-07,SKU-06,Central,Convenience,2025-06-30,calendar_plan_v1_no_realized_demand,853,3766.85,972,974,4301.18
2025-07,SKU-06,Central,Ecommerce,2025-06-30,calendar_plan_v1_no_realized_demand,814,3594.62,783,792,3497.47
2025-07,SKU-06,Central,Grocery,2025-06-30,calendar_plan_v1_no_realized_demand,1411,6230.98,1349,1350,5961.6
2025-07,SKU-06,Central,Wholesale,2025-06-30,calendar_plan_v1_no_realized_demand,1206,5325.7,1167,1173,5179.97
2025-07,SKU-06,North,Convenience,2025-06-30,calendar_plan_v1_no_realized_demand,806,3737.26,775,776,3598.16
2025-07,SKU-06,North,Ecommerce,2025-06-30,calendar_plan_v1_no_realized_demand,752,3486.87,721,724,3357.04
2025-07,SKU-06,North,Grocery,2025-06-30,calendar_plan_v1_no_realized_demand,1318,6111.3,1260,1267,5874.83
2025-07,SKU-06,North,Wholesale,2025-06-30,calendar_plan_v1_no_realized_demand,1117,5179.31,1078,1064,4933.56
2025-07,SKU-06,South,Convenience,2025-06-30,calendar_plan_v1_no_realized_demand,691,2868.37,660,653,2710.63
2025-07,SKU-06,South,Ecommerce,2025-06-30,calendar_plan_v1_no_realized_demand,659,2735.54,628,616,2557.04
2025-07,SKU-06,South,Grocery,2025-06-30,calendar_plan_v1_no_realized_demand,1117,4636.71,1078,1074,4458.22
2025-07,SKU-06,South,Wholesale,2025-06-30,calendar_plan_v1_no_realized_demand,973,4038.96,942,943,3914.43
2025-07,SKU-06,West,Convenience,2025-06-30,calendar_plan_v1_no_realized_demand,597,2557.26,566,560,2398.77
2025-07,SKU-06,West,Ecommerce,2025-06-30,calendar_plan_v1_no_realized_demand,558,2390.2,527,526,2253.13
2025-07,SKU-06,West,Grocery,2025-06-30,calendar_plan_v1_no_realized_demand,946,4052.21,915,919,3936.55
2025-07,SKU-06,West,Wholesale,2025-06-30,calendar_plan_v1_no_realized_demand,822,3521.05,1015,1032,4420.59
2025-07,SKU-07,Central,Convenience,2025-06-30,calendar_plan_v1_no_realized_demand,783,3157.06,752,767,3092.54
2025-07,SKU-07,Central,Ecommerce,2025-06-30,calendar_plan_v1_no_realized_demand,733,2955.46,702,712,2870.78
2025-07,SKU-07,Central,Grocery,2025-06-30,calendar_plan_v1_no_realized_demand,1287,5189.18,1229,1229,4955.33
2025-07,SKU-07,Central,Wholesale,2025-06-30,calendar_plan_v1_no_realized_demand,1097,4423.1,1066,1038,4185.22
2025-07,SKU-07,North,Convenience,2025-06-30,calendar_plan_v1_no_realized_demand,727,3077.83,818,822,3480.02
2025-07,SKU-07,North,Ecommerce,2025-06-30,calendar_plan_v1_no_realized_demand,690,2921.18,659,662,2802.64
2025-07,SKU-07,North,Grocery,2025-06-30,calendar_plan_v1_no_realized_demand,1175,4974.48,1136,1152,4877.11
2025-07,SKU-07,North,Wholesale,2025-06-30,calendar_plan_v1_no_realized_demand,1008,4267.47,977,997,4220.9
2025-07,SKU-07,South,Convenience,2025-06-30,calendar_plan_v1_no_realized_demand,632,2395.33,601,596,2258.89
2025-07,SKU-07,South,Ecommerce,2025-06-30,calendar_plan_v1_no_realized_demand,601,2277.84,570,570,2160.35
2025-07,SKU-07,South,Grocery,2025-06-30,calendar_plan_v1_no_realized_demand,1008,3820.4,977,963,3649.85
2025-07,SKU-07,South,Wholesale,2025-06-30,calendar_plan_v1_no_realized_demand,884,3350.43,853,865,3278.42
2025-07,SKU-07,West,Convenience,2025-06-30,calendar_plan_v1_no_realized_demand,539,2108.05,553,552,2158.89
2025-07,SKU-07,West,Ecommerce,2025-06-30,calendar_plan_v1_no_realized_demand,508,1986.81,477,468,1830.37
2025-07,SKU-07,West,Grocery,2025-06-30,calendar_plan_v1_no_realized_demand,853,3336.12,822,827,3234.43
2025-07,SKU-07,West,Wholesale,2025-06-30,calendar_plan_v1_no_realized_demand,752,2941.1,721,729,2851.15
2025-07,SKU-08,Central,Convenience,2025-06-30,calendar_plan_v1_no_realized_demand,721,3391.58,690,695,3269.28
2025-07,SKU-08,Central,Ecommerce,2025-06-30,calendar_plan_v1_no_realized_demand,663,3118.75,632,637,2996.45
2025-07,SKU-08,Central,Grocery,2025-06-30,calendar_plan_v1_no_realized_demand,1142,5371.97,1103,1116,5249.66
2025-07,SKU-08,Central,Wholesale,2025-06-30,calendar_plan_v1_no_realized_demand,977,4595.81,946,941,4426.46
2025-07,SKU-08,North,Convenience,2025-06-30,calendar_plan_v1_no_realized_demand,659,3254.93,628,614,3032.67
2025-07,SKU-08,North,Ecommerce,2025-06-30,calendar_plan_v1_no_realized_demand,628,3101.82,597,601,2968.46
2025-07,SKU-08,North,Grocery,2025-06-30,calendar_plan_v1_no_realized_demand,1064,5255.31,1033,1035,5112.07
2025-07,SKU-08,North,Wholesale,2025-06-30,calendar_plan_v1_no_realized_demand,915,4519.37,884,887,4381.07
2025-07,SKU-08,South,Convenience,2025-06-30,calendar_plan_v1_no_realized_demand,570,2520.4,539,542,2396.59
2025-07,SKU-08,South,Ecommerce,2025-06-30,calendar_plan_v1_no_realized_demand,539,2383.33,508,512,2263.94
2025-07,SKU-08,South,Grocery,2025-06-30,calendar_plan_v1_no_realized_demand,915,4045.91,884,891,3939.79
2025-07,SKU-08,South,Wholesale,2025-06-30,calendar_plan_v1_no_realized_demand,791,3497.61,760,774,3422.44
2025-07,SKU-08,West,Convenience,2025-06-30,calendar_plan_v1_no_realized_demand,496,2263.19,465,463,2112.61
2025-07,SKU-08,West,Ecommerce,2025-06-30,calendar_plan_v1_no_realized_demand,469,2139.99,438,433,1975.73
2025-07,SKU-08,West,Grocery,2025-06-30,calendar_plan_v1_no_realized_demand,783,3572.74,752,752,3431.29
2025-07,SKU-08,West,Wholesale,2025-06-30,calendar_plan_v1_no_realized_demand,679,3098.2,648,649,2961.31
2025-07,SKU-09,Central,Convenience,2025-06-30,calendar_plan_v1_no_realized_demand,1760,2872.32,1698,1690,2758.08
2025-07,SKU-09,Central,Ecommerce,2025-06-30,calendar_plan_v1_no_realized_demand,1643,2681.38,1581,1572,2565.5
2025-07,SKU-09,Central,Grocery,2025-06-30,calendar_plan_v1_no_realized_demand,2873,4688.74,2758,2772,4523.9
2025-07,SKU-09,Central,Wholesale,2025-06-30,calendar_plan_v1_no_realized_demand,2481,4048.99,2388,2406,3926.59
2025-07,SKU-09,North,Convenience,2025-06-30,calendar_plan_v1_no_realized_demand,1636,2803.45,1574,1590,2724.62
2025-07,SKU-09,North,Ecommerce,2025-06-30,calendar_plan_v1_no_realized_demand,1541,2640.66,1479,1479,2534.41
2025-07,SKU-09,North,Grocery,2025-06-30,calendar_plan_v1_no_realized_demand,2656,4551.32,2555,2576,4414.23
2025-07,SKU-09,North,Wholesale,2025-06-30,calendar_plan_v1_no_realized_demand,2299,3939.57,2206,2209,3785.34
2025-07,SKU-09,South,Convenience,2025-06-30,calendar_plan_v1_no_realized_demand,1423,2183.0,1361,1375,2109.36
2025-07,SKU-09,South,Ecommerce,2025-06-30,calendar_plan_v1_no_realized_demand,1337,2051.06,1279,1263,1937.54
2025-07,SKU-09,South,Grocery,2025-06-30,calendar_plan_v1_no_realized_demand,2299,3526.85,2206,2207,3385.71
2025-07,SKU-09,South,Wholesale,2025-06-30,calendar_plan_v1_no_realized_demand,1989,3051.29,1919,1934,2966.91
2025-07,SKU-09,West,Convenience,2025-06-30,calendar_plan_v1_no_realized_demand,1193,1888.57,1154,1133,1793.58
2025-07,SKU-09,West,Ecommerce,2025-06-30,calendar_plan_v1_no_realized_demand,1113,1761.92,1074,1084,1716.02
2025-07,SKU-09,West,Grocery,2025-06-30,calendar_plan_v1_no_realized_demand,1931,3056.85,1861,1865,2952.37
2025-07,SKU-09,West,Wholesale,2025-06-30,calendar_plan_v1_no_realized_demand,1667,2638.93,1605,1614,2555.03
2025-07,SKU-10,Central,Convenience,2025-06-30,calendar_plan_v1_no_realized_demand,1206,3357.5,1167,1169,3254.5
2025-07,SKU-10,Central,Ecommerce,2025-06-30,calendar_plan_v1_no_realized_demand,1136,3162.62,1097,1108,3084.67
2025-07,SKU-10,Central,Grocery,2025-06-30,calendar_plan_v1_no_realized_demand,1960,5456.64,1890,1881,5236.7
2025-07,SKU-10,Central,Wholesale,2025-06-30,calendar_plan_v1_no_realized_demand,1698,4727.23,1636,1640,4565.76
2025-07,SKU-10,North,Convenience,2025-06-30,calendar_plan_v1_no_realized_demand,1131,3306.14,1092,1081,3159.98
2025-07,SKU-10,North,Ecommerce,2025-06-30,calendar_plan_v1_no_realized_demand,1043,3048.9,1012,1006,2940.74
2025-07,SKU-10,North,Grocery,2025-06-30,calendar_plan_v1_no_realized_demand,1830,5349.46,1768,1770,5174.06
2025-07,SKU-10,North,Wholesale,2025-06-30,calendar_plan_v1_no_realized_demand,1580,4618.66,1518,1504,4396.49
2025-07,SKU-10,South,Convenience,2025-06-30,calendar_plan_v1_no_realized_demand,973,2546.3,942,945,2473.03
2025-07,SKU-10,South,Ecommerce,2025-06-30,calendar_plan_v1_no_realized_demand,915,2394.52,884,907,2373.58
2025-07,SKU-10,South,Grocery,2025-06-30,calendar_plan_v1_no_realized_demand,1582,4140.03,1520,1535,4017.03
2025-07,SKU-10,South,Wholesale,2025-06-30,calendar_plan_v1_no_realized_demand,1383,3619.26,1321,1324,3464.86
2025-07,SKU-10,West,Convenience,2025-06-30,calendar_plan_v1_no_realized_demand,822,2219.79,791,793,2141.48
2025-07,SKU-10,West,Ecommerce,2025-06-30,calendar_plan_v1_no_realized_demand,780,2106.37,749,743,2006.46
2025-07,SKU-10,West,Grocery,2025-06-30,calendar_plan_v1_no_realized_demand,1353,3653.75,1291,1278,3451.21
2025-07,SKU-10,West,Wholesale,2025-06-30,calendar_plan_v1_no_realized_demand,1145,3092.05,1106,1109,2994.83
2025-07,SKU-11,Central,Convenience,2025-06-30,calendar_plan_v1_no_realized_demand,1047,3316.9,1016,1016,3218.69
2025-07,SKU-11,Central,Ecommerce,2025-06-30,calendar_plan_v1_no_realized_demand,977,3095.14,946,958,3034.94
2025-07,SKU-11,Central,Grocery,2025-06-30,calendar_plan_v1_no_realized_demand,1720,5448.96,1658,1666,5277.89
2025-07,SKU-11,Central,Wholesale,2025-06-30,calendar_plan_v1_no_realized_demand,1485,4704.48,1423,1411,4470.05
2025-07,SKU-11,North,Convenience,2025-06-30,calendar_plan_v1_no_realized_demand,977,3249.89,946,943,3136.8
2025-07,SKU-11,North,Ecommerce,2025-06-30,calendar_plan_v1_no_realized_demand,915,3043.66,884,876,2913.93
2025-07,SKU-11,North,Grocery,2025-06-30,calendar_plan_v1_no_realized_demand,1605,5338.87,1543,1533,5099.37
2025-07,SKU-11,North,Wholesale,2025-06-30,calendar_plan_v1_no_realized_demand,1384,4603.74,1322,1318,4384.2
2025-07,SKU-11,South,Convenience,2025-06-30,calendar_plan_v1_no_realized_demand,853,2540.17,822,833,2480.61
2025-07,SKU-11,South,Ecommerce,2025-06-30,calendar_plan_v1_no_realized_demand,791,2355.53,760,767,2284.06
2025-07,SKU-11,South,Grocery,2025-06-30,calendar_plan_v1_no_realized_demand,1384,4121.44,1322,1334,3972.55
2025-07,SKU-11,South,Wholesale,2025-06-30,calendar_plan_v1_no_realized_demand,1183,3522.88,1144,1133,3373.98
2025-07,SKU-11,West,Convenience,2025-06-30,calendar_plan_v1_no_realized_demand,721,2215.6,690,688,2114.2
2025-07,SKU-11,West,Ecommerce,2025-06-30,calendar_plan_v1_no_realized_demand,679,2086.54,648,652,2003.57
2025-07,SKU-11,West,Grocery,2025-06-30,calendar_plan_v1_no_realized_demand,1167,3586.14,1128,1145,3518.54
2025-07,SKU-11,West,Wholesale,2025-06-30,calendar_plan_v1_no_realized_demand,1004,3085.25,973,963,2959.26
2025-07,SKU-12,Central,Convenience,2025-06-30,calendar_plan_v1_no_realized_demand,977,3376.51,946,936,3234.82
2025-07,SKU-12,Central,Ecommerce,2025-06-30,calendar_plan_v1_no_realized_demand,915,3162.24,884,886,3062.02
2025-07,SKU-12,Central,Grocery,2025-06-30,calendar_plan_v1_no_realized_demand,1601,5533.06,1539,1527,5277.31
2025-07,SKU-12,Central,Wholesale,2025-06-30,calendar_plan_v1_no_realized_demand,1384,4783.1,1322,1351,4669.06
2025-07,SKU-12,North,Convenience,2025-06-30,calendar_plan_v1_no_realized_demand,915,3320.35,884,885,3211.49
2025-07,SKU-12,North,Ecommerce,2025-06-30,calendar_plan_v1_no_realized_demand,853,3095.37,1074,1074,3897.33
2025-07,SKU-12,North,Grocery,2025-06-30,calendar_plan_v1_no_realized_demand,1485,5388.77,1423,1426,5174.67
2025-07,SKU-12,North,Wholesale,2025-06-30,calendar_plan_v1_no_realized_demand,1287,4670.27,1229,1233,4474.31
2025-07,SKU-12,South,Convenience,2025-06-30,calendar_plan_v1_no_realized_demand,785,2550.18,754,755,2452.72
2025-07,SKU-12,South,Ecommerce,2025-06-30,calendar_plan_v1_no_realized_demand,744,2416.99,713,709,2303.29
2025-07,SKU-12,South,Grocery,2025-06-30,calendar_plan_v1_no_realized_demand,1287,4181.0,1229,1229,3992.58
2025-07,SKU-12,South,Wholesale,2025-06-30,calendar_plan_v1_no_realized_demand,1097,3563.76,1066,1065,3459.8
2025-07,SKU-12,West,Convenience,2025-06-30,calendar_plan_v1_no_realized_demand,663,2222.59,632,630,2111.96
2025-07,SKU-12,West,Ecommerce,2025-06-30,calendar_plan_v1_no_realized_demand,628,2105.26,597,594,1991.28
2025-07,SKU-12,West,Grocery,2025-06-30,calendar_plan_v1_no_realized_demand,1066,3573.57,1035,1032,3459.59
2025-07,SKU-12,West,Wholesale,2025-06-30,calendar_plan_v1_no_realized_demand,918,3077.43,887,892,2990.27
2025-07,SKU-13,Central,Convenience,2025-06-30,calendar_plan_v1_no_realized_demand,903,2774.02,872,872,2678.78
2025-07,SKU-13,Central,Ecommerce,2025-06-30,calendar_plan_v1_no_realized_demand,845,2595.84,814,801,2460.67
2025-07,SKU-13,Central,Grocery,2025-06-30,calendar_plan_v1_no_realized_demand,1473,4525.06,1411,1412,4337.66
2025-07,SKU-13,Central,Wholesale,2025-06-30,calendar_plan_v1_no_realized_demand,1285,3947.52,1227,1233,3787.78
2025-07,SKU-13,North,Convenience,2025-06-30,calendar_plan_v1_no_realized_demand,845,2725.63,814,817,2635.32
2025-07,SKU-13,North,Ecommerce,2025-06-30,calendar_plan_v1_no_realized_demand,783,2525.64,752,749,2415.97
2025-07,SKU-13,North,Grocery,2025-06-30,calendar_plan_v1_no_realized_demand,1380,4451.33,1318,1307,4215.86
2025-07,SKU-13,North,Wholesale,2025-06-30,calendar_plan_v1_no_realized_demand,1173,3783.63,1134,1130,3644.93
2025-07,SKU-13,South,Convenience,2025-06-30,calendar_plan_v1_no_realized_demand,721,2082.02,690,691,1995.39
2025-07,SKU-13,South,Ecommerce,2025-06-30,calendar_plan_v1_no_realized_demand,690,1992.5,659,660,1905.87
2025-07,SKU-13,South,Grocery,2025-06-30,calendar_plan_v1_no_realized_demand,1173,3387.25,1134,1136,3280.4
2025-07,SKU-13,South,Wholesale,2025-06-30,calendar_plan_v1_no_realized_demand,1008,2910.78,977,978,2824.15
2025-07,SKU-13,West,Convenience,2025-06-30,calendar_plan_v1_no_realized_demand,628,1871.34,597,594,1770.02
2025-07,SKU-13,West,Ecommerce,2025-06-30,calendar_plan_v1_no_realized_demand,570,1698.51,539,535,1594.21
2025-07,SKU-13,West,Grocery,2025-06-30,calendar_plan_v1_no_realized_demand,977,2911.3,946,969,2887.46
2025-07,SKU-13,West,Wholesale,2025-06-30,calendar_plan_v1_no_realized_demand,853,2541.8,822,811,2416.65
2025-07,SKU-14,Central,Convenience,2025-06-30,calendar_plan_v1_no_realized_demand,752,2671.1,721,720,2557.44
2025-07,SKU-14,Central,Ecommerce,2025-06-30,calendar_plan_v1_no_realized_demand,694,2465.09,663,668,2372.74
2025-07,SKU-14,Central,Grocery,2025-06-30,calendar_plan_v1_no_realized_demand,1206,4283.71,1167,1163,4130.98
2025-07,SKU-14,Central,Wholesale,2025-06-30,calendar_plan_v1_no_realized_demand,1035,3676.32,1004,1005,3569.76
2025-07,SKU-14,North,Convenience,2025-06-30,calendar_plan_v1_no_realized_demand,690,2573.42,659,654,2439.16
2025-07,SKU-14,North,Ecommerce,2025-06-30,calendar_plan_v1_no_realized_demand,659,2457.81,628,628,2342.19
2025-07,SKU-14,North,Grocery,2025-06-30,calendar_plan_v1_no_realized_demand,1117,4165.96,1078,1075,4009.32
2025-07,SKU-14,North,Wholesale,2025-06-30,calendar_plan_v1_no_realized_demand,973,3628.9,942,934,3483.45
2025-07,SKU-14,South,Convenience,2025-06-30,calendar_plan_v1_no_realized_demand,601,2006.67,570,574,1916.52
2025-07,SKU-14,South,Ecommerce,2025-06-30,calendar_plan_v1_no_realized_demand,570,1903.16,539,538,1796.32
2025-07,SKU-14,South,Grocery,2025-06-30,calendar_plan_v1_no_realized_demand,973,3248.73,942,931,3108.5
2025-07,SKU-14,South,Wholesale,2025-06-30,calendar_plan_v1_no_realized_demand,845,2821.35,814,808,2697.82
2025-07,SKU-14,West,Convenience,2025-06-30,calendar_plan_v1_no_realized_demand,508,1750.28,477,482,1660.7
2025-07,SKU-14,West,Ecommerce,2025-06-30,calendar_plan_v1_no_realized_demand,477,1643.47,446,453,1560.78
2025-07,SKU-14,West,Grocery,2025-06-30,calendar_plan_v1_no_realized_demand,822,2832.15,791,779,2684.0
2025-07,SKU-14,West,Wholesale,2025-06-30,calendar_plan_v1_no_realized_demand,721,2484.16,690,681,2346.34
2025-07,SKU-15,Central,Convenience,2025-06-30,calendar_plan_v1_no_realized_demand,663,2800.51,632,628,2652.67
2025-07,SKU-15,Central,Ecommerce,2025-06-30,calendar_plan_v1_no_realized_demand,632,2669.57,601,600,2534.4
2025-07,SKU-15,Central,Grocery,2025-06-30,calendar_plan_v1_no_realized_demand,1066,4502.78,1035,1027,4338.05
2025-07,SKU-15,Central,Wholesale,2025-06-30,calendar_plan_v1_no_realized_demand,934,3945.22,903,908,3835.39
2025-07,SKU-15,North,Convenience,2025-06-30,calendar_plan_v1_no_realized_demand,628,2785.31,597,600,2661.12
2025-07,SKU-15,North,Ecommerce,2025-06-30,calendar_plan_v1_no_realized_demand,589,2612.33,558,566,2510.32
2025-07,SKU-15,North,Grocery,2025-06-30,calendar_plan_v1_no_realized_demand,1004,4452.94,973,980,4346.5
2025-07,SKU-15,North,Wholesale,2025-06-30,calendar_plan_v1_no_realized_demand,872,3867.49,841,833,3694.52
2025-07,SKU-15,South,Convenience,2025-06-30,calendar_plan_v1_no_realized_demand,539,2140.13,508,508,2017.04
2025-07,SKU-15,South,Ecommerce,2025-06-30,calendar_plan_v1_no_realized_demand,508,2017.04,477,471,1870.13
2025-07,SKU-15,South,Grocery,2025-06-30,calendar_plan_v1_no_realized_demand,872,3462.33,841,843,3347.18
2025-07,SKU-15,South,Wholesale,2025-06-30,calendar_plan_v1_no_realized_demand,752,2985.86,721,724,2874.69
2025-07,SKU-15,West,Convenience,2025-06-30,calendar_plan_v1_no_realized_demand,469,1921.62,438,433,1774.12
2025-07,SKU-15,West,Ecommerce,2025-06-30,calendar_plan_v1_no_realized_demand,434,1778.22,454,454,1860.17
2025-07,SKU-15,West,Grocery,2025-06-30,calendar_plan_v1_no_realized_demand,733,3003.31,784,796,3261.43
2025-07,SKU-15,West,Wholesale,2025-06-30,calendar_plan_v1_no_realized_demand,632,2589.48,601,602,2466.56
2025-07,SKU-16,Central,Convenience,2025-06-30,calendar_plan_v1_no_realized_demand,822,2446.27,791,794,2362.94
2025-07,SKU-16,Central,Ecommerce,2025-06-30,calendar_plan_v1_no_realized_demand,783,2330.21,752,756,2249.86
2025-07,SKU-16,Central,Grocery,2025-06-30,calendar_plan_v1_no_realized_demand,1353,4026.53,1291,1302,3874.75
2025-07,SKU-16,Central,Wholesale,2025-06-30,calendar_plan_v1_no_realized_demand,1146,3410.5,1107,1099,3270.62
2025-07,SKU-16,North,Convenience,2025-06-30,calendar_plan_v1_no_realized_demand,763,2384.22,732,743,2321.73
2025-07,SKU-16,North,Ecommerce,2025-06-30,calendar_plan_v1_no_realized_demand,721,2252.98,690,697,2177.99
2025-07,SKU-16,North,Grocery,2025-06-30,calendar_plan_v1_no_realized_demand,1256,3924.75,1198,1213,3790.38
2025-07,SKU-16,North,Wholesale,2025-06-30,calendar_plan_v1_no_realized_demand,1066,3331.04,1035,1034,3231.04
2025-07,SKU-16,South,Convenience,2025-06-30,calendar_plan_v1_no_realized_demand,663,1854.7,632,633,1770.78
2025-07,SKU-16,South,Ecommerce,2025-06-30,calendar_plan_v1_no_realized_demand,628,1756.79,597,590,1650.49
2025-07,SKU-16,South,Grocery,2025-06-30,calendar_plan_v1_no_realized_demand,1066,2982.07,1035,1031,2884.16
2025-07,SKU-16,South,Wholesale,2025-06-30,calendar_plan_v1_no_realized_demand,915,2559.66,884,885,2475.73
2025-07,SKU-16,West,Convenience,2025-06-30,calendar_plan_v1_no_realized_demand,570,1645.43,539,537,1550.17
2025-07,SKU-16,West,Ecommerce,2025-06-30,calendar_plan_v1_no_realized_demand,539,1555.94,508,514,1483.77
2025-07,SKU-16,West,Grocery,2025-06-30,calendar_plan_v1_no_realized_demand,903,2606.71,872,872,2517.22
2025-07,SKU-16,West,Wholesale,2025-06-30,calendar_plan_v1_no_realized_demand,783,2260.3,752,751,2167.93
2025-08,SKU-01,Central,Convenience,2025-07-31,calendar_plan_v1_no_realized_demand,1442,3045.5,1380,1373,2899.78
2025-08,SKU-01,Central,Ecommerce,2025-07-31,calendar_plan_v1_no_realized_demand,1353,2857.54,1295,1285,2713.92
2025-08,SKU-01,Central,Grocery,2025-07-31,calendar_plan_v1_no_realized_demand,2340,4942.08,2247,2244,4739.33
2025-08,SKU-01,Central,Wholesale,2025-07-31,calendar_plan_v1_no_realized_demand,2003,4230.34,2199,2185,4614.72
2025-08,SKU-01,North,Convenience,2025-07-31,calendar_plan_v1_no_realized_demand,1328,2944.97,1270,1275,2827.44
2025-08,SKU-01,North,Ecommerce,2025-07-31,calendar_plan_v1_no_realized_demand,1264,2803.05,1206,1201,2663.34
2025-08,SKU-01,North,Grocery,2025-07-31,calendar_plan_v1_no_realized_demand,2171,4814.41,2457,2465,5466.38
2025-08,SKU-01,North,Wholesale,2025-07-31,calendar_plan_v1_no_realized_demand,1859,4122.52,1797,1780,3947.33
2025-08,SKU-01,South,Convenience,2025-07-31,calendar_plan_v1_no_realized_demand,1144,2271.16,1103,1109,2201.68
2025-08,SKU-01,South,Ecommerce,2025-07-31,calendar_plan_v1_no_realized_demand,1072,2128.22,1041,1044,2072.63
2025-08,SKU-01,South,Grocery,2025-07-31,calendar_plan_v1_no_realized_demand,1859,3690.64,1797,1778,3529.83
2025-08,SKU-01,South,Wholesale,2025-07-31,calendar_plan_v1_no_realized_demand,1615,3206.23,1553,1560,3097.04
2025-08,SKU-01,West,Convenience,2025-07-31,calendar_plan_v1_no_realized_demand,953,1952.35,922,937,1919.58
2025-08,SKU-01,West,Ecommerce,2025-07-31,calendar_plan_v1_no_realized_demand,907,1858.12,876,875,1792.56
2025-08,SKU-01,West,Grocery,2025-07-31,calendar_plan_v1_no_realized_demand,1584,3245.05,1522,1530,3134.42
2025-08,SKU-01,West,Wholesale,2025-07-31,calendar_plan_v1_no_realized_demand,1363,2792.3,1301,1312,2687.82
2025-08,SKU-02,Central,Convenience,2025-07-31,calendar_plan_v1_no_realized_demand,1677,2897.86,1615,1622,2802.82
2025-08,SKU-02,Central,Ecommerce,2025-07-31,calendar_plan_v1_no_realized_demand,1584,2737.15,1522,1489,2572.99
2025-08,SKU-02,Central,Grocery,2025-07-31,calendar_plan_v1_no_realized_demand,2731,4719.17,2628,2619,4525.63
2025-08,SKU-02,Central,Wholesale,2025-07-31,calendar_plan_v1_no_realized_demand,2371,4097.09,2278,2295,3965.76
2025-08,SKU-02,North,Convenience,2025-07-31,calendar_plan_v1_no_realized_demand,1572,2852.24,1510,1518,2754.26
2025-08,SKU-02,North,Ecommerce,2025-07-31,calendar_plan_v1_no_realized_demand,1469,2665.35,1407,1411,2560.12
2025-08,SKU-02,North,Grocery,2025-07-31,calendar_plan_v1_no_realized_demand,2536,4601.32,2443,2438,4423.51
2025-08,SKU-02,North,Wholesale,2025-07-31,calendar_plan_v1_no_realized_demand,2202,3995.31,2113,2120,3846.53
2025-08,SKU-02,South,Convenience,2025-07-31,calendar_plan_v1_no_realized_demand,1361,2210.7,1299,1296,2105.12
2025-08,SKU-02,South,Ecommerce,2025-07-31,calendar_plan_v1_no_realized_demand,1264,2053.14,1206,1189,1931.32
2025-08,SKU-02,South,Grocery,2025-07-31,calendar_plan_v1_no_realized_demand,2204,3580.0,2115,2125,3451.68
2025-08,SKU-02,South,Wholesale,2025-07-31,calendar_plan_v1_no_realized_demand,1902,3089.46,1830,1840,2988.75
2025-08,SKU-02,West,Convenience,2025-07-31,calendar_plan_v1_no_realized_demand,1144,1917.53,1339,1361,2281.25
2025-08,SKU-02,West,Ecommerce,2025-07-31,calendar_plan_v1_no_realized_demand,1055,1768.35,1024,1022,1713.04
2025-08,SKU-02,West,Grocery,2025-07-31,calendar_plan_v1_no_realized_demand,1842,3087.49,1780,1796,3010.38
2025-08,SKU-02,West,Wholesale,2025-07-31,calendar_plan_v1_no_realized_demand,1609,2696.94,1547,1551,2599.72
2025-08,SKU-03,Central,Convenience,2025-07-31,calendar_plan_v1_no_realized_demand,1175,2932.8,1134,1137,2837.95
2025-08,SKU-03,Central,Ecommerce,2025-07-31,calendar_plan_v1_no_realized_demand,1095,2733.12,1064,1061,2648.26
2025-08,SKU-03,Central,Grocery,2025-07-31,calendar_plan_v1_no_realized_demand,1912,4772.35,1840,1827,4560.19
2025-08,SKU-03,Central,Wholesale,2025-07-31,calendar_plan_v1_no_realized_demand,1646,4108.42,1584,1591,3971.14
2025-08,SKU-03,North,Convenience,2025-07-31,calendar_plan_v1_no_realized_demand,1086,2846.19,1055,1048,2746.6
2025-08,SKU-03,North,Ecommerce,2025-07-31,calendar_plan_v1_no_realized_demand,1014,2657.49,983,979,2565.76
2025-08,SKU-03,North,Grocery,2025-07-31,calendar_plan_v1_no_realized_demand,1772,4644.06,1710,1698,4450.12
2025-08,SKU-03,North,Wholesale,2025-07-31,calendar_plan_v1_no_realized_demand,1543,4043.89,1481,1484,3889.27
2025-08,SKU-03,South,Convenience,2025-07-31,calendar_plan_v1_no_realized_demand,948,2224.24,917,925,2170.27
2025-08,SKU-03,South,Ecommerce,2025-07-31,calendar_plan_v1_no_realized_demand,890,2088.15,859,870,2041.23
2025-08,SKU-03,South,Grocery,2025-07-31,calendar_plan_v1_no_realized_demand,1543,3620.25,1481,1492,3500.59
2025-08,SKU-03,South,Wholesale,2025-07-31,calendar_plan_v1_no_realized_demand,1326,3111.11,1268,1275,2991.46
2025-08,SKU-03,West,Convenience,2025-07-31,calendar_plan_v1_no_realized_demand,797,1929.63,766,755,1827.95
2025-08,SKU-03,West,Ecommerce,2025-07-31,calendar_plan_v1_no_realized_demand,756,1830.37,725,718,1738.36
2025-08,SKU-03,West,Grocery,2025-07-31,calendar_plan_v1_no_realized_demand,1295,3135.35,1237,1243,3009.45
2025-08,SKU-03,West,Wholesale,2025-07-31,calendar_plan_v1_no_realized_demand,1103,2670.5,1072,1081,2617.23
2025-08,SKU-04,Central,Convenience,2025-07-31,calendar_plan_v1_no_realized_demand,1086,2814.91,1055,1057,2739.74
2025-08,SKU-04,Central,Ecommerce,2025-07-31,calendar_plan_v1_no_realized_demand,1014,2628.29,983,974,2524.61
2025-08,SKU-04,Central,Grocery,2025-07-31,calendar_plan_v1_no_realized_demand,1770,4587.84,1708,1715,4445.28
2025-08,SKU-04,Central,Wholesale,2025-07-31,calendar_plan_v1_no_realized_demand,1543,3999.46,1481,1489,3859.49
2025-08,SKU-04,North,Convenience,2025-07-31,calendar_plan_v1_no_realized_demand,1010,2748.82,979,980,2667.17
2025-08,SKU-04,North,Ecommerce,2025-07-31,calendar_plan_v1_no_realized_demand,952,2590.96,921,917,2495.71
2025-08,SKU-04,North,Grocery,2025-07-31,calendar_plan_v1_no_realized_demand,1646,4479.75,1584,1565,4259.3
2025-08,SKU-04,North,Wholesale,2025-07-31,calendar_plan_v1_no_realized_demand,1433,3900.05,1371,1370,3728.59
2025-08,SKU-04,South,Convenience,2025-07-31,calendar_plan_v1_no_realized_demand,880,2144.1,849,852,2075.88
2025-08,SKU-04,South,Ecommerce,2025-07-31,calendar_plan_v1_no_realized_demand,821,2000.35,790,789,1922.38
2025-08,SKU-04,South,Grocery,2025-07-31,calendar_plan_v1_no_realized_demand,1433,3491.48,1371,1360,3313.61
2025-08,SKU-04,South,Wholesale,2025-07-31,calendar_plan_v1_no_realized_demand,1227,2989.56,1181,1207,2940.83
2025-08,SKU-04,West,Convenience,2025-07-31,calendar_plan_v1_no_realized_demand,754,1895.74,723,731,1837.91
2025-08,SKU-04,West,Ecommerce,2025-07-31,calendar_plan_v1_no_realized_demand,694,1744.88,663,666,1674.48
2025-08,SKU-04,West,Grocery,2025-07-31,calendar_plan_v1_no_realized_demand,1206,3032.17,1165,1178,2961.77
2025-08,SKU-04,West,Wholesale,2025-07-31,calendar_plan_v1_no_realized_demand,1041,2617.32,1010,1001,2516.75
2025-08,SKU-05,Central,Convenience,2025-07-31,calendar_plan_v1_no_realized_demand,907,3308.74,876,874,3188.35
2025-08,SKU-05,Central,Ecommerce,2025-07-31,calendar_plan_v1_no_realized_demand,849,3097.15,818,823,3002.3
2025-08,SKU-05,Central,Grocery,2025-07-31,calendar_plan_v1_no_realized_demand,1481,5402.69,1419,1436,5238.53
2025-08,SKU-05,Central,Wholesale,2025-07-31,calendar_plan_v1_no_realized_demand,1295,4724.16,1237,1248,4552.7
2025-08,SKU-05,North,Convenience,2025-07-31,calendar_plan_v1_no_realized_demand,849,3252.01,818,816,3125.61
2025-08,SKU-05,North,Ecommerce,2025-07-31,calendar_plan_v1_no_realized_demand,787,3014.52,756,753,2884.29
2025-08,SKU-05,North,Grocery,2025-07-31,calendar_plan_v1_no_realized_demand,1388,5316.6,1326,1336,5117.41
2025-08,SKU-05,North,Wholesale,2025-07-31,calendar_plan_v1_no_realized_demand,1185,4539.02,1144,1128,4320.69
2025-08,SKU-05,South,Convenience,2025-07-31,calendar_plan_v1_no_realized_demand,725,2486.11,694,699,2396.95
2025-08,SKU-05,South,Ecommerce,2025-07-31,calendar_plan_v1_no_realized_demand,694,2379.81,663,660,2263.22
2025-08,SKU-05,South,Grocery,2025-07-31,calendar_plan_v1_no_realized_demand,1185,4063.51,1144,1127,3864.62
2025-08,SKU-05,South,Wholesale,2025-07-31,calendar_plan_v1_no_realized_demand,1014,3477.13,983,976,3346.82
2025-08,SKU-05,West,Convenience,2025-07-31,calendar_plan_v1_no_realized_demand,632,2236.37,601,595,2105.44
2025-08,SKU-05,West,Ecommerce,2025-07-31,calendar_plan_v1_no_realized_demand,587,2077.13,556,560,1981.59
2025-08,SKU-05,West,Grocery,2025-07-31,calendar_plan_v1_no_realized_demand,984,3481.94,953,952,3368.71
2025-08,SKU-05,West,Wholesale,2025-07-31,calendar_plan_v1_no_realized_demand,859,3039.62,828,826,2922.85
2025-08,SKU-06,Central,Convenience,2025-07-31,calendar_plan_v1_no_realized_demand,828,3656.45,797,794,3506.3
2025-08,SKU-06,Central,Ecommerce,2025-07-31,calendar_plan_v1_no_realized_demand,787,3475.39,756,773,3413.57
2025-08,SKU-06,Central,Grocery,2025-07-31,calendar_plan_v1_no_realized_demand,1361,6010.18,1299,1319,5824.7
2025-08,SKU-06,Central,Wholesale,2025-07-31,calendar_plan_v1_no_realized_demand,1175,5188.8,1134,1145,5056.32
2025-08,SKU-06,North,Convenience,2025-07-31,calendar_plan_v1_no_realized_demand,787,3649.16,756,759,3519.33
2025-08,SKU-06,North,Ecommerce,2025-07-31,calendar_plan_v1_no_realized_demand,725,3361.68,694,690,3199.39
2025-08,SKU-06,North,Grocery,2025-07-31,calendar_plan_v1_no_realized_demand,1264,5860.92,1206,1187,5503.88
2025-08,SKU-06,North,Wholesale,2025-07-31,calendar_plan_v1_no_realized_demand,1072,4970.65,1041,1052,4877.91
2025-08,SKU-06,South,Convenience,2025-07-31,calendar_plan_v1_no_realized_demand,667,2768.74,636,634,2631.76
2025-08,SKU-06,South,Ecommerce,2025-07-31,calendar_plan_v1_no_realized_demand,635,2635.91,604,603,2503.08
2025-08,SKU-06,South,Grocery,2025-07-31,calendar_plan_v1_no_realized_demand,1072,4449.91,1041,1053,4371.05
2025-08,SKU-06,South,Wholesale,2025-07-31,calendar_plan_v1_no_realized_demand,938,3893.68,907,916,3802.35
2025-08,SKU-06,West,Convenience,2025-07-31,calendar_plan_v1_no_realized_demand,574,2458.74,543,541,2317.38
2025-08,SKU-06,West,Ecommerce,2025-07-31,calendar_plan_v1_no_realized_demand,543,2325.95,512,508,2176.03
2025-08,SKU-06,West,Grocery,2025-07-31,calendar_plan_v1_no_realized_demand,921,3945.12,890,881,3773.78
2025-08,SKU-06,West,Wholesale,2025-07-31,calendar_plan_v1_no_realized_demand,791,3388.26,760,765,3276.89
2025-08,SKU-07,Central,Convenience,2025-07-31,calendar_plan_v1_no_realized_demand,756,3048.19,725,721,2907.07
2025-08,SKU-07,Central,Ecommerce,2025-07-31,calendar_plan_v1_no_realized_demand,725,2923.2,694,703,2834.5
2025-08,SKU-07,Central,Grocery,2025-07-31,calendar_plan_v1_no_realized_demand,1216,4902.91,1175,1168,4709.38
2025-08,SKU-07,Central,Wholesale,2025-07-31,calendar_plan_v1_no_realized_demand,1055,4253.76,1024,1021,4116.67
2025-08,SKU-07,North,Convenience,2025-07-31,calendar_plan_v1_no_realized_demand,708,2997.39,677,679,2874.61
2025-08,SKU-07,North,Ecommerce,2025-07-31,calendar_plan_v1_no_realized_demand,663,2806.88,632,635,2688.34
2025-08,SKU-07,North,Grocery,2025-07-31,calendar_plan_v1_no_realized_demand,1144,4843.24,1103,1093,4627.32
2025-08,SKU-07,North,Wholesale,2025-07-31,calendar_plan_v1_no_realized_demand,983,4161.63,952,961,4068.49
2025-08,SKU-07,South,Convenience,2025-07-31,calendar_plan_v1_no_realized_demand,618,2342.27,587,592,2243.73
2025-08,SKU-07,South,Ecommerce,2025-07-31,calendar_plan_v1_no_realized_demand,574,2175.51,543,537,2035.27
2025-08,SKU-07,South,Grocery,2025-07-31,calendar_plan_v1_no_realized_demand,983,3725.65,952,944,3577.84
2025-08,SKU-07,South,Wholesale,2025-07-31,calendar_plan_v1_no_realized_demand,859,3255.68,828,822,3115.45
2025-08,SKU-07,West,Convenience,2025-07-31,calendar_plan_v1_no_realized_demand,529,2068.94,498,489,1912.5
2025-08,SKU-07,West,Ecommerce,2025-07-31,calendar_plan_v1_no_realized_demand,498,1947.7,579,577,2256.67
2025-08,SKU-07,West,Grocery,2025-07-31,calendar_plan_v1_no_realized_demand,828,3238.34,797,819,3203.14
2025-08,SKU-07,West,Wholesale,2025-07-31,calendar_plan_v1_no_realized_demand,725,2835.5,694,693,2710.35
2025-08,SKU-08,Central,Convenience,2025-07-31,calendar_plan_v1_no_realized_demand,694,3264.58,663,660,3104.64
2025-08,SKU-08,Central,Ecommerce,2025-07-31,calendar_plan_v1_no_realized_demand,636,2991.74,605,598,2812.99
2025-08,SKU-08,Central,Grocery,2025-07-31,calendar_plan_v1_no_realized_demand,1103,5188.51,1072,1087,5113.25
2025-08,SKU-08,Central,Wholesale,2025-07-31,calendar_plan_v1_no_realized_demand,952,4478.21,921,902,4243.01
2025-08,SKU-08,North,Convenience,2025-07-31,calendar_plan_v1_no_realized_demand,636,3141.33,605,606,2993.16
2025-08,SKU-08,North,Ecommerce,2025-07-31,calendar_plan_v1_no_realized_demand,605,2988.22,574,572,2825.22
2025-08,SKU-08,North,Grocery,2025-07-31,calendar_plan_v1_no_realized_demand,1014,5008.35,983,977,4825.6
2025-08,SKU-08,North,Wholesale,2025-07-31,calendar_plan_v1_no_realized_demand,890,4395.89,859,858,4237.83
2025-08,SKU-08,South,Convenience,2025-07-31,calendar_plan_v1_no_realized_demand,560,2476.19,641,649,2869.72
2025-08,SKU-08,South,Ecommerce,2025-07-31,calendar_plan_v1_no_realized_demand,529,2339.11,498,503,2224.15
2025-08,SKU-08,South,Grocery,2025-07-31,calendar_plan_v1_no_realized_demand,890,3935.37,859,865,3824.82
2025-08,SKU-08,South,Wholesale,2025-07-31,calendar_plan_v1_no_realized_demand,768,3395.91,737,733,3241.15
2025-08,SKU-08,West,Convenience,2025-07-31,calendar_plan_v1_no_realized_demand,471,2149.12,440,439,2003.1
2025-08,SKU-08,West,Ecommerce,2025-07-31,calendar_plan_v1_no_realized_demand,436,1989.42,409,412,1879.91
2025-08,SKU-08,West,Grocery,2025-07-31,calendar_plan_v1_no_realized_demand,756,3449.54,725,712,3248.77
2025-08,SKU-08,West,Wholesale,2025-07-31,calendar_plan_v1_no_realized_demand,663,3025.19,632,642,2929.37
2025-08,SKU-09,Central,Convenience,2025-07-31,calendar_plan_v1_no_realized_demand,1708,2787.46,1646,1619,2642.21
2025-08,SKU-09,Central,Ecommerce,2025-07-31,calendar_plan_v1_no_realized_demand,1597,2606.3,1535,1533,2501.86
2025-08,SKU-09,Central,Grocery,2025-07-31,calendar_plan_v1_no_realized_demand,2768,4517.38,2665,2646,4318.27
2025-08,SKU-09,Central,Wholesale,2025-07-31,calendar_plan_v1_no_realized_demand,2402,3920.06,2309,2312,3773.18
2025-08,SKU-09,North,Convenience,2025-07-31,calendar_plan_v1_no_realized_demand,1584,2714.34,1522,1540,2638.94
2025-08,SKU-09,North,Ecommerce,2025-07-31,calendar_plan_v1_no_realized_demand,1489,2551.55,1427,1417,2428.17
2025-08,SKU-09,North,Grocery,2025-07-31,calendar_plan_v1_no_realized_demand,2567,4398.81,2474,2474,4239.45
2025-08,SKU-09,North,Wholesale,2025-07-31,calendar_plan_v1_no_realized_demand,2233,3826.47,2144,2119,3631.12
2025-08,SKU-09,South,Convenience,2025-07-31,calendar_plan_v1_no_realized_demand,1388,2129.3,1326,1336,2049.53
2025-08,SKU-09,South,Ecommerce,2025-07-31,calendar_plan_v1_no_realized_demand,1295,1986.63,1527,1538,2359.42
2025-08,SKU-09,South,Grocery,2025-07-31,calendar_plan_v1_no_realized_demand,2234,3427.13,2145,2127,3262.99
2025-08,SKU-09,South,Wholesale,2025-07-31,calendar_plan_v1_no_realized_demand,1917,2940.83,1845,1825,2799.7
2025-08,SKU-09,West,Convenience,2025-07-31,calendar_plan_v1_no_realized_demand,1154,1826.83,1113,1141,1806.25
2025-08,SKU-09,West,Ecommerce,2025-07-31,calendar_plan_v1_no_realized_demand,1072,1697.02,1041,1040,1646.36
2025-08,SKU-09,West,Grocery,2025-07-31,calendar_plan_v1_no_realized_demand,1880,2976.12,1808,1824,2887.46
2025-08,SKU-09,West,Wholesale,2025-07-31,calendar_plan_v1_no_realized_demand,1615,2556.61,1553,1562,2472.71
2025-08,SKU-10,Central,Convenience,2025-07-31,calendar_plan_v1_no_realized_demand,1175,3271.2,1134,1139,3170.98
2025-08,SKU-10,Central,Ecommerce,2025-07-31,calendar_plan_v1_no_realized_demand,1086,3023.42,1055,1063,2959.39
2025-08,SKU-10,Central,Grocery,2025-07-31,calendar_plan_v1_no_realized_demand,1910,5317.44,1838,1827,5086.37
2025-08,SKU-10,Central,Wholesale,2025-07-31,calendar_plan_v1_no_realized_demand,1646,4582.46,1584,1586,4415.42
2025-08,SKU-10,North,Convenience,2025-07-31,calendar_plan_v1_no_realized_demand,1082,3162.9,1051,1054,3081.05
2025-08,SKU-10,North,Ecommerce,2025-07-31,calendar_plan_v1_no_realized_demand,1014,2964.12,983,986,2882.28
2025-08,SKU-10,North,Grocery,2025-07-31,calendar_plan_v1_no_realized_demand,1770,5174.06,1708,1695,4954.82
2025-08,SKU-10,North,Wholesale,2025-07-31,calendar_plan_v1_no_realized_demand,1543,4510.5,1481,1477,4317.57
2025-08,SKU-10,South,Convenience,2025-07-31,calendar_plan_v1_no_realized_demand,948,2480.88,917,926,2423.3
2025-08,SKU-10,South,Ecommerce,2025-07-31,calendar_plan_v1_no_realized_demand,886,2318.63,855,858,2245.35
2025-08,SKU-10,South,Grocery,2025-07-31,calendar_plan_v1_no_realized_demand,1543,4037.97,1481,1478,3867.87
2025-08,SKU-10,South,Wholesale,2025-07-31,calendar_plan_v1_no_realized_demand,1326,3470.09,1268,1257,3289.52
2025-08,SKU-10,West,Convenience,2025-07-31,calendar_plan_v1_no_realized_demand,797,2152.28,766,767,2071.27
2025-08,SKU-10,West,Ecommerce,2025-07-31,calendar_plan_v1_no_realized_demand,756,2041.56,725,729,1968.65
2025-08,SKU-10,West,Grocery,2025-07-31,calendar_plan_v1_no_realized_demand,1295,3497.12,1237,1236,3337.79
2025-08,SKU-10,West,Wholesale,2025-07-31,calendar_plan_v1_no_realized_demand,1103,2978.63,1072,1074,2900.32
2025-08,SKU-11,Central,Convenience,2025-07-31,calendar_plan_v1_no_realized_demand,1014,3212.35,983,993,3145.82
2025-08,SKU-11,Central,Ecommerce,2025-07-31,calendar_plan_v1_no_realized_demand,952,3015.94,921,935,2962.08
2025-08,SKU-11,Central,Grocery,2025-07-31,calendar_plan_v1_no_realized_demand,1667,5281.06,1605,1581,5008.61
2025-08,SKU-11,Central,Wholesale,2025-07-31,calendar_plan_v1_no_realized_demand,1450,4593.6,1388,1381,4375.01
2025-08,SKU-11,North,Convenience,2025-07-31,calendar_plan_v1_no_realized_demand,952,3166.73,921,922,3066.94
2025-08,SKU-11,North,Ecommerce,2025-07-31,calendar_plan_v1_no_realized_demand,890,2960.5,859,872,2900.62
2025-08,SKU-11,North,Grocery,2025-07-31,calendar_plan_v1_no_realized_demand,1553,5165.9,1491,1494,4969.64
2025-08,SKU-11,North,Wholesale,2025-07-31,calendar_plan_v1_no_realized_demand,1353,4500.62,1295,1291,4294.38
2025-08,SKU-11,South,Convenience,2025-07-31,calendar_plan_v1_no_realized_demand,822,2447.85,791,795,2367.45
2025-08,SKU-11,South,Ecommerce,2025-07-31,calendar_plan_v1_no_realized_demand,768,2287.04,737,744,2215.57
2025-08,SKU-11,South,Grocery,2025-07-31,calendar_plan_v1_no_realized_demand,1353,4029.13,1295,1277,3802.8
2025-08,SKU-11,South,Wholesale,2025-07-31,calendar_plan_v1_no_realized_demand,1154,3436.52,1113,1110,3305.49
2025-08,SKU-11,West,Convenience,2025-07-31,calendar_plan_v1_no_realized_demand,694,2132.63,663,667,2049.66
2025-08,SKU-11,West,Ecommerce,2025-07-31,calendar_plan_v1_no_realized_demand,663,2037.37,632,622,1911.38
2025-08,SKU-11,West,Grocery,2025-07-31,calendar_plan_v1_no_realized_demand,1124,3454.01,1083,1086,3337.23
2025-08,SKU-11,West,Wholesale,2025-07-31,calendar_plan_v1_no_realized_demand,975,2996.14,944,933,2867.07
2025-08,SKU-12,Central,Convenience,2025-07-31,calendar_plan_v1_no_realized_demand,950,3283.2,919,922,3186.43
2025-08,SKU-12,Central,Ecommerce,2025-07-31,calendar_plan_v1_no_realized_demand,890,3075.84,859,858,2965.25
2025-08,SKU-12,Central,Grocery,2025-07-31,calendar_plan_v1_no_realized_demand,1545,5339.52,1483,1488,5142.53
2025-08,SKU-12,Central,Wholesale,2025-07-31,calendar_plan_v1_no_realized_demand,1328,4589.57,1270,1283,4434.05
2025-08,SKU-12,North,Convenience,2025-07-31,calendar_plan_v1_no_realized_demand,880,3193.34,849,837,3037.31
2025-08,SKU-12,North,Ecommerce,2025-07-31,calendar_plan_v1_no_realized_demand,826,2997.39,795,786,2852.24
2025-08,SKU-12,North,Grocery,2025-07-31,calendar_plan_v1_no_realized_demand,1438,5218.21,1376,1373,4982.34
2025-08,SKU-12,North,Wholesale,2025-07-31,calendar_plan_v1_no_realized_demand,1254,4550.52,1196,1192,4325.53
2025-08,SKU-12,South,Convenience,2025-07-31,calendar_plan_v1_no_realized_demand,756,2455.97,725,734,2384.5
2025-08,SKU-12,South,Ecommerce,2025-07-31,calendar_plan_v1_no_realized_demand,725,2355.26,694,690,2241.56
2025-08,SKU-12,South,Grocery,2025-07-31,calendar_plan_v1_no_realized_demand,1254,4073.79,1196,1188,3859.38
2025-08,SKU-12,South,Wholesale,2025-07-31,calendar_plan_v1_no_realized_demand,1058,3437.06,1027,1033,3355.85
2025-08,SKU-12,West,Convenience,2025-07-31,calendar_plan_v1_no_realized_demand,649,2175.66,618,611,2048.27
2025-08,SKU-12,West,Ecommerce,2025-07-31,calendar_plan_v1_no_realized_demand,605,2028.15,574,575,1927.58
2025-08,SKU-12,West,Grocery,2025-07-31,calendar_plan_v1_no_realized_demand,1041,3489.77,1010,1011,3389.2
2025-08,SKU-12,West,Wholesale,2025-07-31,calendar_plan_v1_no_realized_demand,890,2983.56,859,870,2916.52
2025-08,SKU-13,Central,Convenience,2025-07-31,calendar_plan_v1_no_realized_demand,870,2672.64,839,854,2623.49
2025-08,SKU-13,Central,Ecommerce,2025-07-31,calendar_plan_v1_no_realized_demand,818,2512.9,787,780,2396.16
2025-08,SKU-13,Central,Grocery,2025-07-31,calendar_plan_v1_no_realized_demand,1423,4371.46,1361,1371,4211.71
2025-08,SKU-13,Central,Wholesale,2025-07-31,calendar_plan_v1_no_realized_demand,1216,3735.55,1175,1191,3658.75
2025-08,SKU-13,North,Convenience,2025-07-31,calendar_plan_v1_no_realized_demand,818,2638.54,787,784,2528.87
2025-08,SKU-13,North,Ecommerce,2025-07-31,calendar_plan_v1_no_realized_demand,756,2438.55,725,726,2341.79
2025-08,SKU-13,North,Grocery,2025-07-31,calendar_plan_v1_no_realized_demand,1326,4277.15,1268,1257,4054.58
2025-08,SKU-13,North,Wholesale,2025-07-31,calendar_plan_v1_no_realized_demand,1144,3690.09,1103,1110,3580.42
2025-08,SKU-13,South,Convenience,2025-07-31,calendar_plan_v1_no_realized_demand,698,2015.6,667,668,1928.97
2025-08,SKU-13,South,Ecommerce,2025-07-31,calendar_plan_v1_no_realized_demand,663,1914.53,632,631,1822.13
2025-08,SKU-13,South,Grocery,2025-07-31,calendar_plan_v1_no_realized_demand,1144,3303.51,1103,1119,3231.31
2025-08,SKU-13,South,Wholesale,2025-07-31,calendar_plan_v1_no_realized_demand,980,2829.93,949,962,2777.95
2025-08,SKU-13,West,Convenience,2025-07-31,calendar_plan_v1_no_realized_demand,604,1799.82,573,576,1716.39
2025-08,SKU-13,West,Ecommerce,2025-07-31,calendar_plan_v1_no_realized_demand,560,1668.71,529,527,1570.38
2025-08,SKU-13,West,Grocery,2025-07-31,calendar_plan_v1_no_realized_demand,952,2836.81,921,916,2729.53
2025-08,SKU-13,West,Wholesale,2025-07-31,calendar_plan_v1_no_realized_demand,828,2467.31,797,809,2410.69
2025-08,SKU-14,Central,Convenience,2025-07-31,calendar_plan_v1_no_realized_demand,725,2575.2,694,689,2447.33
2025-08,SKU-14,Central,Ecommerce,2025-07-31,calendar_plan_v1_no_realized_demand,679,2411.81,648,646,2294.59
2025-08,SKU-14,Central,Grocery,2025-07-31,calendar_plan_v1_no_realized_demand,1175,4173.6,1134,1127,4003.1
2025-08,SKU-14,Central,Wholesale,2025-07-31,calendar_plan_v1_no_realized_demand,1010,3587.52,979,969,3441.89
2025-08,SKU-14,North,Convenience,2025-07-31,calendar_plan_v1_no_realized_demand,667,2487.64,636,636,2372.03
2025-08,SKU-14,North,Ecommerce,2025-07-31,calendar_plan_v1_no_realized_demand,634,2364.57,603,610,2275.06
2025-08,SKU-14,North,Grocery,2025-07-31,calendar_plan_v1_no_realized_demand,1072,3998.13,1041,1040,3878.78
2025-08,SKU-14,North,Wholesale,2025-07-31,calendar_plan_v1_no_realized_demand,938,3498.36,907,914,3408.85
2025-08,SKU-14,South,Convenience,2025-07-31,calendar_plan_v1_no_realized_demand,591,1973.28,560,559,1866.43
2025-08,SKU-14,South,Ecommerce,2025-07-31,calendar_plan_v1_no_realized_demand,543,1813.01,512,513,1712.85
2025-08,SKU-14,South,Grocery,2025-07-31,calendar_plan_v1_no_realized_demand,938,3131.87,907,899,3001.65
2025-08,SKU-14,South,Wholesale,2025-07-31,calendar_plan_v1_no_realized_demand,818,2731.2,787,797,2661.09
2025-08,SKU-14,West,Convenience,2025-07-31,calendar_plan_v1_no_realized_demand,502,1729.61,471,467,1609.02
2025-08,SKU-14,West,Ecommerce,2025-07-31,calendar_plan_v1_no_realized_demand,471,1622.8,440,442,1522.88
2025-08,SKU-14,West,Grocery,2025-07-31,calendar_plan_v1_no_realized_demand,790,2721.9,759,751,2587.53
2025-08,SKU-14,West,Wholesale,2025-07-31,calendar_plan_v1_no_realized_demand,694,2391.14,663,650,2239.54
2025-08,SKU-15,Central,Convenience,2025-07-31,calendar_plan_v1_no_realized_demand,663,2800.51,763,761,3214.46
2025-08,SKU-15,Central,Ecommerce,2025-07-31,calendar_plan_v1_no_realized_demand,605,2555.52,574,581,2454.14
2025-08,SKU-15,Central,Grocery,2025-07-31,calendar_plan_v1_no_realized_demand,1041,4397.18,1010,1026,4333.82
2025-08,SKU-15,Central,Wholesale,2025-07-31,calendar_plan_v1_no_realized_demand,895,3780.48,864,871,3679.1
2025-08,SKU-15,North,Convenience,2025-07-31,calendar_plan_v1_no_realized_demand,605,2683.3,649,658,2918.36
2025-08,SKU-15,North,Ecommerce,2025-07-31,calendar_plan_v1_no_realized_demand,574,2545.8,543,546,2421.62
2025-08,SKU-15,North,Grocery,2025-07-31,calendar_plan_v1_no_realized_demand,975,4324.32,944,945,4191.26
2025-08,SKU-15,North,Wholesale,2025-07-31,calendar_plan_v1_no_realized_demand,846,3752.18,815,822,3645.73
2025-08,SKU-15,South,Convenience,2025-07-31,calendar_plan_v1_no_realized_demand,529,2100.43,498,501,1989.25
2025-08,SKU-15,South,Ecommerce,2025-07-31,calendar_plan_v1_no_realized_demand,502,1993.22,471,470,1866.16
2025-08,SKU-15,South,Grocery,2025-07-31,calendar_plan_v1_no_realized_demand,847,3363.06,816,806,3200.27
2025-08,SKU-15,South,Wholesale,2025-07-31,calendar_plan_v1_no_realized_demand,725,2878.66,694,696,2763.51
2025-08,SKU-15,West,Convenience,2025-07-31,calendar_plan_v1_no_realized_demand,446,1827.39,419,420,1720.86
2025-08,SKU-15,West,Ecommerce,2025-07-31,calendar_plan_v1_no_realized_demand,398,1630.72,388,388,1589.74
2025-08,SKU-15,West,Grocery,2025-07-31,calendar_plan_v1_no_realized_demand,725,2970.53,694,698,2859.9
2025-08,SKU-15,West,Wholesale,2025-07-31,calendar_plan_v1_no_realized_demand,624,2556.7,593,600,2458.37
2025-08,SKU-16,Central,Convenience,2025-07-31,calendar_plan_v1_no_realized_demand,797,2371.87,766,768,2285.57
2025-08,SKU-16,Central,Ecommerce,2025-07-31,calendar_plan_v1_no_realized_demand,756,2249.86,725,722,2148.67
2025-08,SKU-16,Central,Grocery,2025-07-31,calendar_plan_v1_no_realized_demand,1295,3853.92,1237,1222,3636.67
2025-08,SKU-16,Central,Wholesale,2025-07-31,calendar_plan_v1_no_realized_demand,1103,3282.53,1072,1083,3223.01
2025-08,SKU-16,North,Convenience,2025-07-31,calendar_plan_v1_no_realized_demand,746,2331.1,715,712,2224.86
2025-08,SKU-16,North,Ecommerce,2025-07-31,calendar_plan_v1_no_realized_demand,694,2168.61,663,662,2068.62
2025-08,SKU-16,North,Grocery,2025-07-31,calendar_plan_v1_no_realized_demand,1199,3746.64,1158,1151,3596.64
2025-08,SKU-16,North,Wholesale,2025-07-31,calendar_plan_v1_no_realized_demand,1041,3252.92,1010,1010,3156.05
2025-08,SKU-16,South,Convenience,2025-07-31,calendar_plan_v1_no_realized_demand,636,1779.17,605,609,1703.64
2025-08,SKU-16,South,Ecommerce,2025-07-31,calendar_plan_v1_no_realized_demand,605,1692.45,574,574,1605.73
2025-08,SKU-16,South,Grocery,2025-07-31,calendar_plan_v1_no_realized_demand,1041,2912.14,1010,1011,2828.21
2025-08,SKU-16,South,Wholesale,2025-07-31,calendar_plan_v1_no_realized_demand,890,2489.72,859,850,2377.82
2025-08,SKU-16,West,Convenience,2025-07-31,calendar_plan_v1_no_realized_demand,543,1567.49,512,514,1483.77
2025-08,SKU-16,West,Ecommerce,2025-07-31,calendar_plan_v1_no_realized_demand,512,1478.0,481,485,1400.06
2025-08,SKU-16,West,Grocery,2025-07-31,calendar_plan_v1_no_realized_demand,877,2531.65,846,836,2413.3
2025-08,SKU-16,West,Wholesale,2025-07-31,calendar_plan_v1_no_realized_demand,756,2182.36,725,725,2092.87
2025-09,SKU-01,Central,Convenience,2025-08-31,calendar_plan_v1_no_realized_demand,1105,2333.76,1067,1082,2285.18
2025-09,SKU-01,Central,Ecommerce,2025-08-31,calendar_plan_v1_no_realized_demand,1029,2173.25,999,1007,2126.78
2025-09,SKU-01,Central,Grocery,2025-08-31,calendar_plan_v1_no_realized_demand,1806,3814.27,1738,1713,3617.86
2025-09,SKU-01,Central,Wholesale,2025-08-31,calendar_plan_v1_no_realized_demand,1551,3275.71,1491,1485,3136.32
2025-09,SKU-01,North,Convenience,2025-08-31,calendar_plan_v1_no_realized_demand,1029,2281.91,999,998,2213.16
2025-09,SKU-01,North,Ecommerce,2025-08-31,calendar_plan_v1_no_realized_demand,969,2148.85,939,940,2084.54
2025-09,SKU-01,North,Grocery,2025-08-31,calendar_plan_v1_no_realized_demand,1671,3705.61,1611,1595,3537.07
2025-09,SKU-01,North,Wholesale,2025-08-31,calendar_plan_v1_no_realized_demand,1456,3228.83,1396,1402,3109.08
2025-09,SKU-01,South,Convenience,2025-08-31,calendar_plan_v1_no_realized_demand,884,1754.99,854,859,1705.36
2025-09,SKU-01,South,Ecommerce,2025-08-31,calendar_plan_v1_no_realized_demand,824,1635.87,794,785,1558.44
2025-09,SKU-01,South,Grocery,2025-08-31,calendar_plan_v1_no_realized_demand,1456,2890.57,1396,1390,2759.54
2025-09,SKU-01,South,Wholesale,2025-08-31,calendar_plan_v1_no_realized_demand,1269,2519.32,1214,1185,2352.56
2025-09,SKU-01,West,Convenience,2025-08-31,calendar_plan_v1_no_realized_demand,756,1548.77,726,730,1495.51
2025-09,SKU-01,West,Ecommerce,2025-08-31,calendar_plan_v1_no_realized_demand,707,1448.39,677,680,1393.08
2025-09,SKU-01,West,Grocery,2025-08-31,calendar_plan_v1_no_realized_demand,1242,2544.41,1381,1389,2845.56
2025-09,SKU-01,West,Wholesale,2025-08-31,calendar_plan_v1_no_realized_demand,1042,2134.68,1012,1026,2101.9
2025-09,SKU-02,Central,Convenience,2025-08-31,calendar_plan_v1_no_realized_demand,1315,2272.32,1255,1266,2187.65
2025-09,SKU-02,Central,Ecommerce,2025-08-31,calendar_plan_v1_no_realized_demand,1242,2146.18,1187,1192,2059.78
2025-09,SKU-02,Central,Grocery,2025-08-31,calendar_plan_v1_no_realized_demand,2126,3673.73,2041,2059,3557.95
2025-09,SKU-02,Central,Wholesale,2025-08-31,calendar_plan_v1_no_realized_demand,1832,3165.7,1764,1772,3062.02
2025-09,SKU-02,North,Convenience,2025-08-31,calendar_plan_v1_no_realized_demand,1220,2213.57,1165,1167,2117.4
2025-09,SKU-02,North,Ecommerce,2025-08-31,calendar_plan_v1_no_realized_demand,1135,2059.34,1097,1087,1972.25
2025-09,SKU-02,North,Grocery,2025-08-31,calendar_plan_v1_no_realized_demand,1977,3587.07,1901,1892,3432.84
2025-09,SKU-02,North,Wholesale,2025-08-31,calendar_plan_v1_no_realized_demand,1700,3084.48,1640,1627,2952.03
2025-09,SKU-02,South,Convenience,2025-08-31,calendar_plan_v1_no_realized_demand,1042,1692.54,1012,1001,1625.94
2025-09,SKU-02,South,Ecommerce,2025-08-31,calendar_plan_v1_no_realized_demand,974,1582.09,944,954,1549.6
2025-09,SKU-02,South,Grocery,2025-08-31,calendar_plan_v1_no_realized_demand,1700,2761.34,1640,1616,2624.9
2025-09,SKU-02,South,Wholesale,2025-08-31,calendar_plan_v1_no_realized_demand,1482,2407.24,1422,1424,2313.03
2025-09,SKU-02,West,Convenience,2025-08-31,calendar_plan_v1_no_realized_demand,884,1481.73,854,847,1419.71
2025-09,SKU-02,West,Ecommerce,2025-08-31,calendar_plan_v1_no_realized_demand,824,1381.16,794,788,1320.81
2025-09,SKU-02,West,Grocery,2025-08-31,calendar_plan_v1_no_realized_demand,1449,2428.76,1389,1380,2313.1
2025-09,SKU-02,West,Wholesale,2025-08-31,calendar_plan_v1_no_realized_demand,1242,2081.79,1187,1193,1999.66
2025-09,SKU-03,Central,Convenience,2025-08-31,calendar_plan_v1_no_realized_demand,914,2281.34,884,892,2226.43
2025-09,SKU-03,Central,Ecommerce,2025-08-31,calendar_plan_v1_no_realized_demand,854,2131.58,824,823,2054.21
2025-09,SKU-03,Central,Grocery,2025-08-31,calendar_plan_v1_no_realized_demand,1490,3719.04,1430,1427,3561.79
2025-09,SKU-03,Central,Wholesale,2025-08-31,calendar_plan_v1_no_realized_demand,1297,3237.31,1242,1230,3070.08
2025-09,SKU-03,North,Convenience,2025-08-31,calendar_plan_v1_no_realized_demand,854,2238.16,824,814,2133.33
2025-09,SKU-03,North,Ecommerce,2025-08-31,calendar_plan_v1_no_realized_demand,794,2080.92,764,754,1976.08
2025-09,SKU-03,North,Grocery,2025-08-31,calendar_plan_v1_no_realized_demand,1392,3648.15,1332,1335,3498.77
2025-09,SKU-03,North,Wholesale,2025-08-31,calendar_plan_v1_no_realized_demand,1212,3176.41,1157,1147,3006.06
2025-09,SKU-03,South,Convenience,2025-08-31,calendar_plan_v1_no_realized_demand,734,1722.14,704,701,1644.71
2025-09,SKU-03,South,Ecommerce,2025-08-31,calendar_plan_v1_no_realized_demand,696,1632.98,666,665,1560.25
2025-09,SKU-03,South,Grocery,2025-08-31,calendar_plan_v1_no_realized_demand,1212,2843.64,1157,1154,2707.56
2025-09,SKU-03,South,Wholesale,2025-08-31,calendar_plan_v1_no_realized_demand,1029,2414.28,999,993,2329.82
2025-09,SKU-03,West,Convenience,2025-08-31,calendar_plan_v1_no_realized_demand,636,1539.83,606,616,1491.41
2025-09,SKU-03,West,Ecommerce,2025-08-31,calendar_plan_v1_no_realized_demand,581,1406.67,551,550,1331.62
2025-09,SKU-03,West,Grocery,2025-08-31,calendar_plan_v1_no_realized_demand,999,2418.7,969,980,2372.7
2025-09,SKU-03,West,Wholesale,2025-08-31,calendar_plan_v1_no_realized_demand,871,2108.8,1003,1006,2435.65
2025-09,SKU-04,Central,Convenience,2025-08-31,calendar_plan_v1_no_realized_demand,854,2213.57,824,834,2161.73
2025-09,SKU-04,Central,Ecommerce,2025-08-31,calendar_plan_v1_no_realized_demand,794,2058.05,764,771,1998.43
2025-09,SKU-04,Central,Grocery,2025-08-31,calendar_plan_v1_no_realized_demand,1392,3608.06,1332,1341,3475.87
2025-09,SKU-04,Central,Wholesale,2025-08-31,calendar_plan_v1_no_realized_demand,1212,3141.5,1157,1146,2970.43
2025-09,SKU-04,North,Convenience,2025-08-31,calendar_plan_v1_no_realized_demand,792,2155.51,762,760,2068.42
2025-09,SKU-04,North,Ecommerce,2025-08-31,calendar_plan_v1_no_realized_demand,738,2008.54,708,705,1918.73
2025-09,SKU-04,North,Grocery,2025-08-31,calendar_plan_v1_no_realized_demand,1297,3529.92,1242,1250,3402.0
2025-09,SKU-04,North,Wholesale,2025-08-31,calendar_plan_v1_no_realized_demand,1105,3007.37,1067,1067,2903.95
2025-09,SKU-04,South,Convenience,2025-08-31,calendar_plan_v1_no_realized_demand,696,1695.79,666,662,1612.95
2025-09,SKU-04,South,Ecommerce,2025-08-31,calendar_plan_v1_no_realized_demand,641,1561.78,611,608,1481.38
2025-09,SKU-04,South,Grocery,2025-08-31,calendar_plan_v1_no_realized_demand,1105,2692.31,1067,1085,2643.58
2025-09,SKU-04,South,Wholesale,2025-08-31,calendar_plan_v1_no_realized_demand,944,2300.04,914,928,2261.05
2025-09,SKU-04,West,Convenience,2025-08-31,calendar_plan_v1_no_realized_demand,581,1460.77,551,547,1375.29
2025-09,SKU-04,West,Ecommerce,2025-08-31,calendar_plan_v1_no_realized_demand,551,1385.35,521,527,1325.0
2025-09,SKU-04,West,Grocery,2025-08-31,calendar_plan_v1_no_realized_demand,939,2360.87,1098,1097,2758.12
2025-09,SKU-04,West,Wholesale,2025-08-31,calendar_plan_v1_no_realized_demand,815,2049.11,785,780,1961.11
2025-09,SKU-05,Central,Convenience,2025-08-31,calendar_plan_v1_no_realized_demand,786,2867.33,756,753,2746.94
2025-09,SKU-05,Central,Ecommerce,2025-08-31,calendar_plan_v1_no_realized_demand,734,2677.63,704,705,2571.84
2025-09,SKU-05,Central,Grocery,2025-08-31,calendar_plan_v1_no_realized_demand,1272,4640.26,1217,1204,4392.19
2025-09,SKU-05,Central,Wholesale,2025-08-31,calendar_plan_v1_no_realized_demand,1097,4001.86,1059,1061,3870.53
2025-09,SKU-05,North,Convenience,2025-08-31,calendar_plan_v1_no_realized_demand,726,2780.87,696,695,2662.13
2025-09,SKU-05,North,Ecommerce,2025-08-31,calendar_plan_v1_no_realized_demand,696,2665.96,666,666,2551.05
2025-09,SKU-05,North,Grocery,2025-08-31,calendar_plan_v1_no_realized_demand,1183,4531.36,1137,1152,4412.62
2025-09,SKU-05,North,Wholesale,2025-08-31,calendar_plan_v1_no_realized_demand,1012,3876.36,982,974,3730.81
2025-09,SKU-05,South,Convenience,2025-08-31,calendar_plan_v1_no_realized_demand,636,2180.92,606,617,2115.77
2025-09,SKU-05,South,Ecommerce,2025-08-31,calendar_plan_v1_no_realized_demand,606,2078.05,686,684,2345.52
2025-09,SKU-05,South,Grocery,2025-08-31,calendar_plan_v1_no_realized_demand,1012,3470.27,982,975,3343.39
2025-09,SKU-05,South,Wholesale,2025-08-31,calendar_plan_v1_no_realized_demand,884,3031.34,854,862,2955.9
2025-09,SKU-05,West,Convenience,2025-08-31,calendar_plan_v1_no_realized_demand,545,1928.52,515,506,1790.51
2025-09,SKU-05,West,Ecommerce,2025-08-31,calendar_plan_v1_no_realized_demand,509,1801.13,479,484,1712.66
2025-09,SKU-05,West,Grocery,2025-08-31,calendar_plan_v1_no_realized_demand,854,3021.93,824,827,2926.39
2025-09,SKU-05,West,Wholesale,2025-08-31,calendar_plan_v1_no_realized_demand,756,2675.15,726,713,2522.99
2025-09,SKU-06,Central,Convenience,2025-08-31,calendar_plan_v1_no_realized_demand,726,3206.02,696,714,3153.02
2025-09,SKU-06,Central,Ecommerce,2025-08-31,calendar_plan_v1_no_realized_demand,671,2963.14,641,635,2804.16
2025-09,SKU-06,Central,Grocery,2025-08-31,calendar_plan_v1_no_realized_demand,1165,5144.64,1127,1123,4959.17
2025-09,SKU-06,Central,Wholesale,2025-08-31,calendar_plan_v1_no_realized_demand,999,4411.58,969,984,4345.34
2025-09,SKU-06,North,Convenience,2025-08-31,calendar_plan_v1_no_realized_demand,667,3092.75,637,634,2939.73
2025-09,SKU-06,North,Ecommerce,2025-08-31,calendar_plan_v1_no_realized_demand,636,2949.0,606,603,2795.99
2025-09,SKU-06,North,Grocery,2025-08-31,calendar_plan_v1_no_realized_demand,1080,5007.74,1042,1034,4794.45
2025-09,SKU-06,North,Wholesale,2025-08-31,calendar_plan_v1_no_realized_demand,939,4353.96,909,914,4238.04
2025-09,SKU-06,South,Convenience,2025-08-31,calendar_plan_v1_no_realized_demand,581,2411.75,551,546,2266.47
2025-09,SKU-06,South,Ecommerce,2025-08-31,calendar_plan_v1_no_realized_demand,551,2287.22,521,529,2195.9
2025-09,SKU-06,South,Grocery,2025-08-31,calendar_plan_v1_no_realized_demand,939,3897.83,909,905,3756.69
2025-09,SKU-06,South,Wholesale,2025-08-31,calendar_plan_v1_no_realized_demand,816,3387.25,786,783,3250.26
2025-09,SKU-06,West,Convenience,2025-08-31,calendar_plan_v1_no_realized_demand,491,2103.21,461,464,1987.55
2025-09,SKU-06,West,Ecommerce,2025-08-31,calendar_plan_v1_no_realized_demand,461,1974.7,431,434,1859.05
2025-09,SKU-06,West,Grocery,2025-08-31,calendar_plan_v1_no_realized_demand,794,3401.11,764,769,3294.03
2025-09,SKU-06,West,Wholesale,2025-08-31,calendar_plan_v1_no_realized_demand,696,2981.33,666,670,2869.96
2025-09,SKU-07,Central,Convenience,2025-08-31,calendar_plan_v1_no_realized_demand,666,2685.31,636,644,2596.61
2025-09,SKU-07,Central,Ecommerce,2025-08-31,calendar_plan_v1_no_realized_demand,611,2463.55,581,578,2330.5
2025-09,SKU-07,Central,Grocery,2025-08-31,calendar_plan_v1_no_realized_demand,1059,4269.89,1029,1019,4108.61
2025-09,SKU-07,Central,Wholesale,2025-08-31,calendar_plan_v1_no_realized_demand,914,3685.25,884,887,3576.38
2025-09,SKU-07,North,Convenience,2025-08-31,calendar_plan_v1_no_realized_demand,611,2586.73,581,585,2476.66
2025-09,SKU-07,North,Ecommerce,2025-08-31,calendar_plan_v1_no_realized_demand,581,2459.72,551,553,2341.18
2025-09,SKU-07,North,Grocery,2025-08-31,calendar_plan_v1_no_realized_demand,974,4123.53,944,942,3988.05
2025-09,SKU-07,North,Wholesale,2025-08-31,calendar_plan_v1_no_realized_demand,854,3615.49,824,819,3467.32
2025-09,SKU-07,South,Convenience,2025-08-31,calendar_plan_v1_no_realized_demand,538,2039.06,508,513,1944.31
2025-09,SKU-07,South,Ecommerce,2025-08-31,calendar_plan_v1_no_realized_demand,508,1925.36,478,476,1804.08
2025-09,SKU-07,South,Grocery,2025-08-31,calendar_plan_v1_no_realized_demand,854,3236.73,824,828,3138.19
2025-09,SKU-07,South,Wholesale,2025-08-31,calendar_plan_v1_no_realized_demand,734,2781.92,704,707,2679.59
2025-09,SKU-07,West,Convenience,2025-08-31,calendar_plan_v1_no_realized_demand,453,1771.7,423,422,1650.46
2025-09,SKU-07,West,Ecommerce,2025-08-31,calendar_plan_v1_no_realized_demand,418,1634.81,393,395,1544.86
2025-09,SKU-07,West,Grocery,2025-08-31,calendar_plan_v1_no_realized_demand,726,2839.42,696,694,2714.26
2025-09,SKU-07,West,Wholesale,2025-08-31,calendar_plan_v1_no_realized_demand,636,2487.42,606,611,2389.65
2025-09,SKU-08,Central,Convenience,2025-08-31,calendar_plan_v1_no_realized_demand,604,2841.22,574,570,2681.28
2025-09,SKU-08,Central,Ecommerce,2025-08-31,calendar_plan_v1_no_realized_demand,551,2591.9,612,608,2860.03
2025-09,SKU-08,Central,Grocery,2025-08-31,calendar_plan_v1_no_realized_demand,944,4440.58,914,909,4275.94
2025-09,SKU-08,Central,Wholesale,2025-08-31,calendar_plan_v1_no_realized_demand,824,3876.1,794,796,3744.38
2025-09,SKU-08,North,Convenience,2025-08-31,calendar_plan_v1_no_realized_demand,551,2721.5,521,522,2578.26
2025-09,SKU-08,North,Ecommerce,2025-08-31,calendar_plan_v1_no_realized_demand,521,2573.32,491,499,2464.66
2025-09,SKU-08,North,Grocery,2025-08-31,calendar_plan_v1_no_realized_demand,884,4366.25,854,858,4237.83
2025-09,SKU-08,North,Wholesale,2025-08-31,calendar_plan_v1_no_realized_demand,764,3773.55,734,731,3610.56
2025-09,SKU-08,South,Convenience,2025-08-31,calendar_plan_v1_no_realized_demand,483,2135.71,453,454,2007.48
2025-09,SKU-08,South,Ecommerce,2025-08-31,calendar_plan_v1_no_realized_demand,453,2003.06,423,422,1865.98
2025-09,SKU-08,South,Grocery,2025-08-31,calendar_plan_v1_no_realized_demand,764,3378.22,734,737,3258.84
2025-09,SKU-08,South,Wholesale,2025-08-31,calendar_plan_v1_no_realized_demand,666,2944.89,636,632,2794.55
2025-09,SKU-08,West,Convenience,2025-08-31,calendar_plan_v1_no_realized_demand,418,1907.28,393,390,1779.52
2025-09,SKU-08,West,Ecommerce,2025-08-31,calendar_plan_v1_no_realized_demand,371,1692.83,363,361,1647.2
2025-09,SKU-08,West,Grocery,2025-08-31,calendar_plan_v1_no_realized_demand,656,2993.25,626,642,2929.37
2025-09,SKU-08,West,Wholesale,2025-08-31,calendar_plan_v1_no_realized_demand,570,2600.84,540,537,2450.27
2025-09,SKU-09,Central,Convenience,2025-08-31,calendar_plan_v1_no_realized_demand,1482,2418.62,1422,1415,2309.28
2025-09,SKU-09,Central,Ecommerce,2025-08-31,calendar_plan_v1_no_realized_demand,1392,2271.74,1332,1339,2185.25
2025-09,SKU-09,Central,Grocery,2025-08-31,calendar_plan_v1_no_realized_demand,2396,3910.27,2306,2310,3769.92
2025-09,SKU-09,Central,Wholesale,2025-08-31,calendar_plan_v1_no_realized_demand,2066,3371.71,1981,1993,3252.58
2025-09,SKU-09,North,Convenience,2025-08-31,calendar_plan_v1_no_realized_demand,1375,2356.2,1315,1315,2253.38
2025-09,SKU-09,North,Ecommerce,2025-08-31,calendar_plan_v1_no_realized_demand,1286,2203.69,1231,1238,2121.44
2025-09,SKU-09,North,Grocery,2025-08-31,calendar_plan_v1_no_realized_demand,2221,3805.91,2131,2146,3677.39
2025-09,SKU-09,North,Wholesale,2025-08-31,calendar_plan_v1_no_realized_demand,1921,3291.83,1853,1865,3195.86
2025-09,SKU-09,South,Convenience,2025-08-31,calendar_plan_v1_no_realized_demand,1165,1787.2,1127,1115,1710.5
2025-09,SKU-09,South,Ecommerce,2025-08-31,calendar_plan_v1_no_realized_demand,1101,1689.02,1063,1072,1644.53
2025-09,SKU-09,South,Grocery,2025-08-31,calendar_plan_v1_no_realized_demand,1921,2946.97,1853,1854,2844.18
2025-09,SKU-09,South,Wholesale,2025-08-31,calendar_plan_v1_no_realized_demand,1657,2541.97,1597,1586,2433.05
2025-09,SKU-09,West,Convenience,2025-08-31,calendar_plan_v1_no_realized_demand,999,1581.46,969,963,1524.47
2025-09,SKU-09,West,Ecommerce,2025-08-31,calendar_plan_v1_no_realized_demand,926,1465.9,896,893,1413.65
2025-09,SKU-09,West,Grocery,2025-08-31,calendar_plan_v1_no_realized_demand,1610,2548.69,1550,1550,2453.71
2025-09,SKU-09,West,Wholesale,2025-08-31,calendar_plan_v1_no_realized_demand,1405,2224.17,1345,1340,2121.27
2025-09,SKU-10,Central,Convenience,2025-08-31,calendar_plan_v1_no_realized_demand,1003,2792.35,973,976,2717.18
2025-09,SKU-10,Central,Ecommerce,2025-08-31,calendar_plan_v1_no_realized_demand,944,2628.1,914,893,2486.11
2025-09,SKU-10,Central,Grocery,2025-08-31,calendar_plan_v1_no_realized_demand,1640,4565.76,1580,1574,4382.02
2025-09,SKU-10,Central,Wholesale,2025-08-31,calendar_plan_v1_no_realized_demand,1428,3975.55,1368,1346,3747.26
2025-09,SKU-10,North,Convenience,2025-08-31,calendar_plan_v1_no_realized_demand,939,2744.88,909,902,2636.73
2025-09,SKU-10,North,Ecommerce,2025-08-31,calendar_plan_v1_no_realized_demand,884,2584.11,854,846,2473.03
2025-09,SKU-10,North,Grocery,2025-08-31,calendar_plan_v1_no_realized_demand,1525,4457.88,1465,1483,4335.11
2025-09,SKU-10,North,Wholesale,2025-08-31,calendar_plan_v1_no_realized_demand,1334,3899.55,1274,1280,3741.7
2025-09,SKU-10,South,Convenience,2025-08-31,calendar_plan_v1_no_realized_demand,816,2135.44,786,789,2064.78
2025-09,SKU-10,South,Ecommerce,2025-08-31,calendar_plan_v1_no_realized_demand,762,1994.12,732,741,1939.17
2025-09,SKU-10,South,Grocery,2025-08-31,calendar_plan_v1_no_realized_demand,1335,3493.64,1275,1286,3365.41
2025-09,SKU-10,South,Wholesale,2025-08-31,calendar_plan_v1_no_realized_demand,1135,2970.25,1097,1104,2889.12
2025-09,SKU-10,West,Convenience,2025-08-31,calendar_plan_v1_no_realized_demand,696,1879.53,666,665,1795.82
2025-09,SKU-10,West,Ecommerce,2025-08-31,calendar_plan_v1_no_realized_demand,641,1731.01,611,612,1652.69
2025-09,SKU-10,West,Grocery,2025-08-31,calendar_plan_v1_no_realized_demand,1106,2986.73,1068,1075,2903.02
2025-09,SKU-10,West,Wholesale,2025-08-31,calendar_plan_v1_no_realized_demand,960,2592.46,930,914,2468.24
2025-09,SKU-11,Central,Convenience,2025-08-31,calendar_plan_v1_no_realized_demand,884,2800.51,854,842,2667.46
2025-09,SKU-11,Central,Ecommerce,2025-08-31,calendar_plan_v1_no_realized_demand,824,2610.43,794,812,2572.42
2025-09,SKU-11,Central,Grocery,2025-08-31,calendar_plan_v1_no_realized_demand,1435,4546.08,1375,1376,4359.17
2025-09,SKU-11,Central,Wholesale,2025-08-31,calendar_plan_v1_no_realized_demand,1242,3934.66,1187,1169,3703.39
2025-09,SKU-11,North,Convenience,2025-08-31,calendar_plan_v1_no_realized_demand,824,2740.95,794,796,2647.81
2025-09,SKU-11,North,Ecommerce,2025-08-31,calendar_plan_v1_no_realized_demand,764,2541.37,734,730,2428.27
2025-09,SKU-11,North,Grocery,2025-08-31,calendar_plan_v1_no_realized_demand,1337,4447.4,1277,1283,4267.77
2025-09,SKU-11,North,Wholesale,2025-08-31,calendar_plan_v1_no_realized_demand,1140,3792.1,1102,1102,3665.69
2025-09,SKU-11,South,Convenience,2025-08-31,calendar_plan_v1_no_realized_demand,709,2111.35,850,856,2549.1
2025-09,SKU-11,South,Ecommerce,2025-08-31,calendar_plan_v1_no_realized_demand,666,1983.29,636,630,1876.09
2025-09,SKU-11,South,Grocery,2025-08-31,calendar_plan_v1_no_realized_demand,1141,3397.81,1103,1100,3275.71
2025-09,SKU-11,South,Wholesale,2025-08-31,calendar_plan_v1_no_realized_demand,991,2951.12,961,956,2846.89
2025-09,SKU-11,West,Convenience,2025-08-31,calendar_plan_v1_no_realized_demand,606,1862.21,576,580,1782.32
2025-09,SKU-11,West,Ecommerce,2025-08-31,calendar_plan_v1_no_realized_demand,570,1751.59,540,551,1693.2
2025-09,SKU-11,West,Grocery,2025-08-31,calendar_plan_v1_no_realized_demand,969,2977.7,939,937,2879.36
2025-09,SKU-11,West,Wholesale,2025-08-31,calendar_plan_v1_no_realized_demand,841,2584.36,811,794,2439.93
2025-09,SKU-12,Central,Convenience,2025-08-31,calendar_plan_v1_no_realized_demand,818,2827.01,788,783,2706.05
2025-09,SKU-12,Central,Ecommerce,2025-08-31,calendar_plan_v1_no_realized_demand,764,2640.38,734,736,2543.62
2025-09,SKU-12,Central,Grocery,2025-08-31,calendar_plan_v1_no_realized_demand,1337,4620.67,1277,1262,4361.47
2025-09,SKU-12,Central,Wholesale,2025-08-31,calendar_plan_v1_no_realized_demand,1135,3922.56,1097,1094,3780.86
2025-09,SKU-12,North,Convenience,2025-08-31,calendar_plan_v1_no_realized_demand,756,2743.37,726,738,2678.05
2025-09,SKU-12,North,Ecommerce,2025-08-31,calendar_plan_v1_no_realized_demand,717,2601.85,687,693,2514.76
2025-09,SKU-12,North,Grocery,2025-08-31,calendar_plan_v1_no_realized_demand,1242,4506.97,1187,1192,4325.53
2025-09,SKU-12,North,Wholesale,2025-08-31,calendar_plan_v1_no_realized_demand,1059,3842.9,1029,1024,3715.89
2025-09,SKU-12,South,Convenience,2025-08-31,calendar_plan_v1_no_realized_demand,666,2163.59,636,640,2079.13
2025-09,SKU-12,South,Ecommerce,2025-08-31,calendar_plan_v1_no_realized_demand,611,1984.92,581,581,1887.46
2025-09,SKU-12,South,Grocery,2025-08-31,calendar_plan_v1_no_realized_demand,1059,3440.31,1029,1041,3381.83
2025-09,SKU-12,South,Wholesale,2025-08-31,calendar_plan_v1_no_realized_demand,914,2969.26,884,883,2868.55
2025-09,SKU-12,West,Convenience,2025-08-31,calendar_plan_v1_no_realized_demand,568,1904.12,538,535,1793.49
2025-09,SKU-12,West,Ecommerce,2025-08-31,calendar_plan_v1_no_realized_demand,521,1746.56,491,493,1652.69
2025-09,SKU-12,West,Grocery,2025-08-31,calendar_plan_v1_no_realized_demand,886,2970.16,856,859,2879.64
2025-09,SKU-12,West,Wholesale,2025-08-31,calendar_plan_v1_no_realized_demand,786,2634.92,756,748,2507.54
2025-09,SKU-13,Central,Convenience,2025-08-31,calendar_plan_v1_no_realized_demand,756,2322.43,726,737,2264.06
2025-09,SKU-13,Central,Ecommerce,2025-08-31,calendar_plan_v1_no_realized_demand,702,2156.54,672,676,2076.67
2025-09,SKU-13,Central,Grocery,2025-08-31,calendar_plan_v1_no_realized_demand,1240,3809.28,1392,1385,4254.72
2025-09,SKU-13,Central,Wholesale,2025-08-31,calendar_plan_v1_no_realized_demand,1042,3201.02,1012,1008,3096.58
2025-09,SKU-13,North,Convenience,2025-08-31,calendar_plan_v1_no_realized_demand,696,2245.02,666,676,2180.51
2025-09,SKU-13,North,Ecommerce,2025-08-31,calendar_plan_v1_no_realized_demand,666,2148.25,636,649,2093.41
2025-09,SKU-13,North,Grocery,2025-08-31,calendar_plan_v1_no_realized_demand,1133,3654.6,1095,1083,3493.32
2025-09,SKU-13,North,Wholesale,2025-08-31,calendar_plan_v1_no_realized_demand,974,3141.73,944,928,2993.36
2025-09,SKU-13,South,Convenience,2025-08-31,calendar_plan_v1_no_realized_demand,611,1764.37,581,584,1686.41
2025-09,SKU-13,South,Ecommerce,2025-08-31,calendar_plan_v1_no_realized_demand,576,1663.3,546,541,1562.23
2025-09,SKU-13,South,Grocery,2025-08-31,calendar_plan_v1_no_realized_demand,974,2812.6,944,951,2746.18
2025-09,SKU-13,South,Wholesale,2025-08-31,calendar_plan_v1_no_realized_demand,852,2460.3,822,826,2385.22
2025-09,SKU-13,West,Convenience,2025-08-31,calendar_plan_v1_no_realized_demand,521,1552.5,491,495,1475.02
2025-09,SKU-13,West,Ecommerce,2025-08-31,calendar_plan_v1_no_realized_demand,491,1463.1,461,466,1388.61
2025-09,SKU-13,West,Grocery,2025-08-31,calendar_plan_v1_no_realized_demand,824,2455.39,794,795,2368.97
2025-09,SKU-13,West,Wholesale,2025-08-31,calendar_plan_v1_no_realized_demand,726,2163.36,696,694,2068.01
2025-09,SKU-14,Central,Convenience,2025-08-31,calendar_plan_v1_no_realized_demand,636,2259.07,606,608,2159.62
2025-09,SKU-14,Central,Ecommerce,2025-08-31,calendar_plan_v1_no_realized_demand,581,2063.71,551,553,1964.26
2025-09,SKU-14,Central,Grocery,2025-08-31,calendar_plan_v1_no_realized_demand,999,3548.45,969,977,3470.3
2025-09,SKU-14,Central,Wholesale,2025-08-31,calendar_plan_v1_no_realized_demand,871,3093.79,841,841,2987.23
2025-09,SKU-14,North,Convenience,2025-08-31,calendar_plan_v1_no_realized_demand,581,2166.9,551,551,2055.01
2025-09,SKU-14,North,Ecommerce,2025-08-31,calendar_plan_v1_no_realized_demand,551,2055.01,521,526,1961.77
2025-09,SKU-14,North,Grocery,2025-08-31,calendar_plan_v1_no_realized_demand,939,3502.09,909,900,3356.64
2025-09,SKU-14,North,Wholesale,2025-08-31,calendar_plan_v1_no_realized_demand,816,3043.35,786,783,2920.28
2025-09,SKU-14,South,Convenience,2025-08-31,calendar_plan_v1_no_realized_demand,513,1712.85,483,479,1599.32
2025-09,SKU-14,South,Ecommerce,2025-08-31,calendar_plan_v1_no_realized_demand,483,1612.68,453,451,1505.83
2025-09,SKU-14,South,Grocery,2025-08-31,calendar_plan_v1_no_realized_demand,816,2724.53,786,799,2667.77
2025-09,SKU-14,South,Wholesale,2025-08-31,calendar_plan_v1_no_realized_demand,696,2323.86,666,670,2237.05
2025-09,SKU-14,West,Convenience,2025-08-31,calendar_plan_v1_no_realized_demand,426,1467.76,401,400,1378.18
2025-09,SKU-14,West,Ecommerce,2025-08-31,calendar_plan_v1_no_realized_demand,379,1305.82,371,368,1267.92
2025-09,SKU-14,West,Grocery,2025-08-31,calendar_plan_v1_no_realized_demand,696,2398.03,666,664,2287.77
2025-09,SKU-14,West,Wholesale,2025-08-31,calendar_plan_v1_no_realized_demand,606,2087.94,576,569,1960.46
2025-09,SKU-15,Central,Convenience,2025-08-31,calendar_plan_v1_no_realized_demand,568,2399.23,538,538,2272.51
2025-09,SKU-15,Central,Ecommerce,2025-08-31,calendar_plan_v1_no_realized_demand,521,2200.7,491,484,2044.42
2025-09,SKU-15,Central,Grocery,2025-08-31,calendar_plan_v1_no_realized_demand,901,3805.82,871,884,3734.02
2025-09,SKU-15,Central,Wholesale,2025-08-31,calendar_plan_v1_no_realized_demand,786,3320.06,756,757,3197.57
2025-09,SKU-15,North,Convenience,2025-08-31,calendar_plan_v1_no_realized_demand,521,2310.74,491,485,2151.07
2025-09,SKU-15,North,Ecommerce,2025-08-31,calendar_plan_v1_no_realized_demand,491,2177.68,461,465,2062.37
2025-09,SKU-15,North,Grocery,2025-08-31,calendar_plan_v1_no_realized_demand,841,3730.0,811,808,3583.64
2025-09,SKU-15,North,Wholesale,2025-08-31,calendar_plan_v1_no_realized_demand,726,3219.96,696,699,3100.2
2025-09,SKU-15,South,Convenience,2025-08-31,calendar_plan_v1_no_realized_demand,461,1830.43,431,435,1727.19
2025-09,SKU-15,South,Ecommerce,2025-08-31,calendar_plan_v1_no_realized_demand,426,1691.46,401,406,1612.05
2025-09,SKU-15,South,Grocery,2025-08-31,calendar_plan_v1_no_realized_demand,726,2882.63,696,700,2779.39
2025-09,SKU-15,South,Wholesale,2025-08-31,calendar_plan_v1_no_realized_demand,636,2525.28,606,601,2386.31
2025-09,SKU-15,West,Convenience,2025-08-31,calendar_plan_v1_no_realized_demand,371,1520.09,363,365,1495.51
2025-09,SKU-15,West,Ecommerce,2025-08-31,calendar_plan_v1_no_realized_demand,333,1364.39,333,329,1348.01
2025-09,SKU-15,West,Grocery,2025-08-31,calendar_plan_v1_no_realized_demand,611,2503.44,581,585,2396.91
2025-09,SKU-15,West,Wholesale,2025-08-31,calendar_plan_v1_no_realized_demand,538,2204.34,626,638,2614.06
2025-09,SKU-16,Central,Convenience,2025-08-31,calendar_plan_v1_no_realized_demand,696,2071.3,666,677,2014.75
2025-09,SKU-16,Central,Ecommerce,2025-08-31,calendar_plan_v1_no_realized_demand,641,1907.62,611,599,1782.62
2025-09,SKU-16,Central,Grocery,2025-08-31,calendar_plan_v1_no_realized_demand,1107,3294.43,1069,1061,3157.54
2025-09,SKU-16,Central,Wholesale,2025-08-31,calendar_plan_v1_no_realized_demand,962,2862.91,932,927,2758.75
2025-09,SKU-16,North,Convenience,2025-08-31,calendar_plan_v1_no_realized_demand,641,2003.0,611,610,1906.13
2025-09,SKU-16,North,Ecommerce,2025-08-31,calendar_plan_v1_no_realized_demand,606,1893.63,576,573,1790.51
2025-09,SKU-16,North,Grocery,2025-08-31,calendar_plan_v1_no_realized_demand,1029,3215.42,999,992,3099.8
2025-09,SKU-16,North,Wholesale,2025-08-31,calendar_plan_v1_no_realized_demand,884,2762.32,854,855,2671.7
2025-09,SKU-16,South,Convenience,2025-08-31,calendar_plan_v1_no_realized_demand,551,1541.39,521,519,1451.87
2025-09,SKU-16,South,Ecommerce,2025-08-31,calendar_plan_v1_no_realized_demand,521,1457.47,491,480,1342.77
2025-09,SKU-16,South,Grocery,2025-08-31,calendar_plan_v1_no_realized_demand,884,2472.94,854,855,2391.81
2025-09,SKU-16,South,Wholesale,2025-08-31,calendar_plan_v1_no_realized_demand,778,2176.41,748,750,2098.08
2025-09,SKU-16,West,Convenience,2025-08-31,calendar_plan_v1_no_realized_demand,483,1394.29,453,452,1304.8
2025-09,SKU-16,West,Ecommerce,2025-08-31,calendar_plan_v1_no_realized_demand,453,1307.68,423,423,1221.08
2025-09,SKU-16,West,Grocery,2025-08-31,calendar_plan_v1_no_realized_demand,756,2182.36,726,733,2115.97
2025-09,SKU-16,West,Wholesale,2025-08-31,calendar_plan_v1_no_realized_demand,666,1922.56,636,643,1856.16
2025-10,SKU-01,Central,Convenience,2025-09-30,calendar_plan_v1_no_realized_demand,1100,2323.2,1069,1081,2283.07
2025-10,SKU-01,Central,Ecommerce,2025-09-30,calendar_plan_v1_no_realized_demand,1020,2154.24,989,1000,2112.0
2025-10,SKU-01,Central,Grocery,2025-09-30,calendar_plan_v1_no_realized_demand,1790,3780.48,1728,1723,3638.98
2025-10,SKU-01,Central,Wholesale,2025-09-30,calendar_plan_v1_no_realized_demand,1548,3269.38,1486,1500,3168.0
2025-10,SKU-01,North,Convenience,2025-09-30,calendar_plan_v1_no_realized_demand,1011,2241.99,980,982,2177.68
2025-10,SKU-01,North,Ecommerce,2025-09-30,calendar_plan_v1_no_realized_demand,949,2104.5,1160,1150,2550.24
2025-10,SKU-01,North,Grocery,2025-09-30,calendar_plan_v1_no_realized_demand,1672,3707.83,1610,1592,3530.42
2025-10,SKU-01,North,Wholesale,2025-09-30,calendar_plan_v1_no_realized_demand,1446,3206.65,1384,1382,3064.72
2025-10,SKU-01,South,Convenience,2025-09-30,calendar_plan_v1_no_realized_demand,887,1760.94,856,848,1683.52
2025-10,SKU-01,South,Ecommerce,2025-09-30,calendar_plan_v1_no_realized_demand,825,1637.86,794,783,1554.47
2025-10,SKU-01,South,Grocery,2025-09-30,calendar_plan_v1_no_realized_demand,1446,2870.71,1384,1382,2743.66
2025-10,SKU-01,South,Wholesale,2025-09-30,calendar_plan_v1_no_realized_demand,1260,2501.45,1202,1227,2435.94
2025-10,SKU-01,West,Convenience,2025-09-30,calendar_plan_v1_no_realized_demand,754,1544.67,723,722,1479.12
2025-10,SKU-01,West,Ecommerce,2025-09-30,calendar_plan_v1_no_realized_demand,696,1425.85,665,678,1388.98
2025-10,SKU-01,West,Grocery,2025-09-30,calendar_plan_v1_no_realized_demand,1211,2480.9,1171,1175,2407.15
2025-10,SKU-01,West,Wholesale,2025-09-30,calendar_plan_v1_no_realized_demand,1038,2126.49,1007,1004,2056.83
2025-10,SKU-02,Central,Convenience,2025-09-30,calendar_plan_v1_no_realized_demand,1312,2267.14,1254,1270,2194.56
2025-10,SKU-02,Central,Ecommerce,2025-09-30,calendar_plan_v1_no_realized_demand,1211,2092.61,1171,1167,2016.58
2025-10,SKU-02,Central,Grocery,2025-09-30,calendar_plan_v1_no_realized_demand,2116,3656.45,2027,2030,3507.84
2025-10,SKU-02,Central,Wholesale,2025-09-30,calendar_plan_v1_no_realized_demand,1811,3129.41,1749,1769,3056.83
2025-10,SKU-02,North,Convenience,2025-09-30,calendar_plan_v1_no_realized_demand,1202,2180.91,1162,1151,2088.37
2025-10,SKU-02,North,Ecommerce,2025-09-30,calendar_plan_v1_no_realized_demand,1122,2035.76,1082,1073,1946.85
2025-10,SKU-02,North,Grocery,2025-09-30,calendar_plan_v1_no_realized_demand,1965,3565.3,1894,1877,3405.63
2025-10,SKU-02,North,Wholesale,2025-09-30,calendar_plan_v1_no_realized_demand,1694,3073.59,1632,1652,2997.39
2025-10,SKU-02,South,Convenience,2025-09-30,calendar_plan_v1_no_realized_demand,1038,1686.04,1007,1005,1632.44
2025-10,SKU-02,South,Ecommerce,2025-09-30,calendar_plan_v1_no_realized_demand,976,1585.34,945,948,1539.86
2025-10,SKU-02,South,Grocery,2025-09-30,calendar_plan_v1_no_realized_demand,1697,2756.47,1635,1629,2646.02
2025-10,SKU-02,South,Wholesale,2025-09-30,calendar_plan_v1_no_realized_demand,1474,2394.25,1412,1416,2300.04
2025-10,SKU-02,West,Convenience,2025-09-30,calendar_plan_v1_no_realized_demand,879,1473.34,848,850,1424.74
2025-10,SKU-02,West,Ecommerce,2025-09-30,calendar_plan_v1_no_realized_demand,825,1382.83,794,798,1337.58
2025-10,SKU-02,West,Grocery,2025-09-30,calendar_plan_v1_no_realized_demand,1434,2403.61,1372,1372,2299.69
2025-10,SKU-02,West,Wholesale,2025-09-30,calendar_plan_v1_no_realized_demand,1251,2096.88,1193,1210,2028.15
2025-10,SKU-03,Central,Convenience,2025-09-30,calendar_plan_v1_no_realized_demand,906,2261.38,875,864,2156.54
2025-10,SKU-03,Central,Ecommerce,2025-09-30,calendar_plan_v1_no_realized_demand,849,2119.1,818,816,2036.74
2025-10,SKU-03,Central,Grocery,2025-09-30,calendar_plan_v1_no_realized_demand,1478,3689.09,1416,1407,3511.87
2025-10,SKU-03,Central,Wholesale,2025-09-30,calendar_plan_v1_no_realized_demand,1291,3222.34,1233,1222,3050.11
2025-10,SKU-03,North,Convenience,2025-09-30,calendar_plan_v1_no_realized_demand,847,2219.82,816,811,2125.47
2025-10,SKU-03,North,Ecommerce,2025-09-30,calendar_plan_v1_no_realized_demand,785,2057.33,754,753,1973.46
2025-10,SKU-03,North,Grocery,2025-09-30,calendar_plan_v1_no_realized_demand,1384,3627.19,1322,1330,3485.66
2025-10,SKU-03,North,Wholesale,2025-09-30,calendar_plan_v1_no_realized_demand,1180,3092.54,1140,1141,2990.33
2025-10,SKU-03,South,Convenience,2025-09-30,calendar_plan_v1_no_realized_demand,723,1696.33,692,693,1625.94
2025-10,SKU-03,South,Ecommerce,2025-09-30,calendar_plan_v1_no_realized_demand,692,1623.6,661,662,1553.21
2025-10,SKU-03,South,Grocery,2025-09-30,calendar_plan_v1_no_realized_demand,1180,2768.56,1140,1142,2679.41
2025-10,SKU-03,South,Wholesale,2025-09-30,calendar_plan_v1_no_realized_demand,1011,2372.05,980,992,2327.47
2025-10,SKU-03,West,Convenience,2025-09-30,calendar_plan_v1_no_realized_demand,630,1525.31,599,591,1430.88
2025-10,SKU-03,West,Ecommerce,2025-09-30,calendar_plan_v1_no_realized_demand,590,1428.46,559,558,1350.98
2025-10,SKU-03,West,Grocery,2025-09-30,calendar_plan_v1_no_realized_demand,983,2379.96,952,958,2319.43
2025-10,SKU-03,West,Wholesale,2025-09-30,calendar_plan_v1_no_realized_demand,856,2072.48,825,827,2002.27
2025-10,SKU-04,Central,Convenience,2025-09-30,calendar_plan_v1_no_realized_demand,847,2195.42,816,807,2091.74
2025-10,SKU-04,Central,Ecommerce,2025-09-30,calendar_plan_v1_no_realized_demand,785,2034.72,754,752,1949.18
2025-10,SKU-04,Central,Grocery,2025-09-30,calendar_plan_v1_no_realized_demand,1384,3587.33,1322,1317,3413.66
2025-10,SKU-04,Central,Wholesale,2025-09-30,calendar_plan_v1_no_realized_demand,1180,3058.56,1140,1140,2954.88
2025-10,SKU-04,North,Convenience,2025-09-30,calendar_plan_v1_no_realized_demand,785,2136.46,754,761,2071.14
2025-10,SKU-04,North,Ecommerce,2025-09-30,calendar_plan_v1_no_realized_demand,736,2003.1,705,715,1945.94
2025-10,SKU-04,North,Grocery,2025-09-30,calendar_plan_v1_no_realized_demand,1291,3513.59,1233,1226,3336.68
2025-10,SKU-04,North,Wholesale,2025-09-30,calendar_plan_v1_no_realized_demand,1091,2969.27,1060,1051,2860.4
2025-10,SKU-04,South,Convenience,2025-09-30,calendar_plan_v1_no_realized_demand,692,1686.04,661,664,1617.82
2025-10,SKU-04,South,Ecommerce,2025-09-30,calendar_plan_v1_no_realized_demand,634,1544.73,603,604,1471.63
2025-10,SKU-04,South,Grocery,2025-09-30,calendar_plan_v1_no_realized_demand,1094,2665.51,1063,1043,2541.25
2025-10,SKU-04,South,Wholesale,2025-09-30,calendar_plan_v1_no_realized_demand,949,2312.22,918,918,2236.69
2025-10,SKU-04,West,Convenience,2025-09-30,calendar_plan_v1_no_realized_demand,572,1438.15,541,543,1365.23
2025-10,SKU-04,West,Ecommerce,2025-09-30,calendar_plan_v1_no_realized_demand,541,1360.2,510,504,1267.18
2025-10,SKU-04,West,Grocery,2025-09-30,calendar_plan_v1_no_realized_demand,918,2308.07,887,873,2194.93
2025-10,SKU-04,West,Wholesale,2025-09-30,calendar_plan_v1_no_realized_demand,794,1996.31,763,761,1913.34
2025-10,SKU-05,Central,Convenience,2025-09-30,calendar_plan_v1_no_realized_demand,785,2863.68,754,760,2772.48
2025-10,SKU-05,Central,Ecommerce,2025-09-30,calendar_plan_v1_no_realized_demand,723,2637.5,692,702,2560.9
2025-10,SKU-05,Central,Grocery,2025-09-30,calendar_plan_v1_no_realized_demand,1272,4640.26,1214,1230,4487.04
2025-10,SKU-05,Central,Wholesale,2025-09-30,calendar_plan_v1_no_realized_demand,1082,3947.14,1051,1051,3834.05
2025-10,SKU-05,North,Convenience,2025-09-30,calendar_plan_v1_no_realized_demand,723,2769.38,692,701,2685.11
2025-10,SKU-05,North,Ecommerce,2025-09-30,calendar_plan_v1_no_realized_demand,692,2650.64,661,659,2524.23
2025-10,SKU-05,North,Grocery,2025-09-30,calendar_plan_v1_no_realized_demand,1171,4485.4,1131,1120,4290.05
2025-10,SKU-05,North,Wholesale,2025-09-30,calendar_plan_v1_no_realized_demand,1007,3857.21,976,982,3761.45
2025-10,SKU-05,South,Convenience,2025-09-30,calendar_plan_v1_no_realized_demand,634,2174.06,603,603,2067.76
2025-10,SKU-05,South,Ecommerce,2025-09-30,calendar_plan_v1_no_realized_demand,599,2054.04,568,566,1940.88
2025-10,SKU-05,South,Grocery,2025-09-30,calendar_plan_v1_no_realized_demand,1007,3453.12,976,974,3339.96
2025-10,SKU-05,South,Wholesale,2025-09-30,calendar_plan_v1_no_realized_demand,878,3010.77,847,847,2904.46
2025-10,SKU-05,West,Convenience,2025-09-30,calendar_plan_v1_no_realized_demand,541,1914.36,510,504,1783.43
2025-10,SKU-05,West,Ecommerce,2025-09-30,calendar_plan_v1_no_realized_demand,510,1804.67,479,479,1694.97
2025-10,SKU-05,West,Grocery,2025-09-30,calendar_plan_v1_no_realized_demand,856,3029.01,825,827,2926.39
2025-10,SKU-05,West,Wholesale,2025-09-30,calendar_plan_v1_no_realized_demand,754,2668.07,723,731,2586.69
2025-10,SKU-06,Central,Convenience,2025-09-30,calendar_plan_v1_no_realized_demand,723,3192.77,692,687,3033.79
2025-10,SKU-06,Central,Ecommerce,2025-09-30,calendar_plan_v1_no_realized_demand,665,2936.64,634,628,2773.25
2025-10,SKU-06,Central,Grocery,2025-09-30,calendar_plan_v1_no_realized_demand,1150,5078.4,1110,1119,4941.5
2025-10,SKU-06,Central,Wholesale,2025-09-30,calendar_plan_v1_no_realized_demand,1000,4416.0,969,960,4239.36
2025-10,SKU-06,North,Convenience,2025-09-30,calendar_plan_v1_no_realized_demand,665,3083.47,634,639,2962.92
2025-10,SKU-06,North,Ecommerce,2025-09-30,calendar_plan_v1_no_realized_demand,630,2921.18,599,600,2782.08
2025-10,SKU-06,North,Grocery,2025-09-30,calendar_plan_v1_no_realized_demand,1069,4956.74,1038,1019,4724.9
2025-10,SKU-06,North,Wholesale,2025-09-30,calendar_plan_v1_no_realized_demand,918,4256.58,887,874,4052.56
2025-10,SKU-06,South,Convenience,2025-09-30,calendar_plan_v1_no_realized_demand,572,2374.39,541,534,2216.66
2025-10,SKU-06,South,Ecommerce,2025-09-30,calendar_plan_v1_no_realized_demand,541,2245.71,510,510,2117.03
2025-10,SKU-06,South,Grocery,2025-09-30,calendar_plan_v1_no_realized_demand,918,3810.65,887,887,3681.97
2025-10,SKU-06,South,Wholesale,2025-09-30,calendar_plan_v1_no_realized_demand,808,3354.04,777,777,3225.36
2025-10,SKU-06,West,Convenience,2025-09-30,calendar_plan_v1_no_realized_demand,501,2146.04,470,467,2000.4
2025-10,SKU-06,West,Ecommerce,2025-09-30,calendar_plan_v1_no_realized_demand,470,2013.25,439,442,1893.32
2025-10,SKU-06,West,Grocery,2025-09-30,calendar_plan_v1_no_realized_demand,785,3362.56,754,755,3234.06
2025-10,SKU-06,West,Wholesale,2025-09-30,calendar_plan_v1_no_realized_demand,692,2964.2,661,671,2874.24
2025-10,SKU-07,Central,Convenience,2025-09-30,calendar_plan_v1_no_realized_demand,661,2665.15,630,633,2552.26
2025-10,SKU-07,Central,Ecommerce,2025-09-30,calendar_plan_v1_no_realized_demand,609,2455.49,578,581,2342.59
2025-10,SKU-07,Central,Grocery,2025-09-30,calendar_plan_v1_no_realized_demand,1042,4201.34,1011,1029,4148.93
2025-10,SKU-07,Central,Wholesale,2025-09-30,calendar_plan_v1_no_realized_demand,913,3681.22,882,881,3552.19
2025-10,SKU-07,North,Convenience,2025-09-30,calendar_plan_v1_no_realized_demand,603,2552.86,572,574,2430.09
2025-10,SKU-07,North,Ecommerce,2025-09-30,calendar_plan_v1_no_realized_demand,572,2421.62,541,537,2273.44
2025-10,SKU-07,North,Grocery,2025-09-30,calendar_plan_v1_no_realized_demand,976,4131.99,945,937,3966.88
2025-10,SKU-07,North,Wholesale,2025-09-30,calendar_plan_v1_no_realized_demand,847,3585.86,816,816,3454.62
2025-10,SKU-07,South,Convenience,2025-09-30,calendar_plan_v1_no_realized_demand,532,2016.32,501,496,1879.88
2025-10,SKU-07,South,Ecommerce,2025-09-30,calendar_plan_v1_no_realized_demand,501,1898.83,470,473,1792.71
2025-10,SKU-07,South,Grocery,2025-09-30,calendar_plan_v1_no_realized_demand,847,3210.2,816,820,3107.87
2025-10,SKU-07,South,Wholesale,2025-09-30,calendar_plan_v1_no_realized_demand,730,2766.76,699,698,2645.48
2025-10,SKU-07,West,Convenience,2025-09-30,calendar_plan_v1_no_realized_demand,444,1736.5,417,419,1638.73
2025-10,SKU-07,West,Ecommerce,2025-09-30,calendar_plan_v1_no_realized_demand,435,1701.3,408,411,1607.44
2025-10,SKU-07,West,Grocery,2025-09-30,calendar_plan_v1_no_realized_demand,723,2827.68,692,693,2710.35
2025-10,SKU-07,West,Wholesale,2025-09-30,calendar_plan_v1_no_realized_demand,630,2463.96,599,600,2346.62
2025-10,SKU-08,Central,Convenience,2025-09-30,calendar_plan_v1_no_realized_demand,599,2817.7,568,569,2676.58
2025-10,SKU-08,Central,Ecommerce,2025-09-30,calendar_plan_v1_no_realized_demand,559,2629.54,528,534,2511.94
2025-10,SKU-08,Central,Grocery,2025-09-30,calendar_plan_v1_no_realized_demand,949,4464.1,918,913,4294.75
2025-10,SKU-08,Central,Wholesale,2025-09-30,calendar_plan_v1_no_realized_demand,817,3843.17,786,788,3706.75
2025-10,SKU-08,North,Convenience,2025-09-30,calendar_plan_v1_no_realized_demand,559,2761.01,528,527,2602.96
2025-10,SKU-08,North,Ecommerce,2025-09-30,calendar_plan_v1_no_realized_demand,510,2518.99,479,482,2380.69
2025-10,SKU-08,North,Grocery,2025-09-30,calendar_plan_v1_no_realized_demand,885,4371.19,854,856,4227.96
2025-10,SKU-08,North,Wholesale,2025-09-30,calendar_plan_v1_no_realized_demand,759,3748.85,728,722,3566.1
2025-10,SKU-08,South,Convenience,2025-09-30,calendar_plan_v1_no_realized_demand,479,2118.02,448,452,1998.64
2025-10,SKU-08,South,Ecommerce,2025-09-30,calendar_plan_v1_no_realized_demand,444,1963.26,417,418,1848.3
2025-10,SKU-08,South,Grocery,2025-09-30,calendar_plan_v1_no_realized_demand,761,3364.96,730,727,3214.62
2025-10,SKU-08,South,Wholesale,2025-09-30,calendar_plan_v1_no_realized_demand,661,2922.78,630,641,2834.35
2025-10,SKU-08,West,Convenience,2025-09-30,calendar_plan_v1_no_realized_demand,386,1761.27,377,372,1697.39
2025-10,SKU-08,West,Ecommerce,2025-09-30,calendar_plan_v1_no_realized_demand,346,1578.76,346,342,1560.5
2025-10,SKU-08,West,Grocery,2025-09-30,calendar_plan_v1_no_realized_demand,659,3006.94,628,628,2865.49
2025-10,SKU-08,West,Wholesale,2025-09-30,calendar_plan_v1_no_realized_demand,572,2609.97,541,542,2473.08
2025-10,SKU-09,Central,Convenience,2025-09-30,calendar_plan_v1_no_realized_demand,1467,2394.14,1405,1390,2268.48
2025-10,SKU-09,Central,Ecommerce,2025-09-30,calendar_plan_v1_no_realized_demand,1384,2258.69,1322,1316,2147.71
2025-10,SKU-09,Central,Grocery,2025-09-30,calendar_plan_v1_no_realized_demand,2368,3864.58,2275,2266,3698.11
2025-10,SKU-09,Central,Wholesale,2025-09-30,calendar_plan_v1_no_realized_demand,2036,3322.75,1965,1970,3215.04
2025-10,SKU-09,North,Convenience,2025-09-30,calendar_plan_v1_no_realized_demand,1360,2330.5,1298,1308,2241.39
2025-10,SKU-09,North,Ecommerce,2025-09-30,calendar_plan_v1_no_realized_demand,1287,2205.4,1229,1222,2094.02
2025-10,SKU-09,North,Grocery,2025-09-30,calendar_plan_v1_no_realized_demand,2209,3785.34,2120,2107,3610.56
2025-10,SKU-09,North,Wholesale,2025-09-30,calendar_plan_v1_no_realized_demand,1903,3260.98,1832,1834,3142.74
2025-10,SKU-09,South,Convenience,2025-09-30,calendar_plan_v1_no_realized_demand,1171,1796.41,1131,1138,1745.78
2025-10,SKU-09,South,Ecommerce,2025-09-30,calendar_plan_v1_no_realized_demand,1082,1659.87,1051,1061,1627.66
2025-10,SKU-09,South,Grocery,2025-09-30,calendar_plan_v1_no_realized_demand,1903,2919.35,2248,2257,3462.42
2025-10,SKU-09,South,Wholesale,2025-09-30,calendar_plan_v1_no_realized_demand,1641,2517.43,1579,1607,2465.27
2025-10,SKU-09,West,Convenience,2025-09-30,calendar_plan_v1_no_realized_demand,980,1551.38,949,943,1492.81
2025-10,SKU-09,West,Ecommerce,2025-09-30,calendar_plan_v1_no_realized_demand,918,1453.23,887,888,1405.74
2025-10,SKU-09,West,Grocery,2025-09-30,calendar_plan_v1_no_realized_demand,1610,2548.69,1548,1556,2463.21
2025-10,SKU-09,West,Wholesale,2025-09-30,calendar_plan_v1_no_realized_demand,1391,2202.01,1329,1312,2076.95
2025-10,SKU-10,Central,Convenience,2025-09-30,calendar_plan_v1_no_realized_demand,1007,2803.49,976,976,2717.18
2025-10,SKU-10,Central,Ecommerce,2025-09-30,calendar_plan_v1_no_realized_demand,943,2625.31,912,900,2505.6
2025-10,SKU-10,Central,Grocery,2025-09-30,calendar_plan_v1_no_realized_demand,1641,4568.54,1579,1582,4404.29
2025-10,SKU-10,Central,Wholesale,2025-09-30,calendar_plan_v1_no_realized_demand,1419,3950.5,1357,1365,3800.16
2025-10,SKU-10,North,Convenience,2025-09-30,calendar_plan_v1_no_realized_demand,922,2695.19,891,897,2622.11
2025-10,SKU-10,North,Ecommerce,2025-09-30,calendar_plan_v1_no_realized_demand,876,2560.72,845,846,2473.03
2025-10,SKU-10,North,Grocery,2025-09-30,calendar_plan_v1_no_realized_demand,1520,4443.26,1458,1448,4232.79
2025-10,SKU-10,North,Wholesale,2025-09-30,calendar_plan_v1_no_realized_demand,1322,3864.47,1264,1253,3662.77
2025-10,SKU-10,South,Convenience,2025-09-30,calendar_plan_v1_no_realized_demand,816,2135.44,785,785,2054.31
2025-10,SKU-10,South,Ecommerce,2025-09-30,calendar_plan_v1_no_realized_demand,754,1973.19,723,733,1918.23
2025-10,SKU-10,South,Grocery,2025-09-30,calendar_plan_v1_no_realized_demand,1322,3459.62,1264,1259,3294.75
2025-10,SKU-10,South,Wholesale,2025-09-30,calendar_plan_v1_no_realized_demand,1135,2970.25,1095,1076,2815.85
2025-10,SKU-10,West,Convenience,2025-09-30,calendar_plan_v1_no_realized_demand,692,1868.73,661,664,1793.12
2025-10,SKU-10,West,Ecommerce,2025-09-30,calendar_plan_v1_no_realized_demand,634,1712.1,603,608,1641.89
2025-10,SKU-10,West,Grocery,2025-09-30,calendar_plan_v1_no_realized_demand,1100,2970.53,1069,1072,2894.91
2025-10,SKU-10,West,Wholesale,2025-09-30,calendar_plan_v1_no_realized_demand,949,2562.76,918,921,2487.14
2025-10,SKU-11,Central,Convenience,2025-09-30,calendar_plan_v1_no_realized_demand,878,2781.5,847,844,2673.79
2025-10,SKU-11,Central,Ecommerce,2025-09-30,calendar_plan_v1_no_realized_demand,817,2588.26,786,780,2471.04
2025-10,SKU-11,Central,Grocery,2025-09-30,calendar_plan_v1_no_realized_demand,1428,4523.9,1366,1403,4444.7
2025-10,SKU-11,Central,Wholesale,2025-09-30,calendar_plan_v1_no_realized_demand,1211,3836.45,1171,1180,3738.24
2025-10,SKU-11,North,Convenience,2025-09-30,calendar_plan_v1_no_realized_demand,816,2714.34,785,788,2621.2
2025-10,SKU-11,North,Ecommerce,2025-09-30,calendar_plan_v1_no_realized_demand,759,2524.74,930,941,3130.14
2025-10,SKU-11,North,Grocery,2025-09-30,calendar_plan_v1_no_realized_demand,1322,4397.5,1264,1255,4174.63
2025-10,SKU-11,North,Wholesale,2025-09-30,calendar_plan_v1_no_realized_demand,1140,3792.1,1100,1101,3662.37
2025-10,SKU-11,South,Convenience,2025-09-30,calendar_plan_v1_no_realized_demand,705,2099.43,674,668,1989.25
2025-10,SKU-11,South,Ecommerce,2025-09-30,calendar_plan_v1_no_realized_demand,661,1968.41,630,638,1899.91
2025-10,SKU-11,South,Grocery,2025-09-30,calendar_plan_v1_no_realized_demand,1140,3394.83,1100,1098,3269.76
2025-10,SKU-11,South,Wholesale,2025-09-30,calendar_plan_v1_no_realized_demand,980,2918.36,949,957,2849.87
2025-10,SKU-11,West,Convenience,2025-09-30,calendar_plan_v1_no_realized_demand,603,1852.99,572,574,1763.88
2025-10,SKU-11,West,Ecommerce,2025-09-30,calendar_plan_v1_no_realized_demand,572,1757.73,541,538,1653.25
2025-10,SKU-11,West,Grocery,2025-09-30,calendar_plan_v1_no_realized_demand,949,2916.24,918,911,2799.47
2025-10,SKU-11,West,Wholesale,2025-09-30,calendar_plan_v1_no_realized_demand,825,2535.19,794,795,2443.0
2025-10,SKU-12,Central,Convenience,2025-09-30,calendar_plan_v1_no_realized_demand,816,2820.1,785,785,2712.96
2025-10,SKU-12,Central,Ecommerce,2025-09-30,calendar_plan_v1_no_realized_demand,754,2605.82,723,723,2498.69
2025-10,SKU-12,Central,Grocery,2025-09-30,calendar_plan_v1_no_realized_demand,1322,4568.83,1264,1252,4326.91
2025-10,SKU-12,Central,Wholesale,2025-09-30,calendar_plan_v1_no_realized_demand,1140,3939.84,1100,1095,3784.32
2025-10,SKU-12,North,Convenience,2025-09-30,calendar_plan_v1_no_realized_demand,754,2736.12,723,717,2601.85
2025-10,SKU-12,North,Ecommerce,2025-09-30,calendar_plan_v1_no_realized_demand,708,2569.19,677,669,2427.67
2025-10,SKU-12,North,Grocery,2025-09-30,calendar_plan_v1_no_realized_demand,1211,4394.48,1171,1188,4311.01
2025-10,SKU-12,North,Wholesale,2025-09-30,calendar_plan_v1_no_realized_demand,1042,3781.21,1011,1008,3657.83
2025-10,SKU-12,South,Convenience,2025-09-30,calendar_plan_v1_no_realized_demand,661,2147.35,630,626,2033.65
2025-10,SKU-12,South,Ecommerce,2025-09-30,calendar_plan_v1_no_realized_demand,621,2017.41,590,596,1936.19
2025-10,SKU-12,South,Grocery,2025-09-30,calendar_plan_v1_no_realized_demand,1043,3388.33,1012,1007,3271.38
2025-10,SKU-12,South,Wholesale,2025-09-30,calendar_plan_v1_no_realized_demand,918,2982.25,1162,1170,3800.91
2025-10,SKU-12,West,Convenience,2025-09-30,calendar_plan_v1_no_realized_demand,559,1873.95,528,534,1790.14
2025-10,SKU-12,West,Ecommerce,2025-09-30,calendar_plan_v1_no_realized_demand,528,1770.02,497,496,1662.75
2025-10,SKU-12,West,Grocery,2025-09-30,calendar_plan_v1_no_realized_demand,887,2973.51,856,860,2883.0
2025-10,SKU-12,West,Wholesale,2025-09-30,calendar_plan_v1_no_realized_demand,771,2584.64,740,739,2477.36
2025-10,SKU-13,Central,Convenience,2025-09-30,calendar_plan_v1_no_realized_demand,754,2316.29,723,721,2214.91
2025-10,SKU-13,Central,Ecommerce,2025-09-30,calendar_plan_v1_no_realized_demand,696,2138.11,665,657,2018.3
2025-10,SKU-13,Central,Grocery,2025-09-30,calendar_plan_v1_no_realized_demand,1211,3720.19,1171,1176,3612.67
2025-10,SKU-13,Central,Wholesale,2025-09-30,calendar_plan_v1_no_realized_demand,1038,3188.74,1007,1010,3102.72
2025-10,SKU-13,North,Convenience,2025-09-30,calendar_plan_v1_no_realized_demand,692,2232.12,661,673,2170.83
2025-10,SKU-13,North,Ecommerce,2025-09-30,calendar_plan_v1_no_realized_demand,661,2132.12,630,633,2041.8
2025-10,SKU-13,North,Grocery,2025-09-30,calendar_plan_v1_no_realized_demand,1122,3619.12,1213,1220,3935.23
2025-10,SKU-13,North,Wholesale,2025-09-30,calendar_plan_v1_no_realized_demand,976,3148.19,945,948,3057.87
2025-10,SKU-13,South,Convenience,2025-09-30,calendar_plan_v1_no_realized_demand,603,1741.27,572,567,1637.31
2025-10,SKU-13,South,Ecommerce,2025-09-30,calendar_plan_v1_no_realized_demand,572,1651.75,541,544,1570.9
2025-10,SKU-13,South,Grocery,2025-09-30,calendar_plan_v1_no_realized_demand,976,2818.38,945,946,2731.75
2025-10,SKU-13,South,Wholesale,2025-09-30,calendar_plan_v1_no_realized_demand,847,2445.86,816,813,2347.68
2025-10,SKU-13,West,Convenience,2025-09-30,calendar_plan_v1_no_realized_demand,510,1519.72,561,557,1659.77
2025-10,SKU-13,West,Ecommerce,2025-09-30,calendar_plan_v1_no_realized_demand,479,1427.34,448,447,1331.99
2025-10,SKU-13,West,Grocery,2025-09-30,calendar_plan_v1_no_realized_demand,821,2446.45,790,783,2333.21
2025-10,SKU-13,West,Wholesale,2025-09-30,calendar_plan_v1_no_realized_demand,723,2154.42,692,693,2065.03
2025-10,SKU-14,Central,Convenience,2025-09-30,calendar_plan_v1_no_realized_demand,630,2237.76,599,604,2145.41
2025-10,SKU-14,Central,Ecommerce,2025-09-30,calendar_plan_v1_no_realized_demand,590,2095.68,559,563,1999.78
2025-10,SKU-14,Central,Grocery,2025-09-30,calendar_plan_v1_no_realized_demand,996,3537.79,965,968,3438.34
2025-10,SKU-14,Central,Wholesale,2025-09-30,calendar_plan_v1_no_realized_demand,856,3040.51,825,825,2930.4
2025-10,SKU-14,North,Convenience,2025-09-30,calendar_plan_v1_no_realized_demand,572,2133.33,541,538,2006.52
2025-10,SKU-14,North,Ecommerce,2025-09-30,calendar_plan_v1_no_realized_demand,541,2017.71,510,504,1879.72
2025-10,SKU-14,North,Grocery,2025-09-30,calendar_plan_v1_no_realized_demand,918,3423.77,887,897,3345.45
2025-10,SKU-14,North,Wholesale,2025-09-30,calendar_plan_v1_no_realized_demand,801,2987.41,770,771,2875.52
2025-10,SKU-14,South,Convenience,2025-09-30,calendar_plan_v1_no_realized_demand,510,1702.83,479,474,1582.63
2025-10,SKU-14,South,Ecommerce,2025-09-30,calendar_plan_v1_no_realized_demand,477,1592.65,446,454,1515.85
2025-10,SKU-14,South,Grocery,2025-09-30,calendar_plan_v1_no_realized_demand,806,2691.14,775,784,2617.68
2025-10,SKU-14,South,Wholesale,2025-09-30,calendar_plan_v1_no_realized_demand,692,2310.5,661,657,2193.64
2025-10,SKU-14,West,Convenience,2025-09-30,calendar_plan_v1_no_realized_demand,435,1498.77,408,411,1416.08
2025-10,SKU-14,West,Ecommerce,2025-09-30,calendar_plan_v1_no_realized_demand,386,1329.94,377,375,1292.04
2025-10,SKU-14,West,Grocery,2025-09-30,calendar_plan_v1_no_realized_demand,692,2384.24,661,659,2270.54
2025-10,SKU-14,West,Wholesale,2025-09-30,calendar_plan_v1_no_realized_demand,599,2063.82,568,568,1957.01
2025-10,SKU-15,Central,Convenience,2025-09-30,calendar_plan_v1_no_realized_demand,562,2373.89,531,529,2234.5
2025-10,SKU-15,Central,Ecommerce,2025-09-30,calendar_plan_v1_no_realized_demand,528,2230.27,497,500,2112.0
2025-10,SKU-15,Central,Grocery,2025-09-30,calendar_plan_v1_no_realized_demand,887,3746.69,856,858,3624.19
2025-10,SKU-15,Central,Wholesale,2025-09-30,calendar_plan_v1_no_realized_demand,785,3315.84,754,740,3125.76
2025-10,SKU-15,North,Convenience,2025-09-30,calendar_plan_v1_no_realized_demand,528,2341.79,497,495,2195.42
2025-10,SKU-15,North,Ecommerce,2025-09-30,calendar_plan_v1_no_realized_demand,497,2204.29,466,467,2071.24
2025-10,SKU-15,North,Grocery,2025-09-30,calendar_plan_v1_no_realized_demand,825,3659.04,888,893,3960.63
2025-10,SKU-15,North,Wholesale,2025-09-30,calendar_plan_v1_no_realized_demand,723,3206.65,692,690,3060.29
2025-10,SKU-15,South,Convenience,2025-09-30,calendar_plan_v1_no_realized_demand,452,1794.69,474,475,1886.02
2025-10,SKU-15,South,Ecommerce,2025-09-30,calendar_plan_v1_no_realized_demand,435,1727.19,408,407,1616.02
2025-10,SKU-15,South,Grocery,2025-09-30,calendar_plan_v1_no_realized_demand,723,2870.71,692,691,2743.66
2025-10,SKU-15,South,Wholesale,2025-09-30,calendar_plan_v1_no_realized_demand,630,2501.45,599,601,2386.31
2025-10,SKU-15,West,Convenience,2025-09-30,calendar_plan_v1_no_realized_demand,364,1491.41,355,359,1470.92
2025-10,SKU-15,West,Ecommerce,2025-09-30,calendar_plan_v1_no_realized_demand,346,1417.66,346,352,1442.24
2025-10,SKU-15,West,Grocery,2025-09-30,calendar_plan_v1_no_realized_demand,606,2482.95,575,574,2351.84
2025-10,SKU-15,West,Wholesale,2025-09-30,calendar_plan_v1_no_realized_demand,541,2216.63,510,506,2073.22
2025-10,SKU-16,Central,Convenience,2025-09-30,calendar_plan_v1_no_realized_demand,692,2059.39,661,664,1976.06
2025-10,SKU-16,Central,Ecommerce,2025-09-30,calendar_plan_v1_no_realized_demand,634,1886.78,603,610,1815.36
2025-10,SKU-16,Central,Grocery,2025-09-30,calendar_plan_v1_no_realized_demand,1100,3273.6,1069,1060,3154.56
2025-10,SKU-16,Central,Wholesale,2025-09-30,calendar_plan_v1_no_realized_demand,949,2824.22,918,933,2776.61
2025-10,SKU-16,North,Convenience,2025-09-30,calendar_plan_v1_no_realized_demand,634,1981.12,603,601,1878.0
2025-10,SKU-16,North,Ecommerce,2025-09-30,calendar_plan_v1_no_realized_demand,603,1884.25,572,583,1821.76
2025-10,SKU-16,North,Grocery,2025-09-30,calendar_plan_v1_no_realized_demand,1012,3162.3,981,983,3071.68
2025-10,SKU-16,North,Wholesale,2025-09-30,calendar_plan_v1_no_realized_demand,887,2771.7,856,856,2674.83
2025-10,SKU-16,South,Convenience,2025-09-30,calendar_plan_v1_no_realized_demand,559,1563.77,528,525,1468.66
2025-10,SKU-16,South,Ecommerce,2025-09-30,calendar_plan_v1_no_realized_demand,528,1477.05,497,501,1401.52
2025-10,SKU-16,South,Grocery,2025-09-30,calendar_plan_v1_no_realized_demand,887,2481.33,856,860,2405.8
2025-10,SKU-16,South,Wholesale,2025-09-30,calendar_plan_v1_no_realized_demand,766,2142.84,735,732,2047.73
2025-10,SKU-16,West,Convenience,2025-09-30,calendar_plan_v1_no_realized_demand,470,1356.76,439,436,1258.61
2025-10,SKU-16,West,Ecommerce,2025-09-30,calendar_plan_v1_no_realized_demand,435,1255.72,408,414,1195.1
2025-10,SKU-16,West,Grocery,2025-09-30,calendar_plan_v1_no_realized_demand,754,2176.59,723,730,2107.31
2025-10,SKU-16,West,Wholesale,2025-09-30,calendar_plan_v1_no_realized_demand,661,1908.12,630,632,1824.41
2025-11,SKU-01,Central,Convenience,2025-10-31,calendar_plan_v1_no_realized_demand,1169,2468.93,1130,1126,2378.11
2025-11,SKU-01,Central,Ecommerce,2025-10-31,calendar_plan_v1_no_realized_demand,1087,2295.74,1048,1047,2211.26
2025-11,SKU-01,Central,Grocery,2025-10-31,calendar_plan_v1_no_realized_demand,1903,4019.14,1834,1842,3890.3
2025-11,SKU-01,Central,Wholesale,2025-10-31,calendar_plan_v1_no_realized_demand,1647,3478.46,1587,1608,3396.1
2025-11,SKU-01,North,Convenience,2025-10-31,calendar_plan_v1_no_realized_demand,1084,2403.88,1045,1052,2332.92
2025-11,SKU-01,North,Ecommerce,2025-10-31,calendar_plan_v1_no_realized_demand,1005,2228.69,975,984,2182.12
2025-11,SKU-01,North,Grocery,2025-10-31,calendar_plan_v1_no_realized_demand,1761,3905.19,1701,1713,3798.75
2025-11,SKU-01,North,Wholesale,2025-10-31,calendar_plan_v1_no_realized_demand,1529,3390.71,1469,1474,3268.74
2025-11,SKU-01,South,Convenience,2025-10-31,calendar_plan_v1_no_realized_demand,944,1874.1,914,924,1834.4
2025-11,SKU-01,South,Ecommerce,2025-10-31,calendar_plan_v1_no_realized_demand,876,1739.11,846,847,1681.53
2025-11,SKU-01,South,Grocery,2025-10-31,calendar_plan_v1_no_realized_demand,1529,3035.49,1469,1471,2920.35
2025-11,SKU-01,South,Wholesale,2025-10-31,calendar_plan_v1_no_realized_demand,1329,2638.44,1676,1670,3315.42
2025-11,SKU-01,West,Convenience,2025-10-31,calendar_plan_v1_no_realized_demand,790,1618.43,760,775,1587.7
2025-11,SKU-01,West,Ecommerce,2025-10-31,calendar_plan_v1_no_realized_demand,739,1513.94,709,712,1458.63
2025-11,SKU-01,West,Grocery,2025-10-31,calendar_plan_v1_no_realized_demand,1291,2644.79,1235,1241,2542.36
2025-11,SKU-01,West,Wholesale,2025-10-31,calendar_plan_v1_no_realized_demand,1106,2265.8,1067,1096,2245.31
2025-11,SKU-02,Central,Convenience,2025-10-31,calendar_plan_v1_no_realized_demand,1383,2389.82,1323,1324,2287.87
2025-11,SKU-02,Central,Ecommerce,2025-10-31,calendar_plan_v1_no_realized_demand,1297,2241.22,1482,1497,2586.82
2025-11,SKU-02,Central,Grocery,2025-10-31,calendar_plan_v1_no_realized_demand,2233,3858.62,2143,2112,3649.54
2025-11,SKU-02,Central,Wholesale,2025-10-31,calendar_plan_v1_no_realized_demand,1933,3340.22,1864,1869,3229.63
2025-11,SKU-02,North,Convenience,2025-10-31,calendar_plan_v1_no_realized_demand,1280,2322.43,1224,1210,2195.42
2025-11,SKU-02,North,Ecommerce,2025-10-31,calendar_plan_v1_no_realized_demand,1211,2197.24,1155,1147,2081.12
2025-11,SKU-02,North,Grocery,2025-10-31,calendar_plan_v1_no_realized_demand,2079,3772.14,1993,1990,3610.66
2025-11,SKU-02,North,Wholesale,2025-10-31,calendar_plan_v1_no_realized_demand,1783,3235.08,1723,1724,3128.03
2025-11,SKU-02,South,Convenience,2025-10-31,calendar_plan_v1_no_realized_demand,1104,1793.25,1065,1065,1729.9
2025-11,SKU-02,South,Ecommerce,2025-10-31,calendar_plan_v1_no_realized_demand,1032,1676.3,1002,991,1609.7
2025-11,SKU-02,South,Grocery,2025-10-31,calendar_plan_v1_no_realized_demand,1785,2899.41,1725,1738,2823.07
2025-11,SKU-02,South,Wholesale,2025-10-31,calendar_plan_v1_no_realized_demand,1559,2532.31,1499,1515,2460.84
2025-11,SKU-02,West,Convenience,2025-10-31,calendar_plan_v1_no_realized_demand,919,1540.39,889,876,1468.32
2025-11,SKU-02,West,Ecommerce,2025-10-31,calendar_plan_v1_no_realized_demand,859,1439.82,829,811,1359.37
2025-11,SKU-02,West,Grocery,2025-10-31,calendar_plan_v1_no_realized_demand,1520,2547.76,1460,1453,2435.46
2025-11,SKU-02,West,Wholesale,2025-10-31,calendar_plan_v1_no_realized_demand,1314,2202.47,1254,1248,2091.85
2025-11,SKU-03,Central,Convenience,2025-10-31,calendar_plan_v1_no_realized_demand,949,2368.7,919,918,2291.33
2025-11,SKU-03,Central,Ecommerce,2025-10-31,calendar_plan_v1_no_realized_demand,889,2218.94,859,859,2144.06
2025-11,SKU-03,Central,Grocery,2025-10-31,calendar_plan_v1_no_realized_demand,1559,3891.26,1499,1504,3753.98
2025-11,SKU-03,Central,Wholesale,2025-10-31,calendar_plan_v1_no_realized_demand,1366,3409.54,1306,1321,3297.22
2025-11,SKU-03,North,Convenience,2025-10-31,calendar_plan_v1_no_realized_demand,889,2329.89,859,866,2269.61
2025-11,SKU-03,North,Ecommerce,2025-10-31,calendar_plan_v1_no_realized_demand,829,2172.64,799,794,2080.92
2025-11,SKU-03,North,Grocery,2025-10-31,calendar_plan_v1_no_realized_demand,1460,3826.37,1400,1410,3695.33
2025-11,SKU-03,North,Wholesale,2025-10-31,calendar_plan_v1_no_realized_demand,1264,3312.69,1208,1208,3165.93
2025-11,SKU-03,South,Convenience,2025-10-31,calendar_plan_v1_no_realized_demand,769,1804.26,739,738,1731.53
2025-11,SKU-03,South,Ecommerce,2025-10-31,calendar_plan_v1_no_realized_demand,730,1712.76,700,691,1621.25
2025-11,SKU-03,South,Grocery,2025-10-31,calendar_plan_v1_no_realized_demand,1267,2972.69,1211,1207,2831.91
2025-11,SKU-03,South,Wholesale,2025-10-31,calendar_plan_v1_no_realized_demand,1083,2540.98,1044,1046,2454.17
2025-11,SKU-03,West,Convenience,2025-10-31,calendar_plan_v1_no_realized_demand,670,1622.15,640,630,1525.31
2025-11,SKU-03,West,Ecommerce,2025-10-31,calendar_plan_v1_no_realized_demand,614,1486.57,584,585,1416.36
2025-11,SKU-03,West,Grocery,2025-10-31,calendar_plan_v1_no_realized_demand,1048,2537.33,1018,1017,2462.28
2025-11,SKU-03,West,Wholesale,2025-10-31,calendar_plan_v1_no_realized_demand,917,2220.17,887,895,2166.9
2025-11,SKU-04,Central,Convenience,2025-10-31,calendar_plan_v1_no_realized_demand,889,2304.29,859,851,2205.79
2025-11,SKU-04,Central,Ecommerce,2025-10-31,calendar_plan_v1_no_realized_demand,829,2148.77,799,798,2068.42
2025-11,SKU-04,Central,Grocery,2025-10-31,calendar_plan_v1_no_realized_demand,1460,3784.32,1400,1400,3628.8
2025-11,SKU-04,Central,Wholesale,2025-10-31,calendar_plan_v1_no_realized_demand,1260,3265.92,1204,1208,3131.14
2025-11,SKU-04,North,Convenience,2025-10-31,calendar_plan_v1_no_realized_demand,829,2256.21,799,790,2150.06
2025-11,SKU-04,North,Ecommerce,2025-10-31,calendar_plan_v1_no_realized_demand,772,2101.08,742,737,2005.82
2025-11,SKU-04,North,Grocery,2025-10-31,calendar_plan_v1_no_realized_demand,1358,3695.93,1298,1311,3568.02
2025-11,SKU-04,North,Wholesale,2025-10-31,calendar_plan_v1_no_realized_demand,1164,3167.94,1125,1136,3091.74
2025-11,SKU-04,South,Convenience,2025-10-31,calendar_plan_v1_no_realized_demand,730,1778.63,700,702,1710.41
2025-11,SKU-04,South,Ecommerce,2025-10-31,calendar_plan_v1_no_realized_demand,670,1632.44,640,634,1544.73
2025-11,SKU-04,South,Grocery,2025-10-31,calendar_plan_v1_no_realized_demand,1164,2836.06,1125,1146,2792.21
2025-11,SKU-04,South,Wholesale,2025-10-31,calendar_plan_v1_no_realized_demand,1005,2448.66,975,974,2373.13
2025-11,SKU-04,West,Convenience,2025-10-31,calendar_plan_v1_no_realized_demand,614,1543.74,584,591,1485.92
2025-11,SKU-04,West,Ecommerce,2025-10-31,calendar_plan_v1_no_realized_demand,580,1458.26,550,553,1390.37
2025-11,SKU-04,West,Grocery,2025-10-31,calendar_plan_v1_no_realized_demand,976,2453.9,946,950,2388.53
2025-11,SKU-04,West,Wholesale,2025-10-31,calendar_plan_v1_no_realized_demand,850,2137.1,820,817,2054.13
2025-11,SKU-05,Central,Convenience,2025-10-31,calendar_plan_v1_no_realized_demand,829,3024.19,799,808,2947.58
2025-11,SKU-05,Central,Ecommerce,2025-10-31,calendar_plan_v1_no_realized_demand,769,2805.31,739,744,2714.11
2025-11,SKU-05,Central,Grocery,2025-10-31,calendar_plan_v1_no_realized_demand,1344,4902.91,1284,1271,4636.61
2025-11,SKU-05,Central,Wholesale,2025-10-31,calendar_plan_v1_no_realized_demand,1148,4187.9,1109,1111,4052.93
2025-11,SKU-05,North,Convenience,2025-10-31,calendar_plan_v1_no_realized_demand,769,2945.58,739,728,2788.53
2025-11,SKU-05,North,Ecommerce,2025-10-31,calendar_plan_v1_no_realized_demand,730,2796.19,700,688,2635.32
2025-11,SKU-05,North,Grocery,2025-10-31,calendar_plan_v1_no_realized_demand,1250,4788.0,1194,1194,4573.5
2025-11,SKU-05,North,Wholesale,2025-10-31,calendar_plan_v1_no_realized_demand,1065,4079.38,1167,1168,4473.91
2025-11,SKU-05,South,Convenience,2025-10-31,calendar_plan_v1_no_realized_demand,670,2297.51,640,644,2208.35
2025-11,SKU-05,South,Ecommerce,2025-10-31,calendar_plan_v1_no_realized_demand,630,2160.35,600,600,2057.47
2025-11,SKU-05,South,Grocery,2025-10-31,calendar_plan_v1_no_realized_demand,1065,3652.01,1035,1042,3573.14
2025-11,SKU-05,South,Wholesale,2025-10-31,calendar_plan_v1_no_realized_demand,919,3151.36,889,899,3082.78
2025-11,SKU-05,West,Convenience,2025-10-31,calendar_plan_v1_no_realized_demand,571,2020.52,541,542,1917.9
2025-11,SKU-05,West,Ecommerce,2025-10-31,calendar_plan_v1_no_realized_demand,524,1854.21,494,496,1755.13
2025-11,SKU-05,West,Grocery,2025-10-31,calendar_plan_v1_no_realized_demand,906,3205.94,876,887,3138.7
2025-11,SKU-05,West,Wholesale,2025-10-31,calendar_plan_v1_no_realized_demand,790,2795.46,760,763,2699.92
2025-11,SKU-06,Central,Convenience,2025-10-31,calendar_plan_v1_no_realized_demand,760,3356.16,730,733,3236.93
2025-11,SKU-06,Central,Ecommerce,2025-10-31,calendar_plan_v1_no_realized_demand,708,3126.53,678,684,3020.54
2025-11,SKU-06,Central,Grocery,2025-10-31,calendar_plan_v1_no_realized_demand,1249,5515.58,1193,1179,5206.46
2025-11,SKU-06,Central,Wholesale,2025-10-31,calendar_plan_v1_no_realized_demand,1048,4627.97,1018,1016,4486.66
2025-11,SKU-06,North,Convenience,2025-10-31,calendar_plan_v1_no_realized_demand,700,3245.76,670,669,3102.02
2025-11,SKU-06,North,Ecommerce,2025-10-31,calendar_plan_v1_no_realized_demand,670,3106.66,640,635,2944.37
2025-11,SKU-06,North,Grocery,2025-10-31,calendar_plan_v1_no_realized_demand,1141,5290.59,1102,1111,5151.48
2025-11,SKU-06,North,Wholesale,2025-10-31,calendar_plan_v1_no_realized_demand,979,4539.43,949,945,4381.78
2025-11,SKU-06,South,Convenience,2025-10-31,calendar_plan_v1_no_realized_demand,614,2548.74,584,580,2407.6
2025-11,SKU-06,South,Ecommerce,2025-10-31,calendar_plan_v1_no_realized_demand,580,2407.6,550,550,2283.07
2025-11,SKU-06,South,Grocery,2025-10-31,calendar_plan_v1_no_realized_demand,979,4063.87,949,959,3980.85
2025-11,SKU-06,South,Wholesale,2025-10-31,calendar_plan_v1_no_realized_demand,857,3557.44,827,831,3449.51
2025-11,SKU-06,West,Convenience,2025-10-31,calendar_plan_v1_no_realized_demand,524,2244.56,494,496,2124.63
2025-11,SKU-06,West,Ecommerce,2025-10-31,calendar_plan_v1_no_realized_demand,494,2116.06,464,464,1987.55
2025-11,SKU-06,West,Grocery,2025-10-31,calendar_plan_v1_no_realized_demand,829,3551.04,799,798,3418.25
2025-11,SKU-06,West,Wholesale,2025-10-31,calendar_plan_v1_no_realized_demand,730,3126.97,700,693,2968.48
2025-11,SKU-07,Central,Convenience,2025-10-31,calendar_plan_v1_no_realized_demand,700,2822.4,670,664,2677.25
2025-11,SKU-07,Central,Ecommerce,2025-10-31,calendar_plan_v1_no_realized_demand,644,2596.61,614,618,2491.78
2025-11,SKU-07,Central,Grocery,2025-10-31,calendar_plan_v1_no_realized_demand,1113,4487.62,1074,1089,4390.85
2025-11,SKU-07,Central,Wholesale,2025-10-31,calendar_plan_v1_no_realized_demand,949,3826.37,919,925,3729.6
2025-11,SKU-07,North,Convenience,2025-10-31,calendar_plan_v1_no_realized_demand,643,2722.2,613,620,2624.83
2025-11,SKU-07,North,Ecommerce,2025-10-31,calendar_plan_v1_no_realized_demand,610,2582.5,580,577,2442.79
2025-11,SKU-07,North,Grocery,2025-10-31,calendar_plan_v1_no_realized_demand,1035,4381.78,1005,1010,4275.94
2025-11,SKU-07,North,Wholesale,2025-10-31,calendar_plan_v1_no_realized_demand,889,3763.67,859,868,3674.76
2025-11,SKU-07,South,Convenience,2025-10-31,calendar_plan_v1_no_realized_demand,554,2099.7,524,532,2016.32
2025-11,SKU-07,South,Ecommerce,2025-10-31,calendar_plan_v1_no_realized_demand,524,1986.0,494,486,1841.98
2025-11,SKU-07,South,Grocery,2025-10-31,calendar_plan_v1_no_realized_demand,889,3369.38,859,858,3251.89
2025-11,SKU-07,South,Wholesale,2025-10-31,calendar_plan_v1_no_realized_demand,769,2914.57,739,739,2800.87
2025-11,SKU-07,West,Convenience,2025-10-31,calendar_plan_v1_no_realized_demand,482,1885.12,452,457,1787.35
2025-11,SKU-07,West,Ecommerce,2025-10-31,calendar_plan_v1_no_realized_demand,455,1779.52,425,424,1658.28
2025-11,SKU-07,West,Grocery,2025-10-31,calendar_plan_v1_no_realized_demand,760,2972.39,730,733,2866.79
2025-11,SKU-07,West,Wholesale,2025-10-31,calendar_plan_v1_no_realized_demand,670,2620.4,640,635,2483.51
2025-11,SKU-08,Central,Convenience,2025-10-31,calendar_plan_v1_no_realized_demand,621,2921.18,591,596,2803.58
2025-11,SKU-08,Central,Ecommerce,2025-10-31,calendar_plan_v1_no_realized_demand,584,2747.14,554,555,2610.72
2025-11,SKU-08,Central,Grocery,2025-10-31,calendar_plan_v1_no_realized_demand,1005,4727.52,975,972,4572.29
2025-11,SKU-08,Central,Wholesale,2025-10-31,calendar_plan_v1_no_realized_demand,859,4040.74,829,819,3852.58
2025-11,SKU-08,North,Convenience,2025-10-31,calendar_plan_v1_no_realized_demand,584,2884.49,554,553,2731.38
2025-11,SKU-08,North,Ecommerce,2025-10-31,calendar_plan_v1_no_realized_demand,554,2736.32,524,530,2617.78
2025-11,SKU-08,North,Grocery,2025-10-31,calendar_plan_v1_no_realized_demand,919,4539.12,889,883,4361.31
2025-11,SKU-08,North,Wholesale,2025-10-31,calendar_plan_v1_no_realized_demand,799,3946.42,769,773,3818.0
2025-11,SKU-08,South,Convenience,2025-10-31,calendar_plan_v1_no_realized_demand,511,2259.52,481,478,2113.6
2025-11,SKU-08,South,Ecommerce,2025-10-31,calendar_plan_v1_no_realized_demand,481,2126.87,451,450,1989.79
2025-11,SKU-08,South,Grocery,2025-10-31,calendar_plan_v1_no_realized_demand,799,3532.99,769,777,3435.71
2025-11,SKU-08,South,Wholesale,2025-10-31,calendar_plan_v1_no_realized_demand,700,3095.23,670,674,2980.27
2025-11,SKU-08,West,Convenience,2025-10-31,calendar_plan_v1_no_realized_demand,429,1957.48,403,401,1829.71
2025-11,SKU-08,West,Ecommerce,2025-10-31,calendar_plan_v1_no_realized_demand,383,1747.58,374,372,1697.39
2025-11,SKU-08,West,Grocery,2025-10-31,calendar_plan_v1_no_realized_demand,683,3116.45,653,651,2970.43
2025-11,SKU-08,West,Wholesale,2025-10-31,calendar_plan_v1_no_realized_demand,597,2724.04,567,567,2587.15
2025-11,SKU-09,Central,Convenience,2025-10-31,calendar_plan_v1_no_realized_demand,1559,2544.29,1908,1894,3091.01
2025-11,SKU-09,Central,Ecommerce,2025-10-31,calendar_plan_v1_no_realized_demand,1460,2382.72,1400,1364,2226.05
2025-11,SKU-09,Central,Grocery,2025-10-31,calendar_plan_v1_no_realized_demand,2508,4093.06,2418,2400,3916.8
2025-11,SKU-09,Central,Wholesale,2025-10-31,calendar_plan_v1_no_realized_demand,2173,3546.34,2083,2080,3394.56
2025-11,SKU-09,North,Convenience,2025-10-31,calendar_plan_v1_no_realized_demand,1443,2472.72,1383,1391,2383.62
2025-11,SKU-09,North,Ecommerce,2025-10-31,calendar_plan_v1_no_realized_demand,1353,2318.5,1293,1283,2198.55
2025-11,SKU-09,North,Grocery,2025-10-31,calendar_plan_v1_no_realized_demand,2341,4011.54,2251,2321,3977.27
2025-11,SKU-09,North,Wholesale,2025-10-31,calendar_plan_v1_no_realized_demand,2028,3475.18,1942,1953,3346.66
2025-11,SKU-09,South,Convenience,2025-10-31,calendar_plan_v1_no_realized_demand,1250,1917.6,1194,1205,1848.57
2025-11,SKU-09,South,Ecommerce,2025-10-31,calendar_plan_v1_no_realized_demand,1164,1785.67,1125,1130,1733.51
2025-11,SKU-09,South,Grocery,2025-10-31,calendar_plan_v1_no_realized_demand,2032,3117.25,1946,1935,2968.44
2025-11,SKU-09,South,Wholesale,2025-10-31,calendar_plan_v1_no_realized_demand,1737,2664.7,1677,1686,2586.46
2025-11,SKU-09,West,Convenience,2025-10-31,calendar_plan_v1_no_realized_demand,1035,1638.45,1005,990,1567.21
2025-11,SKU-09,West,Ecommerce,2025-10-31,calendar_plan_v1_no_realized_demand,975,1543.46,945,951,1505.47
2025-11,SKU-09,West,Grocery,2025-10-31,calendar_plan_v1_no_realized_demand,1704,2697.5,1644,1640,2596.19
2025-11,SKU-09,West,Wholesale,2025-10-31,calendar_plan_v1_no_realized_demand,1473,2331.82,1413,1418,2244.75
2025-11,SKU-10,Central,Convenience,2025-10-31,calendar_plan_v1_no_realized_demand,1065,2964.96,1035,1028,2861.95
2025-11,SKU-10,Central,Ecommerce,2025-10-31,calendar_plan_v1_no_realized_demand,987,2747.81,957,946,2633.66
2025-11,SKU-10,Central,Grocery,2025-10-31,calendar_plan_v1_no_realized_demand,1727,4807.97,1667,1671,4652.06
2025-11,SKU-10,Central,Wholesale,2025-10-31,calendar_plan_v1_no_realized_demand,1499,4173.22,1439,1452,4042.37
2025-11,SKU-10,North,Convenience,2025-10-31,calendar_plan_v1_no_realized_demand,979,2861.81,949,960,2806.27
2025-11,SKU-10,North,Ecommerce,2025-10-31,calendar_plan_v1_no_realized_demand,919,2686.42,889,897,2622.11
2025-11,SKU-10,North,Grocery,2025-10-31,calendar_plan_v1_no_realized_demand,1619,4732.66,1929,1897,5545.31
2025-11,SKU-10,North,Wholesale,2025-10-31,calendar_plan_v1_no_realized_demand,1400,4092.48,1340,1324,3870.32
2025-11,SKU-10,South,Convenience,2025-10-31,calendar_plan_v1_no_realized_demand,859,2247.97,829,814,2130.21
2025-11,SKU-10,South,Ecommerce,2025-10-31,calendar_plan_v1_no_realized_demand,799,2090.95,769,772,2020.29
2025-11,SKU-10,South,Grocery,2025-10-31,calendar_plan_v1_no_realized_demand,1400,3663.74,1340,1348,3527.66
2025-11,SKU-10,South,Wholesale,2025-10-31,calendar_plan_v1_no_realized_demand,1220,3192.69,1164,1153,3017.35
2025-11,SKU-10,West,Convenience,2025-10-31,calendar_plan_v1_no_realized_demand,730,1971.35,700,691,1866.03
2025-11,SKU-10,West,Ecommerce,2025-10-31,calendar_plan_v1_no_realized_demand,674,1820.12,644,642,1733.71
2025-11,SKU-10,West,Grocery,2025-10-31,calendar_plan_v1_no_realized_demand,1173,3167.66,1134,1138,3073.15
2025-11,SKU-10,West,Wholesale,2025-10-31,calendar_plan_v1_no_realized_demand,1005,2713.98,975,978,2641.07
2025-11,SKU-11,Central,Convenience,2025-10-31,calendar_plan_v1_no_realized_demand,919,2911.39,889,892,2825.86
2025-11,SKU-11,Central,Ecommerce,2025-10-31,calendar_plan_v1_no_realized_demand,859,2721.31,829,835,2645.28
2025-11,SKU-11,Central,Grocery,2025-10-31,calendar_plan_v1_no_realized_demand,1508,4777.34,1448,1440,4561.92
2025-11,SKU-11,Central,Wholesale,2025-10-31,calendar_plan_v1_no_realized_demand,1314,4162.75,1254,1258,3985.34
2025-11,SKU-11,North,Convenience,2025-10-31,calendar_plan_v1_no_realized_demand,859,2857.38,829,832,2767.56
2025-11,SKU-11,North,Ecommerce,2025-10-31,calendar_plan_v1_no_realized_demand,799,2657.79,769,763,2538.04
2025-11,SKU-11,North,Grocery,2025-10-31,calendar_plan_v1_no_realized_demand,1410,4690.22,1350,1355,4507.27
2025-11,SKU-11,North,Wholesale,2025-10-31,calendar_plan_v1_no_realized_demand,1220,4058.21,1164,1178,3918.5
2025-11,SKU-11,South,Convenience,2025-10-31,calendar_plan_v1_no_realized_demand,748,2227.48,718,722,2150.06
2025-11,SKU-11,South,Ecommerce,2025-10-31,calendar_plan_v1_no_realized_demand,700,2084.54,670,673,2004.14
2025-11,SKU-11,South,Grocery,2025-10-31,calendar_plan_v1_no_realized_demand,1220,3633.06,1547,1550,4615.78
2025-11,SKU-11,South,Wholesale,2025-10-31,calendar_plan_v1_no_realized_demand,1035,3082.15,1005,1009,3004.72
2025-11,SKU-11,West,Convenience,2025-10-31,calendar_plan_v1_no_realized_demand,640,1966.69,610,624,1917.53
2025-11,SKU-11,West,Ecommerce,2025-10-31,calendar_plan_v1_no_realized_demand,597,1834.56,567,565,1736.22
2025-11,SKU-11,West,Grocery,2025-10-31,calendar_plan_v1_no_realized_demand,1009,3100.62,979,976,2999.21
2025-11,SKU-11,West,Wholesale,2025-10-31,calendar_plan_v1_no_realized_demand,889,2731.86,859,859,2639.67
2025-11,SKU-12,Central,Convenience,2025-10-31,calendar_plan_v1_no_realized_demand,859,2968.7,829,820,2833.92
2025-11,SKU-12,Central,Ecommerce,2025-10-31,calendar_plan_v1_no_realized_demand,799,2761.34,769,766,2647.3
2025-11,SKU-12,Central,Grocery,2025-10-31,calendar_plan_v1_no_realized_demand,1400,4838.4,1340,1323,4572.29
2025-11,SKU-12,Central,Wholesale,2025-10-31,calendar_plan_v1_no_realized_demand,1220,4216.32,1164,1160,4008.96
2025-11,SKU-12,North,Convenience,2025-10-31,calendar_plan_v1_no_realized_demand,799,2899.41,769,769,2790.55
2025-11,SKU-12,North,Ecommerce,2025-10-31,calendar_plan_v1_no_realized_demand,756,2743.37,726,724,2627.25
2025-11,SKU-12,North,Grocery,2025-10-31,calendar_plan_v1_no_realized_demand,1314,4768.24,1254,1243,4510.6
2025-11,SKU-12,North,Wholesale,2025-10-31,calendar_plan_v1_no_realized_demand,1113,4038.85,1074,1065,3864.67
2025-11,SKU-12,South,Convenience,2025-10-31,calendar_plan_v1_no_realized_demand,700,2274.05,749,753,2446.23
2025-11,SKU-12,South,Ecommerce,2025-10-31,calendar_plan_v1_no_realized_demand,644,2092.12,614,617,2004.41
2025-11,SKU-12,South,Grocery,2025-10-31,calendar_plan_v1_no_realized_demand,1114,3618.98,1075,1072,3482.54
2025-11,SKU-12,South,Wholesale,2025-10-31,calendar_plan_v1_no_realized_demand,966,3138.19,936,946,3073.21
2025-11,SKU-12,West,Convenience,2025-10-31,calendar_plan_v1_no_realized_demand,584,1957.75,554,559,1873.95
2025-11,SKU-12,West,Ecommerce,2025-10-31,calendar_plan_v1_no_realized_demand,554,1857.19,524,521,1746.56
2025-11,SKU-12,West,Grocery,2025-10-31,calendar_plan_v1_no_realized_demand,945,3167.94,915,907,3040.55
2025-11,SKU-12,West,Wholesale,2025-10-31,calendar_plan_v1_no_realized_demand,820,2748.9,790,792,2655.04
2025-11,SKU-13,Central,Convenience,2025-10-31,calendar_plan_v1_no_realized_demand,790,2426.88,760,753,2313.22
2025-11,SKU-13,Central,Ecommerce,2025-10-31,calendar_plan_v1_no_realized_demand,739,2270.21,709,707,2171.9
2025-11,SKU-13,Central,Grocery,2025-10-31,calendar_plan_v1_no_realized_demand,1284,3944.45,1228,1232,3784.7
2025-11,SKU-13,Central,Wholesale,2025-10-31,calendar_plan_v1_no_realized_demand,1104,3391.49,1065,1062,3262.46
2025-11,SKU-13,North,Convenience,2025-10-31,calendar_plan_v1_no_realized_demand,730,2354.69,700,705,2274.05
2025-11,SKU-13,North,Ecommerce,2025-10-31,calendar_plan_v1_no_realized_demand,700,2257.92,670,673,2170.83
2025-11,SKU-13,North,Grocery,2025-10-31,calendar_plan_v1_no_realized_demand,1211,3906.2,1155,1141,3680.41
2025-11,SKU-13,North,Wholesale,2025-10-31,calendar_plan_v1_no_realized_demand,1020,3290.11,990,999,3222.37
2025-11,SKU-13,South,Convenience,2025-10-31,calendar_plan_v1_no_realized_demand,640,1848.12,610,612,1767.26
2025-11,SKU-13,South,Ecommerce,2025-10-31,calendar_plan_v1_no_realized_demand,610,1761.48,580,587,1695.07
2025-11,SKU-13,South,Grocery,2025-10-31,calendar_plan_v1_no_realized_demand,1023,2954.1,993,994,2870.35
2025-11,SKU-13,South,Wholesale,2025-10-31,calendar_plan_v1_no_realized_demand,889,2567.15,859,859,2480.52
2025-11,SKU-13,West,Convenience,2025-10-31,calendar_plan_v1_no_realized_demand,553,1647.85,523,521,1552.5
2025-11,SKU-13,West,Ecommerce,2025-10-31,calendar_plan_v1_no_realized_demand,514,1531.64,484,475,1415.42
2025-11,SKU-13,West,Grocery,2025-10-31,calendar_plan_v1_no_realized_demand,859,2559.68,829,827,2464.33
2025-11,SKU-13,West,Wholesale,2025-10-31,calendar_plan_v1_no_realized_demand,760,2264.68,730,730,2175.28
2025-11,SKU-14,Central,Convenience,2025-10-31,calendar_plan_v1_no_realized_demand,670,2379.84,640,630,2237.76
2025-11,SKU-14,Central,Ecommerce,2025-10-31,calendar_plan_v1_no_realized_demand,614,2180.93,584,591,2099.23
2025-11,SKU-14,Central,Grocery,2025-10-31,calendar_plan_v1_no_realized_demand,1048,3722.5,1018,1019,3619.49
2025-11,SKU-14,Central,Wholesale,2025-10-31,calendar_plan_v1_no_realized_demand,919,3264.29,889,890,3161.28
2025-11,SKU-14,North,Convenience,2025-10-31,calendar_plan_v1_no_realized_demand,614,2289.97,584,586,2185.55
2025-11,SKU-14,North,Ecommerce,2025-10-31,calendar_plan_v1_no_realized_demand,580,2163.17,550,551,2055.01
2025-11,SKU-14,North,Grocery,2025-10-31,calendar_plan_v1_no_realized_demand,979,3651.28,949,952,3550.58
2025-11,SKU-14,North,Wholesale,2025-10-31,calendar_plan_v1_no_realized_demand,854,3185.08,824,819,3054.54
2025-11,SKU-14,South,Convenience,2025-10-31,calendar_plan_v1_no_realized_demand,541,1806.33,511,514,1716.18
2025-11,SKU-14,South,Ecommerce,2025-10-31,calendar_plan_v1_no_realized_demand,494,1649.41,464,463,1545.9
2025-11,SKU-14,South,Grocery,2025-10-31,calendar_plan_v1_no_realized_demand,856,2858.08,826,822,2744.56
2025-11,SKU-14,South,Wholesale,2025-10-31,calendar_plan_v1_no_realized_demand,734,2450.74,704,714,2383.96
2025-11,SKU-14,West,Convenience,2025-10-31,calendar_plan_v1_no_realized_demand,455,1567.68,425,421,1450.53
2025-11,SKU-14,West,Ecommerce,2025-10-31,calendar_plan_v1_no_realized_demand,421,1450.53,395,392,1350.61
2025-11,SKU-14,West,Grocery,2025-10-31,calendar_plan_v1_no_realized_demand,730,2515.17,700,699,2408.36
2025-11,SKU-14,West,Wholesale,2025-10-31,calendar_plan_v1_no_realized_demand,635,2187.85,605,603,2077.6
2025-11,SKU-15,Central,Convenience,2025-10-31,calendar_plan_v1_no_realized_demand,584,2466.82,554,554,2340.1
2025-11,SKU-15,Central,Ecommerce,2025-10-31,calendar_plan_v1_no_realized_demand,554,2340.1,524,527,2226.05
2025-11,SKU-15,Central,Grocery,2025-10-31,calendar_plan_v1_no_realized_demand,947,4000.13,917,902,3810.05
2025-11,SKU-15,Central,Wholesale,2025-10-31,calendar_plan_v1_no_realized_demand,820,3463.68,790,801,3383.42
2025-11,SKU-15,North,Convenience,2025-10-31,calendar_plan_v1_no_realized_demand,554,2457.1,524,528,2341.79
2025-11,SKU-15,North,Ecommerce,2025-10-31,calendar_plan_v1_no_realized_demand,524,2324.04,494,506,2244.21
2025-11,SKU-15,North,Grocery,2025-10-31,calendar_plan_v1_no_realized_demand,889,3942.89,859,858,3805.4
2025-11,SKU-15,North,Wholesale,2025-10-31,calendar_plan_v1_no_realized_demand,760,3370.75,730,740,3282.05
2025-11,SKU-15,South,Convenience,2025-10-31,calendar_plan_v1_no_realized_demand,485,1925.72,455,445,1766.9
2025-11,SKU-15,South,Ecommerce,2025-10-31,calendar_plan_v1_no_realized_demand,455,1806.6,425,430,1707.34
2025-11,SKU-15,South,Grocery,2025-10-31,calendar_plan_v1_no_realized_demand,760,3017.63,730,731,2902.48
2025-11,SKU-15,South,Wholesale,2025-10-31,calendar_plan_v1_no_realized_demand,670,2660.28,640,641,2545.13
2025-11,SKU-15,West,Convenience,2025-10-31,calendar_plan_v1_no_realized_demand,383,1569.26,374,368,1507.8
2025-11,SKU-15,West,Ecommerce,2025-10-31,calendar_plan_v1_no_realized_demand,374,1532.38,365,365,1495.51
2025-11,SKU-15,West,Grocery,2025-10-31,calendar_plan_v1_no_realized_demand,644,2638.65,614,622,2548.51
2025-11,SKU-15,West,Wholesale,2025-10-31,calendar_plan_v1_no_realized_demand,559,2290.38,529,530,2171.56
2025-11,SKU-16,Central,Convenience,2025-10-31,calendar_plan_v1_no_realized_demand,730,2172.48,779,780,2321.28
2025-11,SKU-16,Central,Ecommerce,2025-10-31,calendar_plan_v1_no_realized_demand,674,2005.82,644,647,1925.47
2025-11,SKU-16,Central,Grocery,2025-10-31,calendar_plan_v1_no_realized_demand,1173,3490.85,1134,1130,3362.88
2025-11,SKU-16,Central,Wholesale,2025-10-31,calendar_plan_v1_no_realized_demand,1005,2990.88,975,955,2842.08
2025-11,SKU-16,North,Convenience,2025-10-31,calendar_plan_v1_no_realized_demand,670,2093.62,640,651,2034.24
2025-11,SKU-16,North,Ecommerce,2025-10-31,calendar_plan_v1_no_realized_demand,640,1999.87,610,612,1912.38
2025-11,SKU-16,North,Grocery,2025-10-31,calendar_plan_v1_no_realized_demand,1087,3396.66,1048,1034,3231.04
2025-11,SKU-16,North,Wholesale,2025-10-31,calendar_plan_v1_no_realized_demand,945,2952.94,915,914,2856.07
2025-11,SKU-16,South,Convenience,2025-10-31,calendar_plan_v1_no_realized_demand,584,1633.7,554,553,1546.98
2025-11,SKU-16,South,Ecommerce,2025-10-31,calendar_plan_v1_no_realized_demand,554,1549.78,524,528,1477.05
2025-11,SKU-16,South,Grocery,2025-10-31,calendar_plan_v1_no_realized_demand,945,2643.58,915,918,2568.05
2025-11,SKU-16,South,Wholesale,2025-10-31,calendar_plan_v1_no_realized_demand,820,2293.9,790,794,2221.17
2025-11,SKU-16,West,Convenience,2025-10-31,calendar_plan_v1_no_realized_demand,494,1426.04,464,468,1350.98
2025-11,SKU-16,West,Ecommerce,2025-10-31,calendar_plan_v1_no_realized_demand,464,1339.44,434,441,1273.04
2025-11,SKU-16,West,Grocery,2025-10-31,calendar_plan_v1_no_realized_demand,795,2294.94,765,773,2231.43
2025-11,SKU-16,West,Wholesale,2025-10-31,calendar_plan_v1_no_realized_demand,700,2020.7,670,677,1954.31
2025-12,SKU-01,Central,Convenience,2025-11-30,calendar_plan_v1_no_realized_demand,1350,2851.2,1288,1295,2735.04
2025-12,SKU-01,Central,Ecommerce,2025-11-30,calendar_plan_v1_no_realized_demand,1252,2644.22,1195,1163,2456.26
2025-12,SKU-01,Central,Grocery,2025-11-30,calendar_plan_v1_no_realized_demand,2183,4610.5,2095,2104,4443.65
2025-12,SKU-01,Central,Wholesale,2025-11-30,calendar_plan_v1_no_realized_demand,1883,3976.9,1813,1830,3864.96
2025-12,SKU-01,North,Convenience,2025-11-30,calendar_plan_v1_no_realized_demand,1252,2776.44,1195,1185,2627.86
2025-12,SKU-01,North,Ecommerce,2025-11-30,calendar_plan_v1_no_realized_demand,1164,2581.29,1125,1136,2519.19
2025-12,SKU-01,North,Grocery,2025-11-30,calendar_plan_v1_no_realized_demand,2015,4468.46,1945,1956,4337.63
2025-12,SKU-01,North,Wholesale,2025-11-30,calendar_plan_v1_no_realized_demand,1747,3874.15,1685,1690,3747.74
2025-12,SKU-01,South,Convenience,2025-11-30,calendar_plan_v1_no_realized_demand,1063,2110.35,1032,1016,2017.04
2025-12,SKU-01,South,Ecommerce,2025-11-30,calendar_plan_v1_no_realized_demand,1001,1987.27,970,975,1935.65
2025-12,SKU-01,South,Grocery,2025-11-30,calendar_plan_v1_no_realized_demand,1748,3470.27,1686,1672,3319.39
2025-12,SKU-01,South,Wholesale,2025-11-30,calendar_plan_v1_no_realized_demand,1513,3003.73,1451,1453,2884.61
2025-12,SKU-01,West,Convenience,2025-11-30,calendar_plan_v1_no_realized_demand,913,1870.41,882,885,1813.05
2025-12,SKU-01,West,Ecommerce,2025-11-30,calendar_plan_v1_no_realized_demand,851,1743.39,820,822,1683.98
2025-12,SKU-01,West,Grocery,2025-11-30,calendar_plan_v1_no_realized_demand,1481,3034.04,1419,1415,2898.83
2025-12,SKU-01,West,Wholesale,2025-11-30,calendar_plan_v1_no_realized_demand,1283,2628.41,1226,1240,2540.31
2025-12,SKU-02,Central,Convenience,2025-11-30,calendar_plan_v1_no_realized_demand,1571,2714.69,1509,1506,2602.37
2025-12,SKU-02,Central,Ecommerce,2025-11-30,calendar_plan_v1_no_realized_demand,1482,2560.9,1420,1426,2464.13
2025-12,SKU-02,Central,Grocery,2025-11-30,calendar_plan_v1_no_realized_demand,2552,4409.86,2459,2464,4257.79
2025-12,SKU-02,Central,Wholesale,2025-11-30,calendar_plan_v1_no_realized_demand,2220,3836.16,2132,2125,3672.0
2025-12,SKU-02,North,Convenience,2025-11-30,calendar_plan_v1_no_realized_demand,1469,2665.35,1407,1432,2598.22
2025-12,SKU-02,North,Ecommerce,2025-11-30,calendar_plan_v1_no_realized_demand,1381,2505.69,1319,1290,2340.58
2025-12,SKU-02,North,Grocery,2025-11-30,calendar_plan_v1_no_realized_demand,2382,4321.9,2289,2272,4122.32
2025-12,SKU-02,North,Wholesale,2025-11-30,calendar_plan_v1_no_realized_demand,2064,3744.92,1976,1978,3588.88
2025-12,SKU-02,South,Convenience,2025-11-30,calendar_plan_v1_no_realized_demand,1283,2084.0,1226,1222,1984.92
2025-12,SKU-02,South,Ecommerce,2025-11-30,calendar_plan_v1_no_realized_demand,1172,1903.7,1133,1138,1848.48
2025-12,SKU-02,South,Grocery,2025-11-30,calendar_plan_v1_no_realized_demand,2064,3352.6,1976,1987,3227.52
2025-12,SKU-02,South,Wholesale,2025-11-30,calendar_plan_v1_no_realized_demand,1768,2871.8,1706,1704,2767.84
2025-12,SKU-02,West,Convenience,2025-11-30,calendar_plan_v1_no_realized_demand,1063,1781.76,1032,1022,1713.04
2025-12,SKU-02,West,Ecommerce,2025-11-30,calendar_plan_v1_no_realized_demand,1001,1677.84,970,973,1630.9
2025-12,SKU-02,West,Grocery,2025-11-30,calendar_plan_v1_no_realized_demand,1727,2894.73,1665,1682,2819.3
2025-12,SKU-02,West,Wholesale,2025-11-30,calendar_plan_v1_no_realized_demand,1504,2520.94,1442,1428,2393.56
2025-12,SKU-03,Central,Convenience,2025-11-30,calendar_plan_v1_no_realized_demand,1094,2730.62,1063,1049,2618.3
2025-12,SKU-03,Central,Ecommerce,2025-11-30,calendar_plan_v1_no_realized_demand,1032,2575.87,1001,1008,2515.97
2025-12,SKU-03,Central,Grocery,2025-11-30,calendar_plan_v1_no_realized_demand,1785,4455.36,1723,1711,4270.66
2025-12,SKU-03,Central,Wholesale,2025-11-30,calendar_plan_v1_no_realized_demand,1548,3863.81,1486,1500,3744.0
2025-12,SKU-03,North,Convenience,2025-11-30,calendar_plan_v1_no_realized_demand,1014,2657.49,983,973,2550.04
2025-12,SKU-03,North,Ecommerce,2025-11-30,calendar_plan_v1_no_realized_demand,944,2474.04,913,917,2403.27
2025-12,SKU-03,North,Grocery,2025-11-30,calendar_plan_v1_no_realized_demand,1663,4358.39,1601,1589,4164.45
2025-12,SKU-03,North,Wholesale,2025-11-30,calendar_plan_v1_no_realized_demand,1447,3792.3,1385,1377,3608.84
2025-12,SKU-03,South,Convenience,2025-11-30,calendar_plan_v1_no_realized_demand,882,2069.38,851,856,2008.38
2025-12,SKU-03,South,Ecommerce,2025-11-30,calendar_plan_v1_no_realized_demand,820,1923.92,962,964,2261.78
2025-12,SKU-03,South,Grocery,2025-11-30,calendar_plan_v1_no_realized_demand,1449,3399.7,1387,1378,3233.12
2025-12,SKU-03,South,Wholesale,2025-11-30,calendar_plan_v1_no_realized_demand,1252,2937.49,1195,1201,2817.83
2025-12,SKU-03,West,Convenience,2025-11-30,calendar_plan_v1_no_realized_demand,750,1815.84,719,727,1760.15
2025-12,SKU-03,West,Ecommerce,2025-11-30,calendar_plan_v1_no_realized_demand,701,1697.21,670,665,1610.04
2025-12,SKU-03,West,Grocery,2025-11-30,calendar_plan_v1_no_realized_demand,1203,2912.61,1164,1165,2820.6
2025-12,SKU-03,West,Wholesale,2025-11-30,calendar_plan_v1_no_realized_demand,1037,2510.7,1006,1016,2459.86
2025-12,SKU-04,Central,Convenience,2025-11-30,calendar_plan_v1_no_realized_demand,1014,2628.29,983,989,2563.49
2025-12,SKU-04,Central,Ecommerce,2025-11-30,calendar_plan_v1_no_realized_demand,944,2446.85,913,901,2335.39
2025-12,SKU-04,Central,Grocery,2025-11-30,calendar_plan_v1_no_realized_demand,1663,4310.5,1601,1616,4188.67
2025-12,SKU-04,Central,Wholesale,2025-11-30,calendar_plan_v1_no_realized_demand,1444,3742.85,1382,1374,3561.41
2025-12,SKU-04,North,Convenience,2025-11-30,calendar_plan_v1_no_realized_demand,944,2569.19,913,915,2490.26
2025-12,SKU-04,North,Ecommerce,2025-11-30,calendar_plan_v1_no_realized_demand,882,2400.45,851,858,2335.13
2025-12,SKU-04,North,Grocery,2025-11-30,calendar_plan_v1_no_realized_demand,1544,4202.15,1482,1468,3995.31
2025-12,SKU-04,North,Wholesale,2025-11-30,calendar_plan_v1_no_realized_demand,1350,3674.16,1288,1304,3548.97
2025-12,SKU-04,South,Convenience,2025-11-30,calendar_plan_v1_no_realized_demand,820,1997.91,789,789,1922.38
2025-12,SKU-04,South,Ecommerce,2025-11-30,calendar_plan_v1_no_realized_demand,781,1902.89,750,756,1841.98
2025-12,SKU-04,South,Grocery,2025-11-30,calendar_plan_v1_no_realized_demand,1350,3289.25,1288,1285,3130.88
2025-12,SKU-04,South,Wholesale,2025-11-30,calendar_plan_v1_no_realized_demand,1146,2792.21,1107,1106,2694.75
2025-12,SKU-04,West,Convenience,2025-11-30,calendar_plan_v1_no_realized_demand,693,1742.37,662,665,1671.97
2025-12,SKU-04,West,Ecommerce,2025-11-30,calendar_plan_v1_no_realized_demand,657,1651.86,626,627,1576.43
2025-12,SKU-04,West,Grocery,2025-11-30,calendar_plan_v1_no_realized_demand,1130,2841.09,1091,1076,2705.32
2025-12,SKU-04,West,Wholesale,2025-11-30,calendar_plan_v1_no_realized_demand,970,2438.81,939,929,2335.73
2025-12,SKU-05,Central,Convenience,2025-11-30,calendar_plan_v1_no_realized_demand,944,3443.71,913,910,3319.68
2025-12,SKU-05,Central,Ecommerce,2025-11-30,calendar_plan_v1_no_realized_demand,882,3217.54,851,854,3115.39
2025-12,SKU-05,Central,Grocery,2025-11-30,calendar_plan_v1_no_realized_demand,1539,5614.27,1477,1498,5464.7
2025-12,SKU-05,Central,Wholesale,2025-11-30,calendar_plan_v1_no_realized_demand,1340,4888.32,1283,1273,4643.9
2025-12,SKU-05,North,Convenience,2025-11-30,calendar_plan_v1_no_realized_demand,882,3378.41,851,848,3248.18
2025-12,SKU-05,North,Ecommerce,2025-11-30,calendar_plan_v1_no_realized_demand,820,3140.93,789,798,3056.66
2025-12,SKU-05,North,Grocery,2025-11-30,calendar_plan_v1_no_realized_demand,1438,5508.12,1376,1386,5308.93
2025-12,SKU-05,North,Wholesale,2025-11-30,calendar_plan_v1_no_realized_demand,1252,4795.66,1195,1199,4592.65
2025-12,SKU-05,South,Convenience,2025-11-30,calendar_plan_v1_no_realized_demand,758,2599.27,873,887,3041.63
2025-12,SKU-05,South,Ecommerce,2025-11-30,calendar_plan_v1_no_realized_demand,719,2465.54,688,691,2369.52
2025-12,SKU-05,South,Grocery,2025-11-30,calendar_plan_v1_no_realized_demand,1252,4293.26,1195,1197,4104.66
2025-12,SKU-05,South,Wholesale,2025-11-30,calendar_plan_v1_no_realized_demand,1063,3645.15,1032,1028,3525.14
2025-12,SKU-05,West,Convenience,2025-11-30,calendar_plan_v1_no_realized_demand,657,2324.83,626,619,2190.37
2025-12,SKU-05,West,Ecommerce,2025-11-30,calendar_plan_v1_no_realized_demand,600,2123.14,569,572,2024.06
2025-12,SKU-05,West,Grocery,2025-11-30,calendar_plan_v1_no_realized_demand,1032,3651.79,1001,996,3524.41
2025-12,SKU-05,West,Wholesale,2025-11-30,calendar_plan_v1_no_realized_demand,900,3184.7,869,868,3071.47
2025-12,SKU-06,Central,Convenience,2025-11-30,calendar_plan_v1_no_realized_demand,869,3837.5,838,835,3687.36
2025-12,SKU-06,Central,Ecommerce,2025-11-30,calendar_plan_v1_no_realized_demand,812,3585.79,781,783,3457.73
2025-12,SKU-06,Central,Grocery,2025-11-30,calendar_plan_v1_no_realized_demand,1414,6244.22,1652,1656,7312.9
2025-12,SKU-06,Central,Wholesale,2025-11-30,calendar_plan_v1_no_realized_demand,1203,5312.45,1409,1421,6275.14
2025-12,SKU-06,North,Convenience,2025-11-30,calendar_plan_v1_no_realized_demand,812,3765.08,781,787,3649.16
2025-12,SKU-06,North,Ecommerce,2025-11-30,calendar_plan_v1_no_realized_demand,750,3477.6,719,717,3324.59
2025-12,SKU-06,North,Grocery,2025-11-30,calendar_plan_v1_no_realized_demand,1314,6092.76,1257,1256,5823.82
2025-12,SKU-06,North,Wholesale,2025-11-30,calendar_plan_v1_no_realized_demand,1133,5253.49,1094,1087,5040.2
2025-12,SKU-06,South,Convenience,2025-11-30,calendar_plan_v1_no_realized_demand,695,2884.97,664,664,2756.29
2025-12,SKU-06,South,Ecommerce,2025-11-30,calendar_plan_v1_no_realized_demand,657,2727.23,626,628,2606.85
2025-12,SKU-06,South,Grocery,2025-11-30,calendar_plan_v1_no_realized_demand,1133,4703.13,1094,1092,4532.94
2025-12,SKU-06,South,Wholesale,2025-11-30,calendar_plan_v1_no_realized_demand,975,4047.26,944,947,3931.03
2025-12,SKU-06,West,Convenience,2025-11-30,calendar_plan_v1_no_realized_demand,600,2570.11,569,569,2437.32
2025-12,SKU-06,West,Ecommerce,2025-11-30,calendar_plan_v1_no_realized_demand,563,2411.62,532,535,2291.68
2025-12,SKU-06,West,Grocery,2025-11-30,calendar_plan_v1_no_realized_demand,944,4043.64,913,904,3872.3
2025-12,SKU-06,West,Wholesale,2025-11-30,calendar_plan_v1_no_realized_demand,820,3512.49,789,792,3392.55
2025-12,SKU-07,Central,Convenience,2025-11-30,calendar_plan_v1_no_realized_demand,789,3181.25,758,756,3048.19
2025-12,SKU-07,Central,Ecommerce,2025-11-30,calendar_plan_v1_no_realized_demand,750,3024.0,719,718,2894.98
2025-12,SKU-07,Central,Grocery,2025-11-30,calendar_plan_v1_no_realized_demand,1283,5173.06,1226,1237,4987.58
2025-12,SKU-07,Central,Wholesale,2025-11-30,calendar_plan_v1_no_realized_demand,1094,4411.01,1063,1074,4330.37
2025-12,SKU-07,North,Convenience,2025-11-30,calendar_plan_v1_no_realized_demand,732,3099.0,701,710,3005.86
2025-12,SKU-07,North,Ecommerce,2025-11-30,calendar_plan_v1_no_realized_demand,688,2912.72,657,665,2815.34
2025-12,SKU-07,North,Grocery,2025-11-30,calendar_plan_v1_no_realized_demand,1178,4987.18,1139,1152,4877.11
2025-12,SKU-07,North,Wholesale,2025-11-30,calendar_plan_v1_no_realized_demand,1022,4326.74,991,1001,4237.83
2025-12,SKU-07,South,Convenience,2025-11-30,calendar_plan_v1_no_realized_demand,631,2391.54,600,586,2220.99
2025-12,SKU-07,South,Ecommerce,2025-11-30,calendar_plan_v1_no_realized_demand,600,2274.05,569,574,2175.51
2025-12,SKU-07,South,Grocery,2025-11-30,calendar_plan_v1_no_realized_demand,1025,3884.83,994,990,3752.18
2025-12,SKU-07,South,Wholesale,2025-11-30,calendar_plan_v1_no_realized_demand,882,3342.85,851,859,3255.68
2025-12,SKU-07,West,Convenience,2025-11-30,calendar_plan_v1_no_realized_demand,538,2104.14,507,507,1982.9
2025-12,SKU-07,West,Ecommerce,2025-11-30,calendar_plan_v1_no_realized_demand,507,1982.9,476,479,1873.39
2025-12,SKU-07,West,Grocery,2025-11-30,calendar_plan_v1_no_realized_demand,869,3398.69,838,842,3293.1
2025-12,SKU-07,West,Wholesale,2025-11-30,calendar_plan_v1_no_realized_demand,750,2933.28,719,721,2819.86
2025-12,SKU-08,Central,Convenience,2025-11-30,calendar_plan_v1_no_realized_demand,719,3382.18,688,685,3222.24
2025-12,SKU-08,Central,Ecommerce,2025-11-30,calendar_plan_v1_no_realized_demand,662,3114.05,631,628,2954.11
2025-12,SKU-08,Central,Grocery,2025-11-30,calendar_plan_v1_no_realized_demand,1143,5376.67,1104,1106,5202.62
2025-12,SKU-08,Central,Wholesale,2025-11-30,calendar_plan_v1_no_realized_demand,994,4675.78,963,961,4520.54
2025-12,SKU-08,North,Convenience,2025-11-30,calendar_plan_v1_no_realized_demand,662,3269.75,631,626,3091.94
2025-12,SKU-08,North,Ecommerce,2025-11-30,calendar_plan_v1_no_realized_demand,626,3091.94,595,603,2978.34
2025-12,SKU-08,North,Grocery,2025-11-30,calendar_plan_v1_no_realized_demand,1063,5250.37,1032,1038,5126.89
2025-12,SKU-08,North,Wholesale,2025-11-30,calendar_plan_v1_no_realized_demand,913,4509.49,882,892,4405.77
2025-12,SKU-08,South,Convenience,2025-11-30,calendar_plan_v1_no_realized_demand,569,2515.98,538,544,2405.44
2025-12,SKU-08,South,Ecommerce,2025-11-30,calendar_plan_v1_no_realized_demand,538,2378.91,507,503,2224.15
2025-12,SKU-08,South,Grocery,2025-11-30,calendar_plan_v1_no_realized_demand,913,4037.07,882,888,3926.52
2025-12,SKU-08,South,Wholesale,2025-11-30,calendar_plan_v1_no_realized_demand,804,3555.1,773,773,3418.02
2025-12,SKU-08,West,Convenience,2025-11-30,calendar_plan_v1_no_realized_demand,499,2276.88,468,468,2135.43
2025-12,SKU-08,West,Ecommerce,2025-11-30,calendar_plan_v1_no_realized_demand,468,2135.43,437,453,2066.98
2025-12,SKU-08,West,Grocery,2025-11-30,calendar_plan_v1_no_realized_demand,781,3563.61,750,743,3390.22
2025-12,SKU-08,West,Wholesale,2025-11-30,calendar_plan_v1_no_realized_demand,688,3139.26,657,659,3006.94
2025-12,SKU-09,Central,Convenience,2025-11-30,calendar_plan_v1_no_realized_demand,1764,2878.85,1702,1723,2811.94
2025-12,SKU-09,Central,Ecommerce,2025-11-30,calendar_plan_v1_no_realized_demand,1663,2714.02,1601,1590,2594.88
2025-12,SKU-09,Central,Grocery,2025-11-30,calendar_plan_v1_no_realized_demand,2884,4706.69,2765,2787,4548.38
2025-12,SKU-09,Central,Wholesale,2025-11-30,calendar_plan_v1_no_realized_demand,2483,4052.26,2390,2429,3964.13
2025-12,SKU-09,North,Convenience,2025-11-30,calendar_plan_v1_no_realized_demand,1653,2832.58,1591,1600,2741.76
2025-12,SKU-09,North,Ecommerce,2025-11-30,calendar_plan_v1_no_realized_demand,1540,2638.94,1478,1478,2532.7
2025-12,SKU-09,North,Grocery,2025-11-30,calendar_plan_v1_no_realized_demand,2674,4582.17,2573,2569,4402.24
2025-12,SKU-09,North,Wholesale,2025-11-30,calendar_plan_v1_no_realized_demand,2320,3975.55,2227,2239,3836.75
2025-12,SKU-09,South,Convenience,2025-11-30,calendar_plan_v1_no_realized_demand,1438,2206.01,1376,1355,2078.68
2025-12,SKU-09,South,Ecommerce,2025-11-30,calendar_plan_v1_no_realized_demand,1350,2071.01,1288,1288,1975.9
2025-12,SKU-09,South,Grocery,2025-11-30,calendar_plan_v1_no_realized_demand,2320,3559.07,2227,2258,3463.95
2025-12,SKU-09,South,Wholesale,2025-11-30,calendar_plan_v1_no_realized_demand,1984,3043.61,1914,1912,2933.16
2025-12,SKU-09,West,Convenience,2025-11-30,calendar_plan_v1_no_realized_demand,1199,1898.06,1160,1151,1822.08
2025-12,SKU-09,West,Ecommerce,2025-11-30,calendar_plan_v1_no_realized_demand,1115,1765.09,1076,1073,1698.6
2025-12,SKU-09,West,Grocery,2025-11-30,calendar_plan_v1_no_realized_demand,1953,3091.68,1883,1885,2984.03
2025-12,SKU-09,West,Wholesale,2025-11-30,calendar_plan_v1_no_realized_demand,1692,2678.5,1630,1599,2531.28
2025-12,SKU-10,Central,Convenience,2025-11-30,calendar_plan_v1_no_realized_demand,1210,3368.64,1168,1166,3246.14
2025-12,SKU-10,Central,Ecommerce,2025-11-30,calendar_plan_v1_no_realized_demand,1139,3170.98,1100,1093,3042.91
2025-12,SKU-10,Central,Grocery,2025-11-30,calendar_plan_v1_no_realized_demand,1984,5523.46,1914,1897,5281.25
2025-12,SKU-10,Central,Wholesale,2025-11-30,calendar_plan_v1_no_realized_demand,1716,4777.34,1654,1651,4596.38
2025-12,SKU-10,North,Convenience,2025-11-30,calendar_plan_v1_no_realized_demand,1133,3311.99,1094,1103,3224.29
2025-12,SKU-10,North,Ecommerce,2025-11-30,calendar_plan_v1_no_realized_demand,1062,3104.44,1031,1047,3060.59
2025-12,SKU-10,North,Grocery,2025-11-30,calendar_plan_v1_no_realized_demand,1836,5367.0,1774,1767,5165.29
2025-12,SKU-10,North,Wholesale,2025-11-30,calendar_plan_v1_no_realized_demand,1601,4680.04,1539,1537,4492.96
2025-12,SKU-10,South,Convenience,2025-11-30,calendar_plan_v1_no_realized_demand,975,2551.54,944,938,2454.71
2025-12,SKU-10,South,Ecommerce,2025-11-30,calendar_plan_v1_no_realized_demand,913,2389.28,882,889,2326.48
2025-12,SKU-10,South,Grocery,2025-11-30,calendar_plan_v1_no_realized_demand,1601,4189.75,1539,1547,4048.44
2025-12,SKU-10,South,Wholesale,2025-11-30,calendar_plan_v1_no_realized_demand,1381,3614.02,1319,1321,3457.0
2025-12,SKU-10,West,Convenience,2025-11-30,calendar_plan_v1_no_realized_demand,820,2214.39,789,792,2138.78
2025-12,SKU-10,West,Ecommerce,2025-11-30,calendar_plan_v1_no_realized_demand,781,2109.07,750,755,2038.86
2025-12,SKU-10,West,Grocery,2025-11-30,calendar_plan_v1_no_realized_demand,1350,3645.65,1288,1280,3456.61
2025-12,SKU-10,West,Wholesale,2025-11-30,calendar_plan_v1_no_realized_demand,1164,3143.36,1125,1124,3035.34
2025-12,SKU-11,Central,Convenience,2025-11-30,calendar_plan_v1_no_realized_demand,1063,3367.58,1032,1063,3367.58
2025-12,SKU-11,Central,Ecommerce,2025-11-30,calendar_plan_v1_no_realized_demand,994,3148.99,963,961,3044.45
2025-12,SKU-11,Central,Grocery,2025-11-30,calendar_plan_v1_no_realized_demand,1725,5464.8,1663,1660,5258.88
2025-12,SKU-11,Central,Wholesale,2025-11-30,calendar_plan_v1_no_realized_demand,1500,4752.0,1438,1458,4618.94
2025-12,SKU-11,North,Convenience,2025-11-30,calendar_plan_v1_no_realized_demand,975,3243.24,944,946,3146.77
2025-12,SKU-11,North,Ecommerce,2025-11-30,calendar_plan_v1_no_realized_demand,913,3037.0,882,878,2920.58
2025-12,SKU-11,North,Grocery,2025-11-30,calendar_plan_v1_no_realized_demand,1601,5325.57,1539,1532,5096.04
2025-12,SKU-11,North,Wholesale,2025-11-30,calendar_plan_v1_no_realized_demand,1400,4656.96,1338,1344,4470.68
2025-12,SKU-11,South,Convenience,2025-11-30,calendar_plan_v1_no_realized_demand,851,2534.21,820,806,2400.2
2025-12,SKU-11,South,Ecommerce,2025-11-30,calendar_plan_v1_no_realized_demand,804,2394.25,773,768,2287.04
2025-12,SKU-11,South,Grocery,2025-11-30,calendar_plan_v1_no_realized_demand,1403,4178.02,1341,1318,3924.9
2025-12,SKU-11,South,Wholesale,2025-11-30,calendar_plan_v1_no_realized_demand,1195,3558.61,1156,1138,3388.87
2025-12,SKU-11,West,Convenience,2025-11-30,calendar_plan_v1_no_realized_demand,719,2209.46,688,699,2148.0
2025-12,SKU-11,West,Ecommerce,2025-11-30,calendar_plan_v1_no_realized_demand,688,2114.2,657,659,2025.08
2025-12,SKU-11,West,Grocery,2025-11-30,calendar_plan_v1_no_realized_demand,1164,3576.93,1125,1123,3450.93
2025-12,SKU-11,West,Wholesale,2025-11-30,calendar_plan_v1_no_realized_demand,1004,3085.25,973,976,2999.21
2025-12,SKU-12,Central,Convenience,2025-11-30,calendar_plan_v1_no_realized_demand,975,3369.6,944,942,3255.55
2025-12,SKU-12,Central,Ecommerce,2025-11-30,calendar_plan_v1_no_realized_demand,913,3155.33,882,879,3037.82
2025-12,SKU-12,Central,Grocery,2025-11-30,calendar_plan_v1_no_realized_demand,1601,5533.06,1539,1541,5325.7
2025-12,SKU-12,Central,Wholesale,2025-11-30,calendar_plan_v1_no_realized_demand,1389,4800.38,1327,1335,4613.76
2025-12,SKU-12,North,Convenience,2025-11-30,calendar_plan_v1_no_realized_demand,913,3313.09,882,893,3240.52
2025-12,SKU-12,North,Ecommerce,2025-11-30,calendar_plan_v1_no_realized_demand,851,3088.11,820,825,2993.76
2025-12,SKU-12,North,Grocery,2025-11-30,calendar_plan_v1_no_realized_demand,1499,5439.57,1437,1446,5247.24
2025-12,SKU-12,North,Wholesale,2025-11-30,calendar_plan_v1_no_realized_demand,1283,4655.75,1226,1228,4456.17
2025-12,SKU-12,South,Convenience,2025-11-30,calendar_plan_v1_no_realized_demand,789,2563.18,758,765,2485.21
2025-12,SKU-12,South,Ecommerce,2025-11-30,calendar_plan_v1_no_realized_demand,750,2436.48,719,728,2365.01
2025-12,SKU-12,South,Grocery,2025-11-30,calendar_plan_v1_no_realized_demand,1283,4168.01,1226,1231,3999.08
2025-12,SKU-12,South,Wholesale,2025-11-30,calendar_plan_v1_no_realized_demand,1094,3554.01,1063,1053,3420.82
2025-12,SKU-12,West,Convenience,2025-11-30,calendar_plan_v1_no_realized_demand,666,2232.65,635,633,2122.02
2025-12,SKU-12,West,Ecommerce,2025-11-30,calendar_plan_v1_no_realized_demand,631,2115.31,600,595,1994.63
2025-12,SKU-12,West,Grocery,2025-11-30,calendar_plan_v1_no_realized_demand,1074,3600.39,1043,1048,3513.23
2025-12,SKU-12,West,Wholesale,2025-11-30,calendar_plan_v1_no_realized_demand,939,3147.83,908,892,2990.27
2025-12,SKU-13,Central,Convenience,2025-11-30,calendar_plan_v1_no_realized_demand,913,2804.74,882,874,2684.93
2025-12,SKU-13,Central,Ecommerce,2025-11-30,calendar_plan_v1_no_realized_demand,851,2614.27,820,819,2515.97
2025-12,SKU-13,Central,Grocery,2025-11-30,calendar_plan_v1_no_realized_demand,1480,4546.56,1418,1417,4353.02
2025-12,SKU-13,Central,Wholesale,2025-11-30,calendar_plan_v1_no_realized_demand,1283,3941.38,1388,1385,4254.72
2025-12,SKU-13,North,Convenience,2025-11-30,calendar_plan_v1_no_realized_demand,843,2719.18,812,805,2596.61
2025-12,SKU-13,North,Ecommerce,2025-11-30,calendar_plan_v1_no_realized_demand,789,2545.0,758,768,2477.26
2025-12,SKU-13,North,Grocery,2025-11-30,calendar_plan_v1_no_realized_demand,1381,4454.55,1319,1311,4228.76
2025-12,SKU-13,North,Wholesale,2025-11-30,calendar_plan_v1_no_realized_demand,1172,3780.4,1133,1124,3625.57
2025-12,SKU-13,South,Convenience,2025-11-30,calendar_plan_v1_no_realized_demand,732,2113.78,855,853,2463.19
2025-12,SKU-13,South,Ecommerce,2025-11-30,calendar_plan_v1_no_realized_demand,688,1986.72,657,654,1888.54
2025-12,SKU-13,South,Grocery,2025-11-30,calendar_plan_v1_no_realized_demand,1172,3384.36,1133,1136,3280.4
2025-12,SKU-13,South,Wholesale,2025-11-30,calendar_plan_v1_no_realized_demand,1006,2905.01,975,974,2812.6
2025-12,SKU-13,West,Convenience,2025-11-30,calendar_plan_v1_no_realized_demand,626,1865.38,595,595,1773.0
2025-12,SKU-13,West,Ecommerce,2025-11-30,calendar_plan_v1_no_realized_demand,587,1749.17,556,559,1665.73
2025-12,SKU-13,West,Grocery,2025-11-30,calendar_plan_v1_no_realized_demand,1001,2982.82,970,961,2863.63
2025-12,SKU-13,West,Wholesale,2025-11-30,calendar_plan_v1_no_realized_demand,851,2535.84,820,818,2437.51
2025-12,SKU-14,Central,Convenience,2025-11-30,calendar_plan_v1_no_realized_demand,750,2664.0,719,709,2518.37
2025-12,SKU-14,Central,Ecommerce,2025-11-30,calendar_plan_v1_no_realized_demand,703,2497.06,672,671,2383.39
2025-12,SKU-14,Central,Grocery,2025-11-30,calendar_plan_v1_no_realized_demand,1203,4273.06,1164,1150,4084.8
2025-12,SKU-14,Central,Wholesale,2025-11-30,calendar_plan_v1_no_realized_demand,1037,3683.42,1006,994,3530.69
2025-12,SKU-14,North,Convenience,2025-11-30,calendar_plan_v1_no_realized_demand,693,2584.61,662,664,2476.45
2025-12,SKU-14,North,Ecommerce,2025-11-30,calendar_plan_v1_no_realized_demand,657,2450.35,626,625,2331.0
2025-12,SKU-14,North,Grocery,2025-11-30,calendar_plan_v1_no_realized_demand,1133,4225.64,1094,1089,4061.53
2025-12,SKU-14,North,Wholesale,2025-11-30,calendar_plan_v1_no_realized_demand,974,3632.63,943,937,3494.64
2025-12,SKU-14,South,Convenience,2025-11-30,calendar_plan_v1_no_realized_demand,600,2003.33,569,568,1896.48
2025-12,SKU-14,South,Ecommerce,2025-11-30,calendar_plan_v1_no_realized_demand,569,1899.82,538,539,1799.66
2025-12,SKU-14,South,Grocery,2025-11-30,calendar_plan_v1_no_realized_demand,974,3252.07,943,955,3188.63
2025-12,SKU-14,South,Wholesale,2025-11-30,calendar_plan_v1_no_realized_demand,843,2814.68,812,811,2707.83
2025-12,SKU-14,West,Convenience,2025-11-30,calendar_plan_v1_no_realized_demand,525,1808.86,494,490,1688.27
2025-12,SKU-14,West,Ecommerce,2025-11-30,calendar_plan_v1_no_realized_demand,494,1702.05,463,462,1591.79
2025-12,SKU-14,West,Grocery,2025-11-30,calendar_plan_v1_no_realized_demand,820,2825.26,789,797,2746.02
2025-12,SKU-14,West,Wholesale,2025-11-30,calendar_plan_v1_no_realized_demand,719,2477.27,750,753,2594.42
2025-12,SKU-15,Central,Convenience,2025-11-30,calendar_plan_v1_no_realized_demand,688,2906.11,657,662,2796.29
2025-12,SKU-15,Central,Ecommerce,2025-11-30,calendar_plan_v1_no_realized_demand,631,2665.34,600,601,2538.62
2025-12,SKU-15,Central,Grocery,2025-11-30,calendar_plan_v1_no_realized_demand,1076,4545.02,1045,1040,4392.96
2025-12,SKU-15,Central,Wholesale,2025-11-30,calendar_plan_v1_no_realized_demand,942,3979.01,911,899,3797.38
2025-12,SKU-15,North,Convenience,2025-11-30,calendar_plan_v1_no_realized_demand,631,2798.61,600,607,2692.17
2025-12,SKU-15,North,Ecommerce,2025-11-30,calendar_plan_v1_no_realized_demand,595,2638.94,564,561,2488.15
2025-12,SKU-15,North,Grocery,2025-11-30,calendar_plan_v1_no_realized_demand,1004,4452.94,973,977,4333.19
2025-12,SKU-15,North,Wholesale,2025-11-30,calendar_plan_v1_no_realized_demand,874,3876.36,843,840,3725.57
2025-12,SKU-15,South,Convenience,2025-11-30,calendar_plan_v1_no_realized_demand,547,2171.9,516,517,2052.78
2025-12,SKU-15,South,Ecommerce,2025-11-30,calendar_plan_v1_no_realized_demand,507,2013.07,476,477,1893.96
2025-12,SKU-15,South,Grocery,2025-11-30,calendar_plan_v1_no_realized_demand,874,3470.27,843,831,3299.54
2025-12,SKU-15,South,Wholesale,2025-11-30,calendar_plan_v1_no_realized_demand,750,2977.92,719,719,2854.83
2025-12,SKU-15,West,Convenience,2025-11-30,calendar_plan_v1_no_realized_demand,468,1917.53,437,436,1786.41
2025-12,SKU-15,West,Ecommerce,2025-11-30,calendar_plan_v1_no_realized_demand,432,1770.02,454,455,1864.26
2025-12,SKU-15,West,Grocery,2025-11-30,calendar_plan_v1_no_realized_demand,750,3072.96,719,718,2941.85
2025-12,SKU-15,West,Wholesale,2025-11-30,calendar_plan_v1_no_realized_demand,643,2634.55,612,607,2487.05
2025-12,SKU-16,Central,Convenience,2025-11-30,calendar_plan_v1_no_realized_demand,820,2440.32,789,789,2348.06
2025-12,SKU-16,Central,Ecommerce,2025-11-30,calendar_plan_v1_no_realized_demand,781,2324.26,750,742,2208.19
2025-12,SKU-16,Central,Grocery,2025-11-30,calendar_plan_v1_no_realized_demand,1350,4017.6,1288,1299,3865.82
2025-12,SKU-16,Central,Wholesale,2025-11-30,calendar_plan_v1_no_realized_demand,1164,3464.06,1125,1144,3404.54
2025-12,SKU-16,North,Convenience,2025-11-30,calendar_plan_v1_no_realized_demand,781,2440.47,750,757,2365.47
2025-12,SKU-16,North,Ecommerce,2025-11-30,calendar_plan_v1_no_realized_demand,719,2246.73,688,699,2184.24
2025-12,SKU-16,North,Grocery,2025-11-30,calendar_plan_v1_no_realized_demand,1252,3912.25,1195,1201,3752.88
2025-12,SKU-16,North,Wholesale,2025-11-30,calendar_plan_v1_no_realized_demand,1063,3321.66,1032,1030,3218.54
2025-12,SKU-16,South,Convenience,2025-11-30,calendar_plan_v1_no_realized_demand,662,1851.91,631,630,1762.39
2025-12,SKU-16,South,Ecommerce,2025-11-30,calendar_plan_v1_no_realized_demand,631,1765.18,600,604,1689.65
2025-12,SKU-16,South,Grocery,2025-11-30,calendar_plan_v1_no_realized_demand,1063,2973.68,1032,1052,2942.91
2025-12,SKU-16,South,Wholesale,2025-11-30,calendar_plan_v1_no_realized_demand,931,2604.42,900,907,2537.28
2025-12,SKU-16,West,Convenience,2025-11-30,calendar_plan_v1_no_realized_demand,569,1642.54,538,537,1550.17
2025-12,SKU-16,West,Ecommerce,2025-11-30,calendar_plan_v1_no_realized_demand,538,1553.06,507,510,1472.23
2025-12,SKU-16,West,Grocery,2025-11-30,calendar_plan_v1_no_realized_demand,913,2635.58,882,889,2566.29
2025-12,SKU-16,West,Wholesale,2025-11-30,calendar_plan_v1_no_realized_demand,787,2271.85,756,763,2202.57
2026-01,SKU-01,Central,Convenience,2025-12-31,calendar_plan_v1_no_realized_demand,983,2076.1,952,959,2025.41
2026-01,SKU-01,Central,Ecommerce,2025-12-31,calendar_plan_v1_no_realized_demand,921,1945.15,890,895,1890.24
2026-01,SKU-01,Central,Grocery,2025-12-31,calendar_plan_v1_no_realized_demand,1615,3410.88,1553,1545,3263.04
2026-01,SKU-01,Central,Wholesale,2025-12-31,calendar_plan_v1_no_realized_demand,1396,2948.35,1334,1310,2766.72
2026-01,SKU-01,North,Convenience,2025-12-31,calendar_plan_v1_no_realized_demand,921,2042.41,890,882,1955.92
2026-01,SKU-01,North,Ecommerce,2025-12-31,calendar_plan_v1_no_realized_demand,859,1904.92,828,825,1829.52
2026-01,SKU-01,North,Grocery,2025-12-31,calendar_plan_v1_no_realized_demand,1498,3321.96,1436,1453,3222.17
2026-01,SKU-01,North,Wholesale,2025-12-31,calendar_plan_v1_no_realized_demand,1295,2871.79,1237,1241,2752.04
2026-01,SKU-01,South,Convenience,2025-12-31,calendar_plan_v1_no_realized_demand,797,1582.27,766,759,1506.83
2026-01,SKU-01,South,Ecommerce,2025-12-31,calendar_plan_v1_no_realized_demand,756,1500.87,725,736,1461.17
2026-01,SKU-01,South,Grocery,2025-12-31,calendar_plan_v1_no_realized_demand,1295,2570.94,1525,1513,3003.73
2026-01,SKU-01,South,Wholesale,2025-12-31,calendar_plan_v1_no_realized_demand,1103,2189.76,1072,1068,2120.28
2026-01,SKU-01,West,Convenience,2025-12-31,calendar_plan_v1_no_realized_demand,667,1366.44,636,627,1284.5
2026-01,SKU-01,West,Ecommerce,2025-12-31,calendar_plan_v1_no_realized_demand,636,1302.94,605,605,1239.43
2026-01,SKU-01,West,Grocery,2025-12-31,calendar_plan_v1_no_realized_demand,1073,2198.19,1042,1047,2144.93
2026-01,SKU-01,West,Wholesale,2025-12-31,calendar_plan_v1_no_realized_demand,942,1929.82,911,916,1876.55
2026-01,SKU-02,Central,Convenience,2025-12-31,calendar_plan_v1_no_realized_demand,1159,2002.75,1118,1134,1959.55
2026-01,SKU-02,Central,Ecommerce,2025-12-31,calendar_plan_v1_no_realized_demand,1076,1859.33,1045,1057,1826.5
2026-01,SKU-02,Central,Grocery,2025-12-31,calendar_plan_v1_no_realized_demand,1896,3276.29,1824,1831,3163.97
2026-01,SKU-02,Central,Wholesale,2025-12-31,calendar_plan_v1_no_realized_demand,1646,2844.29,1584,1591,2749.25
2026-01,SKU-02,North,Convenience,2025-12-31,calendar_plan_v1_no_realized_demand,1072,1945.04,1041,1049,1903.31
2026-01,SKU-02,North,Ecommerce,2025-12-31,calendar_plan_v1_no_realized_demand,1010,1832.54,979,979,1776.3
2026-01,SKU-02,North,Grocery,2025-12-31,calendar_plan_v1_no_realized_demand,1755,3184.27,1693,1679,3046.38
2026-01,SKU-02,North,Wholesale,2025-12-31,calendar_plan_v1_no_realized_demand,1524,2765.15,1462,1471,2668.98
2026-01,SKU-02,South,Convenience,2025-12-31,calendar_plan_v1_no_realized_demand,925,1502.5,894,895,1453.77
2026-01,SKU-02,South,Ecommerce,2025-12-31,calendar_plan_v1_no_realized_demand,878,1426.15,847,858,1393.67
2026-01,SKU-02,South,Grocery,2025-12-31,calendar_plan_v1_no_realized_demand,1525,2477.09,1463,1439,2337.4
2026-01,SKU-02,South,Wholesale,2025-12-31,calendar_plan_v1_no_realized_demand,1326,2153.85,1268,1240,2014.16
2026-01,SKU-02,West,Convenience,2025-12-31,calendar_plan_v1_no_realized_demand,787,1319.14,756,738,1237.01
2026-01,SKU-02,West,Ecommerce,2025-12-31,calendar_plan_v1_no_realized_demand,739,1238.68,708,712,1193.43
2026-01,SKU-02,West,Grocery,2025-12-31,calendar_plan_v1_no_realized_demand,1295,2170.63,1237,1247,2090.17
2026-01,SKU-02,West,Wholesale,2025-12-31,calendar_plan_v1_no_realized_demand,1103,1848.8,1072,1068,1790.14
2026-01,SKU-03,Central,Convenience,2025-12-31,calendar_plan_v1_no_realized_demand,818,2041.73,787,784,1956.86
2026-01,SKU-03,Central,Ecommerce,2025-12-31,calendar_plan_v1_no_realized_demand,764,1906.94,733,731,1824.58
2026-01,SKU-03,Central,Grocery,2025-12-31,calendar_plan_v1_no_realized_demand,1326,3309.7,1268,1258,3139.97
2026-01,SKU-03,Central,Wholesale,2025-12-31,calendar_plan_v1_no_realized_demand,1144,2855.42,1103,1094,2730.62
2026-01,SKU-03,North,Convenience,2025-12-31,calendar_plan_v1_no_realized_demand,756,1981.32,725,718,1881.73
2026-01,SKU-03,North,Ecommerce,2025-12-31,calendar_plan_v1_no_realized_demand,725,1900.08,694,693,1816.21
2026-01,SKU-03,North,Grocery,2025-12-31,calendar_plan_v1_no_realized_demand,1216,3186.89,1175,1172,3071.58
2026-01,SKU-03,North,Wholesale,2025-12-31,calendar_plan_v1_no_realized_demand,1055,2764.94,1024,1036,2715.15
2026-01,SKU-03,South,Convenience,2025-12-31,calendar_plan_v1_no_realized_demand,663,1555.56,632,630,1478.13
2026-01,SKU-03,South,Ecommerce,2025-12-31,calendar_plan_v1_no_realized_demand,628,1473.44,597,601,1410.09
2026-01,SKU-03,South,Grocery,2025-12-31,calendar_plan_v1_no_realized_demand,1055,2475.28,1024,1005,2357.97
2026-01,SKU-03,South,Wholesale,2025-12-31,calendar_plan_v1_no_realized_demand,921,2160.89,890,901,2113.96
2026-01,SKU-03,West,Convenience,2025-12-31,calendar_plan_v1_no_realized_demand,563,1363.09,532,530,1283.19
2026-01,SKU-03,West,Ecommerce,2025-12-31,calendar_plan_v1_no_realized_demand,529,1280.77,498,494,1196.03
2026-01,SKU-03,West,Grocery,2025-12-31,calendar_plan_v1_no_realized_demand,890,2154.8,859,864,2091.85
2026-01,SKU-03,West,Wholesale,2025-12-31,calendar_plan_v1_no_realized_demand,787,1905.42,756,750,1815.84
2026-01,SKU-04,Central,Convenience,2025-12-31,calendar_plan_v1_no_realized_demand,756,1959.55,725,732,1897.34
2026-01,SKU-04,Central,Ecommerce,2025-12-31,calendar_plan_v1_no_realized_demand,725,1879.2,694,692,1793.66
2026-01,SKU-04,Central,Grocery,2025-12-31,calendar_plan_v1_no_realized_demand,1216,3151.87,1175,1175,3045.6
2026-01,SKU-04,Central,Wholesale,2025-12-31,calendar_plan_v1_no_realized_demand,1055,2734.56,1024,1021,2646.43
2026-01,SKU-04,North,Convenience,2025-12-31,calendar_plan_v1_no_realized_demand,708,1926.89,677,683,1858.85
2026-01,SKU-04,North,Ecommerce,2025-12-31,calendar_plan_v1_no_realized_demand,663,1804.42,632,631,1717.33
2026-01,SKU-04,North,Grocery,2025-12-31,calendar_plan_v1_no_realized_demand,1144,3113.51,1103,1133,3083.57
2026-01,SKU-04,North,Wholesale,2025-12-31,calendar_plan_v1_no_realized_demand,983,2675.33,952,951,2588.24
2026-01,SKU-04,South,Convenience,2025-12-31,calendar_plan_v1_no_realized_demand,616,1500.87,585,591,1439.96
2026-01,SKU-04,South,Ecommerce,2025-12-31,calendar_plan_v1_no_realized_demand,574,1398.54,543,531,1293.77
2026-01,SKU-04,South,Grocery,2025-12-31,calendar_plan_v1_no_realized_demand,983,2395.06,1163,1175,2862.86
2026-01,SKU-04,South,Wholesale,2025-12-31,calendar_plan_v1_no_realized_demand,859,2092.94,828,817,1990.6
2026-01,SKU-04,West,Convenience,2025-12-31,calendar_plan_v1_no_realized_demand,529,1330.03,498,492,1237.01
2026-01,SKU-04,West,Ecommerce,2025-12-31,calendar_plan_v1_no_realized_demand,498,1252.09,467,470,1181.69
2026-01,SKU-04,West,Grocery,2025-12-31,calendar_plan_v1_no_realized_demand,828,2081.79,797,808,2031.51
2026-01,SKU-04,West,Wholesale,2025-12-31,calendar_plan_v1_no_realized_demand,725,1822.82,694,686,1724.77
2026-01,SKU-05,Central,Convenience,2025-12-31,calendar_plan_v1_no_realized_demand,698,2546.3,667,665,2425.92
2026-01,SKU-05,Central,Ecommerce,2025-12-31,calendar_plan_v1_no_realized_demand,663,2418.62,632,633,2309.18
2026-01,SKU-05,Central,Grocery,2025-12-31,calendar_plan_v1_no_realized_demand,1140,4158.72,1099,1102,4020.1
2026-01,SKU-05,Central,Wholesale,2025-12-31,calendar_plan_v1_no_realized_demand,979,3571.39,948,954,3480.19
2026-01,SKU-05,North,Convenience,2025-12-31,calendar_plan_v1_no_realized_demand,663,2539.56,632,637,2439.96
2026-01,SKU-05,North,Ecommerce,2025-12-31,calendar_plan_v1_no_realized_demand,608,2328.88,577,578,2213.97
2026-01,SKU-05,North,Grocery,2025-12-31,calendar_plan_v1_no_realized_demand,1044,3998.94,1013,1006,3853.38
2026-01,SKU-05,North,Wholesale,2025-12-31,calendar_plan_v1_no_realized_demand,913,3497.16,882,896,3432.04
2026-01,SKU-05,South,Convenience,2025-12-31,calendar_plan_v1_no_realized_demand,574,1968.31,543,535,1834.58
2026-01,SKU-05,South,Ecommerce,2025-12-31,calendar_plan_v1_no_realized_demand,543,1862.01,512,514,1762.57
2026-01,SKU-05,South,Grocery,2025-12-31,calendar_plan_v1_no_realized_demand,916,3141.07,885,869,2979.91
2026-01,SKU-05,South,Wholesale,2025-12-31,calendar_plan_v1_no_realized_demand,787,2698.72,756,753,2582.13
2026-01,SKU-05,West,Convenience,2025-12-31,calendar_plan_v1_no_realized_demand,481,1702.05,450,460,1627.74
2026-01,SKU-05,West,Ecommerce,2025-12-31,calendar_plan_v1_no_realized_demand,446,1578.2,419,414,1464.96
2026-01,SKU-05,West,Grocery,2025-12-31,calendar_plan_v1_no_realized_demand,769,2721.15,738,751,2657.46
2026-01,SKU-05,West,Wholesale,2025-12-31,calendar_plan_v1_no_realized_demand,667,2360.22,636,630,2229.29
2026-01,SKU-06,Central,Convenience,2025-12-31,calendar_plan_v1_no_realized_demand,644,2843.9,613,611,2698.18
2026-01,SKU-06,Central,Ecommerce,2025-12-31,calendar_plan_v1_no_realized_demand,605,2671.68,574,568,2508.29
2026-01,SKU-06,Central,Grocery,2025-12-31,calendar_plan_v1_no_realized_demand,1041,4597.06,1010,1013,4473.41
2026-01,SKU-06,Central,Wholesale,2025-12-31,calendar_plan_v1_no_realized_demand,890,3930.24,859,854,3771.26
2026-01,SKU-06,North,Convenience,2025-12-31,calendar_plan_v1_no_realized_demand,605,2805.26,574,573,2656.89
2026-01,SKU-06,North,Ecommerce,2025-12-31,calendar_plan_v1_no_realized_demand,574,2661.52,543,542,2513.15
2026-01,SKU-06,North,Grocery,2025-12-31,calendar_plan_v1_no_realized_demand,952,4414.23,921,900,4173.12
2026-01,SKU-06,North,Wholesale,2025-12-31,calendar_plan_v1_no_realized_demand,828,3839.27,797,782,3625.98
2026-01,SKU-06,South,Convenience,2025-12-31,calendar_plan_v1_no_realized_demand,529,2195.9,498,508,2108.73
2026-01,SKU-06,South,Ecommerce,2025-12-31,calendar_plan_v1_no_realized_demand,498,2067.22,467,470,1950.99
2026-01,SKU-06,South,Grocery,2025-12-31,calendar_plan_v1_no_realized_demand,828,3437.06,797,804,3337.44
2026-01,SKU-06,South,Wholesale,2025-12-31,calendar_plan_v1_no_realized_demand,725,3009.5,694,690,2864.22
2026-01,SKU-06,West,Convenience,2025-12-31,calendar_plan_v1_no_realized_demand,446,1910.45,419,418,1790.51
2026-01,SKU-06,West,Ecommerce,2025-12-31,calendar_plan_v1_no_realized_demand,398,1704.84,388,388,1662.01
2026-01,SKU-06,West,Grocery,2025-12-31,calendar_plan_v1_no_realized_demand,708,3032.73,677,673,2882.81
2026-01,SKU-06,West,Wholesale,2025-12-31,calendar_plan_v1_no_realized_demand,620,2655.78,589,591,2531.56
2026-01,SKU-07,Central,Convenience,2025-12-31,calendar_plan_v1_no_realized_demand,596,2403.07,565,562,2265.98
2026-01,SKU-07,Central,Ecommerce,2025-12-31,calendar_plan_v1_no_realized_demand,560,2257.92,529,524,2112.77
2026-01,SKU-07,Central,Grocery,2025-12-31,calendar_plan_v1_no_realized_demand,949,3826.37,918,926,3733.63
2026-01,SKU-07,Central,Wholesale,2025-12-31,calendar_plan_v1_no_realized_demand,818,3298.18,787,796,3209.47
2026-01,SKU-07,North,Convenience,2025-12-31,calendar_plan_v1_no_realized_demand,543,2298.84,512,510,2159.14
2026-01,SKU-07,North,Ecommerce,2025-12-31,calendar_plan_v1_no_realized_demand,512,2167.6,481,480,2032.13
2026-01,SKU-07,North,Grocery,2025-12-31,calendar_plan_v1_no_realized_demand,880,3725.57,849,856,3623.96
2026-01,SKU-07,North,Wholesale,2025-12-31,calendar_plan_v1_no_realized_demand,756,3200.6,725,735,3111.7
2026-01,SKU-07,South,Convenience,2025-12-31,calendar_plan_v1_no_realized_demand,481,1823.03,450,449,1701.75
2026-01,SKU-07,South,Ecommerce,2025-12-31,calendar_plan_v1_no_realized_demand,446,1690.38,419,423,1603.2
2026-01,SKU-07,South,Grocery,2025-12-31,calendar_plan_v1_no_realized_demand,756,2865.3,725,728,2759.18
2026-01,SKU-07,South,Wholesale,2025-12-31,calendar_plan_v1_no_realized_demand,663,2512.82,632,626,2372.59
2026-01,SKU-07,West,Convenience,2025-12-31,calendar_plan_v1_no_realized_demand,388,1517.48,378,384,1501.84
2026-01,SKU-07,West,Ecommerce,2025-12-31,calendar_plan_v1_no_realized_demand,347,1357.13,347,340,1329.75
2026-01,SKU-07,West,Grocery,2025-12-31,calendar_plan_v1_no_realized_demand,640,2503.07,609,600,2346.62
2026-01,SKU-07,West,Wholesale,2025-12-31,calendar_plan_v1_no_realized_demand,569,2225.38,538,538,2104.14
2026-01,SKU-08,Central,Convenience,2025-12-31,calendar_plan_v1_no_realized_demand,543,2554.27,597,599,2817.7
2026-01,SKU-08,Central,Ecommerce,2025-12-31,calendar_plan_v1_no_realized_demand,502,2361.41,546,551,2591.9
2026-01,SKU-08,Central,Grocery,2025-12-31,calendar_plan_v1_no_realized_demand,853,4012.51,822,815,3833.76
2026-01,SKU-08,Central,Wholesale,2025-12-31,calendar_plan_v1_no_realized_demand,739,3476.26,708,708,3330.43
2026-01,SKU-08,North,Convenience,2025-12-31,calendar_plan_v1_no_realized_demand,502,2479.48,471,466,2301.67
2026-01,SKU-08,North,Ecommerce,2025-12-31,calendar_plan_v1_no_realized_demand,471,2326.36,440,447,2207.82
2026-01,SKU-08,North,Grocery,2025-12-31,calendar_plan_v1_no_realized_demand,789,3897.03,758,753,3719.22
2026-01,SKU-08,North,Wholesale,2025-12-31,calendar_plan_v1_no_realized_demand,694,3427.8,821,839,4143.99
2026-01,SKU-08,South,Convenience,2025-12-31,calendar_plan_v1_no_realized_demand,436,1927.89,409,405,1790.81
2026-01,SKU-08,South,Ecommerce,2025-12-31,calendar_plan_v1_no_realized_demand,388,1715.64,378,381,1684.69
2026-01,SKU-08,South,Grocery,2025-12-31,calendar_plan_v1_no_realized_demand,694,3068.7,663,657,2905.1
2026-01,SKU-08,South,Wholesale,2025-12-31,calendar_plan_v1_no_realized_demand,605,2675.16,574,569,2515.98
2026-01,SKU-08,West,Convenience,2025-12-31,calendar_plan_v1_no_realized_demand,347,1583.32,347,349,1592.45
2026-01,SKU-08,West,Ecommerce,2025-12-31,calendar_plan_v1_no_realized_demand,316,1441.87,316,320,1460.12
2026-01,SKU-08,West,Grocery,2025-12-31,calendar_plan_v1_no_realized_demand,591,2696.66,560,562,2564.34
2026-01,SKU-08,West,Wholesale,2025-12-31,calendar_plan_v1_no_realized_demand,512,2336.19,481,482,2199.31
2026-01,SKU-09,Central,Convenience,2025-12-31,calendar_plan_v1_no_realized_demand,1326,2164.03,1268,1265,2064.48
2026-01,SKU-09,Central,Ecommerce,2025-12-31,calendar_plan_v1_no_realized_demand,1216,1984.51,1175,1162,1896.38
2026-01,SKU-09,Central,Grocery,2025-12-31,calendar_plan_v1_no_realized_demand,2143,3497.38,2054,2065,3370.08
2026-01,SKU-09,Central,Wholesale,2025-12-31,calendar_plan_v1_no_realized_demand,1835,2994.72,1773,1791,2922.91
2026-01,SKU-09,North,Convenience,2025-12-31,calendar_plan_v1_no_realized_demand,1216,2083.74,1175,1179,2020.33
2026-01,SKU-09,North,Ecommerce,2025-12-31,calendar_plan_v1_no_realized_demand,1144,1960.36,1103,1109,1900.38
2026-01,SKU-09,North,Grocery,2025-12-31,calendar_plan_v1_no_realized_demand,1972,3379.22,1900,1907,3267.84
2026-01,SKU-09,North,Wholesale,2025-12-31,calendar_plan_v1_no_realized_demand,1708,2926.83,1646,1638,2806.88
2026-01,SKU-09,South,Convenience,2025-12-31,calendar_plan_v1_no_realized_demand,1042,1598.51,1011,998,1531.01
2026-01,SKU-09,South,Ecommerce,2025-12-31,calendar_plan_v1_no_realized_demand,983,1508.0,952,956,1466.58
2026-01,SKU-09,South,Grocery,2025-12-31,calendar_plan_v1_no_realized_demand,1708,2620.21,1646,1680,2577.25
2026-01,SKU-09,South,Wholesale,2025-12-31,calendar_plan_v1_no_realized_demand,1482,2273.51,1420,1435,2201.4
2026-01,SKU-09,West,Convenience,2025-12-31,calendar_plan_v1_no_realized_demand,890,1408.91,859,869,1375.66
2026-01,SKU-09,West,Ecommerce,2025-12-31,calendar_plan_v1_no_realized_demand,828,1310.76,797,798,1263.27
2026-01,SKU-09,West,Grocery,2025-12-31,calendar_plan_v1_no_realized_demand,1450,2295.41,1388,1403,2221.01
2026-01,SKU-09,West,Wholesale,2025-12-31,calendar_plan_v1_no_realized_demand,1264,2000.96,1206,1203,1904.4
2026-01,SKU-10,Central,Convenience,2025-12-31,calendar_plan_v1_no_realized_demand,894,2488.9,863,864,2405.38
2026-01,SKU-10,Central,Ecommerce,2025-12-31,calendar_plan_v1_no_realized_demand,849,2363.62,818,823,2291.23
2026-01,SKU-10,Central,Grocery,2025-12-31,calendar_plan_v1_no_realized_demand,1481,4123.1,1712,1710,4760.64
2026-01,SKU-10,Central,Wholesale,2025-12-31,calendar_plan_v1_no_realized_demand,1278,3557.95,1220,1200,3340.8
2026-01,SKU-10,North,Convenience,2025-12-31,calendar_plan_v1_no_realized_demand,844,2467.18,813,821,2399.95
2026-01,SKU-10,North,Ecommerce,2025-12-31,calendar_plan_v1_no_realized_demand,787,2300.56,756,749,2189.48
2026-01,SKU-10,North,Grocery,2025-12-31,calendar_plan_v1_no_realized_demand,1372,4010.63,1310,1335,3902.47
2026-01,SKU-10,North,Wholesale,2025-12-31,calendar_plan_v1_no_realized_demand,1175,3434.76,1134,1117,3265.21
2026-01,SKU-10,South,Convenience,2025-12-31,calendar_plan_v1_no_realized_demand,725,1897.3,694,700,1831.87
2026-01,SKU-10,South,Ecommerce,2025-12-31,calendar_plan_v1_no_realized_demand,694,1816.17,663,672,1758.6
2026-01,SKU-10,South,Grocery,2025-12-31,calendar_plan_v1_no_realized_demand,1175,3074.93,1134,1128,2951.93
2026-01,SKU-10,South,Wholesale,2025-12-31,calendar_plan_v1_no_realized_demand,1011,2645.75,980,989,2588.17
2026-01,SKU-10,West,Convenience,2025-12-31,calendar_plan_v1_no_realized_demand,622,1679.7,591,585,1579.78
2026-01,SKU-10,West,Ecommerce,2025-12-31,calendar_plan_v1_no_realized_demand,574,1550.08,543,541,1460.96
2026-01,SKU-10,West,Grocery,2025-12-31,calendar_plan_v1_no_realized_demand,983,2654.57,952,949,2562.76
2026-01,SKU-10,West,Wholesale,2025-12-31,calendar_plan_v1_no_realized_demand,859,2319.71,828,835,2254.9
2026-01,SKU-11,Central,Convenience,2025-12-31,calendar_plan_v1_no_realized_demand,787,2493.22,756,759,2404.51
2026-01,SKU-11,Central,Ecommerce,2025-12-31,calendar_plan_v1_no_realized_demand,739,2341.15,708,709,2246.11
2026-01,SKU-11,Central,Grocery,2025-12-31,calendar_plan_v1_no_realized_demand,1295,4102.56,1237,1222,3871.3
2026-01,SKU-11,Central,Wholesale,2025-12-31,calendar_plan_v1_no_realized_demand,1103,3494.3,1072,1083,3430.94
2026-01,SKU-11,North,Convenience,2025-12-31,calendar_plan_v1_no_realized_demand,725,2411.64,694,700,2328.48
2026-01,SKU-11,North,Ecommerce,2025-12-31,calendar_plan_v1_no_realized_demand,694,2308.52,663,658,2188.77
2026-01,SKU-11,North,Grocery,2025-12-31,calendar_plan_v1_no_realized_demand,1185,3941.78,1144,1146,3812.05
2026-01,SKU-11,North,Wholesale,2025-12-31,calendar_plan_v1_no_realized_demand,1014,3372.97,983,986,3279.83
2026-01,SKU-11,South,Convenience,2025-12-31,calendar_plan_v1_no_realized_demand,636,1893.96,605,612,1822.49
2026-01,SKU-11,South,Ecommerce,2025-12-31,calendar_plan_v1_no_realized_demand,605,1801.64,574,571,1700.39
2026-01,SKU-11,South,Grocery,2025-12-31,calendar_plan_v1_no_realized_demand,1014,3019.61,983,974,2900.49
2026-01,SKU-11,South,Wholesale,2025-12-31,calendar_plan_v1_no_realized_demand,890,2650.35,859,851,2534.21
2026-01,SKU-11,West,Convenience,2025-12-31,calendar_plan_v1_no_realized_demand,543,1668.62,512,512,1573.36
2026-01,SKU-11,West,Ecommerce,2025-12-31,calendar_plan_v1_no_realized_demand,512,1573.36,481,480,1475.02
2026-01,SKU-11,West,Grocery,2025-12-31,calendar_plan_v1_no_realized_demand,859,2639.67,828,835,2565.92
2026-01,SKU-11,West,Wholesale,2025-12-31,calendar_plan_v1_no_realized_demand,756,2323.16,725,721,2215.6
2026-01,SKU-12,Central,Convenience,2025-12-31,calendar_plan_v1_no_realized_demand,725,2505.6,694,697,2408.83
2026-01,SKU-12,Central,Ecommerce,2025-12-31,calendar_plan_v1_no_realized_demand,694,2398.46,663,669,2312.06
2026-01,SKU-12,Central,Grocery,2025-12-31,calendar_plan_v1_no_realized_demand,1185,4095.36,1144,1146,3960.58
2026-01,SKU-12,Central,Wholesale,2025-12-31,calendar_plan_v1_no_realized_demand,1014,3504.38,983,989,3417.98
2026-01,SKU-12,North,Convenience,2025-12-31,calendar_plan_v1_no_realized_demand,694,2518.39,663,669,2427.67
2026-01,SKU-12,North,Ecommerce,2025-12-31,calendar_plan_v1_no_realized_demand,636,2307.92,605,613,2224.45
2026-01,SKU-12,North,Grocery,2025-12-31,calendar_plan_v1_no_realized_demand,1086,3940.88,1055,1047,3799.35
2026-01,SKU-12,North,Wholesale,2025-12-31,calendar_plan_v1_no_realized_demand,952,3454.62,921,909,3298.58
2026-01,SKU-12,South,Convenience,2025-12-31,calendar_plan_v1_no_realized_demand,601,1952.43,570,569,1848.48
2026-01,SKU-12,South,Ecommerce,2025-12-31,calendar_plan_v1_no_realized_demand,560,1819.24,529,528,1715.28
2026-01,SKU-12,South,Grocery,2025-12-31,calendar_plan_v1_no_realized_demand,952,3092.71,921,925,3004.99
2026-01,SKU-12,South,Wholesale,2025-12-31,calendar_plan_v1_no_realized_demand,819,2660.64,788,790,2566.43
2026-01,SKU-12,West,Convenience,2025-12-31,calendar_plan_v1_no_realized_demand,508,1702.98,477,468,1568.89
2026-01,SKU-12,West,Ecommerce,2025-12-31,calendar_plan_v1_no_realized_demand,471,1578.94,440,446,1495.13
2026-01,SKU-12,West,Grocery,2025-12-31,calendar_plan_v1_no_realized_demand,797,2671.8,766,772,2587.99
2026-01,SKU-12,West,Wholesale,2025-12-31,calendar_plan_v1_no_realized_demand,694,2326.51,663,662,2219.24
2026-01,SKU-13,Central,Convenience,2025-12-31,calendar_plan_v1_no_realized_demand,667,2049.02,636,633,1944.58
2026-01,SKU-13,Central,Ecommerce,2025-12-31,calendar_plan_v1_no_realized_demand,636,1953.79,605,605,1858.56
2026-01,SKU-13,Central,Grocery,2025-12-31,calendar_plan_v1_no_realized_demand,1072,3293.18,1041,1033,3173.38
2026-01,SKU-13,Central,Wholesale,2025-12-31,calendar_plan_v1_no_realized_demand,939,2884.61,908,913,2804.74
2026-01,SKU-13,North,Convenience,2025-12-31,calendar_plan_v1_no_realized_demand,632,2038.58,601,611,1970.84
2026-01,SKU-13,North,Ecommerce,2025-12-31,calendar_plan_v1_no_realized_demand,593,1912.78,562,560,1806.34
2026-01,SKU-13,North,Grocery,2025-12-31,calendar_plan_v1_no_realized_demand,1010,3257.86,979,983,3170.76
2026-01,SKU-13,North,Wholesale,2025-12-31,calendar_plan_v1_no_realized_demand,876,2825.63,845,851,2744.99
2026-01,SKU-13,South,Convenience,2025-12-31,calendar_plan_v1_no_realized_demand,543,1568.01,512,511,1475.6
2026-01,SKU-13,South,Ecommerce,2025-12-31,calendar_plan_v1_no_realized_demand,512,1478.49,481,490,1414.96
2026-01,SKU-13,South,Grocery,2025-12-31,calendar_plan_v1_no_realized_demand,876,2529.61,845,847,2445.86
2026-01,SKU-13,South,Wholesale,2025-12-31,calendar_plan_v1_no_realized_demand,756,2183.09,725,732,2113.78
2026-01,SKU-13,West,Convenience,2025-12-31,calendar_plan_v1_no_realized_demand,471,1403.5,440,449,1337.95
2026-01,SKU-13,West,Ecommerce,2025-12-31,calendar_plan_v1_no_realized_demand,436,1299.21,409,408,1215.77
2026-01,SKU-13,West,Grocery,2025-12-31,calendar_plan_v1_no_realized_demand,739,2202.1,708,708,2109.73
2026-01,SKU-13,West,Wholesale,2025-12-31,calendar_plan_v1_no_realized_demand,636,1895.18,605,610,1817.7
2026-01,SKU-14,Central,Convenience,2025-12-31,calendar_plan_v1_no_realized_demand,569,2021.09,538,551,1957.15
2026-01,SKU-14,Central,Ecommerce,2025-12-31,calendar_plan_v1_no_realized_demand,530,1882.56,499,511,1815.07
2026-01,SKU-14,Central,Grocery,2025-12-31,calendar_plan_v1_no_realized_demand,890,3161.28,859,869,3086.69
2026-01,SKU-14,Central,Wholesale,2025-12-31,calendar_plan_v1_no_realized_demand,787,2795.42,756,760,2699.52
2026-01,SKU-14,North,Convenience,2025-12-31,calendar_plan_v1_no_realized_demand,529,1972.96,498,501,1868.53
2026-01,SKU-14,North,Ecommerce,2025-12-31,calendar_plan_v1_no_realized_demand,498,1857.34,467,465,1734.26
2026-01,SKU-14,North,Grocery,2025-12-31,calendar_plan_v1_no_realized_demand,828,3088.11,797,803,2994.87
2026-01,SKU-14,North,Wholesale,2025-12-31,calendar_plan_v1_no_realized_demand,725,2703.96,694,690,2573.42
2026-01,SKU-14,South,Convenience,2025-12-31,calendar_plan_v1_no_realized_demand,463,1545.9,436,433,1445.74
2026-01,SKU-14,South,Ecommerce,2025-12-31,calendar_plan_v1_no_realized_demand,436,1455.75,409,409,1365.6
2026-01,SKU-14,South,Grocery,2025-12-31,calendar_plan_v1_no_realized_demand,725,2420.69,694,689,2300.49
2026-01,SKU-14,South,Wholesale,2025-12-31,calendar_plan_v1_no_realized_demand,632,2110.17,601,600,2003.33
2026-01,SKU-14,West,Convenience,2025-12-31,calendar_plan_v1_no_realized_demand,368,1267.92,358,363,1250.69
2026-01,SKU-14,West,Ecommerce,2025-12-31,calendar_plan_v1_no_realized_demand,347,1195.57,347,348,1199.01
2026-01,SKU-14,West,Grocery,2025-12-31,calendar_plan_v1_no_realized_demand,617,2125.84,586,582,2005.25
2026-01,SKU-14,West,Wholesale,2025-12-31,calendar_plan_v1_no_realized_demand,543,1870.87,512,511,1760.62
2026-01,SKU-15,Central,Convenience,2025-12-31,calendar_plan_v1_no_realized_demand,512,2162.69,481,483,2040.19
2026-01,SKU-15,Central,Ecommerce,2025-12-31,calendar_plan_v1_no_realized_demand,475,2006.4,516,516,2179.58
2026-01,SKU-15,Central,Grocery,2025-12-31,calendar_plan_v1_no_realized_demand,799,3374.98,768,774,3269.38
2026-01,SKU-15,Central,Wholesale,2025-12-31,calendar_plan_v1_no_realized_demand,694,2931.46,663,658,2779.39
2026-01,SKU-15,North,Convenience,2025-12-31,calendar_plan_v1_no_realized_demand,471,2088.98,440,440,1951.49
2026-01,SKU-15,North,Ecommerce,2025-12-31,calendar_plan_v1_no_realized_demand,436,1933.75,409,408,1809.56
2026-01,SKU-15,North,Grocery,2025-12-31,calendar_plan_v1_no_realized_demand,756,3353.01,725,734,3255.44
2026-01,SKU-15,North,Wholesale,2025-12-31,calendar_plan_v1_no_realized_demand,663,2940.54,632,628,2785.31
2026-01,SKU-15,South,Convenience,2025-12-31,calendar_plan_v1_no_realized_demand,388,1540.58,378,373,1481.02
2026-01,SKU-15,South,Ecommerce,2025-12-31,calendar_plan_v1_no_realized_demand,347,1377.78,347,349,1385.73
2026-01,SKU-15,South,Grocery,2025-12-31,calendar_plan_v1_no_realized_demand,663,2632.48,632,630,2501.45
2026-01,SKU-15,South,Wholesale,2025-12-31,calendar_plan_v1_no_realized_demand,574,2279.1,543,537,2132.19
2026-01,SKU-15,West,Convenience,2025-12-31,calendar_plan_v1_no_realized_demand,316,1294.74,316,310,1270.16
2026-01,SKU-15,West,Ecommerce,2025-12-31,calendar_plan_v1_no_realized_demand,310,1270.16,310,317,1298.84
2026-01,SKU-15,West,Grocery,2025-12-31,calendar_plan_v1_no_realized_demand,560,2294.48,529,522,2138.78
2026-01,SKU-15,West,Wholesale,2025-12-31,calendar_plan_v1_no_realized_demand,481,1970.79,450,448,1835.58
2026-01,SKU-16,Central,Convenience,2025-12-31,calendar_plan_v1_no_realized_demand,624,1857.02,593,597,1776.67
2026-01,SKU-16,Central,Ecommerce,2025-12-31,calendar_plan_v1_no_realized_demand,574,1708.22,543,543,1615.97
2026-01,SKU-16,Central,Grocery,2025-12-31,calendar_plan_v1_no_realized_demand,983,2925.41,952,931,2770.66
2026-01,SKU-16,Central,Wholesale,2025-12-31,calendar_plan_v1_no_realized_demand,859,2556.38,828,835,2484.96
2026-01,SKU-16,North,Convenience,2025-12-31,calendar_plan_v1_no_realized_demand,574,1793.64,543,549,1715.52
2026-01,SKU-16,North,Ecommerce,2025-12-31,calendar_plan_v1_no_realized_demand,543,1696.77,512,506,1581.15
2026-01,SKU-16,North,Grocery,2025-12-31,calendar_plan_v1_no_realized_demand,921,2877.94,890,891,2784.2
2026-01,SKU-16,North,Wholesale,2025-12-31,calendar_plan_v1_no_realized_demand,797,2490.47,766,764,2387.35
2026-01,SKU-16,South,Convenience,2025-12-31,calendar_plan_v1_no_realized_demand,502,1404.31,471,469,1312.0
2026-01,SKU-16,South,Ecommerce,2025-12-31,calendar_plan_v1_no_realized_demand,471,1317.59,440,437,1222.48
2026-01,SKU-16,South,Grocery,2025-12-31,calendar_plan_v1_no_realized_demand,797,2229.56,887,893,2498.11
2026-01,SKU-16,South,Wholesale,2025-12-31,calendar_plan_v1_no_realized_demand,694,1941.42,663,658,1840.72
2026-01,SKU-16,West,Convenience,2025-12-31,calendar_plan_v1_no_realized_demand,436,1258.61,409,414,1195.1
2026-01,SKU-16,West,Ecommerce,2025-12-31,calendar_plan_v1_no_realized_demand,388,1120.05,378,368,1062.31
2026-01,SKU-16,West,Grocery,2025-12-31,calendar_plan_v1_no_realized_demand,673,1942.76,642,643,1856.16
2026-01,SKU-16,West,Wholesale,2025-12-31,calendar_plan_v1_no_realized_demand,591,1706.05,560,557,1607.9
2026-02,SKU-01,Central,Convenience,2026-01-31,calendar_plan_v1_no_realized_demand,912,1926.14,884,871,1839.55
2026-02,SKU-01,Central,Ecommerce,2026-01-31,calendar_plan_v1_no_realized_demand,856,1807.87,828,832,1757.18
2026-02,SKU-01,Central,Grocery,2026-01-31,calendar_plan_v1_no_realized_demand,1508,3184.9,1452,1431,3022.27
2026-02,SKU-01,Central,Wholesale,2026-01-31,calendar_plan_v1_no_realized_demand,1304,2754.05,1248,1260,2661.12
2026-02,SKU-01,North,Convenience,2026-01-31,calendar_plan_v1_no_realized_demand,856,1898.27,828,825,1829.52
2026-02,SKU-01,North,Ecommerce,2026-01-31,calendar_plan_v1_no_realized_demand,800,1774.08,772,778,1725.29
2026-02,SKU-01,North,Grocery,2026-01-31,calendar_plan_v1_no_realized_demand,1396,3095.77,1340,1351,2995.98
2026-02,SKU-01,North,Wholesale,2026-01-31,calendar_plan_v1_no_realized_demand,1218,2701.04,1165,1154,2559.11
2026-02,SKU-01,South,Convenience,2026-01-31,calendar_plan_v1_no_realized_demand,744,1477.05,716,705,1399.62
2026-02,SKU-01,South,Ecommerce,2026-01-31,calendar_plan_v1_no_realized_demand,696,1381.75,668,660,1310.28
2026-02,SKU-01,South,Grocery,2026-01-31,calendar_plan_v1_no_realized_demand,1220,2422.04,1166,1180,2342.63
2026-02,SKU-01,South,Wholesale,2026-01-31,calendar_plan_v1_no_realized_demand,1036,2056.75,1000,1005,1995.21
2026-02,SKU-01,West,Convenience,2026-01-31,calendar_plan_v1_no_realized_demand,624,1278.35,596,604,1237.38
2026-02,SKU-01,West,Ecommerce,2026-01-31,calendar_plan_v1_no_realized_demand,596,1220.99,568,568,1163.63
2026-02,SKU-01,West,Grocery,2026-01-31,calendar_plan_v1_no_realized_demand,1012,2073.22,976,956,1958.5
2026-02,SKU-01,West,Wholesale,2026-01-31,calendar_plan_v1_no_realized_demand,880,1802.8,852,861,1763.88
2026-02,SKU-02,Central,Convenience,2026-01-31,calendar_plan_v1_no_realized_demand,1086,1876.61,1050,1056,1824.77
2026-02,SKU-02,Central,Ecommerce,2026-01-31,calendar_plan_v1_no_realized_demand,1012,1748.74,976,983,1698.62
2026-02,SKU-02,Central,Grocery,2026-01-31,calendar_plan_v1_no_realized_demand,1772,3062.02,1708,1701,2939.33
2026-02,SKU-02,Central,Wholesale,2026-01-31,calendar_plan_v1_no_realized_demand,1533,2649.02,1477,1501,2593.73
2026-02,SKU-02,North,Convenience,2026-01-31,calendar_plan_v1_no_realized_demand,1008,1828.92,972,953,1729.12
2026-02,SKU-02,North,Ecommerce,2026-01-31,calendar_plan_v1_no_realized_demand,936,1698.28,908,909,1649.29
2026-02,SKU-02,North,Grocery,2026-01-31,calendar_plan_v1_no_realized_demand,1635,2966.54,1579,1575,2857.68
2026-02,SKU-02,North,Wholesale,2026-01-31,calendar_plan_v1_no_realized_demand,1424,2583.71,1368,1362,2471.21
2026-02,SKU-02,South,Convenience,2026-01-31,calendar_plan_v1_no_realized_demand,877,1424.53,849,852,1383.92
2026-02,SKU-02,South,Ecommerce,2026-01-31,calendar_plan_v1_no_realized_demand,816,1325.45,788,787,1278.34
2026-02,SKU-02,South,Grocery,2026-01-31,calendar_plan_v1_no_realized_demand,1424,2313.03,1368,1382,2244.81
2026-02,SKU-02,South,Wholesale,2026-01-31,calendar_plan_v1_no_realized_demand,1232,2001.16,1176,1167,1895.58
2026-02,SKU-02,West,Convenience,2026-01-31,calendar_plan_v1_no_realized_demand,736,1233.65,708,703,1178.34
2026-02,SKU-02,West,Ecommerce,2026-01-31,calendar_plan_v1_no_realized_demand,688,1153.2,660,653,1094.53
2026-02,SKU-02,West,Grocery,2026-01-31,calendar_plan_v1_no_realized_demand,1196,2004.69,1144,1151,1929.26
2026-02,SKU-02,West,Wholesale,2026-01-31,calendar_plan_v1_no_realized_demand,1028,1723.09,992,990,1659.4
2026-02,SKU-03,Central,Convenience,2026-01-31,calendar_plan_v1_no_realized_demand,764,1906.94,736,735,1834.56
2026-02,SKU-03,Central,Ecommerce,2026-01-31,calendar_plan_v1_no_realized_demand,712,1777.15,684,684,1707.26
2026-02,SKU-03,Central,Grocery,2026-01-31,calendar_plan_v1_no_realized_demand,1248,3115.01,1192,1193,2977.73
2026-02,SKU-03,Central,Wholesale,2026-01-31,calendar_plan_v1_no_realized_demand,1064,2655.74,1028,1032,2575.87
2026-02,SKU-03,North,Convenience,2026-01-31,calendar_plan_v1_no_realized_demand,708,1855.53,680,677,1774.28
2026-02,SKU-03,North,Ecommerce,2026-01-31,calendar_plan_v1_no_realized_demand,664,1740.21,636,634,1661.59
2026-02,SKU-03,North,Grocery,2026-01-31,calendar_plan_v1_no_realized_demand,1164,3050.61,1112,1123,2943.16
2026-02,SKU-03,North,Wholesale,2026-01-31,calendar_plan_v1_no_realized_demand,992,2599.83,964,969,2539.56
2026-02,SKU-03,South,Convenience,2026-01-31,calendar_plan_v1_no_realized_demand,624,1464.05,596,596,1398.36
2026-02,SKU-03,South,Ecommerce,2026-01-31,calendar_plan_v1_no_realized_demand,572,1342.05,544,536,1257.58
2026-02,SKU-03,South,Grocery,2026-01-31,calendar_plan_v1_no_realized_demand,992,2327.47,964,971,2278.2
2026-02,SKU-03,South,Wholesale,2026-01-31,calendar_plan_v1_no_realized_demand,856,2008.38,828,835,1959.11
2026-02,SKU-03,West,Convenience,2026-01-31,calendar_plan_v1_no_realized_demand,516,1249.3,488,491,1188.77
2026-02,SKU-03,West,Ecommerce,2026-01-31,calendar_plan_v1_no_realized_demand,488,1181.51,460,457,1106.45
2026-02,SKU-03,West,Grocery,2026-01-31,calendar_plan_v1_no_realized_demand,828,2004.69,800,786,1903.0
2026-02,SKU-03,West,Wholesale,2026-01-31,calendar_plan_v1_no_realized_demand,718,1738.36,690,699,1692.36
2026-02,SKU-04,Central,Convenience,2026-01-31,calendar_plan_v1_no_realized_demand,708,1835.14,680,681,1765.15
2026-02,SKU-04,Central,Ecommerce,2026-01-31,calendar_plan_v1_no_realized_demand,664,1721.09,636,626,1622.59
2026-02,SKU-04,Central,Grocery,2026-01-31,calendar_plan_v1_no_realized_demand,1164,3017.09,1112,1098,2846.02
2026-02,SKU-04,Central,Wholesale,2026-01-31,calendar_plan_v1_no_realized_demand,991,2568.67,963,981,2542.75
2026-02,SKU-04,North,Convenience,2026-01-31,calendar_plan_v1_no_realized_demand,652,1774.48,624,627,1706.44
2026-02,SKU-04,North,Ecommerce,2026-01-31,calendar_plan_v1_no_realized_demand,624,1698.28,596,612,1665.62
2026-02,SKU-04,North,Grocery,2026-01-31,calendar_plan_v1_no_realized_demand,1064,2895.78,1028,1032,2808.69
2026-02,SKU-04,North,Wholesale,2026-01-31,calendar_plan_v1_no_realized_demand,912,2482.1,884,880,2395.01
2026-02,SKU-04,South,Convenience,2026-01-31,calendar_plan_v1_no_realized_demand,572,1393.67,544,549,1337.63
2026-02,SKU-04,South,Ecommerce,2026-01-31,calendar_plan_v1_no_realized_demand,544,1325.45,516,524,1276.72
2026-02,SKU-04,South,Grocery,2026-01-31,calendar_plan_v1_no_realized_demand,912,2222.07,884,897,2185.52
2026-02,SKU-04,South,Wholesale,2026-01-31,calendar_plan_v1_no_realized_demand,800,1949.18,772,767,1868.78
2026-02,SKU-04,West,Convenience,2026-01-31,calendar_plan_v1_no_realized_demand,488,1226.95,603,601,1511.06
2026-02,SKU-04,West,Ecommerce,2026-01-31,calendar_plan_v1_no_realized_demand,460,1156.55,432,440,1106.27
2026-02,SKU-04,West,Grocery,2026-01-31,calendar_plan_v1_no_realized_demand,772,1940.99,914,908,2282.93
2026-02,SKU-04,West,Wholesale,2026-01-31,calendar_plan_v1_no_realized_demand,680,1709.68,821,827,2079.28
2026-02,SKU-05,Central,Convenience,2026-01-31,calendar_plan_v1_no_realized_demand,652,2378.5,624,632,2305.54
2026-02,SKU-05,Central,Ecommerce,2026-01-31,calendar_plan_v1_no_realized_demand,624,2276.35,596,597,2177.86
2026-02,SKU-05,Central,Grocery,2026-01-31,calendar_plan_v1_no_realized_demand,1056,3852.29,1020,1019,3717.31
2026-02,SKU-05,Central,Wholesale,2026-01-31,calendar_plan_v1_no_realized_demand,909,3316.03,881,877,3199.3
2026-02,SKU-05,North,Convenience,2026-01-31,calendar_plan_v1_no_realized_demand,619,2371.02,591,589,2256.11
2026-02,SKU-05,North,Ecommerce,2026-01-31,calendar_plan_v1_no_realized_demand,572,2190.99,544,540,2068.42
2026-02,SKU-05,North,Grocery,2026-01-31,calendar_plan_v1_no_realized_demand,976,3738.47,948,954,3654.2
2026-02,SKU-05,North,Wholesale,2026-01-31,calendar_plan_v1_no_realized_demand,852,3263.5,824,818,3133.27
2026-02,SKU-05,South,Convenience,2026-01-31,calendar_plan_v1_no_realized_demand,537,1841.44,509,514,1762.57
2026-02,SKU-05,South,Ecommerce,2026-01-31,calendar_plan_v1_no_realized_demand,504,1728.28,476,475,1628.83
2026-02,SKU-05,South,Grocery,2026-01-31,calendar_plan_v1_no_realized_demand,853,2925.04,825,818,2805.02
2026-02,SKU-05,South,Wholesale,2026-01-31,calendar_plan_v1_no_realized_demand,736,2523.83,708,705,2417.53
2026-02,SKU-05,West,Convenience,2026-01-31,calendar_plan_v1_no_realized_demand,452,1599.43,424,420,1486.2
2026-02,SKU-05,West,Ecommerce,2026-01-31,calendar_plan_v1_no_realized_demand,424,1500.35,455,458,1620.66
2026-02,SKU-05,West,Grocery,2026-01-31,calendar_plan_v1_no_realized_demand,716,2533.61,688,686,2427.45
2026-02,SKU-05,West,Wholesale,2026-01-31,calendar_plan_v1_no_realized_demand,624,2208.06,596,590,2087.75
2026-02,SKU-06,Central,Convenience,2026-01-31,calendar_plan_v1_no_realized_demand,600,2649.6,572,573,2530.37
2026-02,SKU-06,Central,Ecommerce,2026-01-31,calendar_plan_v1_no_realized_demand,568,2508.29,540,540,2384.64
2026-02,SKU-06,Central,Grocery,2026-01-31,calendar_plan_v1_no_realized_demand,964,4257.02,936,927,4093.63
2026-02,SKU-06,Central,Wholesale,2026-01-31,calendar_plan_v1_no_realized_demand,828,3656.45,800,792,3497.47
2026-02,SKU-06,North,Convenience,2026-01-31,calendar_plan_v1_no_realized_demand,568,2633.7,540,543,2517.78
2026-02,SKU-06,North,Ecommerce,2026-01-31,calendar_plan_v1_no_realized_demand,532,2466.78,504,507,2350.86
2026-02,SKU-06,North,Grocery,2026-01-31,calendar_plan_v1_no_realized_demand,903,4187.03,875,871,4038.65
2026-02,SKU-06,North,Wholesale,2026-01-31,calendar_plan_v1_no_realized_demand,772,3579.61,744,752,3486.87
2026-02,SKU-06,South,Convenience,2026-01-31,calendar_plan_v1_no_realized_demand,488,2025.71,460,456,1892.87
2026-02,SKU-06,South,Ecommerce,2026-01-31,calendar_plan_v1_no_realized_demand,460,1909.48,432,427,1772.49
2026-02,SKU-06,South,Grocery,2026-01-31,calendar_plan_v1_no_realized_demand,772,3204.6,744,738,3063.47
2026-02,SKU-06,South,Wholesale,2026-01-31,calendar_plan_v1_no_realized_demand,680,2822.71,652,647,2685.72
2026-02,SKU-06,West,Convenience,2026-01-31,calendar_plan_v1_no_realized_demand,424,1816.21,396,397,1700.56
2026-02,SKU-06,West,Ecommerce,2026-01-31,calendar_plan_v1_no_realized_demand,392,1679.14,368,367,1572.05
2026-02,SKU-06,West,Grocery,2026-01-31,calendar_plan_v1_no_realized_demand,654,2801.42,626,628,2690.05
2026-02,SKU-06,West,Wholesale,2026-01-31,calendar_plan_v1_no_realized_demand,572,2450.17,544,546,2338.8
2026-02,SKU-07,Central,Convenience,2026-01-31,calendar_plan_v1_no_realized_demand,544,2193.41,516,519,2092.61
2026-02,SKU-07,Central,Ecommerce,2026-01-31,calendar_plan_v1_no_realized_demand,516,2080.51,488,486,1959.55
2026-02,SKU-07,Central,Grocery,2026-01-31,calendar_plan_v1_no_realized_demand,880,3548.16,852,851,3431.23
2026-02,SKU-07,Central,Wholesale,2026-01-31,calendar_plan_v1_no_realized_demand,764,3080.45,736,729,2939.33
2026-02,SKU-07,North,Convenience,2026-01-31,calendar_plan_v1_no_realized_demand,516,2184.54,553,559,2366.58
2026-02,SKU-07,North,Ecommerce,2026-01-31,calendar_plan_v1_no_realized_demand,488,2066.0,460,463,1960.16
2026-02,SKU-07,North,Grocery,2026-01-31,calendar_plan_v1_no_realized_demand,825,3492.72,797,799,3382.65
2026-02,SKU-07,North,Wholesale,2026-01-31,calendar_plan_v1_no_realized_demand,708,2997.39,680,682,2887.32
2026-02,SKU-07,South,Convenience,2026-01-31,calendar_plan_v1_no_realized_demand,452,1713.12,424,427,1618.36
2026-02,SKU-07,South,Ecommerce,2026-01-31,calendar_plan_v1_no_realized_demand,424,1606.99,396,391,1481.92
2026-02,SKU-07,South,Grocery,2026-01-31,calendar_plan_v1_no_realized_demand,708,2683.38,680,684,2592.41
2026-02,SKU-07,South,Wholesale,2026-01-31,calendar_plan_v1_no_realized_demand,624,2365.01,743,741,2808.45
2026-02,SKU-07,West,Convenience,2026-01-31,calendar_plan_v1_no_realized_demand,356,1392.33,348,347,1357.13
2026-02,SKU-07,West,Ecommerce,2026-01-31,calendar_plan_v1_no_realized_demand,348,1361.04,340,342,1337.58
2026-02,SKU-07,West,Grocery,2026-01-31,calendar_plan_v1_no_realized_demand,600,2346.62,572,566,2213.65
2026-02,SKU-07,West,Wholesale,2026-01-31,calendar_plan_v1_no_realized_demand,516,2018.1,488,489,1912.5
2026-02,SKU-08,Central,Convenience,2026-01-31,calendar_plan_v1_no_realized_demand,504,2370.82,476,474,2229.7
2026-02,SKU-08,Central,Ecommerce,2026-01-31,calendar_plan_v1_no_realized_demand,460,2163.84,432,439,2065.06
2026-02,SKU-08,Central,Grocery,2026-01-31,calendar_plan_v1_no_realized_demand,800,3763.2,772,766,3603.26
2026-02,SKU-08,Central,Wholesale,2026-01-31,calendar_plan_v1_no_realized_demand,688,3236.35,660,657,3090.53
2026-02,SKU-08,North,Convenience,2026-01-31,calendar_plan_v1_no_realized_demand,460,2272.03,432,428,2113.98
2026-02,SKU-08,North,Ecommerce,2026-01-31,calendar_plan_v1_no_realized_demand,432,2133.73,404,411,2030.01
2026-02,SKU-08,North,Grocery,2026-01-31,calendar_plan_v1_no_realized_demand,738,3645.13,710,706,3487.08
2026-02,SKU-08,North,Wholesale,2026-01-31,calendar_plan_v1_no_realized_demand,652,3220.36,624,626,3091.94
2026-02,SKU-08,South,Convenience,2026-01-31,calendar_plan_v1_no_realized_demand,400,1768.7,376,372,1644.89
2026-02,SKU-08,South,Ecommerce,2026-01-31,calendar_plan_v1_no_realized_demand,356,1574.15,348,346,1529.93
2026-02,SKU-08,South,Grocery,2026-01-31,calendar_plan_v1_no_realized_demand,652,2882.99,624,622,2750.33
2026-02,SKU-08,South,Wholesale,2026-01-31,calendar_plan_v1_no_realized_demand,566,2502.72,538,536,2370.06
2026-02,SKU-08,West,Convenience,2026-01-31,calendar_plan_v1_no_realized_demand,312,1423.62,312,312,1423.62
2026-02,SKU-08,West,Ecommerce,2026-01-31,calendar_plan_v1_no_realized_demand,296,1350.61,296,298,1359.74
2026-02,SKU-08,West,Grocery,2026-01-31,calendar_plan_v1_no_realized_demand,544,2482.21,516,509,2322.51
2026-02,SKU-08,West,Wholesale,2026-01-31,calendar_plan_v1_no_realized_demand,476,2171.93,448,448,2044.17
2026-02,SKU-09,Central,Convenience,2026-01-31,calendar_plan_v1_no_realized_demand,1230,2007.36,1174,1166,1902.91
2026-02,SKU-09,Central,Ecommerce,2026-01-31,calendar_plan_v1_no_realized_demand,1164,1899.65,1112,1117,1822.94
2026-02,SKU-09,Central,Grocery,2026-01-31,calendar_plan_v1_no_realized_demand,1992,3250.94,1912,1909,3115.49
2026-02,SKU-09,Central,Wholesale,2026-01-31,calendar_plan_v1_no_realized_demand,1716,2800.51,1652,1662,2712.38
2026-02,SKU-09,North,Convenience,2026-01-31,calendar_plan_v1_no_realized_demand,1137,1948.36,1085,1081,1852.4
2026-02,SKU-09,North,Ecommerce,2026-01-31,calendar_plan_v1_no_realized_demand,1064,1823.27,1028,1021,1749.59
2026-02,SKU-09,North,Grocery,2026-01-31,calendar_plan_v1_no_realized_demand,1838,3149.6,1773,1769,3031.36
2026-02,SKU-09,North,Wholesale,2026-01-31,calendar_plan_v1_no_realized_demand,1592,2728.05,1536,1519,2602.96
2026-02,SKU-09,South,Convenience,2026-01-31,calendar_plan_v1_no_realized_demand,976,1497.26,948,945,1449.71
2026-02,SKU-09,South,Ecommerce,2026-01-31,calendar_plan_v1_no_realized_demand,912,1399.08,884,880,1349.99
2026-02,SKU-09,South,Grocery,2026-01-31,calendar_plan_v1_no_realized_demand,1592,2442.26,1536,1528,2344.07
2026-02,SKU-09,South,Wholesale,2026-01-31,calendar_plan_v1_no_realized_demand,1388,2129.3,1332,1348,2067.94
2026-02,SKU-09,West,Convenience,2026-01-31,calendar_plan_v1_no_realized_demand,828,1310.76,800,802,1269.6
2026-02,SKU-09,West,Ecommerce,2026-01-31,calendar_plan_v1_no_realized_demand,772,1222.11,744,736,1165.12
2026-02,SKU-09,West,Grocery,2026-01-31,calendar_plan_v1_no_realized_demand,1352,2140.27,1296,1281,2027.87
2026-02,SKU-09,West,Wholesale,2026-01-31,calendar_plan_v1_no_realized_demand,1164,1842.66,1112,1097,1736.59
2026-02,SKU-10,Central,Convenience,2026-01-31,calendar_plan_v1_no_realized_demand,838,2332.99,810,810,2255.04
2026-02,SKU-10,Central,Ecommerce,2026-01-31,calendar_plan_v1_no_realized_demand,791,2202.14,763,762,2121.41
2026-02,SKU-10,Central,Grocery,2026-01-31,calendar_plan_v1_no_realized_demand,1372,3819.65,1316,1290,3591.36
2026-02,SKU-10,Central,Wholesale,2026-01-31,calendar_plan_v1_no_realized_demand,1192,3318.53,1140,1122,3123.65
2026-02,SKU-10,North,Convenience,2026-01-31,calendar_plan_v1_no_realized_demand,778,2274.25,750,753,2201.17
2026-02,SKU-10,North,Ecommerce,2026-01-31,calendar_plan_v1_no_realized_demand,736,2151.48,708,701,2049.16
2026-02,SKU-10,North,Grocery,2026-01-31,calendar_plan_v1_no_realized_demand,1280,3741.7,1224,1232,3601.38
2026-02,SKU-10,North,Wholesale,2026-01-31,calendar_plan_v1_no_realized_demand,1092,3192.13,1056,1059,3095.67
2026-02,SKU-10,South,Convenience,2026-01-31,calendar_plan_v1_no_realized_demand,680,1779.53,652,644,1685.32
2026-02,SKU-10,South,Ecommerce,2026-01-31,calendar_plan_v1_no_realized_demand,636,1664.39,608,605,1583.26
2026-02,SKU-10,South,Grocery,2026-01-31,calendar_plan_v1_no_realized_demand,1092,2857.72,1056,1062,2779.21
2026-02,SKU-10,South,Wholesale,2026-01-31,calendar_plan_v1_no_realized_demand,940,2459.94,912,918,2402.37
2026-02,SKU-10,West,Convenience,2026-01-31,calendar_plan_v1_no_realized_demand,572,1544.67,544,539,1455.56
2026-02,SKU-10,West,Ecommerce,2026-01-31,calendar_plan_v1_no_realized_demand,544,1469.06,516,515,1390.75
2026-02,SKU-10,West,Grocery,2026-01-31,calendar_plan_v1_no_realized_demand,915,2470.94,887,894,2414.23
2026-02,SKU-10,West,Wholesale,2026-01-31,calendar_plan_v1_no_realized_demand,800,2160.38,772,778,2100.97
2026-02,SKU-11,Central,Convenience,2026-01-31,calendar_plan_v1_no_realized_demand,736,2331.65,708,720,2280.96
2026-02,SKU-11,Central,Ecommerce,2026-01-31,calendar_plan_v1_no_realized_demand,688,2179.58,660,659,2087.71
2026-02,SKU-11,Central,Grocery,2026-01-31,calendar_plan_v1_no_realized_demand,1192,3776.26,1140,1126,3567.17
2026-02,SKU-11,Central,Wholesale,2026-01-31,calendar_plan_v1_no_realized_demand,1028,3256.7,992,996,3155.33
2026-02,SKU-11,North,Convenience,2026-01-31,calendar_plan_v1_no_realized_demand,680,2261.95,652,649,2158.83
2026-02,SKU-11,North,Ecommerce,2026-01-31,calendar_plan_v1_no_realized_demand,652,2168.81,624,628,2088.98
2026-02,SKU-11,North,Grocery,2026-01-31,calendar_plan_v1_no_realized_demand,1094,3639.08,1057,1063,3535.96
2026-02,SKU-11,North,Wholesale,2026-01-31,calendar_plan_v1_no_realized_demand,948,3153.43,920,907,3017.04
2026-02,SKU-11,South,Convenience,2026-01-31,calendar_plan_v1_no_realized_demand,596,1774.84,568,578,1721.24
2026-02,SKU-11,South,Ecommerce,2026-01-31,calendar_plan_v1_no_realized_demand,566,1685.5,538,535,1593.19
2026-02,SKU-11,South,Grocery,2026-01-31,calendar_plan_v1_no_realized_demand,948,2823.07,920,921,2742.66
2026-02,SKU-11,South,Wholesale,2026-01-31,calendar_plan_v1_no_realized_demand,828,2465.72,800,789,2349.58
2026-02,SKU-11,West,Convenience,2026-01-31,calendar_plan_v1_no_realized_demand,508,1561.06,480,479,1471.95
2026-02,SKU-11,West,Ecommerce,2026-01-31,calendar_plan_v1_no_realized_demand,476,1462.73,448,453,1392.05
2026-02,SKU-11,West,Grocery,2026-01-31,calendar_plan_v1_no_realized_demand,800,2458.37,772,775,2381.54
2026-02,SKU-11,West,Wholesale,2026-01-31,calendar_plan_v1_no_realized_demand,708,2175.66,680,683,2098.83
2026-02,SKU-12,Central,Convenience,2026-01-31,calendar_plan_v1_no_realized_demand,680,2350.08,652,646,2232.58
2026-02,SKU-12,Central,Ecommerce,2026-01-31,calendar_plan_v1_no_realized_demand,644,2225.66,616,616,2128.9
2026-02,SKU-12,Central,Grocery,2026-01-31,calendar_plan_v1_no_realized_demand,1092,3773.95,1056,1068,3691.01
2026-02,SKU-12,Central,Wholesale,2026-01-31,calendar_plan_v1_no_realized_demand,943,3259.01,915,909,3141.5
2026-02,SKU-12,North,Convenience,2026-01-31,calendar_plan_v1_no_realized_demand,632,2293.4,604,604,2191.8
2026-02,SKU-12,North,Ecommerce,2026-01-31,calendar_plan_v1_no_realized_demand,596,2162.76,568,561,2035.76
2026-02,SKU-12,North,Grocery,2026-01-31,calendar_plan_v1_no_realized_demand,1028,3730.41,992,999,3625.17
2026-02,SKU-12,North,Wholesale,2026-01-31,calendar_plan_v1_no_realized_demand,884,3207.86,856,862,3128.03
2026-02,SKU-12,South,Convenience,2026-01-31,calendar_plan_v1_no_realized_demand,544,1767.26,516,513,1666.55
2026-02,SKU-12,South,Ecommerce,2026-01-31,calendar_plan_v1_no_realized_demand,516,1676.3,488,487,1582.09
2026-02,SKU-12,South,Grocery,2026-01-31,calendar_plan_v1_no_realized_demand,884,2871.8,856,861,2797.08
2026-02,SKU-12,South,Wholesale,2026-01-31,calendar_plan_v1_no_realized_demand,768,2494.96,740,737,2394.25
2026-02,SKU-12,West,Convenience,2026-01-31,calendar_plan_v1_no_realized_demand,476,1595.7,448,450,1508.54
2026-02,SKU-12,West,Ecommerce,2026-01-31,calendar_plan_v1_no_realized_demand,448,1501.84,490,487,1632.58
2026-02,SKU-12,West,Grocery,2026-01-31,calendar_plan_v1_no_realized_demand,744,2494.13,716,721,2417.02
2026-02,SKU-12,West,Wholesale,2026-01-31,calendar_plan_v1_no_realized_demand,652,2185.71,624,634,2125.37
2026-02,SKU-13,Central,Convenience,2026-01-31,calendar_plan_v1_no_realized_demand,624,1916.93,596,590,1812.48
2026-02,SKU-13,Central,Ecommerce,2026-01-31,calendar_plan_v1_no_realized_demand,596,1830.91,568,562,1726.46
2026-02,SKU-13,Central,Grocery,2026-01-31,calendar_plan_v1_no_realized_demand,1012,3108.86,976,977,3001.34
2026-02,SKU-13,Central,Wholesale,2026-01-31,calendar_plan_v1_no_realized_demand,880,2703.36,852,853,2620.42
2026-02,SKU-13,North,Convenience,2026-01-31,calendar_plan_v1_no_realized_demand,596,1922.46,568,567,1828.92
2026-02,SKU-13,North,Ecommerce,2026-01-31,calendar_plan_v1_no_realized_demand,544,1754.73,516,516,1664.41
2026-02,SKU-13,North,Grocery,2026-01-31,calendar_plan_v1_no_realized_demand,936,3019.16,908,914,2948.2
2026-02,SKU-13,North,Wholesale,2026-01-31,calendar_plan_v1_no_realized_demand,816,2632.09,788,789,2545.0
2026-02,SKU-13,South,Convenience,2026-01-31,calendar_plan_v1_no_realized_demand,516,1490.04,488,488,1409.19
2026-02,SKU-13,South,Ecommerce,2026-01-31,calendar_plan_v1_no_realized_demand,481,1388.97,453,452,1305.23
2026-02,SKU-13,South,Grocery,2026-01-31,calendar_plan_v1_no_realized_demand,816,2356.35,788,800,2310.14
2026-02,SKU-13,South,Wholesale,2026-01-31,calendar_plan_v1_no_realized_demand,708,2044.48,680,679,1960.73
2026-02,SKU-13,West,Convenience,2026-01-31,calendar_plan_v1_no_realized_demand,432,1287.29,404,401,1194.92
2026-02,SKU-13,West,Ecommerce,2026-01-31,calendar_plan_v1_no_realized_demand,400,1191.94,376,374,1114.46
2026-02,SKU-13,West,Grocery,2026-01-31,calendar_plan_v1_no_realized_demand,688,2050.13,660,664,1978.61
2026-02,SKU-13,West,Wholesale,2026-01-31,calendar_plan_v1_no_realized_demand,597,1778.96,640,635,1892.2
2026-02,SKU-14,Central,Convenience,2026-01-31,calendar_plan_v1_no_realized_demand,516,1832.83,488,492,1747.58
2026-02,SKU-14,Central,Ecommerce,2026-01-31,calendar_plan_v1_no_realized_demand,488,1733.38,460,452,1605.5
2026-02,SKU-14,Central,Grocery,2026-01-31,calendar_plan_v1_no_realized_demand,828,2941.06,800,799,2838.05
2026-02,SKU-14,Central,Wholesale,2026-01-31,calendar_plan_v1_no_realized_demand,730,2592.96,702,694,2465.09
2026-02,SKU-14,North,Convenience,2026-01-31,calendar_plan_v1_no_realized_demand,488,1820.04,460,458,1708.16
2026-02,SKU-14,North,Ecommerce,2026-01-31,calendar_plan_v1_no_realized_demand,460,1715.62,432,432,1611.19
2026-02,SKU-14,North,Grocery,2026-01-31,calendar_plan_v1_no_realized_demand,772,2879.25,744,733,2733.8
2026-02,SKU-14,North,Wholesale,2026-01-31,calendar_plan_v1_no_realized_demand,680,2536.13,652,665,2480.18
2026-02,SKU-14,South,Convenience,2026-01-31,calendar_plan_v1_no_realized_demand,424,1415.69,396,395,1318.86
2026-02,SKU-14,South,Ecommerce,2026-01-31,calendar_plan_v1_no_realized_demand,392,1308.84,368,369,1232.05
2026-02,SKU-14,South,Grocery,2026-01-31,calendar_plan_v1_no_realized_demand,680,2270.44,652,652,2176.95
2026-02,SKU-14,South,Wholesale,2026-01-31,calendar_plan_v1_no_realized_demand,596,1989.97,568,568,1896.48
2026-02,SKU-14,West,Convenience,2026-01-31,calendar_plan_v1_no_realized_demand,348,1199.01,340,341,1174.9
2026-02,SKU-14,West,Ecommerce,2026-01-31,calendar_plan_v1_no_realized_demand,312,1074.98,312,315,1085.31
2026-02,SKU-14,West,Grocery,2026-01-31,calendar_plan_v1_no_realized_demand,572,1970.79,544,543,1870.87
2026-02,SKU-14,West,Wholesale,2026-01-31,calendar_plan_v1_no_realized_demand,504,1736.5,476,480,1653.81
2026-02,SKU-15,Central,Convenience,2026-01-31,calendar_plan_v1_no_realized_demand,476,2010.62,448,445,1879.68
2026-02,SKU-15,Central,Ecommerce,2026-01-31,calendar_plan_v1_no_realized_demand,448,1892.35,420,424,1790.98
2026-02,SKU-15,Central,Grocery,2026-01-31,calendar_plan_v1_no_realized_demand,744,3142.66,716,709,2994.82
2026-02,SKU-15,Central,Wholesale,2026-01-31,calendar_plan_v1_no_realized_demand,652,2754.05,624,620,2618.88
2026-02,SKU-15,North,Convenience,2026-01-31,calendar_plan_v1_no_realized_demand,448,1986.97,420,423,1876.09
2026-02,SKU-15,North,Ecommerce,2026-01-31,calendar_plan_v1_no_realized_demand,418,1853.91,393,390,1729.73
2026-02,SKU-15,North,Grocery,2026-01-31,calendar_plan_v1_no_realized_demand,708,3140.12,680,676,2998.2
2026-02,SKU-15,North,Wholesale,2026-01-31,calendar_plan_v1_no_realized_demand,600,2661.12,572,576,2554.68
2026-02,SKU-15,South,Convenience,2026-01-31,calendar_plan_v1_no_realized_demand,392,1556.46,368,372,1477.05
2026-02,SKU-15,South,Ecommerce,2026-01-31,calendar_plan_v1_no_realized_demand,348,1381.75,340,335,1330.14
2026-02,SKU-15,South,Grocery,2026-01-31,calendar_plan_v1_no_realized_demand,600,2382.34,572,570,2263.22
2026-02,SKU-15,South,Wholesale,2026-01-31,calendar_plan_v1_no_realized_demand,532,2112.34,504,505,2005.13
2026-02,SKU-15,West,Convenience,2026-01-31,calendar_plan_v1_no_realized_demand,312,1278.35,312,310,1270.16
2026-02,SKU-15,West,Ecommerce,2026-01-31,calendar_plan_v1_no_realized_demand,284,1163.63,284,286,1171.82
2026-02,SKU-15,West,Grocery,2026-01-31,calendar_plan_v1_no_realized_demand,516,2114.2,488,489,2003.57
2026-02,SKU-15,West,Wholesale,2026-01-31,calendar_plan_v1_no_realized_demand,452,1851.97,424,422,1729.05
2026-02,SKU-16,Central,Convenience,2026-01-31,calendar_plan_v1_no_realized_demand,572,1702.27,544,544,1618.94
2026-02,SKU-16,Central,Ecommerce,2026-01-31,calendar_plan_v1_no_realized_demand,544,1618.94,516,515,1532.64
2026-02,SKU-16,Central,Grocery,2026-01-31,calendar_plan_v1_no_realized_demand,916,2726.02,888,893,2657.57
2026-02,SKU-16,Central,Wholesale,2026-01-31,calendar_plan_v1_no_realized_demand,800,2380.8,772,773,2300.45
2026-02,SKU-16,North,Convenience,2026-01-31,calendar_plan_v1_no_realized_demand,543,1696.77,515,515,1609.27
2026-02,SKU-16,North,Ecommerce,2026-01-31,calendar_plan_v1_no_realized_demand,504,1574.9,476,472,1474.91
2026-02,SKU-16,North,Grocery,2026-01-31,calendar_plan_v1_no_realized_demand,856,2674.83,828,823,2571.71
2026-02,SKU-16,North,Wholesale,2026-01-31,calendar_plan_v1_no_realized_demand,744,2324.85,716,707,2209.23
2026-02,SKU-16,South,Convenience,2026-01-31,calendar_plan_v1_no_realized_demand,472,1320.39,444,441,1233.67
2026-02,SKU-16,South,Ecommerce,2026-01-31,calendar_plan_v1_no_realized_demand,442,1236.47,414,413,1155.34
2026-02,SKU-16,South,Grocery,2026-01-31,calendar_plan_v1_no_realized_demand,744,2081.3,716,721,2016.95
2026-02,SKU-16,South,Wholesale,2026-01-31,calendar_plan_v1_no_realized_demand,652,1823.93,624,625,1748.4
2026-02,SKU-16,West,Convenience,2026-01-31,calendar_plan_v1_no_realized_demand,392,1131.59,368,368,1062.31
2026-02,SKU-16,West,Ecommerce,2026-01-31,calendar_plan_v1_no_realized_demand,348,1004.58,340,341,984.37
2026-02,SKU-16,West,Grocery,2026-01-31,calendar_plan_v1_no_realized_demand,628,1812.86,600,599,1729.15
2026-02,SKU-16,West,Wholesale,2026-01-31,calendar_plan_v1_no_realized_demand,544,1570.38,516,512,1478.0
2026-03,SKU-01,Central,Convenience,2026-02-28,calendar_plan_v1_no_realized_demand,1110,2344.32,1071,1087,2295.74
2026-03,SKU-01,Central,Ecommerce,2026-02-28,calendar_plan_v1_no_realized_demand,1032,2179.58,1001,993,2097.22
2026-03,SKU-01,Central,Grocery,2026-02-28,calendar_plan_v1_no_realized_demand,1799,3799.49,1737,1735,3664.32
2026-03,SKU-01,Central,Wholesale,2026-02-28,calendar_plan_v1_no_realized_demand,1570,3315.84,1508,1491,3148.99
2026-03,SKU-01,North,Convenience,2026-02-28,calendar_plan_v1_no_realized_demand,1032,2288.56,1001,1005,2228.69
2026-03,SKU-01,North,Ecommerce,2026-02-28,calendar_plan_v1_no_realized_demand,970,2151.07,939,938,2080.11
2026-03,SKU-01,North,Grocery,2026-02-28,calendar_plan_v1_no_realized_demand,1681,3727.79,1619,1626,3605.82
2026-03,SKU-01,North,Wholesale,2026-02-28,calendar_plan_v1_no_realized_demand,1461,3239.91,1399,1404,3113.51
2026-03,SKU-01,South,Convenience,2026-02-28,calendar_plan_v1_no_realized_demand,882,1751.02,851,848,1683.52
2026-03,SKU-01,South,Ecommerce,2026-02-28,calendar_plan_v1_no_realized_demand,843,1673.59,812,817,1621.97
2026-03,SKU-01,South,Grocery,2026-02-28,calendar_plan_v1_no_realized_demand,1464,2906.45,1402,1414,2807.19
2026-03,SKU-01,South,Wholesale,2026-02-28,calendar_plan_v1_no_realized_demand,1258,2497.48,1201,1209,2400.2
2026-03,SKU-01,West,Convenience,2026-02-28,calendar_plan_v1_no_realized_demand,750,1536.48,719,704,1442.24
2026-03,SKU-01,West,Ecommerce,2026-02-28,calendar_plan_v1_no_realized_demand,719,1472.97,688,694,1421.76
2026-03,SKU-01,West,Grocery,2026-02-28,calendar_plan_v1_no_realized_demand,1239,2538.26,1184,1185,2427.64
2026-03,SKU-01,West,Wholesale,2026-02-28,calendar_plan_v1_no_realized_demand,1045,2140.83,1014,1004,2056.83
2026-03,SKU-02,Central,Convenience,2026-02-28,calendar_plan_v1_no_realized_demand,1314,2270.59,1257,1264,2184.19
2026-03,SKU-02,Central,Ecommerce,2026-02-28,calendar_plan_v1_no_realized_demand,1244,2149.63,1187,1195,2064.96
2026-03,SKU-02,Central,Grocery,2026-02-28,calendar_plan_v1_no_realized_demand,2134,3687.55,2046,2057,3554.5
2026-03,SKU-02,Central,Wholesale,2026-02-28,calendar_plan_v1_no_realized_demand,1826,3155.33,1764,1778,3072.38
2026-03,SKU-02,North,Convenience,2026-02-28,calendar_plan_v1_no_realized_demand,1203,2182.72,1164,1174,2130.11
2026-03,SKU-02,North,Ecommerce,2026-02-28,calendar_plan_v1_no_realized_demand,1133,2055.72,1094,1096,1988.58
2026-03,SKU-02,North,Grocery,2026-02-28,calendar_plan_v1_no_realized_demand,1984,3599.77,1914,1911,3467.32
2026-03,SKU-02,North,Wholesale,2026-02-28,calendar_plan_v1_no_realized_demand,1702,3088.11,1640,1654,3001.02
2026-03,SKU-02,South,Convenience,2026-02-28,calendar_plan_v1_no_realized_demand,1041,1690.92,1010,1022,1660.06
2026-03,SKU-02,South,Ecommerce,2026-02-28,calendar_plan_v1_no_realized_demand,975,1583.71,1150,1157,1879.34
2026-03,SKU-02,South,Grocery,2026-02-28,calendar_plan_v1_no_realized_demand,1702,2764.59,1640,1658,2693.12
2026-03,SKU-02,South,Wholesale,2026-02-28,calendar_plan_v1_no_realized_demand,1482,2407.24,1420,1432,2326.03
2026-03,SKU-02,West,Convenience,2026-02-28,calendar_plan_v1_no_realized_demand,882,1478.37,851,846,1418.03
2026-03,SKU-02,West,Ecommerce,2026-02-28,calendar_plan_v1_no_realized_demand,820,1374.45,789,786,1317.46
2026-03,SKU-02,West,Grocery,2026-02-28,calendar_plan_v1_no_realized_demand,1451,2432.11,1389,1403,2351.65
2026-03,SKU-02,West,Wholesale,2026-02-28,calendar_plan_v1_no_realized_demand,1252,2098.55,1195,1182,1981.22
2026-03,SKU-03,Central,Convenience,2026-02-28,calendar_plan_v1_no_realized_demand,913,2278.85,882,883,2203.97
2026-03,SKU-03,Central,Ecommerce,2026-02-28,calendar_plan_v1_no_realized_demand,851,2124.1,820,818,2041.73
2026-03,SKU-03,Central,Grocery,2026-02-28,calendar_plan_v1_no_realized_demand,1500,3744.0,1438,1452,3624.19
2026-03,SKU-03,Central,Wholesale,2026-02-28,calendar_plan_v1_no_realized_demand,1285,3207.36,1228,1239,3092.54
2026-03,SKU-03,North,Convenience,2026-02-28,calendar_plan_v1_no_realized_demand,851,2230.3,820,820,2149.06
2026-03,SKU-03,North,Ecommerce,2026-02-28,calendar_plan_v1_no_realized_demand,791,2073.05,760,760,1991.81
2026-03,SKU-03,North,Grocery,2026-02-28,calendar_plan_v1_no_realized_demand,1389,3640.29,1327,1336,3501.39
2026-03,SKU-03,North,Wholesale,2026-02-28,calendar_plan_v1_no_realized_demand,1195,3131.86,1156,1137,2979.85
2026-03,SKU-03,South,Convenience,2026-02-28,calendar_plan_v1_no_realized_demand,750,1759.68,719,712,1670.52
2026-03,SKU-03,South,Ecommerce,2026-02-28,calendar_plan_v1_no_realized_demand,688,1614.21,657,650,1525.06
2026-03,SKU-03,South,Grocery,2026-02-28,calendar_plan_v1_no_realized_demand,1195,2803.76,1156,1152,2702.87
2026-03,SKU-03,South,Wholesale,2026-02-28,calendar_plan_v1_no_realized_demand,1032,2421.32,1001,992,2327.47
2026-03,SKU-03,West,Convenience,2026-02-28,calendar_plan_v1_no_realized_demand,630,1525.31,599,597,1445.41
2026-03,SKU-03,West,Ecommerce,2026-02-28,calendar_plan_v1_no_realized_demand,595,1440.57,564,566,1370.35
2026-03,SKU-03,West,Grocery,2026-02-28,calendar_plan_v1_no_realized_demand,1001,2423.54,970,960,2324.28
2026-03,SKU-03,West,Wholesale,2026-02-28,calendar_plan_v1_no_realized_demand,874,2116.06,843,835,2021.64
2026-03,SKU-04,Central,Convenience,2026-02-28,calendar_plan_v1_no_realized_demand,851,2205.79,820,817,2117.66
2026-03,SKU-04,Central,Ecommerce,2026-02-28,calendar_plan_v1_no_realized_demand,790,2047.68,759,748,1938.82
2026-03,SKU-04,Central,Grocery,2026-02-28,calendar_plan_v1_no_realized_demand,1389,3600.29,1327,1322,3426.62
2026-03,SKU-04,Central,Wholesale,2026-02-28,calendar_plan_v1_no_realized_demand,1195,3097.44,1156,1162,3011.9
2026-03,SKU-04,North,Convenience,2026-02-28,calendar_plan_v1_no_realized_demand,789,2147.34,758,760,2068.42
2026-03,SKU-04,North,Ecommerce,2026-02-28,calendar_plan_v1_no_realized_demand,750,2041.2,719,719,1956.83
2026-03,SKU-04,North,Grocery,2026-02-28,calendar_plan_v1_no_realized_demand,1283,3491.81,1226,1214,3304.02
2026-03,SKU-04,North,Wholesale,2026-02-28,calendar_plan_v1_no_realized_demand,1094,2977.43,1063,1065,2898.5
2026-03,SKU-04,South,Convenience,2026-02-28,calendar_plan_v1_no_realized_demand,688,1676.3,657,657,1600.77
2026-03,SKU-04,South,Ecommerce,2026-02-28,calendar_plan_v1_no_realized_demand,657,1600.77,626,627,1527.67
2026-03,SKU-04,South,Grocery,2026-02-28,calendar_plan_v1_no_realized_demand,1098,2675.26,1065,1055,2570.49
2026-03,SKU-04,South,Wholesale,2026-02-28,calendar_plan_v1_no_realized_demand,944,2300.04,913,903,2200.14
2026-03,SKU-04,West,Convenience,2026-02-28,calendar_plan_v1_no_realized_demand,587,1475.86,556,554,1392.89
2026-03,SKU-04,West,Ecommerce,2026-02-28,calendar_plan_v1_no_realized_demand,556,1397.92,525,532,1337.58
2026-03,SKU-04,West,Grocery,2026-02-28,calendar_plan_v1_no_realized_demand,939,2360.87,908,909,2285.44
2026-03,SKU-04,West,Wholesale,2026-02-28,calendar_plan_v1_no_realized_demand,812,2041.56,781,791,1988.76
2026-03,SKU-05,Central,Convenience,2026-02-28,calendar_plan_v1_no_realized_demand,787,2870.98,756,750,2736.0
2026-03,SKU-05,Central,Ecommerce,2026-02-28,calendar_plan_v1_no_realized_demand,750,2736.0,719,713,2601.02
2026-03,SKU-05,Central,Grocery,2026-02-28,calendar_plan_v1_no_realized_demand,1283,4680.38,1226,1227,4476.1
2026-03,SKU-05,Central,Wholesale,2026-02-28,calendar_plan_v1_no_realized_demand,1094,3990.91,1063,1050,3830.4
2026-03,SKU-05,North,Convenience,2026-02-28,calendar_plan_v1_no_realized_demand,732,2803.85,701,699,2677.45
2026-03,SKU-05,North,Ecommerce,2026-02-28,calendar_plan_v1_no_realized_demand,688,2635.32,657,648,2482.1
2026-03,SKU-05,North,Grocery,2026-02-28,calendar_plan_v1_no_realized_demand,1173,4493.06,1134,1134,4343.67
2026-03,SKU-05,North,Wholesale,2026-02-28,calendar_plan_v1_no_realized_demand,1014,3884.03,983,982,3761.45
2026-03,SKU-05,South,Convenience,2026-02-28,calendar_plan_v1_no_realized_demand,631,2163.77,600,602,2064.33
2026-03,SKU-05,South,Ecommerce,2026-02-28,calendar_plan_v1_no_realized_demand,600,2057.47,569,572,1961.46
2026-03,SKU-05,South,Grocery,2026-02-28,calendar_plan_v1_no_realized_demand,1014,3477.13,983,984,3374.25
2026-03,SKU-05,South,Wholesale,2026-02-28,calendar_plan_v1_no_realized_demand,882,3024.48,851,854,2928.47
2026-03,SKU-05,West,Convenience,2026-02-28,calendar_plan_v1_no_realized_demand,538,1903.75,507,512,1811.74
2026-03,SKU-05,West,Ecommerce,2026-02-28,calendar_plan_v1_no_realized_demand,507,1794.05,476,477,1687.89
2026-03,SKU-05,West,Grocery,2026-02-28,calendar_plan_v1_no_realized_demand,861,3046.7,830,834,2951.16
2026-03,SKU-05,West,Wholesale,2026-02-28,calendar_plan_v1_no_realized_demand,750,2653.92,719,722,2554.84
2026-03,SKU-06,Central,Convenience,2026-02-28,calendar_plan_v1_no_realized_demand,719,3175.1,688,694,3064.7
2026-03,SKU-06,Central,Ecommerce,2026-02-28,calendar_plan_v1_no_realized_demand,688,3038.21,657,656,2896.9
2026-03,SKU-06,Central,Grocery,2026-02-28,calendar_plan_v1_no_realized_demand,1166,5149.06,1127,1144,5051.9
2026-03,SKU-06,Central,Wholesale,2026-02-28,calendar_plan_v1_no_realized_demand,1004,4433.66,973,970,4283.52
2026-03,SKU-06,North,Convenience,2026-02-28,calendar_plan_v1_no_realized_demand,688,3190.12,657,648,3004.65
2026-03,SKU-06,North,Ecommerce,2026-02-28,calendar_plan_v1_no_realized_demand,631,2925.82,757,755,3500.78
2026-03,SKU-06,North,Grocery,2026-02-28,calendar_plan_v1_no_realized_demand,1076,4989.2,1045,1033,4789.81
2026-03,SKU-06,North,Wholesale,2026-02-28,calendar_plan_v1_no_realized_demand,941,4363.23,910,909,4214.85
2026-03,SKU-06,South,Convenience,2026-02-28,calendar_plan_v1_no_realized_demand,595,2469.87,564,558,2316.28
2026-03,SKU-06,South,Ecommerce,2026-02-28,calendar_plan_v1_no_realized_demand,556,2307.98,525,523,2170.99
2026-03,SKU-06,South,Grocery,2026-02-28,calendar_plan_v1_no_realized_demand,942,3910.28,911,906,3760.84
2026-03,SKU-06,South,Wholesale,2026-02-28,calendar_plan_v1_no_realized_demand,812,3370.64,781,779,3233.66
2026-03,SKU-06,West,Convenience,2026-02-28,calendar_plan_v1_no_realized_demand,499,2137.48,468,461,1974.7
2026-03,SKU-06,West,Ecommerce,2026-02-28,calendar_plan_v1_no_realized_demand,468,2004.69,498,499,2137.48
2026-03,SKU-06,West,Grocery,2026-02-28,calendar_plan_v1_no_realized_demand,789,3379.7,758,770,3298.31
2026-03,SKU-06,West,Wholesale,2026-02-28,calendar_plan_v1_no_realized_demand,688,2947.06,657,648,2775.72
2026-03,SKU-07,Central,Convenience,2026-02-28,calendar_plan_v1_no_realized_demand,658,2653.06,627,617,2487.74
2026-03,SKU-07,Central,Ecommerce,2026-02-28,calendar_plan_v1_no_realized_demand,626,2524.03,595,599,2415.17
2026-03,SKU-07,Central,Grocery,2026-02-28,calendar_plan_v1_no_realized_demand,1063,4286.02,1032,1037,4181.18
2026-03,SKU-07,Central,Wholesale,2026-02-28,calendar_plan_v1_no_realized_demand,913,3681.22,882,885,3568.32
2026-03,SKU-07,North,Convenience,2026-02-28,calendar_plan_v1_no_realized_demand,626,2650.23,595,597,2527.46
2026-03,SKU-07,North,Ecommerce,2026-02-28,calendar_plan_v1_no_realized_demand,569,2408.92,538,532,2252.28
2026-03,SKU-07,North,Grocery,2026-02-28,calendar_plan_v1_no_realized_demand,975,4127.76,944,946,4004.99
2026-03,SKU-07,North,Wholesale,2026-02-28,calendar_plan_v1_no_realized_demand,851,3602.79,820,821,3475.79
2026-03,SKU-07,South,Convenience,2026-02-28,calendar_plan_v1_no_realized_demand,538,2039.06,507,502,1902.62
2026-03,SKU-07,South,Ecommerce,2026-02-28,calendar_plan_v1_no_realized_demand,507,1921.57,476,468,1773.76
2026-03,SKU-07,South,Grocery,2026-02-28,calendar_plan_v1_no_realized_demand,851,3225.36,820,811,3073.75
2026-03,SKU-07,South,Wholesale,2026-02-28,calendar_plan_v1_no_realized_demand,750,2842.56,719,722,2736.44
2026-03,SKU-07,West,Convenience,2026-02-28,calendar_plan_v1_no_realized_demand,466,1822.54,436,440,1720.86
2026-03,SKU-07,West,Ecommerce,2026-02-28,calendar_plan_v1_no_realized_demand,432,1689.57,406,412,1611.35
2026-03,SKU-07,West,Grocery,2026-02-28,calendar_plan_v1_no_realized_demand,719,2812.04,688,685,2679.06
2026-03,SKU-07,West,Wholesale,2026-02-28,calendar_plan_v1_no_realized_demand,631,2467.87,600,597,2334.89
2026-03,SKU-08,Central,Convenience,2026-02-28,calendar_plan_v1_no_realized_demand,600,2822.4,569,565,2657.76
2026-03,SKU-08,Central,Ecommerce,2026-02-28,calendar_plan_v1_no_realized_demand,569,2676.58,538,543,2554.27
2026-03,SKU-08,Central,Grocery,2026-02-28,calendar_plan_v1_no_realized_demand,944,4440.58,913,917,4313.57
2026-03,SKU-08,Central,Wholesale,2026-02-28,calendar_plan_v1_no_realized_demand,820,3857.28,789,793,3730.27
2026-03,SKU-08,North,Convenience,2026-02-28,calendar_plan_v1_no_realized_demand,558,2756.07,527,528,2607.9
2026-03,SKU-08,North,Ecommerce,2026-02-28,calendar_plan_v1_no_realized_demand,525,2593.08,494,494,2439.96
2026-03,SKU-08,North,Grocery,2026-02-28,calendar_plan_v1_no_realized_demand,882,4356.37,851,847,4183.5
2026-03,SKU-08,North,Wholesale,2026-02-28,calendar_plan_v1_no_realized_demand,781,3857.52,750,763,3768.61
2026-03,SKU-08,South,Convenience,2026-02-28,calendar_plan_v1_no_realized_demand,494,2184.35,463,464,2051.7
2026-03,SKU-08,South,Ecommerce,2026-02-28,calendar_plan_v1_no_realized_demand,462,2042.85,434,433,1914.62
2026-03,SKU-08,South,Grocery,2026-02-28,calendar_plan_v1_no_realized_demand,781,3453.39,750,747,3303.05
2026-03,SKU-08,South,Wholesale,2026-02-28,calendar_plan_v1_no_realized_demand,662,2927.21,740,731,3232.31
2026-03,SKU-08,West,Convenience,2026-02-28,calendar_plan_v1_no_realized_demand,383,1747.58,375,371,1692.83
2026-03,SKU-08,West,Ecommerce,2026-02-28,calendar_plan_v1_no_realized_demand,365,1665.45,357,355,1619.82
2026-03,SKU-08,West,Grocery,2026-02-28,calendar_plan_v1_no_realized_demand,657,2997.81,626,628,2865.49
2026-03,SKU-08,West,Wholesale,2026-02-28,calendar_plan_v1_no_realized_demand,569,2596.28,538,539,2459.39
2026-03,SKU-09,Central,Convenience,2026-02-28,calendar_plan_v1_no_realized_demand,1482,2418.62,1420,1427,2328.86
2026-03,SKU-09,Central,Ecommerce,2026-02-28,calendar_plan_v1_no_realized_demand,1385,2260.32,1323,1323,2159.14
2026-03,SKU-09,Central,Grocery,2026-02-28,calendar_plan_v1_no_realized_demand,2394,3907.01,2301,2294,3743.81
2026-03,SKU-09,Central,Wholesale,2026-02-28,calendar_plan_v1_no_realized_demand,2073,3383.14,1985,1977,3226.46
2026-03,SKU-09,North,Convenience,2026-02-28,calendar_plan_v1_no_realized_demand,1381,2366.48,1319,1325,2270.52
2026-03,SKU-09,North,Ecommerce,2026-02-28,calendar_plan_v1_no_realized_demand,1283,2198.55,1646,1650,2827.44
2026-03,SKU-09,North,Grocery,2026-02-28,calendar_plan_v1_no_realized_demand,2232,3824.76,2139,2149,3682.53
2026-03,SKU-09,North,Wholesale,2026-02-28,calendar_plan_v1_no_realized_demand,1922,3293.54,1852,1850,3170.16
2026-03,SKU-09,South,Convenience,2026-02-28,calendar_plan_v1_no_realized_demand,1172,1797.94,1133,1132,1736.58
2026-03,SKU-09,South,Ecommerce,2026-02-28,calendar_plan_v1_no_realized_demand,1094,1678.28,1063,1059,1624.59
2026-03,SKU-09,South,Grocery,2026-02-28,calendar_plan_v1_no_realized_demand,1922,2948.5,1852,1863,2857.99
2026-03,SKU-09,South,Wholesale,2026-02-28,calendar_plan_v1_no_realized_demand,1663,2551.18,1601,1597,2449.93
2026-03,SKU-09,West,Convenience,2026-02-28,calendar_plan_v1_no_realized_demand,1001,1584.62,970,970,1535.55
2026-03,SKU-09,West,Ecommerce,2026-02-28,calendar_plan_v1_no_realized_demand,935,1480.14,904,907,1435.82
2026-03,SKU-09,West,Grocery,2026-02-28,calendar_plan_v1_no_realized_demand,1632,2583.52,1570,1543,2442.63
2026-03,SKU-09,West,Wholesale,2026-02-28,calendar_plan_v1_no_realized_demand,1410,2232.09,1348,1351,2138.69
2026-03,SKU-10,Central,Convenience,2026-02-28,calendar_plan_v1_no_realized_demand,1006,2800.7,975,963,2680.99
2026-03,SKU-10,Central,Ecommerce,2026-02-28,calendar_plan_v1_no_realized_demand,944,2628.1,913,910,2533.44
2026-03,SKU-10,Central,Grocery,2026-02-28,calendar_plan_v1_no_realized_demand,1657,4613.09,1595,1608,4476.67
2026-03,SKU-10,Central,Wholesale,2026-02-28,calendar_plan_v1_no_realized_demand,1438,4003.39,1376,1368,3808.51
2026-03,SKU-10,North,Convenience,2026-02-28,calendar_plan_v1_no_realized_demand,944,2759.5,913,905,2645.5
2026-03,SKU-10,North,Ecommerce,2026-02-28,calendar_plan_v1_no_realized_demand,882,2578.26,851,862,2519.8
2026-03,SKU-10,North,Grocery,2026-02-28,calendar_plan_v1_no_realized_demand,1539,4498.8,1477,1475,4311.72
2026-03,SKU-10,North,Wholesale,2026-02-28,calendar_plan_v1_no_realized_demand,1340,3917.09,1283,1273,3721.23
2026-03,SKU-10,South,Convenience,2026-02-28,calendar_plan_v1_no_realized_demand,818,2140.67,918,931,2436.39
2026-03,SKU-10,South,Ecommerce,2026-02-28,calendar_plan_v1_no_realized_demand,762,1994.12,731,725,1897.3
2026-03,SKU-10,South,Grocery,2026-02-28,calendar_plan_v1_no_realized_demand,1340,3506.73,1283,1274,3334.01
2026-03,SKU-10,South,Wholesale,2026-02-28,calendar_plan_v1_no_realized_demand,1141,2985.95,1102,1107,2896.97
2026-03,SKU-10,West,Convenience,2026-02-28,calendar_plan_v1_no_realized_demand,688,1857.93,657,662,1787.72
2026-03,SKU-10,West,Ecommerce,2026-02-28,calendar_plan_v1_no_realized_demand,657,1774.22,626,618,1668.9
2026-03,SKU-10,West,Grocery,2026-02-28,calendar_plan_v1_no_realized_demand,1112,3002.93,1073,1080,2916.52
2026-03,SKU-10,West,Wholesale,2026-02-28,calendar_plan_v1_no_realized_demand,970,2619.47,939,938,2533.05
2026-03,SKU-11,Central,Convenience,2026-02-28,calendar_plan_v1_no_realized_demand,882,2794.18,851,862,2730.82
2026-03,SKU-11,Central,Ecommerce,2026-02-28,calendar_plan_v1_no_realized_demand,820,2597.76,789,782,2477.38
2026-03,SKU-11,Central,Grocery,2026-02-28,calendar_plan_v1_no_realized_demand,1441,4565.09,1379,1369,4336.99
2026-03,SKU-11,Central,Wholesale,2026-02-28,calendar_plan_v1_no_realized_demand,1252,3966.34,1195,1189,3766.75
2026-03,SKU-11,North,Convenience,2026-02-28,calendar_plan_v1_no_realized_demand,820,2727.65,789,789,2624.53
2026-03,SKU-11,North,Ecommerce,2026-02-28,calendar_plan_v1_no_realized_demand,781,2597.92,750,746,2481.49
2026-03,SKU-11,North,Grocery,2026-02-28,calendar_plan_v1_no_realized_demand,1350,4490.64,1288,1283,4267.77
2026-03,SKU-11,North,Wholesale,2026-02-28,calendar_plan_v1_no_realized_demand,1144,3805.4,1105,1101,3662.37
2026-03,SKU-11,South,Convenience,2026-02-28,calendar_plan_v1_no_realized_demand,719,2141.12,871,879,2617.59
2026-03,SKU-11,South,Ecommerce,2026-02-28,calendar_plan_v1_no_realized_demand,662,1971.38,631,627,1867.16
2026-03,SKU-11,South,Grocery,2026-02-28,calendar_plan_v1_no_realized_demand,1145,3409.72,1106,1100,3275.71
2026-03,SKU-11,South,Wholesale,2026-02-28,calendar_plan_v1_no_realized_demand,1001,2980.9,970,977,2909.43
2026-03,SKU-11,West,Convenience,2026-02-28,calendar_plan_v1_no_realized_demand,600,1843.78,569,569,1748.51
2026-03,SKU-11,West,Ecommerce,2026-02-28,calendar_plan_v1_no_realized_demand,569,1748.51,538,546,1677.84
2026-03,SKU-11,West,Grocery,2026-02-28,calendar_plan_v1_no_realized_demand,970,2980.77,939,947,2910.09
2026-03,SKU-11,West,Wholesale,2026-02-28,calendar_plan_v1_no_realized_demand,843,2590.51,902,899,2762.59
2026-03,SKU-12,Central,Convenience,2026-02-28,calendar_plan_v1_no_realized_demand,820,2833.92,789,774,2674.94
2026-03,SKU-12,Central,Ecommerce,2026-02-28,calendar_plan_v1_no_realized_demand,768,2654.21,737,734,2536.7
2026-03,SKU-12,Central,Grocery,2026-02-28,calendar_plan_v1_no_realized_demand,1346,4651.78,1286,1315,4544.64
2026-03,SKU-12,Central,Wholesale,2026-02-28,calendar_plan_v1_no_realized_demand,1141,3943.3,1102,1114,3849.98
2026-03,SKU-12,North,Convenience,2026-02-28,calendar_plan_v1_no_realized_demand,759,2754.26,728,725,2630.88
2026-03,SKU-12,North,Ecommerce,2026-02-28,calendar_plan_v1_no_realized_demand,719,2609.11,688,701,2543.79
2026-03,SKU-12,North,Grocery,2026-02-28,calendar_plan_v1_no_realized_demand,1252,4543.26,1195,1198,4347.3
2026-03,SKU-12,North,Wholesale,2026-02-28,calendar_plan_v1_no_realized_demand,1063,3857.41,1032,1026,3723.15
2026-03,SKU-12,South,Convenience,2026-02-28,calendar_plan_v1_no_realized_demand,662,2150.6,631,634,2059.64
2026-03,SKU-12,South,Ecommerce,2026-02-28,calendar_plan_v1_no_realized_demand,626,2033.65,595,595,1932.94
2026-03,SKU-12,South,Grocery,2026-02-28,calendar_plan_v1_no_realized_demand,1063,3453.3,1032,1006,3268.13
2026-03,SKU-12,South,Wholesale,2026-02-28,calendar_plan_v1_no_realized_demand,913,2966.01,882,878,2852.31
2026-03,SKU-12,West,Convenience,2026-02-28,calendar_plan_v1_no_realized_demand,569,1907.47,538,532,1783.43
2026-03,SKU-12,West,Ecommerce,2026-02-28,calendar_plan_v1_no_realized_demand,534,1790.14,503,495,1659.4
2026-03,SKU-12,West,Grocery,2026-02-28,calendar_plan_v1_no_realized_demand,900,3017.09,869,868,2909.81
2026-03,SKU-12,West,Wholesale,2026-02-28,calendar_plan_v1_no_realized_demand,781,2618.16,750,745,2497.48
2026-03,SKU-13,Central,Convenience,2026-02-28,calendar_plan_v1_no_realized_demand,750,2304.0,719,704,2162.69
2026-03,SKU-13,Central,Ecommerce,2026-02-28,calendar_plan_v1_no_realized_demand,719,2208.77,688,695,2135.04
2026-03,SKU-13,Central,Grocery,2026-02-28,calendar_plan_v1_no_realized_demand,1226,3766.27,1177,1169,3591.17
2026-03,SKU-13,Central,Wholesale,2026-02-28,calendar_plan_v1_no_realized_demand,1045,3210.24,1014,1012,3108.86
2026-03,SKU-13,North,Convenience,2026-02-28,calendar_plan_v1_no_realized_demand,702,2264.37,671,669,2157.93
2026-03,SKU-13,North,Ecommerce,2026-02-28,calendar_plan_v1_no_realized_demand,657,2119.22,626,613,1977.29
2026-03,SKU-13,North,Grocery,2026-02-28,calendar_plan_v1_no_realized_demand,1133,3654.6,1094,1098,3541.71
2026-03,SKU-13,North,Wholesale,2026-02-28,calendar_plan_v1_no_realized_demand,975,3144.96,944,959,3093.35
2026-03,SKU-13,South,Convenience,2026-02-28,calendar_plan_v1_no_realized_demand,618,1784.59,587,590,1703.73
2026-03,SKU-13,South,Ecommerce,2026-02-28,calendar_plan_v1_no_realized_demand,569,1643.09,538,533,1539.13
2026-03,SKU-13,South,Grocery,2026-02-28,calendar_plan_v1_no_realized_demand,975,2815.49,944,944,2725.97
2026-03,SKU-13,South,Wholesale,2026-02-28,calendar_plan_v1_no_realized_demand,851,2457.42,820,830,2396.77
2026-03,SKU-13,West,Convenience,2026-02-28,calendar_plan_v1_no_realized_demand,525,1564.42,494,499,1486.94
2026-03,SKU-13,West,Ecommerce,2026-02-28,calendar_plan_v1_no_realized_demand,494,1472.04,463,465,1385.63
2026-03,SKU-13,West,Grocery,2026-02-28,calendar_plan_v1_no_realized_demand,820,2443.47,789,801,2386.85
2026-03,SKU-13,West,Wholesale,2026-02-28,calendar_plan_v1_no_realized_demand,719,2142.5,688,683,2035.23
2026-03,SKU-14,Central,Convenience,2026-02-28,calendar_plan_v1_no_realized_demand,631,2241.31,600,606,2152.51
2026-03,SKU-14,Central,Ecommerce,2026-02-28,calendar_plan_v1_no_realized_demand,595,2113.44,564,566,2010.43
2026-03,SKU-14,Central,Grocery,2026-02-28,calendar_plan_v1_no_realized_demand,1004,3566.21,973,983,3491.62
2026-03,SKU-14,Central,Wholesale,2026-02-28,calendar_plan_v1_no_realized_demand,874,3104.45,843,846,3004.99
2026-03,SKU-14,North,Convenience,2026-02-28,calendar_plan_v1_no_realized_demand,593,2211.65,562,568,2118.41
2026-03,SKU-14,North,Ecommerce,2026-02-28,calendar_plan_v1_no_realized_demand,556,2073.66,525,528,1969.23
2026-03,SKU-14,North,Grocery,2026-02-28,calendar_plan_v1_no_realized_demand,941,3509.55,910,910,3393.94
2026-03,SKU-14,North,Wholesale,2026-02-28,calendar_plan_v1_no_realized_demand,812,3028.44,781,774,2886.71
2026-03,SKU-14,South,Convenience,2026-02-28,calendar_plan_v1_no_realized_demand,507,1692.81,476,469,1565.93
2026-03,SKU-14,South,Ecommerce,2026-02-28,calendar_plan_v1_no_realized_demand,476,1589.31,445,448,1495.82
2026-03,SKU-14,South,Grocery,2026-02-28,calendar_plan_v1_no_realized_demand,812,2711.17,781,792,2644.39
2026-03,SKU-14,South,Wholesale,2026-02-28,calendar_plan_v1_no_realized_demand,711,2373.94,680,682,2277.12
2026-03,SKU-14,West,Convenience,2026-02-28,calendar_plan_v1_no_realized_demand,432,1488.43,406,402,1385.07
2026-03,SKU-14,West,Ecommerce,2026-02-28,calendar_plan_v1_no_realized_demand,383,1319.6,375,376,1295.49
2026-03,SKU-14,West,Grocery,2026-02-28,calendar_plan_v1_no_realized_demand,688,2370.46,657,653,2249.87
2026-03,SKU-14,West,Wholesale,2026-02-28,calendar_plan_v1_no_realized_demand,600,2067.26,569,573,1974.24
2026-03,SKU-15,Central,Convenience,2026-02-28,calendar_plan_v1_no_realized_demand,569,2403.46,538,539,2276.74
2026-03,SKU-15,Central,Ecommerce,2026-02-28,calendar_plan_v1_no_realized_demand,538,2272.51,507,508,2145.79
2026-03,SKU-15,Central,Grocery,2026-02-28,calendar_plan_v1_no_realized_demand,907,3831.17,876,887,3746.69
2026-03,SKU-15,Central,Wholesale,2026-02-28,calendar_plan_v1_no_realized_demand,781,3298.94,750,755,3189.12
2026-03,SKU-15,North,Convenience,2026-02-28,calendar_plan_v1_no_realized_demand,530,2350.66,499,506,2244.21
2026-03,SKU-15,North,Ecommerce,2026-02-28,calendar_plan_v1_no_realized_demand,499,2213.16,468,462,2049.06
2026-03,SKU-15,North,Grocery,2026-02-28,calendar_plan_v1_no_realized_demand,843,3738.87,812,804,3565.9
2026-03,SKU-15,North,Wholesale,2026-02-28,calendar_plan_v1_no_realized_demand,722,3202.21,691,700,3104.64
2026-03,SKU-15,South,Convenience,2026-02-28,calendar_plan_v1_no_realized_demand,468,1858.22,437,438,1739.11
2026-03,SKU-15,South,Ecommerce,2026-02-28,calendar_plan_v1_no_realized_demand,432,1715.28,406,400,1588.22
2026-03,SKU-15,South,Grocery,2026-02-28,calendar_plan_v1_no_realized_demand,725,2878.66,694,689,2735.72
2026-03,SKU-15,South,Wholesale,2026-02-28,calendar_plan_v1_no_realized_demand,631,2505.42,600,596,2366.45
2026-03,SKU-15,West,Convenience,2026-02-28,calendar_plan_v1_no_realized_demand,383,1569.26,375,374,1532.38
2026-03,SKU-15,West,Ecommerce,2026-02-28,calendar_plan_v1_no_realized_demand,344,1409.46,344,346,1417.66
2026-03,SKU-15,West,Grocery,2026-02-28,calendar_plan_v1_no_realized_demand,626,2564.9,595,598,2450.17
2026-03,SKU-15,West,Wholesale,2026-02-28,calendar_plan_v1_no_realized_demand,538,2204.34,507,505,2069.13
2026-03,SKU-16,Central,Convenience,2026-02-28,calendar_plan_v1_no_realized_demand,688,2047.49,657,667,1984.99
2026-03,SKU-16,Central,Ecommerce,2026-02-28,calendar_plan_v1_no_realized_demand,657,1955.23,626,625,1860.0
2026-03,SKU-16,Central,Grocery,2026-02-28,calendar_plan_v1_no_realized_demand,1113,3312.29,1074,1077,3205.15
2026-03,SKU-16,Central,Wholesale,2026-02-28,calendar_plan_v1_no_realized_demand,970,2886.72,939,942,2803.39
2026-03,SKU-16,North,Convenience,2026-02-28,calendar_plan_v1_no_realized_demand,657,2052.99,626,621,1940.5
2026-03,SKU-16,North,Ecommerce,2026-02-28,calendar_plan_v1_no_realized_demand,600,1874.88,569,572,1787.39
2026-03,SKU-16,North,Grocery,2026-02-28,calendar_plan_v1_no_realized_demand,1032,3224.79,1001,1001,3127.92
2026-03,SKU-16,North,Wholesale,2026-02-28,calendar_plan_v1_no_realized_demand,889,2777.95,858,851,2659.2
2026-03,SKU-16,South,Convenience,2026-02-28,calendar_plan_v1_no_realized_demand,569,1591.74,538,536,1499.43
2026-03,SKU-16,South,Ecommerce,2026-02-28,calendar_plan_v1_no_realized_demand,530,1482.64,499,502,1404.31
2026-03,SKU-16,South,Grocery,2026-02-28,calendar_plan_v1_no_realized_demand,892,2495.32,861,851,2380.62
2026-03,SKU-16,South,Wholesale,2026-02-28,calendar_plan_v1_no_realized_demand,781,2184.8,750,750,2098.08
2026-03,SKU-16,West,Convenience,2026-02-28,calendar_plan_v1_no_realized_demand,476,1374.08,445,442,1275.93
2026-03,SKU-16,West,Ecommerce,2026-02-28,calendar_plan_v1_no_realized_demand,440,1270.16,414,413,1192.22
2026-03,SKU-16,West,Grocery,2026-02-28,calendar_plan_v1_no_realized_demand,756,2182.36,725,714,2061.12
2026-03,SKU-16,West,Wholesale,2026-02-28,calendar_plan_v1_no_realized_demand,657,1896.58,626,621,1792.65
2026-04,SKU-01,Central,Convenience,2026-03-31,calendar_plan_v1_no_realized_demand,1138,2403.46,1100,1099,2321.09
2026-04,SKU-01,Central,Ecommerce,2026-03-31,calendar_plan_v1_no_realized_demand,1062,2242.94,1032,1031,2177.47
2026-04,SKU-01,Central,Grocery,2026-03-31,calendar_plan_v1_no_realized_demand,1846,3898.75,1778,1758,3712.9
2026-04,SKU-01,Central,Wholesale,2026-03-31,calendar_plan_v1_no_realized_demand,1602,3383.42,1542,1542,3256.7
2026-04,SKU-01,North,Convenience,2026-03-31,calendar_plan_v1_no_realized_demand,1047,2321.83,1017,1023,2268.6
2026-04,SKU-01,North,Ecommerce,2026-03-31,calendar_plan_v1_no_realized_demand,976,2164.38,946,945,2095.63
2026-04,SKU-01,North,Grocery,2026-03-31,calendar_plan_v1_no_realized_demand,1712,3796.53,1652,1681,3727.79
2026-04,SKU-01,North,Wholesale,2026-03-31,calendar_plan_v1_no_realized_demand,1494,3313.09,1434,1447,3208.87
2026-04,SKU-01,South,Convenience,2026-03-31,calendar_plan_v1_no_realized_demand,916,1818.52,886,887,1760.94
2026-04,SKU-01,South,Ecommerce,2026-03-31,calendar_plan_v1_no_realized_demand,856,1699.4,826,830,1647.78
2026-04,SKU-01,South,Grocery,2026-03-31,calendar_plan_v1_no_realized_demand,1494,2966.01,1434,1430,2838.95
2026-04,SKU-01,South,Wholesale,2026-03-31,calendar_plan_v1_no_realized_demand,1302,2584.83,1246,1229,2439.91
2026-04,SKU-01,West,Convenience,2026-03-31,calendar_plan_v1_no_realized_demand,766,1569.26,736,738,1511.9
2026-04,SKU-01,West,Ecommerce,2026-03-31,calendar_plan_v1_no_realized_demand,728,1491.41,698,702,1438.15
2026-04,SKU-01,West,Grocery,2026-03-31,calendar_plan_v1_no_realized_demand,1270,2601.77,1214,1226,2511.63
2026-04,SKU-01,West,Wholesale,2026-03-31,calendar_plan_v1_no_realized_demand,1079,2210.48,1041,1049,2149.02
2026-04,SKU-02,Central,Convenience,2026-03-31,calendar_plan_v1_no_realized_demand,1348,2329.34,1288,1277,2206.66
2026-04,SKU-02,Central,Ecommerce,2026-03-31,calendar_plan_v1_no_realized_demand,1272,2198.02,1216,1209,2089.15
2026-04,SKU-02,Central,Grocery,2026-03-31,calendar_plan_v1_no_realized_demand,2192,3787.78,2102,2113,3651.26
2026-04,SKU-02,Central,Wholesale,2026-03-31,calendar_plan_v1_no_realized_demand,1873,3236.54,1805,1807,3122.5
2026-04,SKU-02,North,Convenience,2026-03-31,calendar_plan_v1_no_realized_demand,1246,2260.74,1190,1197,2171.84
2026-04,SKU-02,North,Ecommerce,2026-03-31,calendar_plan_v1_no_realized_demand,1163,2110.15,1125,1117,2026.68
2026-04,SKU-02,North,Grocery,2026-03-31,calendar_plan_v1_no_realized_demand,2034,3690.49,1948,1931,3503.61
2026-04,SKU-02,North,Wholesale,2026-03-31,calendar_plan_v1_no_realized_demand,1742,3160.68,1682,1682,3051.82
2026-04,SKU-02,South,Convenience,2026-03-31,calendar_plan_v1_no_realized_demand,1062,1725.03,1032,1031,1674.67
2026-04,SKU-02,South,Ecommerce,2026-03-31,calendar_plan_v1_no_realized_demand,1002,1627.57,972,960,1559.35
2026-04,SKU-02,South,Grocery,2026-03-31,calendar_plan_v1_no_realized_demand,1742,2829.57,1682,1691,2746.73
2026-04,SKU-02,South,Wholesale,2026-03-31,calendar_plan_v1_no_realized_demand,1520,2468.97,1460,1465,2379.63
2026-04,SKU-02,West,Convenience,2026-03-31,calendar_plan_v1_no_realized_demand,912,1528.66,1022,1015,1701.3
2026-04,SKU-02,West,Ecommerce,2026-03-31,calendar_plan_v1_no_realized_demand,852,1428.09,822,829,1389.54
2026-04,SKU-02,West,Grocery,2026-03-31,calendar_plan_v1_no_realized_demand,1486,2490.77,1426,1429,2395.23
2026-04,SKU-02,West,Wholesale,2026-03-31,calendar_plan_v1_no_realized_demand,1276,2138.78,1220,1210,2028.15
2026-04,SKU-03,Central,Convenience,2026-03-31,calendar_plan_v1_no_realized_demand,942,2351.23,912,911,2273.86
2026-04,SKU-03,Central,Ecommerce,2026-03-31,calendar_plan_v1_no_realized_demand,881,2198.98,851,869,2169.02
2026-04,SKU-03,Central,Grocery,2026-03-31,calendar_plan_v1_no_realized_demand,1524,3803.9,1464,1457,3636.67
2026-04,SKU-03,Central,Wholesale,2026-03-31,calendar_plan_v1_no_realized_demand,1336,3334.66,1276,1251,3122.5
2026-04,SKU-03,North,Convenience,2026-03-31,calendar_plan_v1_no_realized_demand,874,2290.58,844,842,2206.71
2026-04,SKU-03,North,Ecommerce,2026-03-31,calendar_plan_v1_no_realized_demand,818,2143.81,788,792,2075.67
2026-04,SKU-03,North,Grocery,2026-03-31,calendar_plan_v1_no_realized_demand,1426,3737.26,1366,1361,3566.91
2026-04,SKU-03,North,Wholesale,2026-03-31,calendar_plan_v1_no_realized_demand,1242,3255.03,1186,1190,3118.75
2026-04,SKU-03,South,Convenience,2026-03-31,calendar_plan_v1_no_realized_demand,758,1778.45,728,742,1740.91
2026-04,SKU-03,South,Ecommerce,2026-03-31,calendar_plan_v1_no_realized_demand,704,1651.75,674,679,1593.1
2026-04,SKU-03,South,Grocery,2026-03-31,calendar_plan_v1_no_realized_demand,1244,2918.72,1458,1484,3481.82
2026-04,SKU-03,South,Wholesale,2026-03-31,calendar_plan_v1_no_realized_demand,1044,2449.47,1014,994,2332.16
2026-04,SKU-03,West,Convenience,2026-03-31,calendar_plan_v1_no_realized_demand,638,1544.67,608,613,1484.15
2026-04,SKU-03,West,Ecommerce,2026-03-31,calendar_plan_v1_no_realized_demand,608,1472.04,578,575,1392.14
2026-04,SKU-03,West,Grocery,2026-03-31,calendar_plan_v1_no_realized_demand,1032,2498.6,1002,997,2413.86
2026-04,SKU-03,West,Wholesale,2026-03-31,calendar_plan_v1_no_realized_demand,886,2145.11,856,865,2094.27
2026-04,SKU-04,Central,Convenience,2026-03-31,calendar_plan_v1_no_realized_demand,873,2262.82,843,837,2169.5
2026-04,SKU-04,Central,Ecommerce,2026-03-31,calendar_plan_v1_no_realized_demand,818,2120.26,788,776,2011.39
2026-04,SKU-04,Central,Grocery,2026-03-31,calendar_plan_v1_no_realized_demand,1426,3696.19,1366,1373,3558.82
2026-04,SKU-04,Central,Wholesale,2026-03-31,calendar_plan_v1_no_realized_demand,1241,3216.67,1185,1185,3071.52
2026-04,SKU-04,North,Convenience,2026-03-31,calendar_plan_v1_no_realized_demand,818,2226.27,788,786,2139.18
2026-04,SKU-04,North,Ecommerce,2026-03-31,calendar_plan_v1_no_realized_demand,758,2062.97,728,730,1986.77
2026-04,SKU-04,North,Grocery,2026-03-31,calendar_plan_v1_no_realized_demand,1333,3627.89,1273,1278,3478.2
2026-04,SKU-04,North,Wholesale,2026-03-31,calendar_plan_v1_no_realized_demand,1132,3080.85,1094,1094,2977.43
2026-04,SKU-04,South,Convenience,2026-03-31,calendar_plan_v1_no_realized_demand,698,1700.66,668,668,1627.57
2026-04,SKU-04,South,Ecommerce,2026-03-31,calendar_plan_v1_no_realized_demand,668,1627.57,638,645,1571.53
2026-04,SKU-04,South,Grocery,2026-03-31,calendar_plan_v1_no_realized_demand,1134,2762.97,1096,1098,2675.26
2026-04,SKU-04,South,Wholesale,2026-03-31,calendar_plan_v1_no_realized_demand,976,2378.0,946,954,2324.4
2026-04,SKU-04,West,Convenience,2026-03-31,calendar_plan_v1_no_realized_demand,606,1523.63,576,578,1453.23
2026-04,SKU-04,West,Ecommerce,2026-03-31,calendar_plan_v1_no_realized_demand,552,1387.86,522,524,1317.46
2026-04,SKU-04,West,Grocery,2026-03-31,calendar_plan_v1_no_realized_demand,946,2378.47,916,917,2305.56
2026-04,SKU-04,West,Wholesale,2026-03-31,calendar_plan_v1_no_realized_demand,826,2076.76,796,805,2023.96
2026-04,SKU-05,Central,Convenience,2026-03-31,calendar_plan_v1_no_realized_demand,796,2903.81,766,760,2772.48
2026-04,SKU-05,Central,Ecommerce,2026-03-31,calendar_plan_v1_no_realized_demand,758,2765.18,728,730,2663.04
2026-04,SKU-05,Central,Grocery,2026-03-31,calendar_plan_v1_no_realized_demand,1310,4778.88,1250,1238,4516.22
2026-04,SKU-05,Central,Wholesale,2026-03-31,calendar_plan_v1_no_realized_demand,1130,4122.24,1092,1078,3932.54
2026-04,SKU-05,North,Convenience,2026-03-31,calendar_plan_v1_no_realized_demand,758,2903.44,728,742,2842.16
2026-04,SKU-05,North,Ecommerce,2026-03-31,calendar_plan_v1_no_realized_demand,698,2673.62,668,671,2570.2
2026-04,SKU-05,North,Grocery,2026-03-31,calendar_plan_v1_no_realized_demand,1216,4657.77,1160,1166,4466.25
2026-04,SKU-05,North,Wholesale,2026-03-31,calendar_plan_v1_no_realized_demand,1033,3956.8,1003,997,3818.91
2026-04,SKU-05,South,Convenience,2026-03-31,calendar_plan_v1_no_realized_demand,642,2201.5,612,607,2081.48
2026-04,SKU-05,South,Ecommerce,2026-03-31,calendar_plan_v1_no_realized_demand,612,2098.62,582,587,2012.89
2026-04,SKU-05,South,Grocery,2026-03-31,calendar_plan_v1_no_realized_demand,1034,3545.71,1209,1206,4135.52
2026-04,SKU-05,South,Wholesale,2026-03-31,calendar_plan_v1_no_realized_demand,908,3113.64,878,866,2969.62
2026-04,SKU-05,West,Convenience,2026-03-31,calendar_plan_v1_no_realized_demand,552,1953.29,522,522,1847.13
2026-04,SKU-05,West,Ecommerce,2026-03-31,calendar_plan_v1_no_realized_demand,522,1847.13,492,494,1748.05
2026-04,SKU-05,West,Grocery,2026-03-31,calendar_plan_v1_no_realized_demand,886,3135.16,856,848,3000.7
2026-04,SKU-05,West,Wholesale,2026-03-31,calendar_plan_v1_no_realized_demand,766,2710.54,736,733,2593.76
2026-04,SKU-06,Central,Convenience,2026-03-31,calendar_plan_v1_no_realized_demand,736,3250.18,706,716,3161.86
2026-04,SKU-06,Central,Ecommerce,2026-03-31,calendar_plan_v1_no_realized_demand,698,3082.37,668,665,2936.64
2026-04,SKU-06,Central,Grocery,2026-03-31,calendar_plan_v1_no_realized_demand,1216,5369.86,1160,1154,5096.06
2026-04,SKU-06,Central,Wholesale,2026-03-31,calendar_plan_v1_no_realized_demand,1032,4557.31,1002,1007,4446.91
2026-04,SKU-06,North,Convenience,2026-03-31,calendar_plan_v1_no_realized_demand,698,3236.49,668,667,3092.75
2026-04,SKU-06,North,Ecommerce,2026-03-31,calendar_plan_v1_no_realized_demand,642,2976.83,612,611,2833.08
2026-04,SKU-06,North,Grocery,2026-03-31,calendar_plan_v1_no_realized_demand,1108,5137.57,1070,1069,4956.74
2026-04,SKU-06,North,Wholesale,2026-03-31,calendar_plan_v1_no_realized_demand,946,4386.41,916,922,4275.13
2026-04,SKU-06,South,Convenience,2026-03-31,calendar_plan_v1_no_realized_demand,608,2523.83,578,575,2386.85
2026-04,SKU-06,South,Ecommerce,2026-03-31,calendar_plan_v1_no_realized_demand,562,2332.88,532,530,2200.05
2026-04,SKU-06,South,Grocery,2026-03-31,calendar_plan_v1_no_realized_demand,946,3926.88,916,911,3781.6
2026-04,SKU-06,South,Wholesale,2026-03-31,calendar_plan_v1_no_realized_demand,826,3428.76,796,784,3254.42
2026-04,SKU-06,West,Convenience,2026-03-31,calendar_plan_v1_no_realized_demand,514,2201.73,484,478,2047.52
2026-04,SKU-06,West,Ecommerce,2026-03-31,calendar_plan_v1_no_realized_demand,484,2073.22,454,452,1936.15
2026-04,SKU-06,West,Grocery,2026-03-31,calendar_plan_v1_no_realized_demand,818,3503.92,788,787,3371.13
2026-04,SKU-06,West,Wholesale,2026-03-31,calendar_plan_v1_no_realized_demand,698,2989.9,668,662,2835.69
2026-04,SKU-07,Central,Convenience,2026-03-31,calendar_plan_v1_no_realized_demand,669,2697.41,639,635,2560.32
2026-04,SKU-07,Central,Ecommerce,2026-03-31,calendar_plan_v1_no_realized_demand,638,2572.42,608,606,2443.39
2026-04,SKU-07,Central,Grocery,2026-03-31,calendar_plan_v1_no_realized_demand,1082,4362.62,1044,1045,4213.44
2026-04,SKU-07,Central,Wholesale,2026-03-31,calendar_plan_v1_no_realized_demand,942,3798.14,912,900,3628.8
2026-04,SKU-07,North,Convenience,2026-03-31,calendar_plan_v1_no_realized_demand,638,2701.04,608,601,2544.39
2026-04,SKU-07,North,Ecommerce,2026-03-31,calendar_plan_v1_no_realized_demand,582,2463.96,552,549,2324.25
2026-04,SKU-07,North,Grocery,2026-03-31,calendar_plan_v1_no_realized_demand,1002,4242.07,1182,1173,4966.01
2026-04,SKU-07,North,Wholesale,2026-03-31,calendar_plan_v1_no_realized_demand,874,3700.17,1016,1004,4250.53
2026-04,SKU-07,South,Convenience,2026-03-31,calendar_plan_v1_no_realized_demand,552,2092.12,522,523,1982.21
2026-04,SKU-07,South,Ecommerce,2026-03-31,calendar_plan_v1_no_realized_demand,518,1963.26,488,484,1834.4
2026-04,SKU-07,South,Grocery,2026-03-31,calendar_plan_v1_no_realized_demand,874,3312.53,844,855,3240.52
2026-04,SKU-07,South,Wholesale,2026-03-31,calendar_plan_v1_no_realized_demand,758,2872.88,852,853,3232.94
2026-04,SKU-07,West,Convenience,2026-03-31,calendar_plan_v1_no_realized_demand,462,1806.9,432,432,1689.57
2026-04,SKU-07,West,Ecommerce,2026-03-31,calendar_plan_v1_no_realized_demand,428,1673.93,402,397,1552.68
2026-04,SKU-07,West,Grocery,2026-03-31,calendar_plan_v1_no_realized_demand,736,2878.53,706,701,2741.64
2026-04,SKU-07,West,Wholesale,2026-03-31,calendar_plan_v1_no_realized_demand,641,2506.98,611,616,2409.2
2026-04,SKU-08,Central,Convenience,2026-03-31,calendar_plan_v1_no_realized_demand,612,2878.85,582,577,2714.21
2026-04,SKU-08,Central,Ecommerce,2026-03-31,calendar_plan_v1_no_realized_demand,578,2718.91,548,551,2591.9
2026-04,SKU-08,Central,Grocery,2026-03-31,calendar_plan_v1_no_realized_demand,973,4576.99,943,938,4412.35
2026-04,SKU-08,Central,Wholesale,2026-03-31,calendar_plan_v1_no_realized_demand,848,3988.99,818,806,3791.42
2026-04,SKU-08,North,Convenience,2026-03-31,calendar_plan_v1_no_realized_demand,572,2825.22,542,544,2686.92
2026-04,SKU-08,North,Ecommerce,2026-03-31,calendar_plan_v1_no_realized_demand,540,2667.17,510,510,2518.99
2026-04,SKU-08,North,Grocery,2026-03-31,calendar_plan_v1_no_realized_demand,912,4504.55,882,889,4390.95
2026-04,SKU-08,North,Wholesale,2026-03-31,calendar_plan_v1_no_realized_demand,788,3892.09,758,771,3808.12
2026-04,SKU-08,South,Convenience,2026-03-31,calendar_plan_v1_no_realized_demand,492,2175.51,462,462,2042.85
2026-04,SKU-08,South,Ecommerce,2026-03-31,calendar_plan_v1_no_realized_demand,462,2042.85,432,423,1870.4
2026-04,SKU-08,South,Grocery,2026-03-31,calendar_plan_v1_no_realized_demand,788,3484.35,758,758,3351.69
2026-04,SKU-08,South,Wholesale,2026-03-31,calendar_plan_v1_no_realized_demand,684,3024.48,654,662,2927.21
2026-04,SKU-08,West,Convenience,2026-03-31,calendar_plan_v1_no_realized_demand,420,1916.41,394,393,1793.21
2026-04,SKU-08,West,Ecommerce,2026-03-31,calendar_plan_v1_no_realized_demand,372,1697.39,364,365,1665.45
2026-04,SKU-08,West,Grocery,2026-03-31,calendar_plan_v1_no_realized_demand,668,3048.0,638,635,2897.43
2026-04,SKU-08,West,Wholesale,2026-03-31,calendar_plan_v1_no_realized_demand,582,2655.6,552,558,2546.09
2026-04,SKU-09,Central,Convenience,2026-03-31,calendar_plan_v1_no_realized_demand,1516,2474.11,1456,1455,2374.56
2026-04,SKU-09,Central,Ecommerce,2026-03-31,calendar_plan_v1_no_realized_demand,1426,2327.23,1366,1389,2266.85
2026-04,SKU-09,Central,Grocery,2026-03-31,calendar_plan_v1_no_realized_demand,2440,3982.08,2350,2338,3815.62
2026-04,SKU-09,Central,Wholesale,2026-03-31,calendar_plan_v1_no_realized_demand,2128,3472.9,2042,2017,3291.74
2026-04,SKU-09,North,Convenience,2026-03-31,calendar_plan_v1_no_realized_demand,1408,2412.75,1348,1358,2327.07
2026-04,SKU-09,North,Ecommerce,2026-03-31,calendar_plan_v1_no_realized_demand,1316,2255.1,1256,1252,2145.43
2026-04,SKU-09,North,Grocery,2026-03-31,calendar_plan_v1_no_realized_demand,2282,3910.44,2192,2186,3745.93
2026-04,SKU-09,North,Wholesale,2026-03-31,calendar_plan_v1_no_realized_demand,1956,3351.8,1888,1897,3250.7
2026-04,SKU-09,South,Convenience,2026-03-31,calendar_plan_v1_no_realized_demand,1216,1865.44,1160,1161,1781.07
2026-04,SKU-09,South,Ecommerce,2026-03-31,calendar_plan_v1_no_realized_demand,1130,1733.51,1092,1101,1689.02
2026-04,SKU-09,South,Grocery,2026-03-31,calendar_plan_v1_no_realized_demand,1956,3000.66,1888,1867,2864.13
2026-04,SKU-09,South,Wholesale,2026-03-31,calendar_plan_v1_no_realized_demand,1700,2607.94,1640,1624,2491.35
2026-04,SKU-09,West,Convenience,2026-03-31,calendar_plan_v1_no_realized_demand,1010,1598.87,980,974,1541.88
2026-04,SKU-09,West,Ecommerce,2026-03-31,calendar_plan_v1_no_realized_demand,946,1497.56,916,916,1450.06
2026-04,SKU-09,West,Grocery,2026-03-31,calendar_plan_v1_no_realized_demand,1652,2615.18,1592,1582,2504.37
2026-04,SKU-09,West,Wholesale,2026-03-31,calendar_plan_v1_no_realized_demand,1438,2276.41,1378,1377,2179.85
2026-04,SKU-10,Central,Convenience,2026-03-31,calendar_plan_v1_no_realized_demand,1032,2873.09,1002,997,2775.65
2026-04,SKU-10,Central,Ecommerce,2026-03-31,calendar_plan_v1_no_realized_demand,972,2706.05,942,939,2614.18
2026-04,SKU-10,Central,Grocery,2026-03-31,calendar_plan_v1_no_realized_demand,1682,4682.69,1622,1611,4485.02
2026-04,SKU-10,Central,Wholesale,2026-03-31,calendar_plan_v1_no_realized_demand,1464,4075.78,1404,1415,3939.36
2026-04,SKU-10,North,Convenience,2026-03-31,calendar_plan_v1_no_realized_demand,965,2820.89,935,941,2750.73
2026-04,SKU-10,North,Ecommerce,2026-03-31,calendar_plan_v1_no_realized_demand,901,2633.8,871,881,2575.34
2026-04,SKU-10,North,Grocery,2026-03-31,calendar_plan_v1_no_realized_demand,1572,4595.27,1512,1505,4399.42
2026-04,SKU-10,North,Wholesale,2026-03-31,calendar_plan_v1_no_realized_demand,1366,3993.09,1306,1320,3858.62
2026-04,SKU-10,South,Convenience,2026-03-31,calendar_plan_v1_no_realized_demand,826,2161.61,796,788,2062.16
2026-04,SKU-10,South,Ecommerce,2026-03-31,calendar_plan_v1_no_realized_demand,788,2062.16,758,750,1962.72
2026-04,SKU-10,South,Grocery,2026-03-31,calendar_plan_v1_no_realized_demand,1366,3574.77,1306,1313,3436.07
2026-04,SKU-10,South,Wholesale,2026-03-31,calendar_plan_v1_no_realized_demand,1168,3056.61,1130,1139,2980.72
2026-04,SKU-10,West,Convenience,2026-03-31,calendar_plan_v1_no_realized_demand,698,1884.94,668,670,1809.32
2026-04,SKU-10,West,Ecommerce,2026-03-31,calendar_plan_v1_no_realized_demand,668,1803.92,638,643,1736.41
2026-04,SKU-10,West,Grocery,2026-03-31,calendar_plan_v1_no_realized_demand,1138,3073.15,1100,1106,2986.73
2026-04,SKU-10,West,Wholesale,2026-03-31,calendar_plan_v1_no_realized_demand,976,2635.67,946,955,2578.96
2026-04,SKU-11,Central,Convenience,2026-03-31,calendar_plan_v1_no_realized_demand,904,2863.87,874,867,2746.66
2026-04,SKU-11,Central,Ecommerce,2026-03-31,calendar_plan_v1_no_realized_demand,848,2686.46,818,819,2594.59
2026-04,SKU-11,Central,Grocery,2026-03-31,calendar_plan_v1_no_realized_demand,1468,4650.62,1408,1405,4451.04
2026-04,SKU-11,Central,Wholesale,2026-03-31,calendar_plan_v1_no_realized_demand,1276,4042.37,1220,1214,3845.95
2026-04,SKU-11,North,Convenience,2026-03-31,calendar_plan_v1_no_realized_demand,844,2807.48,814,816,2714.34
2026-04,SKU-11,North,Ecommerce,2026-03-31,calendar_plan_v1_no_realized_demand,788,2621.2,758,756,2514.76
2026-04,SKU-11,North,Grocery,2026-03-31,calendar_plan_v1_no_realized_demand,1370,4557.17,1310,1315,4374.22
2026-04,SKU-11,North,Wholesale,2026-03-31,calendar_plan_v1_no_realized_demand,1168,3885.24,1130,1133,3768.81
2026-04,SKU-11,South,Convenience,2026-03-31,calendar_plan_v1_no_realized_demand,728,2167.93,698,696,2072.63
2026-04,SKU-11,South,Ecommerce,2026-03-31,calendar_plan_v1_no_realized_demand,684,2036.9,654,659,1962.45
2026-04,SKU-11,South,Grocery,2026-03-31,calendar_plan_v1_no_realized_demand,1168,3478.21,1130,1129,3362.07
2026-04,SKU-11,South,Wholesale,2026-03-31,calendar_plan_v1_no_realized_demand,1006,2995.79,976,985,2933.25
2026-04,SKU-11,West,Convenience,2026-03-31,calendar_plan_v1_no_realized_demand,612,1880.65,582,589,1809.97
2026-04,SKU-11,West,Ecommerce,2026-03-31,calendar_plan_v1_no_realized_demand,582,1788.46,552,556,1708.57
2026-04,SKU-11,West,Grocery,2026-03-31,calendar_plan_v1_no_realized_demand,984,3023.79,954,953,2928.53
2026-04,SKU-11,West,Wholesale,2026-03-31,calendar_plan_v1_no_realized_demand,856,2630.45,826,816,2507.54
2026-04,SKU-12,Central,Convenience,2026-03-31,calendar_plan_v1_no_realized_demand,831,2871.94,801,807,2788.99
2026-04,SKU-12,Central,Ecommerce,2026-03-31,calendar_plan_v1_no_realized_demand,788,2723.33,758,762,2633.47
2026-04,SKU-12,Central,Grocery,2026-03-31,calendar_plan_v1_no_realized_demand,1370,4734.72,1310,1294,4472.06
2026-04,SKU-12,Central,Wholesale,2026-03-31,calendar_plan_v1_no_realized_demand,1168,4036.61,1130,1113,3846.53
2026-04,SKU-12,North,Convenience,2026-03-31,calendar_plan_v1_no_realized_demand,788,2859.49,758,752,2728.86
2026-04,SKU-12,North,Ecommerce,2026-03-31,calendar_plan_v1_no_realized_demand,728,2641.77,698,694,2518.39
2026-04,SKU-12,North,Grocery,2026-03-31,calendar_plan_v1_no_realized_demand,1276,4630.35,1220,1234,4477.94
2026-04,SKU-12,North,Wholesale,2026-03-31,calendar_plan_v1_no_realized_demand,1093,3966.28,1055,1057,3835.64
2026-04,SKU-12,South,Convenience,2026-03-31,calendar_plan_v1_no_realized_demand,672,2183.09,642,636,2066.14
2026-04,SKU-12,South,Ecommerce,2026-03-31,calendar_plan_v1_no_realized_demand,638,2072.63,608,600,1949.18
2026-04,SKU-12,South,Grocery,2026-03-31,calendar_plan_v1_no_realized_demand,1095,3557.26,1057,1061,3446.81
2026-04,SKU-12,South,Wholesale,2026-03-31,calendar_plan_v1_no_realized_demand,942,3060.22,912,904,2936.77
2026-04,SKU-12,West,Convenience,2026-03-31,calendar_plan_v1_no_realized_demand,580,1944.35,550,547,1833.72
2026-04,SKU-12,West,Ecommerce,2026-03-31,calendar_plan_v1_no_realized_demand,540,1810.25,510,511,1713.04
2026-04,SKU-12,West,Grocery,2026-03-31,calendar_plan_v1_no_realized_demand,916,3070.73,886,883,2960.1
2026-04,SKU-12,West,Wholesale,2026-03-31,calendar_plan_v1_no_realized_demand,796,2668.45,766,761,2551.12
2026-04,SKU-13,Central,Convenience,2026-03-31,calendar_plan_v1_no_realized_demand,766,2353.15,736,736,2260.99
2026-04,SKU-13,Central,Ecommerce,2026-03-31,calendar_plan_v1_no_realized_demand,728,2236.42,698,700,2150.4
2026-04,SKU-13,Central,Grocery,2026-03-31,calendar_plan_v1_no_realized_demand,1266,3889.15,1210,1222,3753.98
2026-04,SKU-13,Central,Wholesale,2026-03-31,calendar_plan_v1_no_realized_demand,1078,3311.62,1040,1039,3191.81
2026-04,SKU-13,North,Convenience,2026-03-31,calendar_plan_v1_no_realized_demand,728,2348.24,698,700,2257.92
2026-04,SKU-13,North,Ecommerce,2026-03-31,calendar_plan_v1_no_realized_demand,668,2154.7,638,639,2061.16
2026-04,SKU-13,North,Grocery,2026-03-31,calendar_plan_v1_no_realized_demand,1160,3741.7,1122,1129,3641.7
2026-04,SKU-13,North,Wholesale,2026-03-31,calendar_plan_v1_no_realized_demand,1002,3232.05,972,967,3119.16
2026-04,SKU-13,South,Convenience,2026-03-31,calendar_plan_v1_no_realized_demand,636,1836.56,606,607,1752.82
2026-04,SKU-13,South,Ecommerce,2026-03-31,calendar_plan_v1_no_realized_demand,582,1680.63,552,549,1585.34
2026-04,SKU-13,South,Grocery,2026-03-31,calendar_plan_v1_no_realized_demand,1002,2893.46,972,965,2786.61
2026-04,SKU-13,South,Wholesale,2026-03-31,calendar_plan_v1_no_realized_demand,856,2471.85,826,806,2327.47
2026-04,SKU-13,West,Convenience,2026-03-31,calendar_plan_v1_no_realized_demand,530,1579.32,542,539,1606.13
2026-04,SKU-13,West,Ecommerce,2026-03-31,calendar_plan_v1_no_realized_demand,492,1466.08,462,467,1391.59
2026-04,SKU-13,West,Grocery,2026-03-31,calendar_plan_v1_no_realized_demand,848,2526.9,818,815,2428.57
2026-04,SKU-13,West,Wholesale,2026-03-31,calendar_plan_v1_no_realized_demand,728,2169.32,698,693,2065.03
2026-04,SKU-14,Central,Convenience,2026-03-31,calendar_plan_v1_no_realized_demand,641,2276.83,611,613,2177.38
2026-04,SKU-14,Central,Ecommerce,2026-03-31,calendar_plan_v1_no_realized_demand,608,2159.62,578,577,2049.5
2026-04,SKU-14,Central,Grocery,2026-03-31,calendar_plan_v1_no_realized_demand,1032,3665.66,1002,1012,3594.62
2026-04,SKU-14,Central,Wholesale,2026-03-31,calendar_plan_v1_no_realized_demand,886,3147.07,856,854,3033.41
2026-04,SKU-14,North,Convenience,2026-03-31,calendar_plan_v1_no_realized_demand,608,2267.6,578,587,2189.28
2026-04,SKU-14,North,Ecommerce,2026-03-31,calendar_plan_v1_no_realized_demand,556,2073.66,526,524,1954.31
2026-04,SKU-14,North,Grocery,2026-03-31,calendar_plan_v1_no_realized_demand,946,3528.2,916,925,3449.88
2026-04,SKU-14,North,Wholesale,2026-03-31,calendar_plan_v1_no_realized_demand,826,3080.65,796,799,2979.95
2026-04,SKU-14,South,Convenience,2026-03-31,calendar_plan_v1_no_realized_demand,522,1742.9,492,496,1656.08
2026-04,SKU-14,South,Ecommerce,2026-03-31,calendar_plan_v1_no_realized_demand,492,1642.73,462,465,1552.58
2026-04,SKU-14,South,Grocery,2026-03-31,calendar_plan_v1_no_realized_demand,826,2757.91,796,797,2661.09
2026-04,SKU-14,South,Wholesale,2026-03-31,calendar_plan_v1_no_realized_demand,728,2430.7,698,707,2360.59
2026-04,SKU-14,West,Convenience,2026-03-31,calendar_plan_v1_no_realized_demand,454,1564.23,424,423,1457.42
2026-04,SKU-14,West,Ecommerce,2026-03-31,calendar_plan_v1_no_realized_demand,420,1447.08,394,386,1329.94
2026-04,SKU-14,West,Grocery,2026-03-31,calendar_plan_v1_no_realized_demand,698,2404.92,668,670,2308.44
2026-04,SKU-14,West,Wholesale,2026-03-31,calendar_plan_v1_no_realized_demand,612,2108.61,582,578,1991.46
2026-04,SKU-15,Central,Convenience,2026-03-31,calendar_plan_v1_no_realized_demand,582,2458.37,552,552,2331.65
2026-04,SKU-15,Central,Ecommerce,2026-03-31,calendar_plan_v1_no_realized_demand,547,2310.53,517,524,2213.38
2026-04,SKU-15,Central,Grocery,2026-03-31,calendar_plan_v1_no_realized_demand,916,3869.18,886,888,3750.91
2026-04,SKU-15,Central,Wholesale,2026-03-31,calendar_plan_v1_no_realized_demand,796,3362.3,766,771,3256.7
2026-04,SKU-15,North,Convenience,2026-03-31,calendar_plan_v1_no_realized_demand,540,2395.01,573,573,2541.37
2026-04,SKU-15,North,Ecommerce,2026-03-31,calendar_plan_v1_no_realized_demand,510,2261.95,480,481,2133.33
2026-04,SKU-15,North,Grocery,2026-03-31,calendar_plan_v1_no_realized_demand,856,3796.53,826,809,3588.08
2026-04,SKU-15,North,Wholesale,2026-03-31,calendar_plan_v1_no_realized_demand,742,3290.92,712,713,3162.3
2026-04,SKU-15,South,Convenience,2026-03-31,calendar_plan_v1_no_realized_demand,462,1834.4,432,429,1703.37
2026-04,SKU-15,South,Ecommerce,2026-03-31,calendar_plan_v1_no_realized_demand,446,1770.87,420,415,1647.78
2026-04,SKU-15,South,Grocery,2026-03-31,calendar_plan_v1_no_realized_demand,744,2954.1,714,710,2819.1
2026-04,SKU-15,South,Wholesale,2026-03-31,calendar_plan_v1_no_realized_demand,642,2549.1,612,605,2402.19
2026-04,SKU-15,West,Convenience,2026-03-31,calendar_plan_v1_no_realized_demand,372,1524.19,364,367,1503.7
2026-04,SKU-15,West,Ecommerce,2026-03-31,calendar_plan_v1_no_realized_demand,351,1438.15,343,346,1417.66
2026-04,SKU-15,West,Grocery,2026-03-31,calendar_plan_v1_no_realized_demand,638,2614.06,608,613,2511.63
2026-04,SKU-15,West,Wholesale,2026-03-31,calendar_plan_v1_no_realized_demand,552,2261.7,522,521,2134.68
2026-04,SKU-16,Central,Convenience,2026-03-31,calendar_plan_v1_no_realized_demand,698,2077.25,668,665,1979.04
2026-04,SKU-16,Central,Ecommerce,2026-03-31,calendar_plan_v1_no_realized_demand,668,1987.97,638,629,1871.9
2026-04,SKU-16,Central,Grocery,2026-03-31,calendar_plan_v1_no_realized_demand,1138,3386.69,1100,1103,3282.53
2026-04,SKU-16,Central,Wholesale,2026-03-31,calendar_plan_v1_no_realized_demand,976,2904.58,946,935,2782.56
2026-04,SKU-16,North,Convenience,2026-03-31,calendar_plan_v1_no_realized_demand,668,2087.37,638,633,1978.0
2026-04,SKU-16,North,Ecommerce,2026-03-31,calendar_plan_v1_no_realized_demand,612,1912.38,582,574,1793.64
2026-04,SKU-16,North,Grocery,2026-03-31,calendar_plan_v1_no_realized_demand,1062,3318.54,1032,1017,3177.92
2026-04,SKU-16,North,Wholesale,2026-03-31,calendar_plan_v1_no_realized_demand,916,2862.32,886,889,2777.95
2026-04,SKU-16,South,Convenience,2026-03-31,calendar_plan_v1_no_realized_demand,578,1616.92,548,545,1524.6
2026-04,SKU-16,South,Ecommerce,2026-03-31,calendar_plan_v1_no_realized_demand,540,1510.62,510,510,1426.69
2026-04,SKU-16,South,Grocery,2026-03-31,calendar_plan_v1_no_realized_demand,916,2562.46,886,886,2478.53
2026-04,SKU-16,South,Wholesale,2026-03-31,calendar_plan_v1_no_realized_demand,796,2226.76,766,769,2151.23
2026-04,SKU-16,West,Convenience,2026-03-31,calendar_plan_v1_no_realized_demand,492,1420.27,462,459,1325.0
2026-04,SKU-16,West,Ecommerce,2026-03-31,calendar_plan_v1_no_realized_demand,456,1316.34,426,421,1215.31
2026-04,SKU-16,West,Grocery,2026-03-31,calendar_plan_v1_no_realized_demand,768,2217.0,738,725,2092.87
2026-04,SKU-16,West,Wholesale,2026-03-31,calendar_plan_v1_no_realized_demand,668,1928.33,638,637,1838.84
2026-05,SKU-01,Central,Convenience,2026-04-30,calendar_plan_v1_no_realized_demand,1419,2996.93,1357,1373,2899.78
2026-05,SKU-01,Central,Ecommerce,2026-04-30,calendar_plan_v1_no_realized_demand,1326,2800.51,1268,1262,2665.34
2026-05,SKU-01,Central,Grocery,2026-04-30,calendar_plan_v1_no_realized_demand,2297,4851.26,2204,2204,4654.85
2026-05,SKU-01,Central,Wholesale,2026-04-30,calendar_plan_v1_no_realized_demand,1972,4164.86,1900,1893,3998.02
2026-05,SKU-01,North,Convenience,2026-04-30,calendar_plan_v1_no_realized_demand,1326,2940.54,1268,1263,2800.83
2026-05,SKU-01,North,Ecommerce,2026-04-30,calendar_plan_v1_no_realized_demand,1216,2696.6,1175,1159,2570.2
2026-05,SKU-01,North,Grocery,2026-04-30,calendar_plan_v1_no_realized_demand,2140,4745.66,2051,2043,4530.56
2026-05,SKU-01,North,Wholesale,2026-04-30,calendar_plan_v1_no_realized_demand,1828,4053.77,1766,1771,3927.37
2026-05,SKU-01,South,Convenience,2026-04-30,calendar_plan_v1_no_realized_demand,1127,2237.41,1086,1083,2150.06
2026-05,SKU-01,South,Ecommerce,2026-04-30,calendar_plan_v1_no_realized_demand,1045,2074.62,1014,1027,2038.88
2026-05,SKU-01,South,Grocery,2026-04-30,calendar_plan_v1_no_realized_demand,1830,3633.06,1768,1782,3537.77
2026-05,SKU-01,South,Wholesale,2026-04-30,calendar_plan_v1_no_realized_demand,1584,3144.68,1522,1529,3035.49
2026-05,SKU-01,West,Convenience,2026-04-30,calendar_plan_v1_no_realized_demand,952,1950.31,921,925,1894.99
2026-05,SKU-01,West,Ecommerce,2026-04-30,calendar_plan_v1_no_realized_demand,890,1823.29,859,856,1753.64
2026-05,SKU-01,West,Grocery,2026-04-30,calendar_plan_v1_no_realized_demand,1553,3181.54,1491,1498,3068.86
2026-05,SKU-01,West,Wholesale,2026-04-30,calendar_plan_v1_no_realized_demand,1353,2771.81,1295,1281,2624.31
2026-05,SKU-02,Central,Convenience,2026-04-30,calendar_plan_v1_no_realized_demand,1648,2847.74,1586,1575,2721.6
2026-05,SKU-02,Central,Ecommerce,2026-04-30,calendar_plan_v1_no_realized_demand,1553,2683.58,1491,1489,2572.99
2026-05,SKU-02,Central,Grocery,2026-04-30,calendar_plan_v1_no_realized_demand,2697,4660.42,2594,2608,4506.62
2026-05,SKU-02,Central,Wholesale,2026-04-30,calendar_plan_v1_no_realized_demand,2340,4043.52,2247,2288,3953.66
2026-05,SKU-02,North,Convenience,2026-04-30,calendar_plan_v1_no_realized_demand,1547,2806.88,1485,1473,2672.61
2026-05,SKU-02,North,Ecommerce,2026-04-30,calendar_plan_v1_no_realized_demand,1450,2630.88,1388,1391,2523.83
2026-05,SKU-02,North,Grocery,2026-04-30,calendar_plan_v1_no_realized_demand,2503,4541.44,2410,2438,4423.51
2026-05,SKU-02,North,Wholesale,2026-04-30,calendar_plan_v1_no_realized_demand,2171,3939.06,2082,2078,3770.32
2026-05,SKU-02,South,Convenience,2026-04-30,calendar_plan_v1_no_realized_demand,1337,2171.72,1279,1291,2097.0
2026-05,SKU-02,South,Ecommerce,2026-04-30,calendar_plan_v1_no_realized_demand,1264,2053.14,1206,1203,1954.06
2026-05,SKU-02,South,Grocery,2026-04-30,calendar_plan_v1_no_realized_demand,2171,3526.4,2082,2087,3389.96
2026-05,SKU-02,South,Wholesale,2026-04-30,calendar_plan_v1_no_realized_demand,1863,3026.11,1799,1807,2935.15
2026-05,SKU-02,West,Convenience,2026-04-30,calendar_plan_v1_no_realized_demand,1119,1875.62,1080,1091,1828.69
2026-05,SKU-02,West,Ecommerce,2026-04-30,calendar_plan_v1_no_realized_demand,1041,1744.88,1010,1001,1677.84
2026-05,SKU-02,West,Grocery,2026-04-30,calendar_plan_v1_no_realized_demand,1811,3035.53,1749,1755,2941.66
2026-05,SKU-02,West,Wholesale,2026-04-30,calendar_plan_v1_no_realized_demand,1584,2655.04,1522,1527,2559.5
2026-05,SKU-03,Central,Convenience,2026-04-30,calendar_plan_v1_no_realized_demand,1154,2880.38,1113,1115,2783.04
2026-05,SKU-03,Central,Ecommerce,2026-04-30,calendar_plan_v1_no_realized_demand,1072,2675.71,1041,1040,2595.84
2026-05,SKU-03,Central,Grocery,2026-04-30,calendar_plan_v1_no_realized_demand,1883,4699.97,1811,1795,4480.32
2026-05,SKU-03,Central,Wholesale,2026-04-30,calendar_plan_v1_no_realized_demand,1622,4048.51,1560,1532,3823.87
2026-05,SKU-03,North,Convenience,2026-04-30,calendar_plan_v1_no_realized_demand,1072,2809.5,1041,1040,2725.63
2026-05,SKU-03,North,Ecommerce,2026-04-30,calendar_plan_v1_no_realized_demand,1010,2647.01,979,977,2560.52
2026-05,SKU-03,North,Grocery,2026-04-30,calendar_plan_v1_no_realized_demand,1745,4573.3,1683,1694,4439.64
2026-05,SKU-03,North,Wholesale,2026-04-30,calendar_plan_v1_no_realized_demand,1520,3983.62,1458,1471,3855.2
2026-05,SKU-03,South,Convenience,2026-04-30,calendar_plan_v1_no_realized_demand,921,2160.89,890,887,2081.11
2026-05,SKU-03,South,Ecommerce,2026-04-30,calendar_plan_v1_no_realized_demand,865,2029.5,834,836,1961.46
2026-05,SKU-03,South,Grocery,2026-04-30,calendar_plan_v1_no_realized_demand,1522,3570.98,1460,1467,3441.93
2026-05,SKU-03,South,Wholesale,2026-04-30,calendar_plan_v1_no_realized_demand,1326,3111.11,1268,1272,2984.42
2026-05,SKU-03,West,Convenience,2026-04-30,calendar_plan_v1_no_realized_demand,787,1905.42,756,747,1808.58
2026-05,SKU-03,West,Ecommerce,2026-04-30,calendar_plan_v1_no_realized_demand,739,1789.21,708,699,1692.36
2026-05,SKU-03,West,Grocery,2026-04-30,calendar_plan_v1_no_realized_demand,1295,3135.35,1237,1215,2941.66
2026-05,SKU-03,West,Wholesale,2026-04-30,calendar_plan_v1_no_realized_demand,1095,2651.13,1064,1067,2583.34
2026-05,SKU-04,Central,Convenience,2026-04-30,calendar_plan_v1_no_realized_demand,1072,2778.62,1041,1038,2690.5
2026-05,SKU-04,Central,Ecommerce,2026-04-30,calendar_plan_v1_no_realized_demand,1010,2617.92,979,965,2501.28
2026-05,SKU-04,Central,Grocery,2026-04-30,calendar_plan_v1_no_realized_demand,1743,4517.86,1681,1675,4341.6
2026-05,SKU-04,Central,Wholesale,2026-04-30,calendar_plan_v1_no_realized_demand,1518,3934.66,1456,1480,3836.16
2026-05,SKU-04,North,Convenience,2026-04-30,calendar_plan_v1_no_realized_demand,985,2680.78,954,957,2604.57
2026-05,SKU-04,North,Ecommerce,2026-04-30,calendar_plan_v1_no_realized_demand,921,2506.59,890,889,2419.5
2026-05,SKU-04,North,Grocery,2026-04-30,calendar_plan_v1_no_realized_demand,1615,4395.38,1553,1521,4139.55
2026-05,SKU-04,North,Wholesale,2026-04-30,calendar_plan_v1_no_realized_demand,1419,3861.95,1357,1360,3701.38
2026-05,SKU-04,South,Convenience,2026-04-30,calendar_plan_v1_no_realized_demand,859,2092.94,828,836,2036.9
2026-05,SKU-04,South,Ecommerce,2026-04-30,calendar_plan_v1_no_realized_demand,818,1993.04,968,966,2353.64
2026-05,SKU-04,South,Grocery,2026-04-30,calendar_plan_v1_no_realized_demand,1419,3457.37,1357,1361,3316.05
2026-05,SKU-04,South,Wholesale,2026-04-30,calendar_plan_v1_no_realized_demand,1216,2962.76,1175,1156,2816.57
2026-05,SKU-04,West,Convenience,2026-04-30,calendar_plan_v1_no_realized_demand,725,1822.82,694,690,1734.83
2026-05,SKU-04,West,Ecommerce,2026-04-30,calendar_plan_v1_no_realized_demand,694,1744.88,663,660,1659.4
2026-05,SKU-04,West,Grocery,2026-04-30,calendar_plan_v1_no_realized_demand,1185,2979.37,1144,1129,2838.58
2026-05,SKU-04,West,Wholesale,2026-04-30,calendar_plan_v1_no_realized_demand,1014,2549.44,983,979,2461.44
2026-05,SKU-05,Central,Convenience,2026-04-30,calendar_plan_v1_no_realized_demand,890,3246.72,859,846,3086.21
2026-05,SKU-05,Central,Ecommerce,2026-04-30,calendar_plan_v1_no_realized_demand,829,3024.19,798,788,2874.62
2026-05,SKU-05,Central,Grocery,2026-04-30,calendar_plan_v1_no_realized_demand,1464,5340.67,1402,1389,5067.07
2026-05,SKU-05,Central,Wholesale,2026-04-30,calendar_plan_v1_no_realized_demand,1264,4611.07,1206,1203,4388.54
2026-05,SKU-05,North,Convenience,2026-04-30,calendar_plan_v1_no_realized_demand,828,3171.57,797,800,3064.32
2026-05,SKU-05,North,Ecommerce,2026-04-30,calendar_plan_v1_no_realized_demand,787,3014.52,756,758,2903.44
2026-05,SKU-05,North,Grocery,2026-04-30,calendar_plan_v1_no_realized_demand,1361,5213.17,1299,1299,4975.69
2026-05,SKU-05,North,Wholesale,2026-04-30,calendar_plan_v1_no_realized_demand,1166,4466.25,1125,1135,4347.5
2026-05,SKU-05,South,Convenience,2026-04-30,calendar_plan_v1_no_realized_demand,725,2486.11,694,700,2400.38
2026-05,SKU-05,South,Ecommerce,2026-04-30,calendar_plan_v1_no_realized_demand,671,2300.94,640,642,2201.5
2026-05,SKU-05,South,Grocery,2026-04-30,calendar_plan_v1_no_realized_demand,1169,4008.64,1128,1126,3861.19
2026-05,SKU-05,South,Wholesale,2026-04-30,calendar_plan_v1_no_realized_demand,1010,3463.41,979,975,3343.39
2026-05,SKU-05,West,Convenience,2026-04-30,calendar_plan_v1_no_realized_demand,605,2140.83,574,579,2048.83
2026-05,SKU-05,West,Ecommerce,2026-04-30,calendar_plan_v1_no_realized_demand,574,2031.13,543,545,1928.52
2026-05,SKU-05,West,Grocery,2026-04-30,calendar_plan_v1_no_realized_demand,983,3478.4,952,945,3343.94
2026-05,SKU-05,West,Wholesale,2026-04-30,calendar_plan_v1_no_realized_demand,849,3004.24,818,834,2951.16
2026-05,SKU-06,Central,Convenience,2026-04-30,calendar_plan_v1_no_realized_demand,820,3621.12,789,787,3475.39
2026-05,SKU-06,Central,Ecommerce,2026-04-30,calendar_plan_v1_no_realized_demand,766,3382.66,735,745,3289.92
2026-05,SKU-06,Central,Grocery,2026-04-30,calendar_plan_v1_no_realized_demand,1349,5957.18,1291,1283,5665.73
2026-05,SKU-06,Central,Wholesale,2026-04-30,calendar_plan_v1_no_realized_demand,1150,5078.4,1109,1114,4919.42
2026-05,SKU-06,North,Convenience,2026-04-30,calendar_plan_v1_no_realized_demand,762,3533.24,731,728,3375.59
2026-05,SKU-06,North,Ecommerce,2026-04-30,calendar_plan_v1_no_realized_demand,725,3361.68,694,694,3217.94
2026-05,SKU-06,North,Grocery,2026-04-30,calendar_plan_v1_no_realized_demand,1254,5814.55,1196,1198,5554.89
2026-05,SKU-06,North,Wholesale,2026-04-30,calendar_plan_v1_no_realized_demand,1070,4961.38,1039,1051,4873.28
2026-05,SKU-06,South,Convenience,2026-04-30,calendar_plan_v1_no_realized_demand,663,2752.14,632,630,2615.16
2026-05,SKU-06,South,Ecommerce,2026-04-30,calendar_plan_v1_no_realized_demand,632,2623.46,601,606,2515.53
2026-05,SKU-06,South,Grocery,2026-04-30,calendar_plan_v1_no_realized_demand,1072,4449.91,1041,1053,4371.05
2026-05,SKU-06,South,Wholesale,2026-04-30,calendar_plan_v1_no_realized_demand,921,3823.11,890,892,3702.73
2026-05,SKU-06,West,Convenience,2026-04-30,calendar_plan_v1_no_realized_demand,574,2458.74,543,545,2334.52
2026-05,SKU-06,West,Ecommerce,2026-04-30,calendar_plan_v1_no_realized_demand,533,2283.12,502,504,2158.89
2026-05,SKU-06,West,Grocery,2026-04-30,calendar_plan_v1_no_realized_demand,890,3812.33,859,866,3709.53
2026-05,SKU-06,West,Wholesale,2026-04-30,calendar_plan_v1_no_realized_demand,787,3371.13,756,764,3272.61
2026-05,SKU-07,Central,Convenience,2026-04-30,calendar_plan_v1_no_realized_demand,756,3048.19,725,721,2907.07
2026-05,SKU-07,Central,Ecommerce,2026-04-30,calendar_plan_v1_no_realized_demand,698,2814.34,667,665,2681.28
2026-05,SKU-07,Central,Grocery,2026-04-30,calendar_plan_v1_no_realized_demand,1213,4890.82,1172,1143,4608.58
2026-05,SKU-07,Central,Wholesale,2026-04-30,calendar_plan_v1_no_realized_demand,1041,4197.31,1010,1015,4092.48
2026-05,SKU-07,North,Convenience,2026-04-30,calendar_plan_v1_no_realized_demand,694,2938.12,663,659,2789.94
2026-05,SKU-07,North,Ecommerce,2026-04-30,calendar_plan_v1_no_realized_demand,663,2806.88,632,635,2688.34
2026-05,SKU-07,North,Grocery,2026-04-30,calendar_plan_v1_no_realized_demand,1125,4762.8,1084,1091,4618.86
2026-05,SKU-07,North,Wholesale,2026-04-30,calendar_plan_v1_no_realized_demand,977,4136.23,946,956,4047.32
2026-05,SKU-07,South,Convenience,2026-04-30,calendar_plan_v1_no_realized_demand,605,2293.0,574,583,2209.62
2026-05,SKU-07,South,Ecommerce,2026-04-30,calendar_plan_v1_no_realized_demand,574,2175.51,543,542,2054.22
2026-05,SKU-07,South,Grocery,2026-04-30,calendar_plan_v1_no_realized_demand,979,3710.49,948,933,3536.14
2026-05,SKU-07,South,Wholesale,2026-04-30,calendar_plan_v1_no_realized_demand,848,3213.99,936,944,3577.84
2026-05,SKU-07,West,Convenience,2026-04-30,calendar_plan_v1_no_realized_demand,512,2002.45,481,480,1877.3
2026-05,SKU-07,West,Ecommerce,2026-04-30,calendar_plan_v1_no_realized_demand,481,1881.21,450,450,1759.97
2026-05,SKU-07,West,Grocery,2026-04-30,calendar_plan_v1_no_realized_demand,818,3199.23,787,787,3077.99
2026-05,SKU-07,West,Wholesale,2026-04-30,calendar_plan_v1_no_realized_demand,725,2835.5,694,698,2729.91
2026-05,SKU-08,Central,Convenience,2026-04-30,calendar_plan_v1_no_realized_demand,669,3146.98,638,635,2987.04
2026-05,SKU-08,Central,Ecommerce,2026-04-30,calendar_plan_v1_no_realized_demand,636,2991.74,605,606,2850.62
2026-05,SKU-08,Central,Grocery,2026-04-30,calendar_plan_v1_no_realized_demand,1078,5070.91,1047,1041,4896.86
2026-05,SKU-08,Central,Wholesale,2026-04-30,calendar_plan_v1_no_realized_demand,944,4440.58,913,912,4290.05
2026-05,SKU-08,North,Convenience,2026-04-30,calendar_plan_v1_no_realized_demand,632,3121.57,601,605,2988.22
2026-05,SKU-08,North,Ecommerce,2026-04-30,calendar_plan_v1_no_realized_demand,599,2958.58,568,564,2785.71
2026-05,SKU-08,North,Grocery,2026-04-30,calendar_plan_v1_no_realized_demand,1010,4988.59,979,977,4825.6
2026-05,SKU-08,North,Wholesale,2026-04-30,calendar_plan_v1_no_realized_demand,877,4331.68,846,855,4223.02
2026-05,SKU-08,South,Convenience,2026-04-30,calendar_plan_v1_no_realized_demand,543,2401.02,512,511,2259.52
2026-05,SKU-08,South,Ecommerce,2026-04-30,calendar_plan_v1_no_realized_demand,512,2263.94,481,484,2140.13
2026-05,SKU-08,South,Grocery,2026-04-30,calendar_plan_v1_no_realized_demand,878,3882.31,982,972,4297.95
2026-05,SKU-08,South,Wholesale,2026-04-30,calendar_plan_v1_no_realized_demand,756,3342.85,725,723,3196.93
2026-05,SKU-08,West,Convenience,2026-04-30,calendar_plan_v1_no_realized_demand,471,2149.12,440,435,1984.85
2026-05,SKU-08,West,Ecommerce,2026-04-30,calendar_plan_v1_no_realized_demand,436,1989.42,409,409,1866.22
2026-05,SKU-08,West,Grocery,2026-04-30,calendar_plan_v1_no_realized_demand,739,3371.97,708,710,3239.64
2026-05,SKU-08,West,Wholesale,2026-04-30,calendar_plan_v1_no_realized_demand,636,2901.99,605,600,2737.73
2026-05,SKU-09,Central,Convenience,2026-04-30,calendar_plan_v1_no_realized_demand,1677,2736.86,1615,1610,2627.52
2026-05,SKU-09,Central,Ecommerce,2026-04-30,calendar_plan_v1_no_realized_demand,1580,2578.56,1518,1527,2492.06
2026-05,SKU-09,Central,Grocery,2026-04-30,calendar_plan_v1_no_realized_demand,2728,4452.1,2625,2653,4329.7
2026-05,SKU-09,Central,Wholesale,2026-04-30,calendar_plan_v1_no_realized_demand,2371,3869.47,2278,2292,3740.54
2026-05,SKU-09,North,Convenience,2026-04-30,calendar_plan_v1_no_realized_demand,1560,2673.22,1498,1507,2582.4
2026-05,SKU-09,North,Ecommerce,2026-04-30,calendar_plan_v1_no_realized_demand,1464,2508.71,1402,1403,2404.18
2026-05,SKU-09,North,Grocery,2026-04-30,calendar_plan_v1_no_realized_demand,2536,4345.69,2443,2421,4148.63
2026-05,SKU-09,North,Wholesale,2026-04-30,calendar_plan_v1_no_realized_demand,2198,3766.49,2109,2112,3619.12
2026-05,SKU-09,South,Convenience,2026-04-30,calendar_plan_v1_no_realized_demand,1361,2087.88,1299,1297,1989.7
2026-05,SKU-09,South,Ecommerce,2026-04-30,calendar_plan_v1_no_realized_demand,1264,1939.08,1206,1224,1877.71
2026-05,SKU-09,South,Grocery,2026-04-30,calendar_plan_v1_no_realized_demand,2201,3376.51,2112,2112,3239.98
2026-05,SKU-09,South,Wholesale,2026-04-30,calendar_plan_v1_no_realized_demand,1895,2907.08,1823,1810,2776.68
2026-05,SKU-09,West,Convenience,2026-04-30,calendar_plan_v1_no_realized_demand,1144,1811.0,1103,1106,1750.84
2026-05,SKU-09,West,Ecommerce,2026-04-30,calendar_plan_v1_no_realized_demand,1055,1670.11,1024,1022,1617.87
2026-05,SKU-09,West,Grocery,2026-04-30,calendar_plan_v1_no_realized_demand,1842,2915.96,1780,1763,2790.9
2026-05,SKU-09,West,Wholesale,2026-04-30,calendar_plan_v1_no_realized_demand,1597,2528.11,1535,1519,2404.64
2026-05,SKU-10,Central,Convenience,2026-04-30,calendar_plan_v1_no_realized_demand,1154,3212.74,1113,1094,3045.7
2026-05,SKU-10,Central,Ecommerce,2026-04-30,calendar_plan_v1_no_realized_demand,1072,2984.45,1041,1034,2878.66
2026-05,SKU-10,Central,Grocery,2026-04-30,calendar_plan_v1_no_realized_demand,1882,5239.49,1810,1787,4975.01
2026-05,SKU-10,Central,Wholesale,2026-04-30,calendar_plan_v1_no_realized_demand,1615,4496.16,1553,1555,4329.12
2026-05,SKU-10,North,Convenience,2026-04-30,calendar_plan_v1_no_realized_demand,1072,3133.67,1041,1040,3040.13
2026-05,SKU-10,North,Ecommerce,2026-04-30,calendar_plan_v1_no_realized_demand,1010,2952.43,979,981,2867.66
2026-05,SKU-10,North,Grocery,2026-04-30,calendar_plan_v1_no_realized_demand,1739,5083.44,1677,1669,4878.82
2026-05,SKU-10,North,Wholesale,2026-04-30,calendar_plan_v1_no_realized_demand,1514,4425.72,1452,1454,4250.33
2026-05,SKU-10,South,Convenience,2026-04-30,calendar_plan_v1_no_realized_demand,921,2410.22,890,899,2352.65
2026-05,SKU-10,South,Ecommerce,2026-04-30,calendar_plan_v1_no_realized_demand,859,2247.97,828,821,2148.52
2026-05,SKU-10,South,Grocery,2026-04-30,calendar_plan_v1_no_realized_demand,1514,3962.08,1452,1460,3820.76
2026-05,SKU-10,South,Wholesale,2026-04-30,calendar_plan_v1_no_realized_demand,1322,3459.62,1264,1270,3323.54
2026-05,SKU-10,West,Convenience,2026-04-30,calendar_plan_v1_no_realized_demand,787,2125.28,756,745,2011.86
2026-05,SKU-10,West,Ecommerce,2026-04-30,calendar_plan_v1_no_realized_demand,732,1976.75,701,688,1857.93
2026-05,SKU-10,West,Grocery,2026-04-30,calendar_plan_v1_no_realized_demand,1293,3491.72,1235,1241,3351.3
2026-05,SKU-10,West,Wholesale,2026-04-30,calendar_plan_v1_no_realized_demand,1086,2932.72,1055,1059,2859.81
2026-05,SKU-11,Central,Convenience,2026-04-30,calendar_plan_v1_no_realized_demand,1010,3199.68,979,975,3088.8
2026-05,SKU-11,Central,Ecommerce,2026-04-30,calendar_plan_v1_no_realized_demand,944,2990.59,913,921,2917.73
2026-05,SKU-11,Central,Grocery,2026-04-30,calendar_plan_v1_no_realized_demand,1646,5214.53,1584,1577,4995.94
2026-05,SKU-11,Central,Wholesale,2026-04-30,calendar_plan_v1_no_realized_demand,1422,4504.9,1360,1347,4267.3
2026-05,SKU-11,North,Convenience,2026-04-30,calendar_plan_v1_no_realized_demand,924,3073.59,893,888,2953.84
2026-05,SKU-11,North,Ecommerce,2026-04-30,calendar_plan_v1_no_realized_demand,877,2917.25,846,853,2837.42
2026-05,SKU-11,North,Grocery,2026-04-30,calendar_plan_v1_no_realized_demand,1524,5069.43,1462,1443,4800.0
2026-05,SKU-11,North,Wholesale,2026-04-30,calendar_plan_v1_no_realized_demand,1326,4410.81,1268,1259,4187.94
2026-05,SKU-11,South,Convenience,2026-04-30,calendar_plan_v1_no_realized_demand,818,2435.94,943,940,2799.24
2026-05,SKU-11,South,Ecommerce,2026-04-30,calendar_plan_v1_no_realized_demand,756,2251.31,725,730,2173.88
2026-05,SKU-11,South,Grocery,2026-04-30,calendar_plan_v1_no_realized_demand,1326,3948.72,1268,1272,3787.91
2026-05,SKU-11,South,Wholesale,2026-04-30,calendar_plan_v1_no_realized_demand,1139,3391.85,1098,1095,3260.82
2026-05,SKU-11,West,Convenience,2026-04-30,calendar_plan_v1_no_realized_demand,694,2132.63,663,662,2034.3
2026-05,SKU-11,West,Ecommerce,2026-04-30,calendar_plan_v1_no_realized_demand,636,1954.4,605,604,1856.07
2026-05,SKU-11,West,Grocery,2026-04-30,calendar_plan_v1_no_realized_demand,1103,3389.47,1072,1074,3300.36
2026-05,SKU-11,West,Wholesale,2026-04-30,calendar_plan_v1_no_realized_demand,952,2925.46,921,917,2817.9
2026-05,SKU-12,Central,Convenience,2026-04-30,calendar_plan_v1_no_realized_demand,921,3182.98,890,896,3096.58
2026-05,SKU-12,Central,Ecommerce,2026-04-30,calendar_plan_v1_no_realized_demand,874,3020.54,843,854,2951.42
2026-05,SKU-12,Central,Grocery,2026-04-30,calendar_plan_v1_no_realized_demand,1522,5260.03,1460,1461,5049.22
2026-05,SKU-12,Central,Wholesale,2026-04-30,calendar_plan_v1_no_realized_demand,1326,4582.66,1268,1269,4385.66
2026-05,SKU-12,North,Convenience,2026-04-30,calendar_plan_v1_no_realized_demand,859,3117.14,986,999,3625.17
2026-05,SKU-12,North,Ecommerce,2026-04-30,calendar_plan_v1_no_realized_demand,818,2968.36,787,775,2812.32
2026-05,SKU-12,North,Grocery,2026-04-30,calendar_plan_v1_no_realized_demand,1419,5149.27,1357,1367,4960.57
2026-05,SKU-12,North,Wholesale,2026-04-30,calendar_plan_v1_no_realized_demand,1216,4412.62,1175,1196,4340.04
2026-05,SKU-12,South,Convenience,2026-04-30,calendar_plan_v1_no_realized_demand,756,2455.97,885,881,2862.05
2026-05,SKU-12,South,Ecommerce,2026-04-30,calendar_plan_v1_no_realized_demand,698,2267.55,667,665,2160.35
2026-05,SKU-12,South,Grocery,2026-04-30,calendar_plan_v1_no_realized_demand,1216,3950.35,1175,1183,3843.14
2026-05,SKU-12,South,Wholesale,2026-04-30,calendar_plan_v1_no_realized_demand,1041,3381.83,1010,1017,3303.87
2026-05,SKU-12,West,Convenience,2026-04-30,calendar_plan_v1_no_realized_demand,636,2132.08,605,605,2028.15
2026-05,SKU-12,West,Ecommerce,2026-04-30,calendar_plan_v1_no_realized_demand,605,2028.15,574,578,1937.64
2026-05,SKU-12,West,Grocery,2026-04-30,calendar_plan_v1_no_realized_demand,1014,3399.25,983,979,3281.92
2026-05,SKU-12,West,Wholesale,2026-04-30,calendar_plan_v1_no_realized_demand,890,2983.56,859,857,2872.94
2026-05,SKU-13,Central,Convenience,2026-04-30,calendar_plan_v1_no_realized_demand,859,2638.85,828,839,2577.41
2026-05,SKU-13,Central,Ecommerce,2026-04-30,calendar_plan_v1_no_realized_demand,797,2448.38,766,774,2377.73
2026-05,SKU-13,Central,Grocery,2026-04-30,calendar_plan_v1_no_realized_demand,1402,4306.94,1340,1356,4165.63
2026-05,SKU-13,Central,Wholesale,2026-04-30,calendar_plan_v1_no_realized_demand,1206,3704.83,1165,1160,3563.52
2026-05,SKU-13,North,Convenience,2026-04-30,calendar_plan_v1_no_realized_demand,797,2570.8,766,771,2486.94
2026-05,SKU-13,North,Ecommerce,2026-04-30,calendar_plan_v1_no_realized_demand,756,2438.55,725,730,2354.69
2026-05,SKU-13,North,Grocery,2026-04-30,calendar_plan_v1_no_realized_demand,1295,4177.15,1237,1248,4025.55
2026-05,SKU-13,North,Wholesale,2026-04-30,calendar_plan_v1_no_realized_demand,1103,3557.84,1072,1083,3493.32
2026-05,SKU-13,South,Convenience,2026-04-30,calendar_plan_v1_no_realized_demand,694,2004.05,663,656,1894.32
2026-05,SKU-13,South,Ecommerce,2026-04-30,calendar_plan_v1_no_realized_demand,663,1914.53,632,639,1845.23
2026-05,SKU-13,South,Grocery,2026-04-30,calendar_plan_v1_no_realized_demand,1103,3185.11,1072,1087,3138.91
2026-05,SKU-13,South,Wholesale,2026-04-30,calendar_plan_v1_no_realized_demand,952,2749.07,921,925,2671.1
2026-05,SKU-13,West,Convenience,2026-04-30,calendar_plan_v1_no_realized_demand,591,1761.09,560,558,1662.75
2026-05,SKU-13,West,Ecommerce,2026-04-30,calendar_plan_v1_no_realized_demand,560,1668.71,529,524,1561.44
2026-05,SKU-13,West,Grocery,2026-04-30,calendar_plan_v1_no_realized_demand,948,2824.89,917,907,2702.71
2026-05,SKU-13,West,Wholesale,2026-04-30,calendar_plan_v1_no_realized_demand,818,2437.51,971,959,2857.67
2026-05,SKU-14,Central,Convenience,2026-04-30,calendar_plan_v1_no_realized_demand,725,2575.2,694,693,2461.54
2026-05,SKU-14,Central,Ecommerce,2026-04-30,calendar_plan_v1_no_realized_demand,667,2369.18,636,650,2308.8
2026-05,SKU-14,Central,Grocery,2026-04-30,calendar_plan_v1_no_realized_demand,1149,4081.25,1108,1091,3875.23
2026-05,SKU-14,Central,Wholesale,2026-04-30,calendar_plan_v1_no_realized_demand,983,3491.62,952,950,3374.4
2026-05,SKU-14,North,Convenience,2026-04-30,calendar_plan_v1_no_realized_demand,663,2472.72,632,632,2357.11
2026-05,SKU-14,North,Ecommerce,2026-04-30,calendar_plan_v1_no_realized_demand,632,2357.11,601,592,2207.92
2026-05,SKU-14,North,Grocery,2026-04-30,calendar_plan_v1_no_realized_demand,1068,3983.21,1037,1032,3848.95
2026-05,SKU-14,North,Wholesale,2026-04-30,calendar_plan_v1_no_realized_demand,921,3434.96,890,892,3326.8
2026-05,SKU-14,South,Convenience,2026-04-30,calendar_plan_v1_no_realized_demand,574,1916.52,543,546,1823.03
2026-05,SKU-14,South,Ecommerce,2026-04-30,calendar_plan_v1_no_realized_demand,543,1813.01,512,505,1686.13
2026-05,SKU-14,South,Grocery,2026-04-30,calendar_plan_v1_no_realized_demand,921,3075.11,890,883,2948.23
2026-05,SKU-14,South,Wholesale,2026-04-30,calendar_plan_v1_no_realized_demand,797,2661.09,766,764,2550.9
2026-05,SKU-14,West,Convenience,2026-04-30,calendar_plan_v1_no_realized_demand,498,1715.83,467,470,1619.36
2026-05,SKU-14,West,Ecommerce,2026-04-30,calendar_plan_v1_no_realized_demand,471,1622.8,440,443,1526.33
2026-05,SKU-14,West,Grocery,2026-04-30,calendar_plan_v1_no_realized_demand,787,2711.56,756,757,2608.2
2026-05,SKU-14,West,Wholesale,2026-04-30,calendar_plan_v1_no_realized_demand,679,2339.45,648,648,2232.65
2026-05,SKU-15,Central,Convenience,2026-04-30,calendar_plan_v1_no_realized_demand,636,2686.46,605,604,2551.3
2026-05,SKU-15,Central,Ecommerce,2026-04-30,calendar_plan_v1_no_realized_demand,605,2555.52,574,573,2420.35
2026-05,SKU-15,Central,Grocery,2026-04-30,calendar_plan_v1_no_realized_demand,1015,4287.36,984,980,4139.52
2026-05,SKU-15,Central,Wholesale,2026-04-30,calendar_plan_v1_no_realized_demand,890,3759.36,859,864,3649.54
2026-05,SKU-15,North,Convenience,2026-04-30,calendar_plan_v1_no_realized_demand,602,2669.99,571,572,2536.93
2026-05,SKU-15,North,Ecommerce,2026-04-30,calendar_plan_v1_no_realized_demand,560,2483.71,529,529,2346.22
2026-05,SKU-15,North,Grocery,2026-04-30,calendar_plan_v1_no_realized_demand,952,4222.31,921,922,4089.25
2026-05,SKU-15,North,Wholesale,2026-04-30,calendar_plan_v1_no_realized_demand,828,3672.35,797,807,3579.21
2026-05,SKU-15,South,Convenience,2026-04-30,calendar_plan_v1_no_realized_demand,519,2060.72,488,486,1929.69
2026-05,SKU-15,South,Ecommerce,2026-04-30,calendar_plan_v1_no_realized_demand,486,1929.69,455,455,1806.6
2026-05,SKU-15,South,Grocery,2026-04-30,calendar_plan_v1_no_realized_demand,828,3287.62,797,790,3136.74
2026-05,SKU-15,South,Wholesale,2026-04-30,calendar_plan_v1_no_realized_demand,725,2878.66,694,692,2747.63
2026-05,SKU-15,West,Convenience,2026-04-30,calendar_plan_v1_no_realized_demand,436,1786.41,409,402,1647.11
2026-05,SKU-15,West,Ecommerce,2026-04-30,calendar_plan_v1_no_realized_demand,388,1589.74,378,380,1556.97
2026-05,SKU-15,West,Grocery,2026-04-30,calendar_plan_v1_no_realized_demand,697,2855.8,666,664,2720.59
2026-05,SKU-15,West,Wholesale,2026-04-30,calendar_plan_v1_no_realized_demand,605,2478.85,574,576,2360.03
2026-05,SKU-16,Central,Convenience,2026-04-30,calendar_plan_v1_no_realized_demand,787,2342.11,756,758,2255.81
2026-05,SKU-16,Central,Ecommerce,2026-04-30,calendar_plan_v1_no_realized_demand,733,2181.41,702,707,2104.03
2026-05,SKU-16,Central,Grocery,2026-04-30,calendar_plan_v1_no_realized_demand,1293,3847.97,1235,1240,3690.24
2026-05,SKU-16,Central,Wholesale,2026-04-30,calendar_plan_v1_no_realized_demand,1086,3231.94,1055,1052,3130.75
2026-05,SKU-16,North,Convenience,2026-04-30,calendar_plan_v1_no_realized_demand,725,2265.48,694,693,2165.49
2026-05,SKU-16,North,Ecommerce,2026-04-30,calendar_plan_v1_no_realized_demand,694,2168.61,663,670,2093.62
2026-05,SKU-16,North,Grocery,2026-04-30,calendar_plan_v1_no_realized_demand,1183,3696.64,1142,1154,3606.02
2026-05,SKU-16,North,Wholesale,2026-04-30,calendar_plan_v1_no_realized_demand,1014,3168.55,983,983,3071.68
2026-05,SKU-16,South,Convenience,2026-04-30,calendar_plan_v1_no_realized_demand,636,1779.17,605,607,1698.05
2026-05,SKU-16,South,Ecommerce,2026-04-30,calendar_plan_v1_no_realized_demand,601,1681.26,570,572,1600.14
2026-05,SKU-16,South,Grocery,2026-04-30,calendar_plan_v1_no_realized_demand,1014,2836.6,983,983,2749.88
2026-05,SKU-16,South,Wholesale,2026-04-30,calendar_plan_v1_no_realized_demand,888,2484.13,857,867,2425.38
2026-05,SKU-16,West,Convenience,2026-04-30,calendar_plan_v1_no_realized_demand,543,1567.49,512,516,1489.55
2026-05,SKU-16,West,Ecommerce,2026-04-30,calendar_plan_v1_no_realized_demand,512,1478.0,554,555,1602.13
2026-05,SKU-16,West,Grocery,2026-04-30,calendar_plan_v1_no_realized_demand,859,2479.69,828,839,2421.96
2026-05,SKU-16,West,Wholesale,2026-04-30,calendar_plan_v1_no_realized_demand,756,2182.36,725,726,2095.76
2026-06,SKU-01,Central,Convenience,2026-05-31,calendar_plan_v1_no_realized_demand,1435,3030.72,1375,1367,2887.1
2026-06,SKU-01,Central,Ecommerce,2026-05-31,calendar_plan_v1_no_realized_demand,1345,2840.64,1285,1295,2735.04
2026-06,SKU-01,Central,Grocery,2026-05-31,calendar_plan_v1_no_realized_demand,2332,4925.18,2242,2227,4703.42
2026-06,SKU-01,Central,Wholesale,2026-05-31,calendar_plan_v1_no_realized_demand,2021,4268.35,1936,1950,4118.4
2026-06,SKU-01,North,Convenience,2026-05-31,calendar_plan_v1_no_realized_demand,1337,2964.93,1277,1267,2809.7
2026-06,SKU-01,North,Ecommerce,2026-05-31,calendar_plan_v1_no_realized_demand,1242,2754.26,1187,1185,2627.86
2026-06,SKU-01,North,Grocery,2026-05-31,calendar_plan_v1_no_realized_demand,2161,4792.23,2071,2064,4577.13
2026-06,SKU-01,North,Wholesale,2026-05-31,calendar_plan_v1_no_realized_demand,1861,4126.95,1793,1790,3969.5
2026-06,SKU-01,South,Convenience,2026-05-31,calendar_plan_v1_no_realized_demand,1137,2257.26,1099,1091,2165.94
2026-06,SKU-01,South,Ecommerce,2026-05-31,calendar_plan_v1_no_realized_demand,1059,2102.41,1029,1028,2040.87
2026-06,SKU-01,South,Grocery,2026-05-31,calendar_plan_v1_no_realized_demand,1861,3694.61,1793,1783,3539.75
2026-06,SKU-01,South,Wholesale,2026-05-31,calendar_plan_v1_no_realized_demand,1610,3196.3,1550,1539,3055.35
2026-06,SKU-01,West,Convenience,2026-05-31,calendar_plan_v1_no_realized_demand,969,1985.13,939,938,1921.62
2026-06,SKU-01,West,Ecommerce,2026-05-31,calendar_plan_v1_no_realized_demand,909,1862.21,879,877,1796.66
2026-06,SKU-01,West,Grocery,2026-05-31,calendar_plan_v1_no_realized_demand,1580,3236.85,1520,1522,3118.03
2026-06,SKU-01,West,Wholesale,2026-05-31,calendar_plan_v1_no_realized_demand,1367,2800.49,1307,1308,2679.62
2026-06,SKU-02,Central,Convenience,2026-05-31,calendar_plan_v1_no_realized_demand,1678,2899.58,1618,1620,2799.36
2026-06,SKU-02,Central,Ecommerce,2026-05-31,calendar_plan_v1_no_realized_demand,1580,2730.24,1520,1520,2626.56
2026-06,SKU-02,Central,Grocery,2026-05-31,calendar_plan_v1_no_realized_demand,2729,4715.71,2631,2631,4546.37
2026-06,SKU-02,Central,Wholesale,2026-05-31,calendar_plan_v1_no_realized_demand,2366,4088.45,2276,2271,3924.29
2026-06,SKU-02,North,Convenience,2026-05-31,calendar_plan_v1_no_realized_demand,1568,2844.98,1508,1520,2757.89
2026-06,SKU-02,North,Ecommerce,2026-05-31,calendar_plan_v1_no_realized_demand,1465,2658.1,1405,1394,2529.27
2026-06,SKU-02,North,Grocery,2026-05-31,calendar_plan_v1_no_realized_demand,2536,4601.32,2438,2422,4394.48
2026-06,SKU-02,North,Wholesale,2026-05-31,calendar_plan_v1_no_realized_demand,2198,3988.05,2108,2090,3792.1
2026-06,SKU-02,South,Convenience,2026-05-31,calendar_plan_v1_no_realized_demand,1362,2212.32,1302,1301,2113.24
2026-06,SKU-02,South,Ecommerce,2026-05-31,calendar_plan_v1_no_realized_demand,1272,2066.14,1217,1216,1975.17
2026-06,SKU-02,South,Grocery,2026-05-31,calendar_plan_v1_no_realized_demand,2202,3576.75,2112,2119,3441.93
2026-06,SKU-02,South,Wholesale,2026-05-31,calendar_plan_v1_no_realized_demand,1891,3071.59,1823,1812,2943.27
2026-06,SKU-02,West,Convenience,2026-05-31,calendar_plan_v1_no_realized_demand,1135,1902.44,1097,1092,1830.37
2026-06,SKU-02,West,Ecommerce,2026-05-31,calendar_plan_v1_no_realized_demand,1059,1775.05,1029,1040,1743.21
2026-06,SKU-02,West,Grocery,2026-05-31,calendar_plan_v1_no_realized_demand,1855,3109.28,1787,1797,3012.06
2026-06,SKU-02,West,Wholesale,2026-05-31,calendar_plan_v1_no_realized_demand,1610,2698.62,1550,1531,2566.2
2026-06,SKU-03,Central,Convenience,2026-05-31,calendar_plan_v1_no_realized_demand,1165,2907.84,1127,1124,2805.5
2026-06,SKU-03,Central,Ecommerce,2026-05-31,calendar_plan_v1_no_realized_demand,1097,2738.11,1059,1053,2628.29
2026-06,SKU-03,Central,Grocery,2026-05-31,calendar_plan_v1_no_realized_demand,1919,4789.82,1851,1840,4592.64
2026-06,SKU-03,Central,Wholesale,2026-05-31,calendar_plan_v1_no_realized_demand,1648,4113.41,1588,1592,3973.63
2026-06,SKU-03,North,Convenience,2026-05-31,calendar_plan_v1_no_realized_demand,1097,2875.02,1059,1074,2814.74
2026-06,SKU-03,North,Ecommerce,2026-05-31,calendar_plan_v1_no_realized_demand,1012,2652.25,982,976,2557.9
2026-06,SKU-03,North,Grocery,2026-05-31,calendar_plan_v1_no_realized_demand,1768,4633.57,1708,1685,4416.05
2026-06,SKU-03,North,Wholesale,2026-05-31,calendar_plan_v1_no_realized_demand,1546,4051.76,1486,1489,3902.37
2026-06,SKU-03,South,Convenience,2026-05-31,calendar_plan_v1_no_realized_demand,944,2214.85,914,914,2144.46
2026-06,SKU-03,South,Ecommerce,2026-05-31,calendar_plan_v1_no_realized_demand,884,2074.08,854,865,2029.5
2026-06,SKU-03,South,Grocery,2026-05-31,calendar_plan_v1_no_realized_demand,1547,3629.63,1487,1510,3542.82
2026-06,SKU-03,South,Wholesale,2026-05-31,calendar_plan_v1_no_realized_demand,1337,3136.92,1277,1293,3033.69
2026-06,SKU-03,West,Convenience,2026-05-31,calendar_plan_v1_no_realized_demand,794,1922.37,764,773,1871.53
2026-06,SKU-03,West,Ecommerce,2026-05-31,calendar_plan_v1_no_realized_demand,756,1830.37,726,727,1760.15
2026-06,SKU-03,West,Grocery,2026-05-31,calendar_plan_v1_no_realized_demand,1307,3164.4,1247,1248,3021.56
2026-06,SKU-03,West,Wholesale,2026-05-31,calendar_plan_v1_no_realized_demand,1110,2687.44,1072,1084,2624.49
2026-06,SKU-04,Central,Convenience,2026-05-31,calendar_plan_v1_no_realized_demand,1097,2843.42,1059,1063,2755.3
2026-06,SKU-04,Central,Ecommerce,2026-05-31,calendar_plan_v1_no_realized_demand,1012,2623.1,982,986,2555.71
2026-06,SKU-04,Central,Grocery,2026-05-31,calendar_plan_v1_no_realized_demand,1768,4582.66,1708,1692,4385.66
2026-06,SKU-04,Central,Wholesale,2026-05-31,calendar_plan_v1_no_realized_demand,1544,4002.05,1484,1501,3890.59
2026-06,SKU-04,North,Convenience,2026-05-31,calendar_plan_v1_no_realized_demand,1004,2732.49,974,969,2637.23
2026-06,SKU-04,North,Ecommerce,2026-05-31,calendar_plan_v1_no_realized_demand,944,2569.19,914,923,2512.04
2026-06,SKU-04,North,Grocery,2026-05-31,calendar_plan_v1_no_realized_demand,1644,4474.31,1584,1603,4362.72
2026-06,SKU-04,North,Wholesale,2026-05-31,calendar_plan_v1_no_realized_demand,1434,3902.77,1374,1359,3698.65
2026-06,SKU-04,South,Convenience,2026-05-31,calendar_plan_v1_no_realized_demand,884,2153.85,854,859,2092.94
2026-06,SKU-04,South,Ecommerce,2026-05-31,calendar_plan_v1_no_realized_demand,824,2007.66,794,787,1917.51
2026-06,SKU-04,South,Grocery,2026-05-31,calendar_plan_v1_no_realized_demand,1434,3493.91,1374,1374,3347.72
2026-06,SKU-04,South,Wholesale,2026-05-31,calendar_plan_v1_no_realized_demand,1242,3026.11,1187,1193,2906.72
2026-06,SKU-04,West,Convenience,2026-05-31,calendar_plan_v1_no_realized_demand,739,1858.02,709,706,1775.05
2026-06,SKU-04,West,Ecommerce,2026-05-31,calendar_plan_v1_no_realized_demand,696,1749.91,666,669,1682.03
2026-06,SKU-04,West,Grocery,2026-05-31,calendar_plan_v1_no_realized_demand,1212,3047.26,1157,1150,2891.38
2026-06,SKU-04,West,Wholesale,2026-05-31,calendar_plan_v1_no_realized_demand,1029,2587.15,999,995,2501.67
2026-06,SKU-05,Central,Convenience,2026-05-31,calendar_plan_v1_no_realized_demand,912,3326.98,882,879,3206.59
2026-06,SKU-05,Central,Ecommerce,2026-05-31,calendar_plan_v1_no_realized_demand,854,3115.39,824,824,3005.95
2026-06,SKU-05,Central,Grocery,2026-05-31,calendar_plan_v1_no_realized_demand,1484,5413.63,1424,1418,5172.86
2026-06,SKU-05,Central,Wholesale,2026-05-31,calendar_plan_v1_no_realized_demand,1274,4647.55,1219,1233,4497.98
2026-06,SKU-05,North,Convenience,2026-05-31,calendar_plan_v1_no_realized_demand,846,3240.52,816,814,3117.95
2026-06,SKU-05,North,Ecommerce,2026-05-31,calendar_plan_v1_no_realized_demand,794,3041.34,764,767,2937.92
2026-06,SKU-05,North,Grocery,2026-05-31,calendar_plan_v1_no_realized_demand,1378,5278.29,1318,1307,5006.33
2026-06,SKU-05,North,Wholesale,2026-05-31,calendar_plan_v1_no_realized_demand,1201,4600.31,1147,1142,4374.32
2026-06,SKU-05,South,Convenience,2026-05-31,calendar_plan_v1_no_realized_demand,726,2489.54,696,706,2420.96
2026-06,SKU-05,South,Ecommerce,2026-05-31,calendar_plan_v1_no_realized_demand,696,2386.67,666,682,2338.66
2026-06,SKU-05,South,Grocery,2026-05-31,calendar_plan_v1_no_realized_demand,1204,4128.66,1149,1137,3898.91
2026-06,SKU-05,South,Wholesale,2026-05-31,calendar_plan_v1_no_realized_demand,1014,3477.13,984,1000,3429.12
2026-06,SKU-05,West,Convenience,2026-05-31,calendar_plan_v1_no_realized_demand,623,2204.52,593,584,2066.52
2026-06,SKU-05,West,Ecommerce,2026-05-31,calendar_plan_v1_no_realized_demand,581,2055.9,551,550,1946.21
2026-06,SKU-05,West,Grocery,2026-05-31,calendar_plan_v1_no_realized_demand,999,3535.02,969,966,3418.25
2026-06,SKU-05,West,Wholesale,2026-05-31,calendar_plan_v1_no_realized_demand,854,3021.93,824,833,2947.62
2026-06,SKU-06,Central,Convenience,2026-05-31,calendar_plan_v1_no_realized_demand,824,3638.78,794,802,3541.63
2026-06,SKU-06,Central,Ecommerce,2026-05-31,calendar_plan_v1_no_realized_demand,786,3470.98,756,751,3316.42
2026-06,SKU-06,Central,Grocery,2026-05-31,calendar_plan_v1_no_realized_demand,1363,6019.01,1303,1286,5678.98
2026-06,SKU-06,Central,Wholesale,2026-05-31,calendar_plan_v1_no_realized_demand,1165,5144.64,1127,1121,4950.34
2026-06,SKU-06,North,Convenience,2026-05-31,calendar_plan_v1_no_realized_demand,786,3644.52,756,764,3542.52
2026-06,SKU-06,North,Ecommerce,2026-05-31,calendar_plan_v1_no_realized_demand,726,3366.32,696,697,3231.85
2026-06,SKU-06,North,Grocery,2026-05-31,calendar_plan_v1_no_realized_demand,1272,5898.01,1217,1240,5749.63
2026-06,SKU-06,North,Wholesale,2026-05-31,calendar_plan_v1_no_realized_demand,1080,5007.74,1042,1035,4799.09
2026-06,SKU-06,South,Convenience,2026-05-31,calendar_plan_v1_no_realized_demand,670,2781.2,640,641,2660.82
2026-06,SKU-06,South,Ecommerce,2026-05-31,calendar_plan_v1_no_realized_demand,636,2640.06,606,615,2552.89
2026-06,SKU-06,South,Grocery,2026-05-31,calendar_plan_v1_no_realized_demand,1080,4483.12,1042,1042,4325.38
2026-06,SKU-06,South,Wholesale,2026-05-31,calendar_plan_v1_no_realized_demand,939,3897.83,909,901,3740.09
2026-06,SKU-06,West,Convenience,2026-05-31,calendar_plan_v1_no_realized_demand,576,2467.31,546,547,2343.09
2026-06,SKU-06,West,Ecommerce,2026-05-31,calendar_plan_v1_no_realized_demand,538,2304.53,508,505,2163.18
2026-06,SKU-06,West,Grocery,2026-05-31,calendar_plan_v1_no_realized_demand,914,3915.14,884,874,3743.8
2026-06,SKU-06,West,Wholesale,2026-05-31,calendar_plan_v1_no_realized_demand,794,3401.11,764,757,3242.62
2026-06,SKU-07,Central,Convenience,2026-05-31,calendar_plan_v1_no_realized_demand,756,3048.19,726,735,2963.52
2026-06,SKU-07,Central,Ecommerce,2026-05-31,calendar_plan_v1_no_realized_demand,709,2858.69,679,689,2778.05
2026-06,SKU-07,Central,Grocery,2026-05-31,calendar_plan_v1_no_realized_demand,1242,5007.74,1187,1181,4761.79
2026-06,SKU-07,Central,Wholesale,2026-05-31,calendar_plan_v1_no_realized_demand,1059,4269.89,1029,1046,4217.47
2026-06,SKU-07,North,Convenience,2026-05-31,calendar_plan_v1_no_realized_demand,708,2997.39,678,687,2908.48
2026-06,SKU-07,North,Ecommerce,2026-05-31,calendar_plan_v1_no_realized_demand,666,2819.58,636,625,2646.0
2026-06,SKU-07,North,Grocery,2026-05-31,calendar_plan_v1_no_realized_demand,1135,4805.14,1309,1289,5457.11
2026-06,SKU-07,North,Wholesale,2026-05-31,calendar_plan_v1_no_realized_demand,974,4123.53,944,945,4000.75
2026-06,SKU-07,South,Convenience,2026-05-31,calendar_plan_v1_no_realized_demand,611,2315.74,581,591,2239.94
2026-06,SKU-07,South,Ecommerce,2026-05-31,calendar_plan_v1_no_realized_demand,581,2202.04,551,552,2092.12
2026-06,SKU-07,South,Grocery,2026-05-31,calendar_plan_v1_no_realized_demand,974,3691.54,944,961,3642.27
2026-06,SKU-07,South,Wholesale,2026-05-31,calendar_plan_v1_no_realized_demand,854,3236.73,824,823,3119.24
2026-06,SKU-07,West,Convenience,2026-05-31,calendar_plan_v1_no_realized_demand,521,2037.65,491,489,1912.5
2026-06,SKU-07,West,Ecommerce,2026-05-31,calendar_plan_v1_no_realized_demand,491,1920.32,461,466,1822.54
2026-06,SKU-07,West,Grocery,2026-05-31,calendar_plan_v1_no_realized_demand,824,3222.7,794,803,3140.57
2026-06,SKU-07,West,Wholesale,2026-05-31,calendar_plan_v1_no_realized_demand,726,2839.42,696,708,2769.02
2026-06,SKU-08,Central,Convenience,2026-05-31,calendar_plan_v1_no_realized_demand,696,3273.98,666,666,3132.86
2026-06,SKU-08,Central,Ecommerce,2026-05-31,calendar_plan_v1_no_realized_demand,641,3015.26,611,606,2850.62
2026-06,SKU-08,Central,Grocery,2026-05-31,calendar_plan_v1_no_realized_demand,1105,5197.92,1067,1066,5014.46
2026-06,SKU-08,Central,Wholesale,2026-05-31,calendar_plan_v1_no_realized_demand,944,4440.58,914,904,4252.42
2026-06,SKU-08,North,Convenience,2026-05-31,calendar_plan_v1_no_realized_demand,636,3141.33,606,613,3027.73
2026-06,SKU-08,North,Ecommerce,2026-05-31,calendar_plan_v1_no_realized_demand,606,2993.16,576,571,2820.28
2026-06,SKU-08,North,Grocery,2026-05-31,calendar_plan_v1_no_realized_demand,1029,5082.44,999,1004,4958.96
2026-06,SKU-08,North,Wholesale,2026-05-31,calendar_plan_v1_no_realized_demand,884,4366.25,854,857,4232.89
2026-06,SKU-08,South,Convenience,2026-05-31,calendar_plan_v1_no_realized_demand,551,2436.39,521,522,2308.16
2026-06,SKU-08,South,Ecommerce,2026-05-31,calendar_plan_v1_no_realized_demand,521,2303.74,491,488,2157.82
2026-06,SKU-08,South,Grocery,2026-05-31,calendar_plan_v1_no_realized_demand,884,3908.84,854,846,3740.81
2026-06,SKU-08,South,Wholesale,2026-05-31,calendar_plan_v1_no_realized_demand,764,3378.22,734,731,3232.31
2026-06,SKU-08,West,Convenience,2026-05-31,calendar_plan_v1_no_realized_demand,478,2181.06,448,438,1998.54
2026-06,SKU-08,West,Ecommerce,2026-05-31,calendar_plan_v1_no_realized_demand,453,2066.98,423,424,1934.66
2026-06,SKU-08,West,Grocery,2026-05-31,calendar_plan_v1_no_realized_demand,756,3449.54,726,726,3312.65
2026-06,SKU-08,West,Wholesale,2026-05-31,calendar_plan_v1_no_realized_demand,664,3029.75,634,637,2906.55
2026-06,SKU-09,Central,Convenience,2026-05-31,calendar_plan_v1_no_realized_demand,1700,2774.4,1640,1618,2640.58
2026-06,SKU-09,Central,Ecommerce,2026-05-31,calendar_plan_v1_no_realized_demand,1600,2611.2,1540,1558,2542.66
2026-06,SKU-09,Central,Grocery,2026-05-31,calendar_plan_v1_no_realized_demand,2788,4550.02,2673,2705,4414.56
2026-06,SKU-09,Central,Wholesale,2026-05-31,calendar_plan_v1_no_realized_demand,2396,3910.27,2306,2292,3740.54
2026-06,SKU-09,North,Convenience,2026-05-31,calendar_plan_v1_no_realized_demand,1580,2707.49,1520,1507,2582.4
2026-06,SKU-09,North,Ecommerce,2026-05-31,calendar_plan_v1_no_realized_demand,1490,2553.26,1430,1438,2464.16
2026-06,SKU-09,North,Grocery,2026-05-31,calendar_plan_v1_no_realized_demand,2578,4417.66,2480,2533,4340.55
2026-06,SKU-09,North,Wholesale,2026-05-31,calendar_plan_v1_no_realized_demand,2224,3811.05,2134,2161,3703.09
2026-06,SKU-09,South,Convenience,2026-05-31,calendar_plan_v1_no_realized_demand,1375,2109.36,1315,1306,2003.51
2026-06,SKU-09,South,Ecommerce,2026-05-31,calendar_plan_v1_no_realized_demand,1297,1989.7,1242,1240,1902.26
2026-06,SKU-09,South,Grocery,2026-05-31,calendar_plan_v1_no_realized_demand,2229,3419.46,2139,2158,3310.54
2026-06,SKU-09,South,Wholesale,2026-05-31,calendar_plan_v1_no_realized_demand,1921,2946.97,1853,1874,2874.87
2026-06,SKU-09,West,Convenience,2026-05-31,calendar_plan_v1_no_realized_demand,1157,1831.58,1119,1118,1769.84
2026-06,SKU-09,West,Ecommerce,2026-05-31,calendar_plan_v1_no_realized_demand,1076,1703.35,1038,1025,1622.62
2026-06,SKU-09,West,Grocery,2026-05-31,calendar_plan_v1_no_realized_demand,1866,2953.95,1798,1783,2822.56
2026-06,SKU-09,West,Wholesale,2026-05-31,calendar_plan_v1_no_realized_demand,1612,2551.86,1552,1558,2466.38
2026-06,SKU-10,Central,Convenience,2026-05-31,calendar_plan_v1_no_realized_demand,1165,3243.36,1127,1128,3140.35
2026-06,SKU-10,Central,Ecommerce,2026-05-31,calendar_plan_v1_no_realized_demand,1097,3054.05,1059,1044,2906.5
2026-06,SKU-10,Central,Grocery,2026-05-31,calendar_plan_v1_no_realized_demand,1899,5286.82,1831,1840,5122.56
2026-06,SKU-10,Central,Wholesale,2026-05-31,calendar_plan_v1_no_realized_demand,1640,4565.76,1580,1557,4334.69
2026-06,SKU-10,North,Convenience,2026-05-31,calendar_plan_v1_no_realized_demand,1097,3206.75,1059,1050,3069.36
2026-06,SKU-10,North,Ecommerce,2026-05-31,calendar_plan_v1_no_realized_demand,1012,2958.28,982,976,2853.04
2026-06,SKU-10,North,Grocery,2026-05-31,calendar_plan_v1_no_realized_demand,1768,5168.22,1708,1719,5024.98
2026-06,SKU-10,North,Wholesale,2026-05-31,calendar_plan_v1_no_realized_demand,1534,4484.19,1474,1468,4291.26
2026-06,SKU-10,South,Convenience,2026-05-31,calendar_plan_v1_no_realized_demand,941,2462.56,1093,1080,2826.32
2026-06,SKU-10,South,Ecommerce,2026-05-31,calendar_plan_v1_no_realized_demand,884,2313.39,854,861,2253.2
2026-06,SKU-10,South,Grocery,2026-05-31,calendar_plan_v1_no_realized_demand,1536,4019.65,1907,1910,4998.39
2026-06,SKU-10,South,Wholesale,2026-05-31,calendar_plan_v1_no_realized_demand,1337,3498.88,1486,1500,3925.44
2026-06,SKU-10,West,Convenience,2026-05-31,calendar_plan_v1_no_realized_demand,794,2144.18,764,774,2090.17
2026-06,SKU-10,West,Ecommerce,2026-05-31,calendar_plan_v1_no_realized_demand,756,2041.56,726,724,1955.15
2026-06,SKU-10,West,Grocery,2026-05-31,calendar_plan_v1_no_realized_demand,1307,3529.53,1247,1242,3354.0
2026-06,SKU-10,West,Wholesale,2026-05-31,calendar_plan_v1_no_realized_demand,1108,2992.13,1070,1072,2894.91
2026-06,SKU-11,Central,Convenience,2026-05-31,calendar_plan_v1_no_realized_demand,1012,3206.02,982,996,3155.33
2026-06,SKU-11,Central,Ecommerce,2026-05-31,calendar_plan_v1_no_realized_demand,944,2990.59,1200,1201,3804.77
2026-06,SKU-11,Central,Grocery,2026-05-31,calendar_plan_v1_no_realized_demand,1665,5274.72,1605,1596,5056.13
2026-06,SKU-11,Central,Wholesale,2026-05-31,calendar_plan_v1_no_realized_demand,1440,4561.92,1380,1392,4409.86
2026-06,SKU-11,North,Convenience,2026-05-31,calendar_plan_v1_no_realized_demand,944,3140.12,914,903,3003.74
2026-06,SKU-11,North,Ecommerce,2026-05-31,calendar_plan_v1_no_realized_demand,884,2940.54,854,845,2810.81
2026-06,SKU-11,North,Grocery,2026-05-31,calendar_plan_v1_no_realized_demand,1550,5155.92,1490,1479,4919.75
2026-06,SKU-11,North,Wholesale,2026-05-31,calendar_plan_v1_no_realized_demand,1339,4454.05,1279,1273,4234.51
2026-06,SKU-11,South,Convenience,2026-05-31,calendar_plan_v1_no_realized_demand,824,2453.81,794,792,2358.51
2026-06,SKU-11,South,Ecommerce,2026-05-31,calendar_plan_v1_no_realized_demand,764,2275.13,734,733,2182.82
2026-06,SKU-11,South,Grocery,2026-05-31,calendar_plan_v1_no_realized_demand,1341,3993.39,1281,1284,3823.65
2026-06,SKU-11,South,Wholesale,2026-05-31,calendar_plan_v1_no_realized_demand,1150,3424.61,1112,1122,3341.23
2026-06,SKU-11,West,Convenience,2026-05-31,calendar_plan_v1_no_realized_demand,696,2138.78,666,670,2058.88
2026-06,SKU-11,West,Ecommerce,2026-05-31,calendar_plan_v1_no_realized_demand,664,2040.45,634,620,1905.24
2026-06,SKU-11,West,Grocery,2026-05-31,calendar_plan_v1_no_realized_demand,1127,3463.23,1089,1099,3377.18
2026-06,SKU-11,West,Wholesale,2026-05-31,calendar_plan_v1_no_realized_demand,969,2977.7,939,930,2857.85
2026-06,SKU-12,Central,Convenience,2026-05-31,calendar_plan_v1_no_realized_demand,944,3262.46,914,916,3165.7
2026-06,SKU-12,Central,Ecommerce,2026-05-31,calendar_plan_v1_no_realized_demand,884,3055.1,854,854,2951.42
2026-06,SKU-12,Central,Grocery,2026-05-31,calendar_plan_v1_no_realized_demand,1550,5356.8,1490,1479,5111.42
2026-06,SKU-12,Central,Wholesale,2026-05-31,calendar_plan_v1_no_realized_demand,1337,4620.67,1277,1282,4430.59
2026-06,SKU-12,North,Convenience,2026-05-31,calendar_plan_v1_no_realized_demand,884,3207.86,854,866,3142.54
2026-06,SKU-12,North,Ecommerce,2026-05-31,calendar_plan_v1_no_realized_demand,824,2990.13,794,798,2895.78
2026-06,SKU-12,North,Grocery,2026-05-31,calendar_plan_v1_no_realized_demand,1435,5207.33,1375,1385,5025.89
2026-06,SKU-12,North,Wholesale,2026-05-31,calendar_plan_v1_no_realized_demand,1242,4506.97,1187,1204,4369.08
2026-06,SKU-12,South,Convenience,2026-05-31,calendar_plan_v1_no_realized_demand,762,2475.46,732,736,2391.0
2026-06,SKU-12,South,Ecommerce,2026-05-31,calendar_plan_v1_no_realized_demand,726,2358.51,696,694,2254.56
2026-06,SKU-12,South,Grocery,2026-05-31,calendar_plan_v1_no_realized_demand,1242,4034.81,1187,1186,3852.89
2026-06,SKU-12,South,Wholesale,2026-05-31,calendar_plan_v1_no_realized_demand,1059,3440.31,1029,1022,3320.11
2026-06,SKU-12,West,Convenience,2026-05-31,calendar_plan_v1_no_realized_demand,641,2148.84,611,607,2034.86
2026-06,SKU-12,West,Ecommerce,2026-05-31,calendar_plan_v1_no_realized_demand,607,2034.86,577,572,1917.53
2026-06,SKU-12,West,Grocery,2026-05-31,calendar_plan_v1_no_realized_demand,1029,3449.54,999,997,3342.26
2026-06,SKU-12,West,Wholesale,2026-05-31,calendar_plan_v1_no_realized_demand,894,2996.97,864,863,2893.05
2026-06,SKU-13,Central,Convenience,2026-05-31,calendar_plan_v1_no_realized_demand,871,2675.71,841,853,2620.42
2026-06,SKU-13,Central,Ecommerce,2026-05-31,calendar_plan_v1_no_realized_demand,816,2506.75,786,801,2460.67
2026-06,SKU-13,Central,Grocery,2026-05-31,calendar_plan_v1_no_realized_demand,1422,4368.38,1362,1377,4230.14
2026-06,SKU-13,Central,Wholesale,2026-05-31,calendar_plan_v1_no_realized_demand,1242,3815.42,1187,1199,3683.33
2026-06,SKU-13,North,Convenience,2026-05-31,calendar_plan_v1_no_realized_demand,816,2632.09,786,790,2548.22
2026-06,SKU-13,North,Ecommerce,2026-05-31,calendar_plan_v1_no_realized_demand,756,2438.55,726,721,2325.66
2026-06,SKU-13,North,Grocery,2026-05-31,calendar_plan_v1_no_realized_demand,1332,4296.5,1272,1258,4057.8
2026-06,SKU-13,North,Wholesale,2026-05-31,calendar_plan_v1_no_realized_demand,1135,3661.06,1097,1102,3554.61
2026-06,SKU-13,South,Convenience,2026-05-31,calendar_plan_v1_no_realized_demand,696,2009.83,666,670,1934.75
2026-06,SKU-13,South,Ecommerce,2026-05-31,calendar_plan_v1_no_realized_demand,666,1923.19,636,641,1851.0
2026-06,SKU-13,South,Grocery,2026-05-31,calendar_plan_v1_no_realized_demand,1135,3277.52,1097,1105,3190.89
2026-06,SKU-13,South,Wholesale,2026-05-31,calendar_plan_v1_no_realized_demand,974,2812.6,944,946,2731.75
2026-06,SKU-13,West,Convenience,2026-05-31,calendar_plan_v1_no_realized_demand,606,1805.78,649,665,1981.59
2026-06,SKU-13,West,Ecommerce,2026-05-31,calendar_plan_v1_no_realized_demand,554,1650.83,524,523,1558.46
2026-06,SKU-13,West,Grocery,2026-05-31,calendar_plan_v1_no_realized_demand,944,2812.97,914,902,2687.82
2026-06,SKU-13,West,Wholesale,2026-05-31,calendar_plan_v1_no_realized_demand,824,2455.39,794,777,2315.34
2026-06,SKU-14,Central,Convenience,2026-05-31,calendar_plan_v1_no_realized_demand,726,2578.75,696,698,2479.3
2026-06,SKU-14,Central,Ecommerce,2026-05-31,calendar_plan_v1_no_realized_demand,671,2383.39,641,639,2269.73
2026-06,SKU-14,Central,Grocery,2026-05-31,calendar_plan_v1_no_realized_demand,1165,4138.08,1127,1123,3988.9
2026-06,SKU-14,Central,Wholesale,2026-05-31,calendar_plan_v1_no_realized_demand,999,3548.45,969,978,3473.86
2026-06,SKU-14,North,Convenience,2026-05-31,calendar_plan_v1_no_realized_demand,668,2491.37,638,636,2372.03
2026-06,SKU-14,North,Ecommerce,2026-05-31,calendar_plan_v1_no_realized_demand,636,2372.03,606,611,2278.79
2026-06,SKU-14,North,Grocery,2026-05-31,calendar_plan_v1_no_realized_demand,1080,4027.97,1042,1038,3871.32
2026-06,SKU-14,North,Wholesale,2026-05-31,calendar_plan_v1_no_realized_demand,939,3502.09,909,908,3386.48
2026-06,SKU-14,South,Convenience,2026-05-31,calendar_plan_v1_no_realized_demand,581,1939.89,551,557,1859.76
2026-06,SKU-14,South,Ecommerce,2026-05-31,calendar_plan_v1_no_realized_demand,551,1839.72,521,517,1726.2
2026-06,SKU-14,South,Grocery,2026-05-31,calendar_plan_v1_no_realized_demand,939,3135.21,909,898,2998.31
2026-06,SKU-14,South,Wholesale,2026-05-31,calendar_plan_v1_no_realized_demand,816,2724.53,786,790,2637.72
2026-06,SKU-14,West,Convenience,2026-05-31,calendar_plan_v1_no_realized_demand,491,1691.71,461,461,1588.35
2026-06,SKU-14,West,Ecommerce,2026-05-31,calendar_plan_v1_no_realized_demand,461,1588.35,431,430,1481.54
2026-06,SKU-14,West,Grocery,2026-05-31,calendar_plan_v1_no_realized_demand,794,2735.68,764,769,2649.54
2026-06,SKU-14,West,Wholesale,2026-05-31,calendar_plan_v1_no_realized_demand,696,2398.03,666,663,2284.33
2026-06,SKU-15,Central,Convenience,2026-05-31,calendar_plan_v1_no_realized_demand,641,2707.58,611,607,2563.97
2026-06,SKU-15,Central,Ecommerce,2026-05-31,calendar_plan_v1_no_realized_demand,611,2580.86,581,580,2449.92
2026-06,SKU-15,Central,Grocery,2026-05-31,calendar_plan_v1_no_realized_demand,1031,4354.94,1001,995,4202.88
2026-06,SKU-15,Central,Wholesale,2026-05-31,calendar_plan_v1_no_realized_demand,905,3822.72,875,880,3717.12
2026-06,SKU-15,North,Convenience,2026-05-31,calendar_plan_v1_no_realized_demand,606,2687.73,576,574,2545.8
2026-06,SKU-15,North,Ecommerce,2026-05-31,calendar_plan_v1_no_realized_demand,572,2536.93,542,542,2403.88
2026-06,SKU-15,North,Grocery,2026-05-31,calendar_plan_v1_no_realized_demand,969,4297.71,939,952,4222.31
2026-06,SKU-15,North,Wholesale,2026-05-31,calendar_plan_v1_no_realized_demand,842,3734.44,812,803,3561.47
2026-06,SKU-15,South,Convenience,2026-05-31,calendar_plan_v1_no_realized_demand,521,2068.66,491,491,1949.54
2026-06,SKU-15,South,Ecommerce,2026-05-31,calendar_plan_v1_no_realized_demand,491,1949.54,461,455,1806.6
2026-06,SKU-15,South,Grocery,2026-05-31,calendar_plan_v1_no_realized_demand,842,3343.21,812,817,3243.95
2026-06,SKU-15,South,Wholesale,2026-05-31,calendar_plan_v1_no_realized_demand,726,2882.63,696,700,2779.39
2026-06,SKU-15,West,Convenience,2026-05-31,calendar_plan_v1_no_realized_demand,453,1856.07,522,524,2146.97
2026-06,SKU-15,West,Ecommerce,2026-05-31,calendar_plan_v1_no_realized_demand,418,1712.66,393,394,1614.33
2026-06,SKU-15,West,Grocery,2026-05-31,calendar_plan_v1_no_realized_demand,709,2904.97,679,670,2745.18
2026-06,SKU-15,West,Wholesale,2026-05-31,calendar_plan_v1_no_realized_demand,611,2503.44,581,574,2351.84
2026-06,SKU-16,Central,Convenience,2026-05-31,calendar_plan_v1_no_realized_demand,794,2362.94,871,871,2592.1
2026-06,SKU-16,Central,Ecommerce,2026-05-31,calendar_plan_v1_no_realized_demand,756,2249.86,726,722,2148.67
2026-06,SKU-16,Central,Grocery,2026-05-31,calendar_plan_v1_no_realized_demand,1307,3889.63,1247,1249,3717.02
2026-06,SKU-16,Central,Wholesale,2026-05-31,calendar_plan_v1_no_realized_demand,1109,3300.38,1071,1064,3166.46
2026-06,SKU-16,North,Convenience,2026-05-31,calendar_plan_v1_no_realized_demand,739,2309.23,709,707,2209.23
2026-06,SKU-16,North,Ecommerce,2026-05-31,calendar_plan_v1_no_realized_demand,696,2174.86,666,670,2093.62
2026-06,SKU-16,North,Grocery,2026-05-31,calendar_plan_v1_no_realized_demand,1212,3787.26,1157,1150,3593.52
2026-06,SKU-16,North,Wholesale,2026-05-31,calendar_plan_v1_no_realized_demand,1029,3215.42,999,1000,3124.8
2026-06,SKU-16,South,Convenience,2026-05-31,calendar_plan_v1_no_realized_demand,641,1793.16,611,608,1700.84
2026-06,SKU-16,South,Ecommerce,2026-05-31,calendar_plan_v1_no_realized_demand,606,1695.25,576,577,1614.12
2026-06,SKU-16,South,Grocery,2026-05-31,calendar_plan_v1_no_realized_demand,1029,2878.57,999,994,2780.66
2026-06,SKU-16,South,Wholesale,2026-05-31,calendar_plan_v1_no_realized_demand,884,2472.94,854,854,2389.01
2026-06,SKU-16,West,Convenience,2026-05-31,calendar_plan_v1_no_realized_demand,551,1590.58,521,510,1472.23
2026-06,SKU-16,West,Ecommerce,2026-05-31,calendar_plan_v1_no_realized_demand,521,1503.98,491,487,1405.83
2026-06,SKU-16,West,Grocery,2026-05-31,calendar_plan_v1_no_realized_demand,876,2528.77,846,869,2508.56
2026-06,SKU-16,West,Wholesale,2026-05-31,calendar_plan_v1_no_realized_demand,756,2182.36,726,721,2081.33
