run_date,run_id,asset_id,rule_id,rule_name,quality_dimension,severity,observed_value,threshold,operator,status,affected_rows,owner
2026-03-01,RUN-20260301-WEB_EVENTS,WEB_EVENTS,DQ-UNIQUE,Business key uniqueness,Uniqueness,Critical,0.0,0.0,<=,PASS,0,Web Analytics
2026-03-01,RUN-20260301-WEB_EVENTS,WEB_EVENTS,DQ-COMPLETE,Partition row coverage,Completeness,Critical,1.0,0.9,>=,PASS,0,Web Analytics
2026-03-01,RUN-20260301-WEB_EVENTS,WEB_EVENTS,DQ-VALID,Required type validity,Validity,High,0.0,0.0,<=,PASS,0,Web Analytics
2026-03-01,RUN-20260301-WEB_EVENTS,WEB_EVENTS,DQ-TAXONOMY,Unknown taxonomy rate,Consistency,High,0.0,0.01,<=,PASS,0,Web Analytics
2026-03-01,RUN-20260301-WEB_EVENTS,WEB_EVENTS,DQ-FRESH,Freshness lag,Timeliness,High,105.0,240.0,<=,PASS,0,Web Analytics
2026-03-01,RUN-20260301-WEB_EVENTS,WEB_EVENTS,DQ-RECON,Raw-to-dashboard variance,Reconciliation,Critical,0.001016,0.005,<=,PASS,0,Web Analytics
2026-03-01,RUN-20260301-CRM_LEADS,CRM_LEADS,DQ-UNIQUE,Business key uniqueness,Uniqueness,Critical,0.0,0.0,<=,PASS,0,Revenue Analytics
2026-03-01,RUN-20260301-CRM_LEADS,CRM_LEADS,DQ-COMPLETE,Partition row coverage,Completeness,Critical,1.0,0.9,>=,PASS,0,Revenue Analytics
2026-03-01,RUN-20260301-CRM_LEADS,CRM_LEADS,DQ-VALID,Required type validity,Validity,High,0.0,0.0,<=,PASS,0,Revenue Analytics
2026-03-01,RUN-20260301-CRM_LEADS,CRM_LEADS,DQ-TAXONOMY,Unknown taxonomy rate,Consistency,High,0.0,0.01,<=,PASS,0,Revenue Analytics
2026-03-01,RUN-20260301-CRM_LEADS,CRM_LEADS,DQ-FRESH,Freshness lag,Timeliness,High,114.0,240.0,<=,PASS,0,Revenue Analytics
2026-03-01,RUN-20260301-CRM_LEADS,CRM_LEADS,DQ-RECON,Raw-to-dashboard variance,Reconciliation,Critical,0.001505,0.005,<=,PASS,0,Revenue Analytics
2026-03-01,RUN-20260301-COMMERCE_ORDERS,COMMERCE_ORDERS,DQ-UNIQUE,Business key uniqueness,Uniqueness,Critical,0.0,0.0,<=,PASS,0,Analytics Engineering
2026-03-01,RUN-20260301-COMMERCE_ORDERS,COMMERCE_ORDERS,DQ-COMPLETE,Partition row coverage,Completeness,Critical,1.0,0.9,>=,PASS,0,Analytics Engineering
2026-03-01,RUN-20260301-COMMERCE_ORDERS,COMMERCE_ORDERS,DQ-VALID,Required type validity,Validity,High,0.0,0.0,<=,PASS,0,Analytics Engineering
2026-03-01,RUN-20260301-COMMERCE_ORDERS,COMMERCE_ORDERS,DQ-TAXONOMY,Unknown taxonomy rate,Consistency,High,0.0,0.01,<=,PASS,0,Analytics Engineering
2026-03-01,RUN-20260301-COMMERCE_ORDERS,COMMERCE_ORDERS,DQ-FRESH,Freshness lag,Timeliness,High,128.0,240.0,<=,PASS,0,Analytics Engineering
2026-03-01,RUN-20260301-COMMERCE_ORDERS,COMMERCE_ORDERS,DQ-RECON,Raw-to-dashboard variance,Reconciliation,Critical,0.001907,0.005,<=,PASS,0,Analytics Engineering
2026-03-01,RUN-20260301-CAMPAIGN_SPEND,CAMPAIGN_SPEND,DQ-UNIQUE,Business key uniqueness,Uniqueness,Critical,0.0,0.0,<=,PASS,0,Marketing Operations
2026-03-01,RUN-20260301-CAMPAIGN_SPEND,CAMPAIGN_SPEND,DQ-COMPLETE,Partition row coverage,Completeness,Critical,1.0,0.9,>=,PASS,0,Marketing Operations
2026-03-01,RUN-20260301-CAMPAIGN_SPEND,CAMPAIGN_SPEND,DQ-VALID,Required type validity,Validity,High,0.0,0.0,<=,PASS,0,Marketing Operations
2026-03-01,RUN-20260301-CAMPAIGN_SPEND,CAMPAIGN_SPEND,DQ-TAXONOMY,Unknown taxonomy rate,Consistency,High,0.0,0.01,<=,PASS,0,Marketing Operations
2026-03-01,RUN-20260301-CAMPAIGN_SPEND,CAMPAIGN_SPEND,DQ-FRESH,Freshness lag,Timeliness,High,143.0,240.0,<=,PASS,0,Marketing Operations
2026-03-01,RUN-20260301-CAMPAIGN_SPEND,CAMPAIGN_SPEND,DQ-RECON,Raw-to-dashboard variance,Reconciliation,Critical,0.000466,0.005,<=,PASS,0,Marketing Operations
2026-03-02,RUN-20260302-WEB_EVENTS,WEB_EVENTS,DQ-UNIQUE,Business key uniqueness,Uniqueness,Critical,0.0,0.0,<=,PASS,0,Web Analytics
2026-03-02,RUN-20260302-WEB_EVENTS,WEB_EVENTS,DQ-COMPLETE,Partition row coverage,Completeness,Critical,1.0,0.9,>=,PASS,0,Web Analytics
2026-03-02,RUN-20260302-WEB_EVENTS,WEB_EVENTS,DQ-VALID,Required type validity,Validity,High,0.0,0.0,<=,PASS,0,Web Analytics
2026-03-02,RUN-20260302-WEB_EVENTS,WEB_EVENTS,DQ-TAXONOMY,Unknown taxonomy rate,Consistency,High,0.0,0.01,<=,PASS,0,Web Analytics
2026-03-02,RUN-20260302-WEB_EVENTS,WEB_EVENTS,DQ-FRESH,Freshness lag,Timeliness,High,84.0,240.0,<=,PASS,0,Web Analytics
2026-03-02,RUN-20260302-WEB_EVENTS,WEB_EVENTS,DQ-RECON,Raw-to-dashboard variance,Reconciliation,Critical,0.001491,0.005,<=,PASS,0,Web Analytics
2026-03-02,RUN-20260302-CRM_LEADS,CRM_LEADS,DQ-UNIQUE,Business key uniqueness,Uniqueness,Critical,0.0,0.0,<=,PASS,0,Revenue Analytics
2026-03-02,RUN-20260302-CRM_LEADS,CRM_LEADS,DQ-COMPLETE,Partition row coverage,Completeness,Critical,1.0,0.9,>=,PASS,0,Revenue Analytics
2026-03-02,RUN-20260302-CRM_LEADS,CRM_LEADS,DQ-VALID,Required type validity,Validity,High,0.0,0.0,<=,PASS,0,Revenue Analytics
2026-03-02,RUN-20260302-CRM_LEADS,CRM_LEADS,DQ-TAXONOMY,Unknown taxonomy rate,Consistency,High,0.0,0.01,<=,PASS,0,Revenue Analytics
2026-03-02,RUN-20260302-CRM_LEADS,CRM_LEADS,DQ-FRESH,Freshness lag,Timeliness,High,141.0,240.0,<=,PASS,0,Revenue Analytics
2026-03-02,RUN-20260302-CRM_LEADS,CRM_LEADS,DQ-RECON,Raw-to-dashboard variance,Reconciliation,Critical,0.000837,0.005,<=,PASS,0,Revenue Analytics
2026-03-02,RUN-20260302-COMMERCE_ORDERS,COMMERCE_ORDERS,DQ-UNIQUE,Business key uniqueness,Uniqueness,Critical,0.0,0.0,<=,PASS,0,Analytics Engineering
2026-03-02,RUN-20260302-COMMERCE_ORDERS,COMMERCE_ORDERS,DQ-COMPLETE,Partition row coverage,Completeness,Critical,1.0,0.9,>=,PASS,0,Analytics Engineering
2026-03-02,RUN-20260302-COMMERCE_ORDERS,COMMERCE_ORDERS,DQ-VALID,Required type validity,Validity,High,0.0,0.0,<=,PASS,0,Analytics Engineering
2026-03-02,RUN-20260302-COMMERCE_ORDERS,COMMERCE_ORDERS,DQ-TAXONOMY,Unknown taxonomy rate,Consistency,High,0.0,0.01,<=,PASS,0,Analytics Engineering
2026-03-02,RUN-20260302-COMMERCE_ORDERS,COMMERCE_ORDERS,DQ-FRESH,Freshness lag,Timeliness,High,119.0,240.0,<=,PASS,0,Analytics Engineering
2026-03-02,RUN-20260302-COMMERCE_ORDERS,COMMERCE_ORDERS,DQ-RECON,Raw-to-dashboard variance,Reconciliation,Critical,0.0018,0.005,<=,PASS,0,Analytics Engineering
2026-03-02,RUN-20260302-CAMPAIGN_SPEND,CAMPAIGN_SPEND,DQ-UNIQUE,Business key uniqueness,Uniqueness,Critical,0.0,0.0,<=,PASS,0,Marketing Operations
2026-03-02,RUN-20260302-CAMPAIGN_SPEND,CAMPAIGN_SPEND,DQ-COMPLETE,Partition row coverage,Completeness,Critical,1.0,0.9,>=,PASS,0,Marketing Operations
2026-03-02,RUN-20260302-CAMPAIGN_SPEND,CAMPAIGN_SPEND,DQ-VALID,Required type validity,Validity,High,0.0,0.0,<=,PASS,0,Marketing Operations
2026-03-02,RUN-20260302-CAMPAIGN_SPEND,CAMPAIGN_SPEND,DQ-TAXONOMY,Unknown taxonomy rate,Consistency,High,0.0,0.01,<=,PASS,0,Marketing Operations
2026-03-02,RUN-20260302-CAMPAIGN_SPEND,CAMPAIGN_SPEND,DQ-FRESH,Freshness lag,Timeliness,High,123.0,240.0,<=,PASS,0,Marketing Operations
2026-03-02,RUN-20260302-CAMPAIGN_SPEND,CAMPAIGN_SPEND,DQ-RECON,Raw-to-dashboard variance,Reconciliation,Critical,0.002012,0.005,<=,PASS,0,Marketing Operations
2026-03-03,RUN-20260303-WEB_EVENTS,WEB_EVENTS,DQ-UNIQUE,Business key uniqueness,Uniqueness,Critical,0.0,0.0,<=,PASS,0,Web Analytics
2026-03-03,RUN-20260303-WEB_EVENTS,WEB_EVENTS,DQ-COMPLETE,Partition row coverage,Completeness,Critical,1.0,0.9,>=,PASS,0,Web Analytics
2026-03-03,RUN-20260303-WEB_EVENTS,WEB_EVENTS,DQ-VALID,Required type validity,Validity,High,0.0,0.0,<=,PASS,0,Web Analytics
2026-03-03,RUN-20260303-WEB_EVENTS,WEB_EVENTS,DQ-TAXONOMY,Unknown taxonomy rate,Consistency,High,0.0,0.01,<=,PASS,0,Web Analytics
2026-03-03,RUN-20260303-WEB_EVENTS,WEB_EVENTS,DQ-FRESH,Freshness lag,Timeliness,High,94.0,240.0,<=,PASS,0,Web Analytics
2026-03-03,RUN-20260303-WEB_EVENTS,WEB_EVENTS,DQ-RECON,Raw-to-dashboard variance,Reconciliation,Critical,0.002827,0.005,<=,PASS,0,Web Analytics
2026-03-03,RUN-20260303-CRM_LEADS,CRM_LEADS,DQ-UNIQUE,Business key uniqueness,Uniqueness,Critical,0.0,0.0,<=,PASS,0,Revenue Analytics
2026-03-03,RUN-20260303-CRM_LEADS,CRM_LEADS,DQ-COMPLETE,Partition row coverage,Completeness,Critical,1.0,0.9,>=,PASS,0,Revenue Analytics
2026-03-03,RUN-20260303-CRM_LEADS,CRM_LEADS,DQ-VALID,Required type validity,Validity,High,0.0,0.0,<=,PASS,0,Revenue Analytics
2026-03-03,RUN-20260303-CRM_LEADS,CRM_LEADS,DQ-TAXONOMY,Unknown taxonomy rate,Consistency,High,0.0,0.01,<=,PASS,0,Revenue Analytics
2026-03-03,RUN-20260303-CRM_LEADS,CRM_LEADS,DQ-FRESH,Freshness lag,Timeliness,High,105.0,240.0,<=,PASS,0,Revenue Analytics
2026-03-03,RUN-20260303-CRM_LEADS,CRM_LEADS,DQ-RECON,Raw-to-dashboard variance,Reconciliation,Critical,0.001588,0.005,<=,PASS,0,Revenue Analytics
2026-03-03,RUN-20260303-COMMERCE_ORDERS,COMMERCE_ORDERS,DQ-UNIQUE,Business key uniqueness,Uniqueness,Critical,0.0,0.0,<=,PASS,0,Analytics Engineering
2026-03-03,RUN-20260303-COMMERCE_ORDERS,COMMERCE_ORDERS,DQ-COMPLETE,Partition row coverage,Completeness,Critical,1.0,0.9,>=,PASS,0,Analytics Engineering
2026-03-03,RUN-20260303-COMMERCE_ORDERS,COMMERCE_ORDERS,DQ-VALID,Required type validity,Validity,High,0.0,0.0,<=,PASS,0,Analytics Engineering
2026-03-03,RUN-20260303-COMMERCE_ORDERS,COMMERCE_ORDERS,DQ-TAXONOMY,Unknown taxonomy rate,Consistency,High,0.0,0.01,<=,PASS,0,Analytics Engineering
2026-03-03,RUN-20260303-COMMERCE_ORDERS,COMMERCE_ORDERS,DQ-FRESH,Freshness lag,Timeliness,High,70.0,240.0,<=,PASS,0,Analytics Engineering
2026-03-03,RUN-20260303-COMMERCE_ORDERS,COMMERCE_ORDERS,DQ-RECON,Raw-to-dashboard variance,Reconciliation,Critical,0.00225,0.005,<=,PASS,0,Analytics Engineering
2026-03-03,RUN-20260303-CAMPAIGN_SPEND,CAMPAIGN_SPEND,DQ-UNIQUE,Business key uniqueness,Uniqueness,Critical,0.0,0.0,<=,PASS,0,Marketing Operations
2026-03-03,RUN-20260303-CAMPAIGN_SPEND,CAMPAIGN_SPEND,DQ-COMPLETE,Partition row coverage,Completeness,Critical,1.0,0.9,>=,PASS,0,Marketing Operations
2026-03-03,RUN-20260303-CAMPAIGN_SPEND,CAMPAIGN_SPEND,DQ-VALID,Required type validity,Validity,High,0.0,0.0,<=,PASS,0,Marketing Operations
2026-03-03,RUN-20260303-CAMPAIGN_SPEND,CAMPAIGN_SPEND,DQ-TAXONOMY,Unknown taxonomy rate,Consistency,High,0.0,0.01,<=,PASS,0,Marketing Operations
2026-03-03,RUN-20260303-CAMPAIGN_SPEND,CAMPAIGN_SPEND,DQ-FRESH,Freshness lag,Timeliness,High,107.0,240.0,<=,PASS,0,Marketing Operations
2026-03-03,RUN-20260303-CAMPAIGN_SPEND,CAMPAIGN_SPEND,DQ-RECON,Raw-to-dashboard variance,Reconciliation,Critical,0.002982,0.005,<=,PASS,0,Marketing Operations
2026-03-04,RUN-20260304-WEB_EVENTS,WEB_EVENTS,DQ-UNIQUE,Business key uniqueness,Uniqueness,Critical,0.0,0.0,<=,PASS,0,Web Analytics
2026-03-04,RUN-20260304-WEB_EVENTS,WEB_EVENTS,DQ-COMPLETE,Partition row coverage,Completeness,Critical,1.0,0.9,>=,PASS,0,Web Analytics
2026-03-04,RUN-20260304-WEB_EVENTS,WEB_EVENTS,DQ-VALID,Required type validity,Validity,High,0.0,0.0,<=,PASS,0,Web Analytics
2026-03-04,RUN-20260304-WEB_EVENTS,WEB_EVENTS,DQ-TAXONOMY,Unknown taxonomy rate,Consistency,High,0.0,0.01,<=,PASS,0,Web Analytics
2026-03-04,RUN-20260304-WEB_EVENTS,WEB_EVENTS,DQ-FRESH,Freshness lag,Timeliness,High,75.0,240.0,<=,PASS,0,Web Analytics
2026-03-04,RUN-20260304-WEB_EVENTS,WEB_EVENTS,DQ-RECON,Raw-to-dashboard variance,Reconciliation,Critical,0.001821,0.005,<=,PASS,0,Web Analytics
2026-03-04,RUN-20260304-CRM_LEADS,CRM_LEADS,DQ-UNIQUE,Business key uniqueness,Uniqueness,Critical,0.0,0.0,<=,PASS,0,Revenue Analytics
2026-03-04,RUN-20260304-CRM_LEADS,CRM_LEADS,DQ-COMPLETE,Partition row coverage,Completeness,Critical,1.0,0.9,>=,PASS,0,Revenue Analytics
2026-03-04,RUN-20260304-CRM_LEADS,CRM_LEADS,DQ-VALID,Required type validity,Validity,High,0.0,0.0,<=,PASS,0,Revenue Analytics
2026-03-04,RUN-20260304-CRM_LEADS,CRM_LEADS,DQ-TAXONOMY,Unknown taxonomy rate,Consistency,High,0.0,0.01,<=,PASS,0,Revenue Analytics
2026-03-04,RUN-20260304-CRM_LEADS,CRM_LEADS,DQ-FRESH,Freshness lag,Timeliness,High,141.0,240.0,<=,PASS,0,Revenue Analytics
2026-03-04,RUN-20260304-CRM_LEADS,CRM_LEADS,DQ-RECON,Raw-to-dashboard variance,Reconciliation,Critical,0.000482,0.005,<=,PASS,0,Revenue Analytics
2026-03-04,RUN-20260304-COMMERCE_ORDERS,COMMERCE_ORDERS,DQ-UNIQUE,Business key uniqueness,Uniqueness,Critical,0.0,0.0,<=,PASS,0,Analytics Engineering
2026-03-04,RUN-20260304-COMMERCE_ORDERS,COMMERCE_ORDERS,DQ-COMPLETE,Partition row coverage,Completeness,Critical,1.0,0.9,>=,PASS,0,Analytics Engineering
2026-03-04,RUN-20260304-COMMERCE_ORDERS,COMMERCE_ORDERS,DQ-VALID,Required type validity,Validity,High,0.0,0.0,<=,PASS,0,Analytics Engineering
2026-03-04,RUN-20260304-COMMERCE_ORDERS,COMMERCE_ORDERS,DQ-TAXONOMY,Unknown taxonomy rate,Consistency,High,0.0,0.01,<=,PASS,0,Analytics Engineering
2026-03-04,RUN-20260304-COMMERCE_ORDERS,COMMERCE_ORDERS,DQ-FRESH,Freshness lag,Timeliness,High,142.0,240.0,<=,PASS,0,Analytics Engineering
2026-03-04,RUN-20260304-COMMERCE_ORDERS,COMMERCE_ORDERS,DQ-RECON,Raw-to-dashboard variance,Reconciliation,Critical,0.001422,0.005,<=,PASS,0,Analytics Engineering
2026-03-04,RUN-20260304-CAMPAIGN_SPEND,CAMPAIGN_SPEND,DQ-UNIQUE,Business key uniqueness,Uniqueness,Critical,0.0,0.0,<=,PASS,0,Marketing Operations
2026-03-04,RUN-20260304-CAMPAIGN_SPEND,CAMPAIGN_SPEND,DQ-COMPLETE,Partition row coverage,Completeness,Critical,1.0,0.9,>=,PASS,0,Marketing Operations
2026-03-04,RUN-20260304-CAMPAIGN_SPEND,CAMPAIGN_SPEND,DQ-VALID,Required type validity,Validity,High,0.0,0.0,<=,PASS,0,Marketing Operations
2026-03-04,RUN-20260304-CAMPAIGN_SPEND,CAMPAIGN_SPEND,DQ-TAXONOMY,Unknown taxonomy rate,Consistency,High,0.0,0.01,<=,PASS,0,Marketing Operations
2026-03-04,RUN-20260304-CAMPAIGN_SPEND,CAMPAIGN_SPEND,DQ-FRESH,Freshness lag,Timeliness,High,63.0,240.0,<=,PASS,0,Marketing Operations
2026-03-04,RUN-20260304-CAMPAIGN_SPEND,CAMPAIGN_SPEND,DQ-RECON,Raw-to-dashboard variance,Reconciliation,Critical,0.001743,0.005,<=,PASS,0,Marketing Operations
2026-03-05,RUN-20260305-WEB_EVENTS,WEB_EVENTS,DQ-UNIQUE,Business key uniqueness,Uniqueness,Critical,0.0,0.0,<=,PASS,0,Web Analytics
2026-03-05,RUN-20260305-WEB_EVENTS,WEB_EVENTS,DQ-COMPLETE,Partition row coverage,Completeness,Critical,1.0,0.9,>=,PASS,0,Web Analytics
2026-03-05,RUN-20260305-WEB_EVENTS,WEB_EVENTS,DQ-VALID,Required type validity,Validity,High,0.0,0.0,<=,PASS,0,Web Analytics
2026-03-05,RUN-20260305-WEB_EVENTS,WEB_EVENTS,DQ-TAXONOMY,Unknown taxonomy rate,Consistency,High,0.0,0.01,<=,PASS,0,Web Analytics
2026-03-05,RUN-20260305-WEB_EVENTS,WEB_EVENTS,DQ-FRESH,Freshness lag,Timeliness,High,158.0,240.0,<=,PASS,0,Web Analytics
2026-03-05,RUN-20260305-WEB_EVENTS,WEB_EVENTS,DQ-RECON,Raw-to-dashboard variance,Reconciliation,Critical,0.002665,0.005,<=,PASS,0,Web Analytics
2026-03-05,RUN-20260305-CRM_LEADS,CRM_LEADS,DQ-UNIQUE,Business key uniqueness,Uniqueness,Critical,0.0,0.0,<=,PASS,0,Revenue Analytics
2026-03-05,RUN-20260305-CRM_LEADS,CRM_LEADS,DQ-COMPLETE,Partition row coverage,Completeness,Critical,1.0,0.9,>=,PASS,0,Revenue Analytics
2026-03-05,RUN-20260305-CRM_LEADS,CRM_LEADS,DQ-VALID,Required type validity,Validity,High,0.0,0.0,<=,PASS,0,Revenue Analytics
2026-03-05,RUN-20260305-CRM_LEADS,CRM_LEADS,DQ-TAXONOMY,Unknown taxonomy rate,Consistency,High,0.0,0.01,<=,PASS,0,Revenue Analytics
2026-03-05,RUN-20260305-CRM_LEADS,CRM_LEADS,DQ-FRESH,Freshness lag,Timeliness,High,150.0,240.0,<=,PASS,0,Revenue Analytics
2026-03-05,RUN-20260305-CRM_LEADS,CRM_LEADS,DQ-RECON,Raw-to-dashboard variance,Reconciliation,Critical,0.003004,0.005,<=,PASS,0,Revenue Analytics
2026-03-05,RUN-20260305-COMMERCE_ORDERS,COMMERCE_ORDERS,DQ-UNIQUE,Business key uniqueness,Uniqueness,Critical,0.0,0.0,<=,PASS,0,Analytics Engineering
2026-03-05,RUN-20260305-COMMERCE_ORDERS,COMMERCE_ORDERS,DQ-COMPLETE,Partition row coverage,Completeness,Critical,1.0,0.9,>=,PASS,0,Analytics Engineering
2026-03-05,RUN-20260305-COMMERCE_ORDERS,COMMERCE_ORDERS,DQ-VALID,Required type validity,Validity,High,0.0,0.0,<=,PASS,0,Analytics Engineering
2026-03-05,RUN-20260305-COMMERCE_ORDERS,COMMERCE_ORDERS,DQ-TAXONOMY,Unknown taxonomy rate,Consistency,High,0.0,0.01,<=,PASS,0,Analytics Engineering
2026-03-05,RUN-20260305-COMMERCE_ORDERS,COMMERCE_ORDERS,DQ-FRESH,Freshness lag,Timeliness,High,94.0,240.0,<=,PASS,0,Analytics Engineering
2026-03-05,RUN-20260305-COMMERCE_ORDERS,COMMERCE_ORDERS,DQ-RECON,Raw-to-dashboard variance,Reconciliation,Critical,0.002979,0.005,<=,PASS,0,Analytics Engineering
2026-03-05,RUN-20260305-CAMPAIGN_SPEND,CAMPAIGN_SPEND,DQ-UNIQUE,Business key uniqueness,Uniqueness,Critical,0.0,0.0,<=,PASS,0,Marketing Operations
2026-03-05,RUN-20260305-CAMPAIGN_SPEND,CAMPAIGN_SPEND,DQ-COMPLETE,Partition row coverage,Completeness,Critical,1.0,0.9,>=,PASS,0,Marketing Operations
2026-03-05,RUN-20260305-CAMPAIGN_SPEND,CAMPAIGN_SPEND,DQ-VALID,Required type validity,Validity,High,0.0,0.0,<=,PASS,0,Marketing Operations
2026-03-05,RUN-20260305-CAMPAIGN_SPEND,CAMPAIGN_SPEND,DQ-TAXONOMY,Unknown taxonomy rate,Consistency,High,0.0,0.01,<=,PASS,0,Marketing Operations
2026-03-05,RUN-20260305-CAMPAIGN_SPEND,CAMPAIGN_SPEND,DQ-FRESH,Freshness lag,Timeliness,High,163.0,240.0,<=,PASS,0,Marketing Operations
2026-03-05,RUN-20260305-CAMPAIGN_SPEND,CAMPAIGN_SPEND,DQ-RECON,Raw-to-dashboard variance,Reconciliation,Critical,0.000896,0.005,<=,PASS,0,Marketing Operations
2026-03-06,RUN-20260306-WEB_EVENTS,WEB_EVENTS,DQ-UNIQUE,Business key uniqueness,Uniqueness,Critical,0.0,0.0,<=,PASS,0,Web Analytics
2026-03-06,RUN-20260306-WEB_EVENTS,WEB_EVENTS,DQ-COMPLETE,Partition row coverage,Completeness,Critical,1.0,0.9,>=,PASS,0,Web Analytics
2026-03-06,RUN-20260306-WEB_EVENTS,WEB_EVENTS,DQ-VALID,Required type validity,Validity,High,0.0,0.0,<=,PASS,0,Web Analytics
2026-03-06,RUN-20260306-WEB_EVENTS,WEB_EVENTS,DQ-TAXONOMY,Unknown taxonomy rate,Consistency,High,0.0,0.01,<=,PASS,0,Web Analytics
2026-03-06,RUN-20260306-WEB_EVENTS,WEB_EVENTS,DQ-FRESH,Freshness lag,Timeliness,High,179.0,240.0,<=,PASS,0,Web Analytics
2026-03-06,RUN-20260306-WEB_EVENTS,WEB_EVENTS,DQ-RECON,Raw-to-dashboard variance,Reconciliation,Critical,0.002224,0.005,<=,PASS,0,Web Analytics
2026-03-06,RUN-20260306-CRM_LEADS,CRM_LEADS,DQ-UNIQUE,Business key uniqueness,Uniqueness,Critical,0.0,0.0,<=,PASS,0,Revenue Analytics
2026-03-06,RUN-20260306-CRM_LEADS,CRM_LEADS,DQ-COMPLETE,Partition row coverage,Completeness,Critical,1.0,0.9,>=,PASS,0,Revenue Analytics
2026-03-06,RUN-20260306-CRM_LEADS,CRM_LEADS,DQ-VALID,Required type validity,Validity,High,0.0,0.0,<=,PASS,0,Revenue Analytics
2026-03-06,RUN-20260306-CRM_LEADS,CRM_LEADS,DQ-TAXONOMY,Unknown taxonomy rate,Consistency,High,0.0,0.01,<=,PASS,0,Revenue Analytics
2026-03-06,RUN-20260306-CRM_LEADS,CRM_LEADS,DQ-FRESH,Freshness lag,Timeliness,High,72.0,240.0,<=,PASS,0,Revenue Analytics
2026-03-06,RUN-20260306-CRM_LEADS,CRM_LEADS,DQ-RECON,Raw-to-dashboard variance,Reconciliation,Critical,0.000644,0.005,<=,PASS,0,Revenue Analytics
2026-03-06,RUN-20260306-COMMERCE_ORDERS,COMMERCE_ORDERS,DQ-UNIQUE,Business key uniqueness,Uniqueness,Critical,0.0,0.0,<=,PASS,0,Analytics Engineering
2026-03-06,RUN-20260306-COMMERCE_ORDERS,COMMERCE_ORDERS,DQ-COMPLETE,Partition row coverage,Completeness,Critical,1.0,0.9,>=,PASS,0,Analytics Engineering
2026-03-06,RUN-20260306-COMMERCE_ORDERS,COMMERCE_ORDERS,DQ-VALID,Required type validity,Validity,High,0.0,0.0,<=,PASS,0,Analytics Engineering
2026-03-06,RUN-20260306-COMMERCE_ORDERS,COMMERCE_ORDERS,DQ-TAXONOMY,Unknown taxonomy rate,Consistency,High,0.0,0.01,<=,PASS,0,Analytics Engineering
2026-03-06,RUN-20260306-COMMERCE_ORDERS,COMMERCE_ORDERS,DQ-FRESH,Freshness lag,Timeliness,High,123.0,240.0,<=,PASS,0,Analytics Engineering
2026-03-06,RUN-20260306-COMMERCE_ORDERS,COMMERCE_ORDERS,DQ-RECON,Raw-to-dashboard variance,Reconciliation,Critical,0.002295,0.005,<=,PASS,0,Analytics Engineering
2026-03-06,RUN-20260306-CAMPAIGN_SPEND,CAMPAIGN_SPEND,DQ-UNIQUE,Business key uniqueness,Uniqueness,Critical,0.0,0.0,<=,PASS,0,Marketing Operations
2026-03-06,RUN-20260306-CAMPAIGN_SPEND,CAMPAIGN_SPEND,DQ-COMPLETE,Partition row coverage,Completeness,Critical,1.0,0.9,>=,PASS,0,Marketing Operations
2026-03-06,RUN-20260306-CAMPAIGN_SPEND,CAMPAIGN_SPEND,DQ-VALID,Required type validity,Validity,High,0.0,0.0,<=,PASS,0,Marketing Operations
2026-03-06,RUN-20260306-CAMPAIGN_SPEND,CAMPAIGN_SPEND,DQ-TAXONOMY,Unknown taxonomy rate,Consistency,High,0.0,0.01,<=,PASS,0,Marketing Operations
2026-03-06,RUN-20260306-CAMPAIGN_SPEND,CAMPAIGN_SPEND,DQ-FRESH,Freshness lag,Timeliness,High,101.0,240.0,<=,PASS,0,Marketing Operations
2026-03-06,RUN-20260306-CAMPAIGN_SPEND,CAMPAIGN_SPEND,DQ-RECON,Raw-to-dashboard variance,Reconciliation,Critical,0.001686,0.005,<=,PASS,0,Marketing Operations
2026-03-07,RUN-20260307-WEB_EVENTS,WEB_EVENTS,DQ-UNIQUE,Business key uniqueness,Uniqueness,Critical,0.0,0.0,<=,PASS,0,Web Analytics
2026-03-07,RUN-20260307-WEB_EVENTS,WEB_EVENTS,DQ-COMPLETE,Partition row coverage,Completeness,Critical,1.0,0.9,>=,PASS,0,Web Analytics
2026-03-07,RUN-20260307-WEB_EVENTS,WEB_EVENTS,DQ-VALID,Required type validity,Validity,High,0.0,0.0,<=,PASS,0,Web Analytics
2026-03-07,RUN-20260307-WEB_EVENTS,WEB_EVENTS,DQ-TAXONOMY,Unknown taxonomy rate,Consistency,High,0.0,0.01,<=,PASS,0,Web Analytics
2026-03-07,RUN-20260307-WEB_EVENTS,WEB_EVENTS,DQ-FRESH,Freshness lag,Timeliness,High,173.0,240.0,<=,PASS,0,Web Analytics
2026-03-07,RUN-20260307-WEB_EVENTS,WEB_EVENTS,DQ-RECON,Raw-to-dashboard variance,Reconciliation,Critical,0.001956,0.005,<=,PASS,0,Web Analytics
2026-03-07,RUN-20260307-CRM_LEADS,CRM_LEADS,DQ-UNIQUE,Business key uniqueness,Uniqueness,Critical,0.0,0.0,<=,PASS,0,Revenue Analytics
2026-03-07,RUN-20260307-CRM_LEADS,CRM_LEADS,DQ-COMPLETE,Partition row coverage,Completeness,Critical,1.0,0.9,>=,PASS,0,Revenue Analytics
2026-03-07,RUN-20260307-CRM_LEADS,CRM_LEADS,DQ-VALID,Required type validity,Validity,High,0.0,0.0,<=,PASS,0,Revenue Analytics
2026-03-07,RUN-20260307-CRM_LEADS,CRM_LEADS,DQ-TAXONOMY,Unknown taxonomy rate,Consistency,High,0.0,0.01,<=,PASS,0,Revenue Analytics
2026-03-07,RUN-20260307-CRM_LEADS,CRM_LEADS,DQ-FRESH,Freshness lag,Timeliness,High,61.0,240.0,<=,PASS,0,Revenue Analytics
2026-03-07,RUN-20260307-CRM_LEADS,CRM_LEADS,DQ-RECON,Raw-to-dashboard variance,Reconciliation,Critical,0.002473,0.005,<=,PASS,0,Revenue Analytics
2026-03-07,RUN-20260307-COMMERCE_ORDERS,COMMERCE_ORDERS,DQ-UNIQUE,Business key uniqueness,Uniqueness,Critical,0.0,0.0,<=,PASS,0,Analytics Engineering
2026-03-07,RUN-20260307-COMMERCE_ORDERS,COMMERCE_ORDERS,DQ-COMPLETE,Partition row coverage,Completeness,Critical,1.0,0.9,>=,PASS,0,Analytics Engineering
2026-03-07,RUN-20260307-COMMERCE_ORDERS,COMMERCE_ORDERS,DQ-VALID,Required type validity,Validity,High,0.0,0.0,<=,PASS,0,Analytics Engineering
2026-03-07,RUN-20260307-COMMERCE_ORDERS,COMMERCE_ORDERS,DQ-TAXONOMY,Unknown taxonomy rate,Consistency,High,0.0,0.01,<=,PASS,0,Analytics Engineering
2026-03-07,RUN-20260307-COMMERCE_ORDERS,COMMERCE_ORDERS,DQ-FRESH,Freshness lag,Timeliness,High,101.0,240.0,<=,PASS,0,Analytics Engineering
2026-03-07,RUN-20260307-COMMERCE_ORDERS,COMMERCE_ORDERS,DQ-RECON,Raw-to-dashboard variance,Reconciliation,Critical,0.001624,0.005,<=,PASS,0,Analytics Engineering
2026-03-07,RUN-20260307-CAMPAIGN_SPEND,CAMPAIGN_SPEND,DQ-UNIQUE,Business key uniqueness,Uniqueness,Critical,0.0,0.0,<=,PASS,0,Marketing Operations
2026-03-07,RUN-20260307-CAMPAIGN_SPEND,CAMPAIGN_SPEND,DQ-COMPLETE,Partition row coverage,Completeness,Critical,1.0,0.9,>=,PASS,0,Marketing Operations
2026-03-07,RUN-20260307-CAMPAIGN_SPEND,CAMPAIGN_SPEND,DQ-VALID,Required type validity,Validity,High,0.0,0.0,<=,PASS,0,Marketing Operations
2026-03-07,RUN-20260307-CAMPAIGN_SPEND,CAMPAIGN_SPEND,DQ-TAXONOMY,Unknown taxonomy rate,Consistency,High,0.0,0.01,<=,PASS,0,Marketing Operations
2026-03-07,RUN-20260307-CAMPAIGN_SPEND,CAMPAIGN_SPEND,DQ-FRESH,Freshness lag,Timeliness,High,121.0,240.0,<=,PASS,0,Marketing Operations
2026-03-07,RUN-20260307-CAMPAIGN_SPEND,CAMPAIGN_SPEND,DQ-RECON,Raw-to-dashboard variance,Reconciliation,Critical,0.003142,0.005,<=,PASS,0,Marketing Operations
2026-03-08,RUN-20260308-WEB_EVENTS,WEB_EVENTS,DQ-UNIQUE,Business key uniqueness,Uniqueness,Critical,0.0,0.0,<=,PASS,0,Web Analytics
2026-03-08,RUN-20260308-WEB_EVENTS,WEB_EVENTS,DQ-COMPLETE,Partition row coverage,Completeness,Critical,1.0,0.9,>=,PASS,0,Web Analytics
2026-03-08,RUN-20260308-WEB_EVENTS,WEB_EVENTS,DQ-VALID,Required type validity,Validity,High,0.0,0.0,<=,PASS,0,Web Analytics
2026-03-08,RUN-20260308-WEB_EVENTS,WEB_EVENTS,DQ-TAXONOMY,Unknown taxonomy rate,Consistency,High,0.0,0.01,<=,PASS,0,Web Analytics
2026-03-08,RUN-20260308-WEB_EVENTS,WEB_EVENTS,DQ-FRESH,Freshness lag,Timeliness,High,147.0,240.0,<=,PASS,0,Web Analytics
2026-03-08,RUN-20260308-WEB_EVENTS,WEB_EVENTS,DQ-RECON,Raw-to-dashboard variance,Reconciliation,Critical,0.002829,0.005,<=,PASS,0,Web Analytics
2026-03-08,RUN-20260308-CRM_LEADS,CRM_LEADS,DQ-UNIQUE,Business key uniqueness,Uniqueness,Critical,0.0,0.0,<=,PASS,0,Revenue Analytics
2026-03-08,RUN-20260308-CRM_LEADS,CRM_LEADS,DQ-COMPLETE,Partition row coverage,Completeness,Critical,1.0,0.9,>=,PASS,0,Revenue Analytics
2026-03-08,RUN-20260308-CRM_LEADS,CRM_LEADS,DQ-VALID,Required type validity,Validity,High,0.0,0.0,<=,PASS,0,Revenue Analytics
2026-03-08,RUN-20260308-CRM_LEADS,CRM_LEADS,DQ-TAXONOMY,Unknown taxonomy rate,Consistency,High,0.0,0.01,<=,PASS,0,Revenue Analytics
2026-03-08,RUN-20260308-CRM_LEADS,CRM_LEADS,DQ-FRESH,Freshness lag,Timeliness,High,56.0,240.0,<=,PASS,0,Revenue Analytics
2026-03-08,RUN-20260308-CRM_LEADS,CRM_LEADS,DQ-RECON,Raw-to-dashboard variance,Reconciliation,Critical,0.002622,0.005,<=,PASS,0,Revenue Analytics
2026-03-08,RUN-20260308-COMMERCE_ORDERS,COMMERCE_ORDERS,DQ-UNIQUE,Business key uniqueness,Uniqueness,Critical,0.0,0.0,<=,PASS,0,Analytics Engineering
2026-03-08,RUN-20260308-COMMERCE_ORDERS,COMMERCE_ORDERS,DQ-COMPLETE,Partition row coverage,Completeness,Critical,1.0,0.9,>=,PASS,0,Analytics Engineering
2026-03-08,RUN-20260308-COMMERCE_ORDERS,COMMERCE_ORDERS,DQ-VALID,Required type validity,Validity,High,0.0,0.0,<=,PASS,0,Analytics Engineering
2026-03-08,RUN-20260308-COMMERCE_ORDERS,COMMERCE_ORDERS,DQ-TAXONOMY,Unknown taxonomy rate,Consistency,High,0.0,0.01,<=,PASS,0,Analytics Engineering
2026-03-08,RUN-20260308-COMMERCE_ORDERS,COMMERCE_ORDERS,DQ-FRESH,Freshness lag,Timeliness,High,122.0,240.0,<=,PASS,0,Analytics Engineering
2026-03-08,RUN-20260308-COMMERCE_ORDERS,COMMERCE_ORDERS,DQ-RECON,Raw-to-dashboard variance,Reconciliation,Critical,0.002227,0.005,<=,PASS,0,Analytics Engineering
2026-03-08,RUN-20260308-CAMPAIGN_SPEND,CAMPAIGN_SPEND,DQ-UNIQUE,Business key uniqueness,Uniqueness,Critical,0.0,0.0,<=,PASS,0,Marketing Operations
2026-03-08,RUN-20260308-CAMPAIGN_SPEND,CAMPAIGN_SPEND,DQ-COMPLETE,Partition row coverage,Completeness,Critical,1.0,0.9,>=,PASS,0,Marketing Operations
2026-03-08,RUN-20260308-CAMPAIGN_SPEND,CAMPAIGN_SPEND,DQ-VALID,Required type validity,Validity,High,0.0,0.0,<=,PASS,0,Marketing Operations
2026-03-08,RUN-20260308-CAMPAIGN_SPEND,CAMPAIGN_SPEND,DQ-TAXONOMY,Unknown taxonomy rate,Consistency,High,0.0,0.01,<=,PASS,0,Marketing Operations
2026-03-08,RUN-20260308-CAMPAIGN_SPEND,CAMPAIGN_SPEND,DQ-FRESH,Freshness lag,Timeliness,High,76.0,240.0,<=,PASS,0,Marketing Operations
2026-03-08,RUN-20260308-CAMPAIGN_SPEND,CAMPAIGN_SPEND,DQ-RECON,Raw-to-dashboard variance,Reconciliation,Critical,0.001541,0.005,<=,PASS,0,Marketing Operations
2026-03-09,RUN-20260309-WEB_EVENTS,WEB_EVENTS,DQ-UNIQUE,Business key uniqueness,Uniqueness,Critical,0.0,0.0,<=,PASS,0,Web Analytics
2026-03-09,RUN-20260309-WEB_EVENTS,WEB_EVENTS,DQ-COMPLETE,Partition row coverage,Completeness,Critical,1.0,0.9,>=,PASS,0,Web Analytics
2026-03-09,RUN-20260309-WEB_EVENTS,WEB_EVENTS,DQ-VALID,Required type validity,Validity,High,0.0,0.0,<=,PASS,0,Web Analytics
2026-03-09,RUN-20260309-WEB_EVENTS,WEB_EVENTS,DQ-TAXONOMY,Unknown taxonomy rate,Consistency,High,0.0,0.01,<=,PASS,0,Web Analytics
2026-03-09,RUN-20260309-WEB_EVENTS,WEB_EVENTS,DQ-FRESH,Freshness lag,Timeliness,High,184.0,240.0,<=,PASS,0,Web Analytics
2026-03-09,RUN-20260309-WEB_EVENTS,WEB_EVENTS,DQ-RECON,Raw-to-dashboard variance,Reconciliation,Critical,0.002412,0.005,<=,PASS,0,Web Analytics
2026-03-09,RUN-20260309-CRM_LEADS,CRM_LEADS,DQ-UNIQUE,Business key uniqueness,Uniqueness,Critical,0.0,0.0,<=,PASS,0,Revenue Analytics
2026-03-09,RUN-20260309-CRM_LEADS,CRM_LEADS,DQ-COMPLETE,Partition row coverage,Completeness,Critical,1.0,0.9,>=,PASS,0,Revenue Analytics
2026-03-09,RUN-20260309-CRM_LEADS,CRM_LEADS,DQ-VALID,Required type validity,Validity,High,0.0,0.0,<=,PASS,0,Revenue Analytics
2026-03-09,RUN-20260309-CRM_LEADS,CRM_LEADS,DQ-TAXONOMY,Unknown taxonomy rate,Consistency,High,0.0,0.01,<=,PASS,0,Revenue Analytics
2026-03-09,RUN-20260309-CRM_LEADS,CRM_LEADS,DQ-FRESH,Freshness lag,Timeliness,High,135.0,240.0,<=,PASS,0,Revenue Analytics
2026-03-09,RUN-20260309-CRM_LEADS,CRM_LEADS,DQ-RECON,Raw-to-dashboard variance,Reconciliation,Critical,0.000685,0.005,<=,PASS,0,Revenue Analytics
2026-03-09,RUN-20260309-COMMERCE_ORDERS,COMMERCE_ORDERS,DQ-UNIQUE,Business key uniqueness,Uniqueness,Critical,0.0,0.0,<=,PASS,0,Analytics Engineering
2026-03-09,RUN-20260309-COMMERCE_ORDERS,COMMERCE_ORDERS,DQ-COMPLETE,Partition row coverage,Completeness,Critical,1.0,0.9,>=,PASS,0,Analytics Engineering
2026-03-09,RUN-20260309-COMMERCE_ORDERS,COMMERCE_ORDERS,DQ-VALID,Required type validity,Validity,High,0.0,0.0,<=,PASS,0,Analytics Engineering
2026-03-09,RUN-20260309-COMMERCE_ORDERS,COMMERCE_ORDERS,DQ-TAXONOMY,Unknown taxonomy rate,Consistency,High,0.0,0.01,<=,PASS,0,Analytics Engineering
2026-03-09,RUN-20260309-COMMERCE_ORDERS,COMMERCE_ORDERS,DQ-FRESH,Freshness lag,Timeliness,High,57.0,240.0,<=,PASS,0,Analytics Engineering
2026-03-09,RUN-20260309-COMMERCE_ORDERS,COMMERCE_ORDERS,DQ-RECON,Raw-to-dashboard variance,Reconciliation,Critical,0.002948,0.005,<=,PASS,0,Analytics Engineering
2026-03-09,RUN-20260309-CAMPAIGN_SPEND,CAMPAIGN_SPEND,DQ-UNIQUE,Business key uniqueness,Uniqueness,Critical,0.0,0.0,<=,PASS,0,Marketing Operations
2026-03-09,RUN-20260309-CAMPAIGN_SPEND,CAMPAIGN_SPEND,DQ-COMPLETE,Partition row coverage,Completeness,Critical,1.0,0.9,>=,PASS,0,Marketing Operations
2026-03-09,RUN-20260309-CAMPAIGN_SPEND,CAMPAIGN_SPEND,DQ-VALID,Required type validity,Validity,High,0.0,0.0,<=,PASS,0,Marketing Operations
2026-03-09,RUN-20260309-CAMPAIGN_SPEND,CAMPAIGN_SPEND,DQ-TAXONOMY,Unknown taxonomy rate,Consistency,High,0.0,0.01,<=,PASS,0,Marketing Operations
2026-03-09,RUN-20260309-CAMPAIGN_SPEND,CAMPAIGN_SPEND,DQ-FRESH,Freshness lag,Timeliness,High,144.0,240.0,<=,PASS,0,Marketing Operations
2026-03-09,RUN-20260309-CAMPAIGN_SPEND,CAMPAIGN_SPEND,DQ-RECON,Raw-to-dashboard variance,Reconciliation,Critical,0.002403,0.005,<=,PASS,0,Marketing Operations
2026-03-10,RUN-20260310-WEB_EVENTS,WEB_EVENTS,DQ-UNIQUE,Business key uniqueness,Uniqueness,Critical,0.0,0.0,<=,PASS,0,Web Analytics
2026-03-10,RUN-20260310-WEB_EVENTS,WEB_EVENTS,DQ-COMPLETE,Partition row coverage,Completeness,Critical,1.0,0.9,>=,PASS,0,Web Analytics
2026-03-10,RUN-20260310-WEB_EVENTS,WEB_EVENTS,DQ-VALID,Required type validity,Validity,High,0.0,0.0,<=,PASS,0,Web Analytics
2026-03-10,RUN-20260310-WEB_EVENTS,WEB_EVENTS,DQ-TAXONOMY,Unknown taxonomy rate,Consistency,High,0.0,0.01,<=,PASS,0,Web Analytics
2026-03-10,RUN-20260310-WEB_EVENTS,WEB_EVENTS,DQ-FRESH,Freshness lag,Timeliness,High,88.0,240.0,<=,PASS,0,Web Analytics
2026-03-10,RUN-20260310-WEB_EVENTS,WEB_EVENTS,DQ-RECON,Raw-to-dashboard variance,Reconciliation,Critical,0.002067,0.005,<=,PASS,0,Web Analytics
2026-03-10,RUN-20260310-CRM_LEADS,CRM_LEADS,DQ-UNIQUE,Business key uniqueness,Uniqueness,Critical,0.0,0.0,<=,PASS,0,Revenue Analytics
2026-03-10,RUN-20260310-CRM_LEADS,CRM_LEADS,DQ-COMPLETE,Partition row coverage,Completeness,Critical,1.0,0.9,>=,PASS,0,Revenue Analytics
2026-03-10,RUN-20260310-CRM_LEADS,CRM_LEADS,DQ-VALID,Required type validity,Validity,High,0.0,0.0,<=,PASS,0,Revenue Analytics
2026-03-10,RUN-20260310-CRM_LEADS,CRM_LEADS,DQ-TAXONOMY,Unknown taxonomy rate,Consistency,High,0.0,0.01,<=,PASS,0,Revenue Analytics
2026-03-10,RUN-20260310-CRM_LEADS,CRM_LEADS,DQ-FRESH,Freshness lag,Timeliness,High,85.0,240.0,<=,PASS,0,Revenue Analytics
2026-03-10,RUN-20260310-CRM_LEADS,CRM_LEADS,DQ-RECON,Raw-to-dashboard variance,Reconciliation,Critical,0.001012,0.005,<=,PASS,0,Revenue Analytics
2026-03-10,RUN-20260310-COMMERCE_ORDERS,COMMERCE_ORDERS,DQ-UNIQUE,Business key uniqueness,Uniqueness,Critical,0.0,0.0,<=,PASS,0,Analytics Engineering
2026-03-10,RUN-20260310-COMMERCE_ORDERS,COMMERCE_ORDERS,DQ-COMPLETE,Partition row coverage,Completeness,Critical,1.0,0.9,>=,PASS,0,Analytics Engineering
2026-03-10,RUN-20260310-COMMERCE_ORDERS,COMMERCE_ORDERS,DQ-VALID,Required type validity,Validity,High,0.0,0.0,<=,PASS,0,Analytics Engineering
2026-03-10,RUN-20260310-COMMERCE_ORDERS,COMMERCE_ORDERS,DQ-TAXONOMY,Unknown taxonomy rate,Consistency,High,0.0,0.01,<=,PASS,0,Analytics Engineering
2026-03-10,RUN-20260310-COMMERCE_ORDERS,COMMERCE_ORDERS,DQ-FRESH,Freshness lag,Timeliness,High,139.0,240.0,<=,PASS,0,Analytics Engineering
2026-03-10,RUN-20260310-COMMERCE_ORDERS,COMMERCE_ORDERS,DQ-RECON,Raw-to-dashboard variance,Reconciliation,Critical,0.001698,0.005,<=,PASS,0,Analytics Engineering
2026-03-10,RUN-20260310-CAMPAIGN_SPEND,CAMPAIGN_SPEND,DQ-UNIQUE,Business key uniqueness,Uniqueness,Critical,0.0,0.0,<=,PASS,0,Marketing Operations
2026-03-10,RUN-20260310-CAMPAIGN_SPEND,CAMPAIGN_SPEND,DQ-COMPLETE,Partition row coverage,Completeness,Critical,1.0,0.9,>=,PASS,0,Marketing Operations
2026-03-10,RUN-20260310-CAMPAIGN_SPEND,CAMPAIGN_SPEND,DQ-VALID,Required type validity,Validity,High,0.0,0.0,<=,PASS,0,Marketing Operations
2026-03-10,RUN-20260310-CAMPAIGN_SPEND,CAMPAIGN_SPEND,DQ-TAXONOMY,Unknown taxonomy rate,Consistency,High,0.0,0.01,<=,PASS,0,Marketing Operations
2026-03-10,RUN-20260310-CAMPAIGN_SPEND,CAMPAIGN_SPEND,DQ-FRESH,Freshness lag,Timeliness,High,135.0,240.0,<=,PASS,0,Marketing Operations
2026-03-10,RUN-20260310-CAMPAIGN_SPEND,CAMPAIGN_SPEND,DQ-RECON,Raw-to-dashboard variance,Reconciliation,Critical,0.002559,0.005,<=,PASS,0,Marketing Operations
2026-03-11,RUN-20260311-WEB_EVENTS,WEB_EVENTS,DQ-UNIQUE,Business key uniqueness,Uniqueness,Critical,0.0,0.0,<=,PASS,0,Web Analytics
2026-03-11,RUN-20260311-WEB_EVENTS,WEB_EVENTS,DQ-COMPLETE,Partition row coverage,Completeness,Critical,1.0,0.9,>=,PASS,0,Web Analytics
2026-03-11,RUN-20260311-WEB_EVENTS,WEB_EVENTS,DQ-VALID,Required type validity,Validity,High,0.0,0.0,<=,PASS,0,Web Analytics
2026-03-11,RUN-20260311-WEB_EVENTS,WEB_EVENTS,DQ-TAXONOMY,Unknown taxonomy rate,Consistency,High,0.0,0.01,<=,PASS,0,Web Analytics
2026-03-11,RUN-20260311-WEB_EVENTS,WEB_EVENTS,DQ-FRESH,Freshness lag,Timeliness,High,98.0,240.0,<=,PASS,0,Web Analytics
2026-03-11,RUN-20260311-WEB_EVENTS,WEB_EVENTS,DQ-RECON,Raw-to-dashboard variance,Reconciliation,Critical,0.000611,0.005,<=,PASS,0,Web Analytics
2026-03-11,RUN-20260311-CRM_LEADS,CRM_LEADS,DQ-UNIQUE,Business key uniqueness,Uniqueness,Critical,0.0,0.0,<=,PASS,0,Revenue Analytics
2026-03-11,RUN-20260311-CRM_LEADS,CRM_LEADS,DQ-COMPLETE,Partition row coverage,Completeness,Critical,1.0,0.9,>=,PASS,0,Revenue Analytics
2026-03-11,RUN-20260311-CRM_LEADS,CRM_LEADS,DQ-VALID,Required type validity,Validity,High,0.0,0.0,<=,PASS,0,Revenue Analytics
2026-03-11,RUN-20260311-CRM_LEADS,CRM_LEADS,DQ-TAXONOMY,Unknown taxonomy rate,Consistency,High,0.0,0.01,<=,PASS,0,Revenue Analytics
2026-03-11,RUN-20260311-CRM_LEADS,CRM_LEADS,DQ-FRESH,Freshness lag,Timeliness,High,169.0,240.0,<=,PASS,0,Revenue Analytics
2026-03-11,RUN-20260311-CRM_LEADS,CRM_LEADS,DQ-RECON,Raw-to-dashboard variance,Reconciliation,Critical,0.000451,0.005,<=,PASS,0,Revenue Analytics
2026-03-11,RUN-20260311-COMMERCE_ORDERS,COMMERCE_ORDERS,DQ-UNIQUE,Business key uniqueness,Uniqueness,Critical,0.0,0.0,<=,PASS,0,Analytics Engineering
2026-03-11,RUN-20260311-COMMERCE_ORDERS,COMMERCE_ORDERS,DQ-COMPLETE,Partition row coverage,Completeness,Critical,1.0,0.9,>=,PASS,0,Analytics Engineering
2026-03-11,RUN-20260311-COMMERCE_ORDERS,COMMERCE_ORDERS,DQ-VALID,Required type validity,Validity,High,0.0,0.0,<=,PASS,0,Analytics Engineering
2026-03-11,RUN-20260311-COMMERCE_ORDERS,COMMERCE_ORDERS,DQ-TAXONOMY,Unknown taxonomy rate,Consistency,High,0.0,0.01,<=,PASS,0,Analytics Engineering
2026-03-11,RUN-20260311-COMMERCE_ORDERS,COMMERCE_ORDERS,DQ-FRESH,Freshness lag,Timeliness,High,135.0,240.0,<=,PASS,0,Analytics Engineering
2026-03-11,RUN-20260311-COMMERCE_ORDERS,COMMERCE_ORDERS,DQ-RECON,Raw-to-dashboard variance,Reconciliation,Critical,0.003038,0.005,<=,PASS,0,Analytics Engineering
2026-03-11,RUN-20260311-CAMPAIGN_SPEND,CAMPAIGN_SPEND,DQ-UNIQUE,Business key uniqueness,Uniqueness,Critical,0.0,0.0,<=,PASS,0,Marketing Operations
2026-03-11,RUN-20260311-CAMPAIGN_SPEND,CAMPAIGN_SPEND,DQ-COMPLETE,Partition row coverage,Completeness,Critical,1.0,0.9,>=,PASS,0,Marketing Operations
2026-03-11,RUN-20260311-CAMPAIGN_SPEND,CAMPAIGN_SPEND,DQ-VALID,Required type validity,Validity,High,0.0,0.0,<=,PASS,0,Marketing Operations
2026-03-11,RUN-20260311-CAMPAIGN_SPEND,CAMPAIGN_SPEND,DQ-TAXONOMY,Unknown taxonomy rate,Consistency,High,0.0,0.01,<=,PASS,0,Marketing Operations
2026-03-11,RUN-20260311-CAMPAIGN_SPEND,CAMPAIGN_SPEND,DQ-FRESH,Freshness lag,Timeliness,High,151.0,240.0,<=,PASS,0,Marketing Operations
2026-03-11,RUN-20260311-CAMPAIGN_SPEND,CAMPAIGN_SPEND,DQ-RECON,Raw-to-dashboard variance,Reconciliation,Critical,0.001565,0.005,<=,PASS,0,Marketing Operations
2026-03-12,RUN-20260312-WEB_EVENTS,WEB_EVENTS,DQ-UNIQUE,Business key uniqueness,Uniqueness,Critical,0.0,0.0,<=,PASS,0,Web Analytics
2026-03-12,RUN-20260312-WEB_EVENTS,WEB_EVENTS,DQ-COMPLETE,Partition row coverage,Completeness,Critical,1.0,0.9,>=,PASS,0,Web Analytics
2026-03-12,RUN-20260312-WEB_EVENTS,WEB_EVENTS,DQ-VALID,Required type validity,Validity,High,0.0,0.0,<=,PASS,0,Web Analytics
2026-03-12,RUN-20260312-WEB_EVENTS,WEB_EVENTS,DQ-TAXONOMY,Unknown taxonomy rate,Consistency,High,0.0,0.01,<=,PASS,0,Web Analytics
2026-03-12,RUN-20260312-WEB_EVENTS,WEB_EVENTS,DQ-FRESH,Freshness lag,Timeliness,High,158.0,240.0,<=,PASS,0,Web Analytics
2026-03-12,RUN-20260312-WEB_EVENTS,WEB_EVENTS,DQ-RECON,Raw-to-dashboard variance,Reconciliation,Critical,0.003106,0.005,<=,PASS,0,Web Analytics
2026-03-12,RUN-20260312-CRM_LEADS,CRM_LEADS,DQ-UNIQUE,Business key uniqueness,Uniqueness,Critical,0.0,0.0,<=,PASS,0,Revenue Analytics
2026-03-12,RUN-20260312-CRM_LEADS,CRM_LEADS,DQ-COMPLETE,Partition row coverage,Completeness,Critical,1.0,0.9,>=,PASS,0,Revenue Analytics
2026-03-12,RUN-20260312-CRM_LEADS,CRM_LEADS,DQ-VALID,Required type validity,Validity,High,0.0,0.0,<=,PASS,0,Revenue Analytics
2026-03-12,RUN-20260312-CRM_LEADS,CRM_LEADS,DQ-TAXONOMY,Unknown taxonomy rate,Consistency,High,0.0,0.01,<=,PASS,0,Revenue Analytics
2026-03-12,RUN-20260312-CRM_LEADS,CRM_LEADS,DQ-FRESH,Freshness lag,Timeliness,High,73.0,240.0,<=,PASS,0,Revenue Analytics
2026-03-12,RUN-20260312-CRM_LEADS,CRM_LEADS,DQ-RECON,Raw-to-dashboard variance,Reconciliation,Critical,0.002934,0.005,<=,PASS,0,Revenue Analytics
2026-03-12,RUN-20260312-COMMERCE_ORDERS,COMMERCE_ORDERS,DQ-UNIQUE,Business key uniqueness,Uniqueness,Critical,0.0,0.0,<=,PASS,0,Analytics Engineering
2026-03-12,RUN-20260312-COMMERCE_ORDERS,COMMERCE_ORDERS,DQ-COMPLETE,Partition row coverage,Completeness,Critical,1.0,0.9,>=,PASS,0,Analytics Engineering
2026-03-12,RUN-20260312-COMMERCE_ORDERS,COMMERCE_ORDERS,DQ-VALID,Required type validity,Validity,High,0.0,0.0,<=,PASS,0,Analytics Engineering
2026-03-12,RUN-20260312-COMMERCE_ORDERS,COMMERCE_ORDERS,DQ-TAXONOMY,Unknown taxonomy rate,Consistency,High,0.0,0.01,<=,PASS,0,Analytics Engineering
2026-03-12,RUN-20260312-COMMERCE_ORDERS,COMMERCE_ORDERS,DQ-FRESH,Freshness lag,Timeliness,High,122.0,240.0,<=,PASS,0,Analytics Engineering
2026-03-12,RUN-20260312-COMMERCE_ORDERS,COMMERCE_ORDERS,DQ-RECON,Raw-to-dashboard variance,Reconciliation,Critical,0.002609,0.005,<=,PASS,0,Analytics Engineering
2026-03-12,RUN-20260312-CAMPAIGN_SPEND,CAMPAIGN_SPEND,DQ-UNIQUE,Business key uniqueness,Uniqueness,Critical,0.0,0.0,<=,PASS,0,Marketing Operations
2026-03-12,RUN-20260312-CAMPAIGN_SPEND,CAMPAIGN_SPEND,DQ-COMPLETE,Partition row coverage,Completeness,Critical,1.0,0.9,>=,PASS,0,Marketing Operations
2026-03-12,RUN-20260312-CAMPAIGN_SPEND,CAMPAIGN_SPEND,DQ-VALID,Required type validity,Validity,High,0.0,0.0,<=,PASS,0,Marketing Operations
2026-03-12,RUN-20260312-CAMPAIGN_SPEND,CAMPAIGN_SPEND,DQ-TAXONOMY,Unknown taxonomy rate,Consistency,High,0.0,0.01,<=,PASS,0,Marketing Operations
2026-03-12,RUN-20260312-CAMPAIGN_SPEND,CAMPAIGN_SPEND,DQ-FRESH,Freshness lag,Timeliness,High,66.0,240.0,<=,PASS,0,Marketing Operations
2026-03-12,RUN-20260312-CAMPAIGN_SPEND,CAMPAIGN_SPEND,DQ-RECON,Raw-to-dashboard variance,Reconciliation,Critical,0.001492,0.005,<=,PASS,0,Marketing Operations
2026-03-13,RUN-20260313-WEB_EVENTS,WEB_EVENTS,DQ-UNIQUE,Business key uniqueness,Uniqueness,Critical,0.0,0.0,<=,PASS,0,Web Analytics
2026-03-13,RUN-20260313-WEB_EVENTS,WEB_EVENTS,DQ-COMPLETE,Partition row coverage,Completeness,Critical,1.0,0.9,>=,PASS,0,Web Analytics
2026-03-13,RUN-20260313-WEB_EVENTS,WEB_EVENTS,DQ-VALID,Required type validity,Validity,High,0.0,0.0,<=,PASS,0,Web Analytics
2026-03-13,RUN-20260313-WEB_EVENTS,WEB_EVENTS,DQ-TAXONOMY,Unknown taxonomy rate,Consistency,High,0.0,0.01,<=,PASS,0,Web Analytics
2026-03-13,RUN-20260313-WEB_EVENTS,WEB_EVENTS,DQ-FRESH,Freshness lag,Timeliness,High,58.0,240.0,<=,PASS,0,Web Analytics
2026-03-13,RUN-20260313-WEB_EVENTS,WEB_EVENTS,DQ-RECON,Raw-to-dashboard variance,Reconciliation,Critical,0.000866,0.005,<=,PASS,0,Web Analytics
2026-03-13,RUN-20260313-CRM_LEADS,CRM_LEADS,DQ-UNIQUE,Business key uniqueness,Uniqueness,Critical,0.0,0.0,<=,PASS,0,Revenue Analytics
2026-03-13,RUN-20260313-CRM_LEADS,CRM_LEADS,DQ-COMPLETE,Partition row coverage,Completeness,Critical,1.0,0.9,>=,PASS,0,Revenue Analytics
2026-03-13,RUN-20260313-CRM_LEADS,CRM_LEADS,DQ-VALID,Required type validity,Validity,High,0.0,0.0,<=,PASS,0,Revenue Analytics
2026-03-13,RUN-20260313-CRM_LEADS,CRM_LEADS,DQ-TAXONOMY,Unknown taxonomy rate,Consistency,High,0.0,0.01,<=,PASS,0,Revenue Analytics
2026-03-13,RUN-20260313-CRM_LEADS,CRM_LEADS,DQ-FRESH,Freshness lag,Timeliness,High,139.0,240.0,<=,PASS,0,Revenue Analytics
2026-03-13,RUN-20260313-CRM_LEADS,CRM_LEADS,DQ-RECON,Raw-to-dashboard variance,Reconciliation,Critical,0.002054,0.005,<=,PASS,0,Revenue Analytics
2026-03-13,RUN-20260313-COMMERCE_ORDERS,COMMERCE_ORDERS,DQ-UNIQUE,Business key uniqueness,Uniqueness,Critical,0.0,0.0,<=,PASS,0,Analytics Engineering
2026-03-13,RUN-20260313-COMMERCE_ORDERS,COMMERCE_ORDERS,DQ-COMPLETE,Partition row coverage,Completeness,Critical,1.0,0.9,>=,PASS,0,Analytics Engineering
2026-03-13,RUN-20260313-COMMERCE_ORDERS,COMMERCE_ORDERS,DQ-VALID,Required type validity,Validity,High,0.0,0.0,<=,PASS,0,Analytics Engineering
2026-03-13,RUN-20260313-COMMERCE_ORDERS,COMMERCE_ORDERS,DQ-TAXONOMY,Unknown taxonomy rate,Consistency,High,0.0,0.01,<=,PASS,0,Analytics Engineering
2026-03-13,RUN-20260313-COMMERCE_ORDERS,COMMERCE_ORDERS,DQ-FRESH,Freshness lag,Timeliness,High,87.0,240.0,<=,PASS,0,Analytics Engineering
2026-03-13,RUN-20260313-COMMERCE_ORDERS,COMMERCE_ORDERS,DQ-RECON,Raw-to-dashboard variance,Reconciliation,Critical,0.002056,0.005,<=,PASS,0,Analytics Engineering
2026-03-13,RUN-20260313-CAMPAIGN_SPEND,CAMPAIGN_SPEND,DQ-UNIQUE,Business key uniqueness,Uniqueness,Critical,0.0,0.0,<=,PASS,0,Marketing Operations
2026-03-13,RUN-20260313-CAMPAIGN_SPEND,CAMPAIGN_SPEND,DQ-COMPLETE,Partition row coverage,Completeness,Critical,1.0,0.9,>=,PASS,0,Marketing Operations
2026-03-13,RUN-20260313-CAMPAIGN_SPEND,CAMPAIGN_SPEND,DQ-VALID,Required type validity,Validity,High,0.0,0.0,<=,PASS,0,Marketing Operations
2026-03-13,RUN-20260313-CAMPAIGN_SPEND,CAMPAIGN_SPEND,DQ-TAXONOMY,Unknown taxonomy rate,Consistency,High,0.0,0.01,<=,PASS,0,Marketing Operations
2026-03-13,RUN-20260313-CAMPAIGN_SPEND,CAMPAIGN_SPEND,DQ-FRESH,Freshness lag,Timeliness,High,145.0,240.0,<=,PASS,0,Marketing Operations
2026-03-13,RUN-20260313-CAMPAIGN_SPEND,CAMPAIGN_SPEND,DQ-RECON,Raw-to-dashboard variance,Reconciliation,Critical,0.003136,0.005,<=,PASS,0,Marketing Operations
2026-03-14,RUN-20260314-WEB_EVENTS,WEB_EVENTS,DQ-UNIQUE,Business key uniqueness,Uniqueness,Critical,0.0,0.0,<=,PASS,0,Web Analytics
2026-03-14,RUN-20260314-WEB_EVENTS,WEB_EVENTS,DQ-COMPLETE,Partition row coverage,Completeness,Critical,1.0,0.9,>=,PASS,0,Web Analytics
2026-03-14,RUN-20260314-WEB_EVENTS,WEB_EVENTS,DQ-VALID,Required type validity,Validity,High,0.0,0.0,<=,PASS,0,Web Analytics
2026-03-14,RUN-20260314-WEB_EVENTS,WEB_EVENTS,DQ-TAXONOMY,Unknown taxonomy rate,Consistency,High,0.0,0.01,<=,PASS,0,Web Analytics
2026-03-14,RUN-20260314-WEB_EVENTS,WEB_EVENTS,DQ-FRESH,Freshness lag,Timeliness,High,167.0,240.0,<=,PASS,0,Web Analytics
2026-03-14,RUN-20260314-WEB_EVENTS,WEB_EVENTS,DQ-RECON,Raw-to-dashboard variance,Reconciliation,Critical,0.00043,0.005,<=,PASS,0,Web Analytics
2026-03-14,RUN-20260314-CRM_LEADS,CRM_LEADS,DQ-UNIQUE,Business key uniqueness,Uniqueness,Critical,0.0,0.0,<=,PASS,0,Revenue Analytics
2026-03-14,RUN-20260314-CRM_LEADS,CRM_LEADS,DQ-COMPLETE,Partition row coverage,Completeness,Critical,1.0,0.9,>=,PASS,0,Revenue Analytics
2026-03-14,RUN-20260314-CRM_LEADS,CRM_LEADS,DQ-VALID,Required type validity,Validity,High,0.0,0.0,<=,PASS,0,Revenue Analytics
2026-03-14,RUN-20260314-CRM_LEADS,CRM_LEADS,DQ-TAXONOMY,Unknown taxonomy rate,Consistency,High,0.0,0.01,<=,PASS,0,Revenue Analytics
2026-03-14,RUN-20260314-CRM_LEADS,CRM_LEADS,DQ-FRESH,Freshness lag,Timeliness,High,117.0,240.0,<=,PASS,0,Revenue Analytics
2026-03-14,RUN-20260314-CRM_LEADS,CRM_LEADS,DQ-RECON,Raw-to-dashboard variance,Reconciliation,Critical,0.002875,0.005,<=,PASS,0,Revenue Analytics
2026-03-14,RUN-20260314-COMMERCE_ORDERS,COMMERCE_ORDERS,DQ-UNIQUE,Business key uniqueness,Uniqueness,Critical,0.0,0.0,<=,PASS,0,Analytics Engineering
2026-03-14,RUN-20260314-COMMERCE_ORDERS,COMMERCE_ORDERS,DQ-COMPLETE,Partition row coverage,Completeness,Critical,1.0,0.9,>=,PASS,0,Analytics Engineering
2026-03-14,RUN-20260314-COMMERCE_ORDERS,COMMERCE_ORDERS,DQ-VALID,Required type validity,Validity,High,0.0,0.0,<=,PASS,0,Analytics Engineering
2026-03-14,RUN-20260314-COMMERCE_ORDERS,COMMERCE_ORDERS,DQ-TAXONOMY,Unknown taxonomy rate,Consistency,High,0.0,0.01,<=,PASS,0,Analytics Engineering
2026-03-14,RUN-20260314-COMMERCE_ORDERS,COMMERCE_ORDERS,DQ-FRESH,Freshness lag,Timeliness,High,134.0,240.0,<=,PASS,0,Analytics Engineering
2026-03-14,RUN-20260314-COMMERCE_ORDERS,COMMERCE_ORDERS,DQ-RECON,Raw-to-dashboard variance,Reconciliation,Critical,0.001103,0.005,<=,PASS,0,Analytics Engineering
2026-03-14,RUN-20260314-CAMPAIGN_SPEND,CAMPAIGN_SPEND,DQ-UNIQUE,Business key uniqueness,Uniqueness,Critical,0.0,0.0,<=,PASS,0,Marketing Operations
2026-03-14,RUN-20260314-CAMPAIGN_SPEND,CAMPAIGN_SPEND,DQ-COMPLETE,Partition row coverage,Completeness,Critical,1.0,0.9,>=,PASS,0,Marketing Operations
2026-03-14,RUN-20260314-CAMPAIGN_SPEND,CAMPAIGN_SPEND,DQ-VALID,Required type validity,Validity,High,0.0,0.0,<=,PASS,0,Marketing Operations
2026-03-14,RUN-20260314-CAMPAIGN_SPEND,CAMPAIGN_SPEND,DQ-TAXONOMY,Unknown taxonomy rate,Consistency,High,0.0,0.01,<=,PASS,0,Marketing Operations
2026-03-14,RUN-20260314-CAMPAIGN_SPEND,CAMPAIGN_SPEND,DQ-FRESH,Freshness lag,Timeliness,High,100.0,240.0,<=,PASS,0,Marketing Operations
2026-03-14,RUN-20260314-CAMPAIGN_SPEND,CAMPAIGN_SPEND,DQ-RECON,Raw-to-dashboard variance,Reconciliation,Critical,0.001465,0.005,<=,PASS,0,Marketing Operations
2026-03-15,RUN-20260315-WEB_EVENTS,WEB_EVENTS,DQ-UNIQUE,Business key uniqueness,Uniqueness,Critical,0.0,0.0,<=,PASS,0,Web Analytics
2026-03-15,RUN-20260315-WEB_EVENTS,WEB_EVENTS,DQ-COMPLETE,Partition row coverage,Completeness,Critical,1.0,0.9,>=,PASS,0,Web Analytics
2026-03-15,RUN-20260315-WEB_EVENTS,WEB_EVENTS,DQ-VALID,Required type validity,Validity,High,0.0,0.0,<=,PASS,0,Web Analytics
2026-03-15,RUN-20260315-WEB_EVENTS,WEB_EVENTS,DQ-TAXONOMY,Unknown taxonomy rate,Consistency,High,0.0,0.01,<=,PASS,0,Web Analytics
2026-03-15,RUN-20260315-WEB_EVENTS,WEB_EVENTS,DQ-FRESH,Freshness lag,Timeliness,High,105.0,240.0,<=,PASS,0,Web Analytics
2026-03-15,RUN-20260315-WEB_EVENTS,WEB_EVENTS,DQ-RECON,Raw-to-dashboard variance,Reconciliation,Critical,0.002667,0.005,<=,PASS,0,Web Analytics
2026-03-15,RUN-20260315-CRM_LEADS,CRM_LEADS,DQ-UNIQUE,Business key uniqueness,Uniqueness,Critical,0.0,0.0,<=,PASS,0,Revenue Analytics
2026-03-15,RUN-20260315-CRM_LEADS,CRM_LEADS,DQ-COMPLETE,Partition row coverage,Completeness,Critical,1.0,0.9,>=,PASS,0,Revenue Analytics
2026-03-15,RUN-20260315-CRM_LEADS,CRM_LEADS,DQ-VALID,Required type validity,Validity,High,0.0,0.0,<=,PASS,0,Revenue Analytics
2026-03-15,RUN-20260315-CRM_LEADS,CRM_LEADS,DQ-TAXONOMY,Unknown taxonomy rate,Consistency,High,0.0,0.01,<=,PASS,0,Revenue Analytics
2026-03-15,RUN-20260315-CRM_LEADS,CRM_LEADS,DQ-FRESH,Freshness lag,Timeliness,High,155.0,240.0,<=,PASS,0,Revenue Analytics
2026-03-15,RUN-20260315-CRM_LEADS,CRM_LEADS,DQ-RECON,Raw-to-dashboard variance,Reconciliation,Critical,0.000433,0.005,<=,PASS,0,Revenue Analytics
2026-03-15,RUN-20260315-COMMERCE_ORDERS,COMMERCE_ORDERS,DQ-UNIQUE,Business key uniqueness,Uniqueness,Critical,0.0,0.0,<=,PASS,0,Analytics Engineering
2026-03-15,RUN-20260315-COMMERCE_ORDERS,COMMERCE_ORDERS,DQ-COMPLETE,Partition row coverage,Completeness,Critical,1.0,0.9,>=,PASS,0,Analytics Engineering
2026-03-15,RUN-20260315-COMMERCE_ORDERS,COMMERCE_ORDERS,DQ-VALID,Required type validity,Validity,High,0.0,0.0,<=,PASS,0,Analytics Engineering
2026-03-15,RUN-20260315-COMMERCE_ORDERS,COMMERCE_ORDERS,DQ-TAXONOMY,Unknown taxonomy rate,Consistency,High,0.0,0.01,<=,PASS,0,Analytics Engineering
2026-03-15,RUN-20260315-COMMERCE_ORDERS,COMMERCE_ORDERS,DQ-FRESH,Freshness lag,Timeliness,High,65.0,240.0,<=,PASS,0,Analytics Engineering
2026-03-15,RUN-20260315-COMMERCE_ORDERS,COMMERCE_ORDERS,DQ-RECON,Raw-to-dashboard variance,Reconciliation,Critical,0.000803,0.005,<=,PASS,0,Analytics Engineering
2026-03-15,RUN-20260315-CAMPAIGN_SPEND,CAMPAIGN_SPEND,DQ-UNIQUE,Business key uniqueness,Uniqueness,Critical,0.0,0.0,<=,PASS,0,Marketing Operations
2026-03-15,RUN-20260315-CAMPAIGN_SPEND,CAMPAIGN_SPEND,DQ-COMPLETE,Partition row coverage,Completeness,Critical,1.0,0.9,>=,PASS,0,Marketing Operations
2026-03-15,RUN-20260315-CAMPAIGN_SPEND,CAMPAIGN_SPEND,DQ-VALID,Required type validity,Validity,High,0.0,0.0,<=,PASS,0,Marketing Operations
2026-03-15,RUN-20260315-CAMPAIGN_SPEND,CAMPAIGN_SPEND,DQ-TAXONOMY,Unknown taxonomy rate,Consistency,High,0.0,0.01,<=,PASS,0,Marketing Operations
2026-03-15,RUN-20260315-CAMPAIGN_SPEND,CAMPAIGN_SPEND,DQ-FRESH,Freshness lag,Timeliness,High,157.0,240.0,<=,PASS,0,Marketing Operations
2026-03-15,RUN-20260315-CAMPAIGN_SPEND,CAMPAIGN_SPEND,DQ-RECON,Raw-to-dashboard variance,Reconciliation,Critical,0.002466,0.005,<=,PASS,0,Marketing Operations
2026-03-16,RUN-20260316-WEB_EVENTS,WEB_EVENTS,DQ-UNIQUE,Business key uniqueness,Uniqueness,Critical,0.0,0.0,<=,PASS,0,Web Analytics
2026-03-16,RUN-20260316-WEB_EVENTS,WEB_EVENTS,DQ-COMPLETE,Partition row coverage,Completeness,Critical,1.0,0.9,>=,PASS,0,Web Analytics
2026-03-16,RUN-20260316-WEB_EVENTS,WEB_EVENTS,DQ-VALID,Required type validity,Validity,High,0.0,0.0,<=,PASS,0,Web Analytics
2026-03-16,RUN-20260316-WEB_EVENTS,WEB_EVENTS,DQ-TAXONOMY,Unknown taxonomy rate,Consistency,High,0.0,0.01,<=,PASS,0,Web Analytics
2026-03-16,RUN-20260316-WEB_EVENTS,WEB_EVENTS,DQ-FRESH,Freshness lag,Timeliness,High,82.0,240.0,<=,PASS,0,Web Analytics
2026-03-16,RUN-20260316-WEB_EVENTS,WEB_EVENTS,DQ-RECON,Raw-to-dashboard variance,Reconciliation,Critical,0.001916,0.005,<=,PASS,0,Web Analytics
2026-03-16,RUN-20260316-CRM_LEADS,CRM_LEADS,DQ-UNIQUE,Business key uniqueness,Uniqueness,Critical,0.0,0.0,<=,PASS,0,Revenue Analytics
2026-03-16,RUN-20260316-CRM_LEADS,CRM_LEADS,DQ-COMPLETE,Partition row coverage,Completeness,Critical,1.0,0.9,>=,PASS,0,Revenue Analytics
2026-03-16,RUN-20260316-CRM_LEADS,CRM_LEADS,DQ-VALID,Required type validity,Validity,High,0.0,0.0,<=,PASS,0,Revenue Analytics
2026-03-16,RUN-20260316-CRM_LEADS,CRM_LEADS,DQ-TAXONOMY,Unknown taxonomy rate,Consistency,High,0.0,0.01,<=,PASS,0,Revenue Analytics
2026-03-16,RUN-20260316-CRM_LEADS,CRM_LEADS,DQ-FRESH,Freshness lag,Timeliness,High,99.0,240.0,<=,PASS,0,Revenue Analytics
2026-03-16,RUN-20260316-CRM_LEADS,CRM_LEADS,DQ-RECON,Raw-to-dashboard variance,Reconciliation,Critical,0.000772,0.005,<=,PASS,0,Revenue Analytics
2026-03-16,RUN-20260316-COMMERCE_ORDERS,COMMERCE_ORDERS,DQ-UNIQUE,Business key uniqueness,Uniqueness,Critical,0.0,0.0,<=,PASS,0,Analytics Engineering
2026-03-16,RUN-20260316-COMMERCE_ORDERS,COMMERCE_ORDERS,DQ-COMPLETE,Partition row coverage,Completeness,Critical,1.0,0.9,>=,PASS,0,Analytics Engineering
2026-03-16,RUN-20260316-COMMERCE_ORDERS,COMMERCE_ORDERS,DQ-VALID,Required type validity,Validity,High,0.0,0.0,<=,PASS,0,Analytics Engineering
2026-03-16,RUN-20260316-COMMERCE_ORDERS,COMMERCE_ORDERS,DQ-TAXONOMY,Unknown taxonomy rate,Consistency,High,0.0,0.01,<=,PASS,0,Analytics Engineering
2026-03-16,RUN-20260316-COMMERCE_ORDERS,COMMERCE_ORDERS,DQ-FRESH,Freshness lag,Timeliness,High,161.0,240.0,<=,PASS,0,Analytics Engineering
2026-03-16,RUN-20260316-COMMERCE_ORDERS,COMMERCE_ORDERS,DQ-RECON,Raw-to-dashboard variance,Reconciliation,Critical,0.00223,0.005,<=,PASS,0,Analytics Engineering
2026-03-16,RUN-20260316-CAMPAIGN_SPEND,CAMPAIGN_SPEND,DQ-UNIQUE,Business key uniqueness,Uniqueness,Critical,0.0,0.0,<=,PASS,0,Marketing Operations
2026-03-16,RUN-20260316-CAMPAIGN_SPEND,CAMPAIGN_SPEND,DQ-COMPLETE,Partition row coverage,Completeness,Critical,1.0,0.9,>=,PASS,0,Marketing Operations
2026-03-16,RUN-20260316-CAMPAIGN_SPEND,CAMPAIGN_SPEND,DQ-VALID,Required type validity,Validity,High,0.0,0.0,<=,PASS,0,Marketing Operations
2026-03-16,RUN-20260316-CAMPAIGN_SPEND,CAMPAIGN_SPEND,DQ-TAXONOMY,Unknown taxonomy rate,Consistency,High,0.0,0.01,<=,PASS,0,Marketing Operations
2026-03-16,RUN-20260316-CAMPAIGN_SPEND,CAMPAIGN_SPEND,DQ-FRESH,Freshness lag,Timeliness,High,91.0,240.0,<=,PASS,0,Marketing Operations
2026-03-16,RUN-20260316-CAMPAIGN_SPEND,CAMPAIGN_SPEND,DQ-RECON,Raw-to-dashboard variance,Reconciliation,Critical,0.000469,0.005,<=,PASS,0,Marketing Operations
2026-03-17,RUN-20260317-WEB_EVENTS,WEB_EVENTS,DQ-UNIQUE,Business key uniqueness,Uniqueness,Critical,0.0,0.0,<=,PASS,0,Web Analytics
2026-03-17,RUN-20260317-WEB_EVENTS,WEB_EVENTS,DQ-COMPLETE,Partition row coverage,Completeness,Critical,1.0,0.9,>=,PASS,0,Web Analytics
2026-03-17,RUN-20260317-WEB_EVENTS,WEB_EVENTS,DQ-VALID,Required type validity,Validity,High,0.0,0.0,<=,PASS,0,Web Analytics
2026-03-17,RUN-20260317-WEB_EVENTS,WEB_EVENTS,DQ-TAXONOMY,Unknown taxonomy rate,Consistency,High,0.0,0.01,<=,PASS,0,Web Analytics
2026-03-17,RUN-20260317-WEB_EVENTS,WEB_EVENTS,DQ-FRESH,Freshness lag,Timeliness,High,144.0,240.0,<=,PASS,0,Web Analytics
2026-03-17,RUN-20260317-WEB_EVENTS,WEB_EVENTS,DQ-RECON,Raw-to-dashboard variance,Reconciliation,Critical,0.001139,0.005,<=,PASS,0,Web Analytics
2026-03-17,RUN-20260317-CRM_LEADS,CRM_LEADS,DQ-UNIQUE,Business key uniqueness,Uniqueness,Critical,0.0,0.0,<=,PASS,0,Revenue Analytics
2026-03-17,RUN-20260317-CRM_LEADS,CRM_LEADS,DQ-COMPLETE,Partition row coverage,Completeness,Critical,1.0,0.9,>=,PASS,0,Revenue Analytics
2026-03-17,RUN-20260317-CRM_LEADS,CRM_LEADS,DQ-VALID,Required type validity,Validity,High,0.0,0.0,<=,PASS,0,Revenue Analytics
2026-03-17,RUN-20260317-CRM_LEADS,CRM_LEADS,DQ-TAXONOMY,Unknown taxonomy rate,Consistency,High,0.0,0.01,<=,PASS,0,Revenue Analytics
2026-03-17,RUN-20260317-CRM_LEADS,CRM_LEADS,DQ-FRESH,Freshness lag,Timeliness,High,98.0,240.0,<=,PASS,0,Revenue Analytics
2026-03-17,RUN-20260317-CRM_LEADS,CRM_LEADS,DQ-RECON,Raw-to-dashboard variance,Reconciliation,Critical,0.001727,0.005,<=,PASS,0,Revenue Analytics
2026-03-17,RUN-20260317-COMMERCE_ORDERS,COMMERCE_ORDERS,DQ-UNIQUE,Business key uniqueness,Uniqueness,Critical,0.0,0.0,<=,PASS,0,Analytics Engineering
2026-03-17,RUN-20260317-COMMERCE_ORDERS,COMMERCE_ORDERS,DQ-COMPLETE,Partition row coverage,Completeness,Critical,1.0,0.9,>=,PASS,0,Analytics Engineering
2026-03-17,RUN-20260317-COMMERCE_ORDERS,COMMERCE_ORDERS,DQ-VALID,Required type validity,Validity,High,0.0,0.0,<=,PASS,0,Analytics Engineering
2026-03-17,RUN-20260317-COMMERCE_ORDERS,COMMERCE_ORDERS,DQ-TAXONOMY,Unknown taxonomy rate,Consistency,High,0.0,0.01,<=,PASS,0,Analytics Engineering
2026-03-17,RUN-20260317-COMMERCE_ORDERS,COMMERCE_ORDERS,DQ-FRESH,Freshness lag,Timeliness,High,80.0,240.0,<=,PASS,0,Analytics Engineering
2026-03-17,RUN-20260317-COMMERCE_ORDERS,COMMERCE_ORDERS,DQ-RECON,Raw-to-dashboard variance,Reconciliation,Critical,0.00311,0.005,<=,PASS,0,Analytics Engineering
2026-03-17,RUN-20260317-CAMPAIGN_SPEND,CAMPAIGN_SPEND,DQ-UNIQUE,Business key uniqueness,Uniqueness,Critical,0.0,0.0,<=,PASS,0,Marketing Operations
2026-03-17,RUN-20260317-CAMPAIGN_SPEND,CAMPAIGN_SPEND,DQ-COMPLETE,Partition row coverage,Completeness,Critical,1.0,0.9,>=,PASS,0,Marketing Operations
2026-03-17,RUN-20260317-CAMPAIGN_SPEND,CAMPAIGN_SPEND,DQ-VALID,Required type validity,Validity,High,0.0,0.0,<=,PASS,0,Marketing Operations
2026-03-17,RUN-20260317-CAMPAIGN_SPEND,CAMPAIGN_SPEND,DQ-TAXONOMY,Unknown taxonomy rate,Consistency,High,0.0,0.01,<=,PASS,0,Marketing Operations
2026-03-17,RUN-20260317-CAMPAIGN_SPEND,CAMPAIGN_SPEND,DQ-FRESH,Freshness lag,Timeliness,High,178.0,240.0,<=,PASS,0,Marketing Operations
2026-03-17,RUN-20260317-CAMPAIGN_SPEND,CAMPAIGN_SPEND,DQ-RECON,Raw-to-dashboard variance,Reconciliation,Critical,0.002548,0.005,<=,PASS,0,Marketing Operations
2026-03-18,RUN-20260318-WEB_EVENTS,WEB_EVENTS,DQ-UNIQUE,Business key uniqueness,Uniqueness,Critical,0.0,0.0,<=,PASS,0,Web Analytics
2026-03-18,RUN-20260318-WEB_EVENTS,WEB_EVENTS,DQ-COMPLETE,Partition row coverage,Completeness,Critical,1.0,0.9,>=,PASS,0,Web Analytics
2026-03-18,RUN-20260318-WEB_EVENTS,WEB_EVENTS,DQ-VALID,Required type validity,Validity,High,0.0,0.0,<=,PASS,0,Web Analytics
2026-03-18,RUN-20260318-WEB_EVENTS,WEB_EVENTS,DQ-TAXONOMY,Unknown taxonomy rate,Consistency,High,0.0,0.01,<=,PASS,0,Web Analytics
2026-03-18,RUN-20260318-WEB_EVENTS,WEB_EVENTS,DQ-FRESH,Freshness lag,Timeliness,High,140.0,240.0,<=,PASS,0,Web Analytics
2026-03-18,RUN-20260318-WEB_EVENTS,WEB_EVENTS,DQ-RECON,Raw-to-dashboard variance,Reconciliation,Critical,0.003183,0.005,<=,PASS,0,Web Analytics
2026-03-18,RUN-20260318-CRM_LEADS,CRM_LEADS,DQ-UNIQUE,Business key uniqueness,Uniqueness,Critical,0.0,0.0,<=,PASS,0,Revenue Analytics
2026-03-18,RUN-20260318-CRM_LEADS,CRM_LEADS,DQ-COMPLETE,Partition row coverage,Completeness,Critical,1.0,0.9,>=,PASS,0,Revenue Analytics
2026-03-18,RUN-20260318-CRM_LEADS,CRM_LEADS,DQ-VALID,Required type validity,Validity,High,0.0,0.0,<=,PASS,0,Revenue Analytics
2026-03-18,RUN-20260318-CRM_LEADS,CRM_LEADS,DQ-TAXONOMY,Unknown taxonomy rate,Consistency,High,0.0,0.01,<=,PASS,0,Revenue Analytics
2026-03-18,RUN-20260318-CRM_LEADS,CRM_LEADS,DQ-FRESH,Freshness lag,Timeliness,High,147.0,240.0,<=,PASS,0,Revenue Analytics
2026-03-18,RUN-20260318-CRM_LEADS,CRM_LEADS,DQ-RECON,Raw-to-dashboard variance,Reconciliation,Critical,0.000445,0.005,<=,PASS,0,Revenue Analytics
2026-03-18,RUN-20260318-COMMERCE_ORDERS,COMMERCE_ORDERS,DQ-UNIQUE,Business key uniqueness,Uniqueness,Critical,0.0,0.0,<=,PASS,0,Analytics Engineering
2026-03-18,RUN-20260318-COMMERCE_ORDERS,COMMERCE_ORDERS,DQ-COMPLETE,Partition row coverage,Completeness,Critical,1.0,0.9,>=,PASS,0,Analytics Engineering
2026-03-18,RUN-20260318-COMMERCE_ORDERS,COMMERCE_ORDERS,DQ-VALID,Required type validity,Validity,High,0.0,0.0,<=,PASS,0,Analytics Engineering
2026-03-18,RUN-20260318-COMMERCE_ORDERS,COMMERCE_ORDERS,DQ-TAXONOMY,Unknown taxonomy rate,Consistency,High,0.0,0.01,<=,PASS,0,Analytics Engineering
2026-03-18,RUN-20260318-COMMERCE_ORDERS,COMMERCE_ORDERS,DQ-FRESH,Freshness lag,Timeliness,High,120.0,240.0,<=,PASS,0,Analytics Engineering
2026-03-18,RUN-20260318-COMMERCE_ORDERS,COMMERCE_ORDERS,DQ-RECON,Raw-to-dashboard variance,Reconciliation,Critical,0.002418,0.005,<=,PASS,0,Analytics Engineering
2026-03-18,RUN-20260318-CAMPAIGN_SPEND,CAMPAIGN_SPEND,DQ-UNIQUE,Business key uniqueness,Uniqueness,Critical,0.0,0.0,<=,PASS,0,Marketing Operations
2026-03-18,RUN-20260318-CAMPAIGN_SPEND,CAMPAIGN_SPEND,DQ-COMPLETE,Partition row coverage,Completeness,Critical,1.0,0.9,>=,PASS,0,Marketing Operations
2026-03-18,RUN-20260318-CAMPAIGN_SPEND,CAMPAIGN_SPEND,DQ-VALID,Required type validity,Validity,High,0.0,0.0,<=,PASS,0,Marketing Operations
2026-03-18,RUN-20260318-CAMPAIGN_SPEND,CAMPAIGN_SPEND,DQ-TAXONOMY,Unknown taxonomy rate,Consistency,High,0.0,0.01,<=,PASS,0,Marketing Operations
2026-03-18,RUN-20260318-CAMPAIGN_SPEND,CAMPAIGN_SPEND,DQ-FRESH,Freshness lag,Timeliness,High,181.0,240.0,<=,PASS,0,Marketing Operations
2026-03-18,RUN-20260318-CAMPAIGN_SPEND,CAMPAIGN_SPEND,DQ-RECON,Raw-to-dashboard variance,Reconciliation,Critical,0.00156,0.005,<=,PASS,0,Marketing Operations
2026-03-19,RUN-20260319-WEB_EVENTS,WEB_EVENTS,DQ-UNIQUE,Business key uniqueness,Uniqueness,Critical,0.0,0.0,<=,PASS,0,Web Analytics
2026-03-19,RUN-20260319-WEB_EVENTS,WEB_EVENTS,DQ-COMPLETE,Partition row coverage,Completeness,Critical,1.0,0.9,>=,PASS,0,Web Analytics
2026-03-19,RUN-20260319-WEB_EVENTS,WEB_EVENTS,DQ-VALID,Required type validity,Validity,High,0.0,0.0,<=,PASS,0,Web Analytics
2026-03-19,RUN-20260319-WEB_EVENTS,WEB_EVENTS,DQ-TAXONOMY,Unknown taxonomy rate,Consistency,High,0.0,0.01,<=,PASS,0,Web Analytics
2026-03-19,RUN-20260319-WEB_EVENTS,WEB_EVENTS,DQ-FRESH,Freshness lag,Timeliness,High,62.0,240.0,<=,PASS,0,Web Analytics
2026-03-19,RUN-20260319-WEB_EVENTS,WEB_EVENTS,DQ-RECON,Raw-to-dashboard variance,Reconciliation,Critical,0.002607,0.005,<=,PASS,0,Web Analytics
2026-03-19,RUN-20260319-CRM_LEADS,CRM_LEADS,DQ-UNIQUE,Business key uniqueness,Uniqueness,Critical,0.0,0.0,<=,PASS,0,Revenue Analytics
2026-03-19,RUN-20260319-CRM_LEADS,CRM_LEADS,DQ-COMPLETE,Partition row coverage,Completeness,Critical,1.0,0.9,>=,PASS,0,Revenue Analytics
2026-03-19,RUN-20260319-CRM_LEADS,CRM_LEADS,DQ-VALID,Required type validity,Validity,High,0.0,0.0,<=,PASS,0,Revenue Analytics
2026-03-19,RUN-20260319-CRM_LEADS,CRM_LEADS,DQ-TAXONOMY,Unknown taxonomy rate,Consistency,High,0.0,0.01,<=,PASS,0,Revenue Analytics
2026-03-19,RUN-20260319-CRM_LEADS,CRM_LEADS,DQ-FRESH,Freshness lag,Timeliness,High,125.0,240.0,<=,PASS,0,Revenue Analytics
2026-03-19,RUN-20260319-CRM_LEADS,CRM_LEADS,DQ-RECON,Raw-to-dashboard variance,Reconciliation,Critical,0.002874,0.005,<=,PASS,0,Revenue Analytics
2026-03-19,RUN-20260319-COMMERCE_ORDERS,COMMERCE_ORDERS,DQ-UNIQUE,Business key uniqueness,Uniqueness,Critical,0.0,0.0,<=,PASS,0,Analytics Engineering
2026-03-19,RUN-20260319-COMMERCE_ORDERS,COMMERCE_ORDERS,DQ-COMPLETE,Partition row coverage,Completeness,Critical,1.0,0.9,>=,PASS,0,Analytics Engineering
2026-03-19,RUN-20260319-COMMERCE_ORDERS,COMMERCE_ORDERS,DQ-VALID,Required type validity,Validity,High,0.0,0.0,<=,PASS,0,Analytics Engineering
2026-03-19,RUN-20260319-COMMERCE_ORDERS,COMMERCE_ORDERS,DQ-TAXONOMY,Unknown taxonomy rate,Consistency,High,0.0,0.01,<=,PASS,0,Analytics Engineering
2026-03-19,RUN-20260319-COMMERCE_ORDERS,COMMERCE_ORDERS,DQ-FRESH,Freshness lag,Timeliness,High,158.0,240.0,<=,PASS,0,Analytics Engineering
2026-03-19,RUN-20260319-COMMERCE_ORDERS,COMMERCE_ORDERS,DQ-RECON,Raw-to-dashboard variance,Reconciliation,Critical,0.002135,0.005,<=,PASS,0,Analytics Engineering
2026-03-19,RUN-20260319-CAMPAIGN_SPEND,CAMPAIGN_SPEND,DQ-UNIQUE,Business key uniqueness,Uniqueness,Critical,0.0,0.0,<=,PASS,0,Marketing Operations
2026-03-19,RUN-20260319-CAMPAIGN_SPEND,CAMPAIGN_SPEND,DQ-COMPLETE,Partition row coverage,Completeness,Critical,1.0,0.9,>=,PASS,0,Marketing Operations
2026-03-19,RUN-20260319-CAMPAIGN_SPEND,CAMPAIGN_SPEND,DQ-VALID,Required type validity,Validity,High,0.0,0.0,<=,PASS,0,Marketing Operations
2026-03-19,RUN-20260319-CAMPAIGN_SPEND,CAMPAIGN_SPEND,DQ-TAXONOMY,Unknown taxonomy rate,Consistency,High,0.0,0.01,<=,PASS,0,Marketing Operations
2026-03-19,RUN-20260319-CAMPAIGN_SPEND,CAMPAIGN_SPEND,DQ-FRESH,Freshness lag,Timeliness,High,116.0,240.0,<=,PASS,0,Marketing Operations
2026-03-19,RUN-20260319-CAMPAIGN_SPEND,CAMPAIGN_SPEND,DQ-RECON,Raw-to-dashboard variance,Reconciliation,Critical,0.003154,0.005,<=,PASS,0,Marketing Operations
2026-03-20,RUN-20260320-WEB_EVENTS,WEB_EVENTS,DQ-UNIQUE,Business key uniqueness,Uniqueness,Critical,0.0,0.0,<=,PASS,0,Web Analytics
2026-03-20,RUN-20260320-WEB_EVENTS,WEB_EVENTS,DQ-COMPLETE,Partition row coverage,Completeness,Critical,1.0,0.9,>=,PASS,0,Web Analytics
2026-03-20,RUN-20260320-WEB_EVENTS,WEB_EVENTS,DQ-VALID,Required type validity,Validity,High,0.0,0.0,<=,PASS,0,Web Analytics
2026-03-20,RUN-20260320-WEB_EVENTS,WEB_EVENTS,DQ-TAXONOMY,Unknown taxonomy rate,Consistency,High,0.0,0.01,<=,PASS,0,Web Analytics
2026-03-20,RUN-20260320-WEB_EVENTS,WEB_EVENTS,DQ-FRESH,Freshness lag,Timeliness,High,159.0,240.0,<=,PASS,0,Web Analytics
2026-03-20,RUN-20260320-WEB_EVENTS,WEB_EVENTS,DQ-RECON,Raw-to-dashboard variance,Reconciliation,Critical,0.001144,0.005,<=,PASS,0,Web Analytics
2026-03-20,RUN-20260320-CRM_LEADS,CRM_LEADS,DQ-UNIQUE,Business key uniqueness,Uniqueness,Critical,0.0,0.0,<=,PASS,0,Revenue Analytics
2026-03-20,RUN-20260320-CRM_LEADS,CRM_LEADS,DQ-COMPLETE,Partition row coverage,Completeness,Critical,1.0,0.9,>=,PASS,0,Revenue Analytics
2026-03-20,RUN-20260320-CRM_LEADS,CRM_LEADS,DQ-VALID,Required type validity,Validity,High,0.0,0.0,<=,PASS,0,Revenue Analytics
2026-03-20,RUN-20260320-CRM_LEADS,CRM_LEADS,DQ-TAXONOMY,Unknown taxonomy rate,Consistency,High,0.0,0.01,<=,PASS,0,Revenue Analytics
2026-03-20,RUN-20260320-CRM_LEADS,CRM_LEADS,DQ-FRESH,Freshness lag,Timeliness,High,108.0,240.0,<=,PASS,0,Revenue Analytics
2026-03-20,RUN-20260320-CRM_LEADS,CRM_LEADS,DQ-RECON,Raw-to-dashboard variance,Reconciliation,Critical,0.002788,0.005,<=,PASS,0,Revenue Analytics
2026-03-20,RUN-20260320-COMMERCE_ORDERS,COMMERCE_ORDERS,DQ-UNIQUE,Business key uniqueness,Uniqueness,Critical,0.0,0.0,<=,PASS,0,Analytics Engineering
2026-03-20,RUN-20260320-COMMERCE_ORDERS,COMMERCE_ORDERS,DQ-COMPLETE,Partition row coverage,Completeness,Critical,1.0,0.9,>=,PASS,0,Analytics Engineering
2026-03-20,RUN-20260320-COMMERCE_ORDERS,COMMERCE_ORDERS,DQ-VALID,Required type validity,Validity,High,0.0,0.0,<=,PASS,0,Analytics Engineering
2026-03-20,RUN-20260320-COMMERCE_ORDERS,COMMERCE_ORDERS,DQ-TAXONOMY,Unknown taxonomy rate,Consistency,High,0.0,0.01,<=,PASS,0,Analytics Engineering
2026-03-20,RUN-20260320-COMMERCE_ORDERS,COMMERCE_ORDERS,DQ-FRESH,Freshness lag,Timeliness,High,78.0,240.0,<=,PASS,0,Analytics Engineering
2026-03-20,RUN-20260320-COMMERCE_ORDERS,COMMERCE_ORDERS,DQ-RECON,Raw-to-dashboard variance,Reconciliation,Critical,0.001774,0.005,<=,PASS,0,Analytics Engineering
2026-03-20,RUN-20260320-CAMPAIGN_SPEND,CAMPAIGN_SPEND,DQ-UNIQUE,Business key uniqueness,Uniqueness,Critical,0.0,0.0,<=,PASS,0,Marketing Operations
2026-03-20,RUN-20260320-CAMPAIGN_SPEND,CAMPAIGN_SPEND,DQ-COMPLETE,Partition row coverage,Completeness,Critical,1.0,0.9,>=,PASS,0,Marketing Operations
2026-03-20,RUN-20260320-CAMPAIGN_SPEND,CAMPAIGN_SPEND,DQ-VALID,Required type validity,Validity,High,0.0,0.0,<=,PASS,0,Marketing Operations
2026-03-20,RUN-20260320-CAMPAIGN_SPEND,CAMPAIGN_SPEND,DQ-TAXONOMY,Unknown taxonomy rate,Consistency,High,0.0,0.01,<=,PASS,0,Marketing Operations
2026-03-20,RUN-20260320-CAMPAIGN_SPEND,CAMPAIGN_SPEND,DQ-FRESH,Freshness lag,Timeliness,High,172.0,240.0,<=,PASS,0,Marketing Operations
2026-03-20,RUN-20260320-CAMPAIGN_SPEND,CAMPAIGN_SPEND,DQ-RECON,Raw-to-dashboard variance,Reconciliation,Critical,0.001395,0.005,<=,PASS,0,Marketing Operations
2026-03-21,RUN-20260321-WEB_EVENTS,WEB_EVENTS,DQ-UNIQUE,Business key uniqueness,Uniqueness,Critical,0.0,0.0,<=,PASS,0,Web Analytics
2026-03-21,RUN-20260321-WEB_EVENTS,WEB_EVENTS,DQ-COMPLETE,Partition row coverage,Completeness,Critical,1.0,0.9,>=,PASS,0,Web Analytics
2026-03-21,RUN-20260321-WEB_EVENTS,WEB_EVENTS,DQ-VALID,Required type validity,Validity,High,0.0,0.0,<=,PASS,0,Web Analytics
2026-03-21,RUN-20260321-WEB_EVENTS,WEB_EVENTS,DQ-TAXONOMY,Unknown taxonomy rate,Consistency,High,0.0,0.01,<=,PASS,0,Web Analytics
2026-03-21,RUN-20260321-WEB_EVENTS,WEB_EVENTS,DQ-FRESH,Freshness lag,Timeliness,High,82.0,240.0,<=,PASS,0,Web Analytics
2026-03-21,RUN-20260321-WEB_EVENTS,WEB_EVENTS,DQ-RECON,Raw-to-dashboard variance,Reconciliation,Critical,0.001168,0.005,<=,PASS,0,Web Analytics
2026-03-21,RUN-20260321-CRM_LEADS,CRM_LEADS,DQ-UNIQUE,Business key uniqueness,Uniqueness,Critical,0.0,0.0,<=,PASS,0,Revenue Analytics
2026-03-21,RUN-20260321-CRM_LEADS,CRM_LEADS,DQ-COMPLETE,Partition row coverage,Completeness,Critical,1.0,0.9,>=,PASS,0,Revenue Analytics
2026-03-21,RUN-20260321-CRM_LEADS,CRM_LEADS,DQ-VALID,Required type validity,Validity,High,0.0,0.0,<=,PASS,0,Revenue Analytics
2026-03-21,RUN-20260321-CRM_LEADS,CRM_LEADS,DQ-TAXONOMY,Unknown taxonomy rate,Consistency,High,0.0,0.01,<=,PASS,0,Revenue Analytics
2026-03-21,RUN-20260321-CRM_LEADS,CRM_LEADS,DQ-FRESH,Freshness lag,Timeliness,High,163.0,240.0,<=,PASS,0,Revenue Analytics
2026-03-21,RUN-20260321-CRM_LEADS,CRM_LEADS,DQ-RECON,Raw-to-dashboard variance,Reconciliation,Critical,0.002525,0.005,<=,PASS,0,Revenue Analytics
2026-03-21,RUN-20260321-COMMERCE_ORDERS,COMMERCE_ORDERS,DQ-UNIQUE,Business key uniqueness,Uniqueness,Critical,0.0,0.0,<=,PASS,0,Analytics Engineering
2026-03-21,RUN-20260321-COMMERCE_ORDERS,COMMERCE_ORDERS,DQ-COMPLETE,Partition row coverage,Completeness,Critical,1.0,0.9,>=,PASS,0,Analytics Engineering
2026-03-21,RUN-20260321-COMMERCE_ORDERS,COMMERCE_ORDERS,DQ-VALID,Required type validity,Validity,High,0.0,0.0,<=,PASS,0,Analytics Engineering
2026-03-21,RUN-20260321-COMMERCE_ORDERS,COMMERCE_ORDERS,DQ-TAXONOMY,Unknown taxonomy rate,Consistency,High,0.0,0.01,<=,PASS,0,Analytics Engineering
2026-03-21,RUN-20260321-COMMERCE_ORDERS,COMMERCE_ORDERS,DQ-FRESH,Freshness lag,Timeliness,High,101.0,240.0,<=,PASS,0,Analytics Engineering
2026-03-21,RUN-20260321-COMMERCE_ORDERS,COMMERCE_ORDERS,DQ-RECON,Raw-to-dashboard variance,Reconciliation,Critical,0.002729,0.005,<=,PASS,0,Analytics Engineering
2026-03-21,RUN-20260321-CAMPAIGN_SPEND,CAMPAIGN_SPEND,DQ-UNIQUE,Business key uniqueness,Uniqueness,Critical,0.0,0.0,<=,PASS,0,Marketing Operations
2026-03-21,RUN-20260321-CAMPAIGN_SPEND,CAMPAIGN_SPEND,DQ-COMPLETE,Partition row coverage,Completeness,Critical,1.0,0.9,>=,PASS,0,Marketing Operations
2026-03-21,RUN-20260321-CAMPAIGN_SPEND,CAMPAIGN_SPEND,DQ-VALID,Required type validity,Validity,High,0.0,0.0,<=,PASS,0,Marketing Operations
2026-03-21,RUN-20260321-CAMPAIGN_SPEND,CAMPAIGN_SPEND,DQ-TAXONOMY,Unknown taxonomy rate,Consistency,High,0.0,0.01,<=,PASS,0,Marketing Operations
2026-03-21,RUN-20260321-CAMPAIGN_SPEND,CAMPAIGN_SPEND,DQ-FRESH,Freshness lag,Timeliness,High,130.0,240.0,<=,PASS,0,Marketing Operations
2026-03-21,RUN-20260321-CAMPAIGN_SPEND,CAMPAIGN_SPEND,DQ-RECON,Raw-to-dashboard variance,Reconciliation,Critical,0.002794,0.005,<=,PASS,0,Marketing Operations
2026-03-22,RUN-20260322-WEB_EVENTS,WEB_EVENTS,DQ-UNIQUE,Business key uniqueness,Uniqueness,Critical,0.0,0.0,<=,PASS,0,Web Analytics
2026-03-22,RUN-20260322-WEB_EVENTS,WEB_EVENTS,DQ-COMPLETE,Partition row coverage,Completeness,Critical,1.0,0.9,>=,PASS,0,Web Analytics
2026-03-22,RUN-20260322-WEB_EVENTS,WEB_EVENTS,DQ-VALID,Required type validity,Validity,High,0.0,0.0,<=,PASS,0,Web Analytics
2026-03-22,RUN-20260322-WEB_EVENTS,WEB_EVENTS,DQ-TAXONOMY,Unknown taxonomy rate,Consistency,High,0.0,0.01,<=,PASS,0,Web Analytics
2026-03-22,RUN-20260322-WEB_EVENTS,WEB_EVENTS,DQ-FRESH,Freshness lag,Timeliness,High,124.0,240.0,<=,PASS,0,Web Analytics
2026-03-22,RUN-20260322-WEB_EVENTS,WEB_EVENTS,DQ-RECON,Raw-to-dashboard variance,Reconciliation,Critical,0.002364,0.005,<=,PASS,0,Web Analytics
2026-03-22,RUN-20260322-CRM_LEADS,CRM_LEADS,DQ-UNIQUE,Business key uniqueness,Uniqueness,Critical,0.0,0.0,<=,PASS,0,Revenue Analytics
2026-03-22,RUN-20260322-CRM_LEADS,CRM_LEADS,DQ-COMPLETE,Partition row coverage,Completeness,Critical,1.0,0.9,>=,PASS,0,Revenue Analytics
2026-03-22,RUN-20260322-CRM_LEADS,CRM_LEADS,DQ-VALID,Required type validity,Validity,High,0.0,0.0,<=,PASS,0,Revenue Analytics
2026-03-22,RUN-20260322-CRM_LEADS,CRM_LEADS,DQ-TAXONOMY,Unknown taxonomy rate,Consistency,High,0.0,0.01,<=,PASS,0,Revenue Analytics
2026-03-22,RUN-20260322-CRM_LEADS,CRM_LEADS,DQ-FRESH,Freshness lag,Timeliness,High,124.0,240.0,<=,PASS,0,Revenue Analytics
2026-03-22,RUN-20260322-CRM_LEADS,CRM_LEADS,DQ-RECON,Raw-to-dashboard variance,Reconciliation,Critical,0.002765,0.005,<=,PASS,0,Revenue Analytics
2026-03-22,RUN-20260322-COMMERCE_ORDERS,COMMERCE_ORDERS,DQ-UNIQUE,Business key uniqueness,Uniqueness,Critical,0.0,0.0,<=,PASS,0,Analytics Engineering
2026-03-22,RUN-20260322-COMMERCE_ORDERS,COMMERCE_ORDERS,DQ-COMPLETE,Partition row coverage,Completeness,Critical,1.0,0.9,>=,PASS,0,Analytics Engineering
2026-03-22,RUN-20260322-COMMERCE_ORDERS,COMMERCE_ORDERS,DQ-VALID,Required type validity,Validity,High,0.0,0.0,<=,PASS,0,Analytics Engineering
2026-03-22,RUN-20260322-COMMERCE_ORDERS,COMMERCE_ORDERS,DQ-TAXONOMY,Unknown taxonomy rate,Consistency,High,0.0,0.01,<=,PASS,0,Analytics Engineering
2026-03-22,RUN-20260322-COMMERCE_ORDERS,COMMERCE_ORDERS,DQ-FRESH,Freshness lag,Timeliness,High,130.0,240.0,<=,PASS,0,Analytics Engineering
2026-03-22,RUN-20260322-COMMERCE_ORDERS,COMMERCE_ORDERS,DQ-RECON,Raw-to-dashboard variance,Reconciliation,Critical,0.000446,0.005,<=,PASS,0,Analytics Engineering
2026-03-22,RUN-20260322-CAMPAIGN_SPEND,CAMPAIGN_SPEND,DQ-UNIQUE,Business key uniqueness,Uniqueness,Critical,0.0,0.0,<=,PASS,0,Marketing Operations
2026-03-22,RUN-20260322-CAMPAIGN_SPEND,CAMPAIGN_SPEND,DQ-COMPLETE,Partition row coverage,Completeness,Critical,1.0,0.9,>=,PASS,0,Marketing Operations
2026-03-22,RUN-20260322-CAMPAIGN_SPEND,CAMPAIGN_SPEND,DQ-VALID,Required type validity,Validity,High,0.0,0.0,<=,PASS,0,Marketing Operations
2026-03-22,RUN-20260322-CAMPAIGN_SPEND,CAMPAIGN_SPEND,DQ-TAXONOMY,Unknown taxonomy rate,Consistency,High,0.0,0.01,<=,PASS,0,Marketing Operations
2026-03-22,RUN-20260322-CAMPAIGN_SPEND,CAMPAIGN_SPEND,DQ-FRESH,Freshness lag,Timeliness,High,147.0,240.0,<=,PASS,0,Marketing Operations
2026-03-22,RUN-20260322-CAMPAIGN_SPEND,CAMPAIGN_SPEND,DQ-RECON,Raw-to-dashboard variance,Reconciliation,Critical,0.001593,0.005,<=,PASS,0,Marketing Operations
2026-03-23,RUN-20260323-WEB_EVENTS,WEB_EVENTS,DQ-UNIQUE,Business key uniqueness,Uniqueness,Critical,0.0,0.0,<=,PASS,0,Web Analytics
2026-03-23,RUN-20260323-WEB_EVENTS,WEB_EVENTS,DQ-COMPLETE,Partition row coverage,Completeness,Critical,1.0,0.9,>=,PASS,0,Web Analytics
2026-03-23,RUN-20260323-WEB_EVENTS,WEB_EVENTS,DQ-VALID,Required type validity,Validity,High,0.0,0.0,<=,PASS,0,Web Analytics
2026-03-23,RUN-20260323-WEB_EVENTS,WEB_EVENTS,DQ-TAXONOMY,Unknown taxonomy rate,Consistency,High,0.0,0.01,<=,PASS,0,Web Analytics
2026-03-23,RUN-20260323-WEB_EVENTS,WEB_EVENTS,DQ-FRESH,Freshness lag,Timeliness,High,86.0,240.0,<=,PASS,0,Web Analytics
2026-03-23,RUN-20260323-WEB_EVENTS,WEB_EVENTS,DQ-RECON,Raw-to-dashboard variance,Reconciliation,Critical,0.002844,0.005,<=,PASS,0,Web Analytics
2026-03-23,RUN-20260323-CRM_LEADS,CRM_LEADS,DQ-UNIQUE,Business key uniqueness,Uniqueness,Critical,0.0,0.0,<=,PASS,0,Revenue Analytics
2026-03-23,RUN-20260323-CRM_LEADS,CRM_LEADS,DQ-COMPLETE,Partition row coverage,Completeness,Critical,1.0,0.9,>=,PASS,0,Revenue Analytics
2026-03-23,RUN-20260323-CRM_LEADS,CRM_LEADS,DQ-VALID,Required type validity,Validity,High,0.0,0.0,<=,PASS,0,Revenue Analytics
2026-03-23,RUN-20260323-CRM_LEADS,CRM_LEADS,DQ-TAXONOMY,Unknown taxonomy rate,Consistency,High,0.0,0.01,<=,PASS,0,Revenue Analytics
2026-03-23,RUN-20260323-CRM_LEADS,CRM_LEADS,DQ-FRESH,Freshness lag,Timeliness,High,83.0,240.0,<=,PASS,0,Revenue Analytics
2026-03-23,RUN-20260323-CRM_LEADS,CRM_LEADS,DQ-RECON,Raw-to-dashboard variance,Reconciliation,Critical,0.002602,0.005,<=,PASS,0,Revenue Analytics
2026-03-23,RUN-20260323-COMMERCE_ORDERS,COMMERCE_ORDERS,DQ-UNIQUE,Business key uniqueness,Uniqueness,Critical,0.0,0.0,<=,PASS,0,Analytics Engineering
2026-03-23,RUN-20260323-COMMERCE_ORDERS,COMMERCE_ORDERS,DQ-COMPLETE,Partition row coverage,Completeness,Critical,1.0,0.9,>=,PASS,0,Analytics Engineering
2026-03-23,RUN-20260323-COMMERCE_ORDERS,COMMERCE_ORDERS,DQ-VALID,Required type validity,Validity,High,0.0,0.0,<=,PASS,0,Analytics Engineering
2026-03-23,RUN-20260323-COMMERCE_ORDERS,COMMERCE_ORDERS,DQ-TAXONOMY,Unknown taxonomy rate,Consistency,High,0.0,0.01,<=,PASS,0,Analytics Engineering
2026-03-23,RUN-20260323-COMMERCE_ORDERS,COMMERCE_ORDERS,DQ-FRESH,Freshness lag,Timeliness,High,159.0,240.0,<=,PASS,0,Analytics Engineering
2026-03-23,RUN-20260323-COMMERCE_ORDERS,COMMERCE_ORDERS,DQ-RECON,Raw-to-dashboard variance,Reconciliation,Critical,0.001244,0.005,<=,PASS,0,Analytics Engineering
2026-03-23,RUN-20260323-CAMPAIGN_SPEND,CAMPAIGN_SPEND,DQ-UNIQUE,Business key uniqueness,Uniqueness,Critical,0.0,0.0,<=,PASS,0,Marketing Operations
2026-03-23,RUN-20260323-CAMPAIGN_SPEND,CAMPAIGN_SPEND,DQ-COMPLETE,Partition row coverage,Completeness,Critical,1.0,0.9,>=,PASS,0,Marketing Operations
2026-03-23,RUN-20260323-CAMPAIGN_SPEND,CAMPAIGN_SPEND,DQ-VALID,Required type validity,Validity,High,0.0,0.0,<=,PASS,0,Marketing Operations
2026-03-23,RUN-20260323-CAMPAIGN_SPEND,CAMPAIGN_SPEND,DQ-TAXONOMY,Unknown taxonomy rate,Consistency,High,0.0,0.01,<=,PASS,0,Marketing Operations
2026-03-23,RUN-20260323-CAMPAIGN_SPEND,CAMPAIGN_SPEND,DQ-FRESH,Freshness lag,Timeliness,High,58.0,240.0,<=,PASS,0,Marketing Operations
2026-03-23,RUN-20260323-CAMPAIGN_SPEND,CAMPAIGN_SPEND,DQ-RECON,Raw-to-dashboard variance,Reconciliation,Critical,0.002427,0.005,<=,PASS,0,Marketing Operations
2026-03-24,RUN-20260324-WEB_EVENTS,WEB_EVENTS,DQ-UNIQUE,Business key uniqueness,Uniqueness,Critical,0.0,0.0,<=,PASS,0,Web Analytics
2026-03-24,RUN-20260324-WEB_EVENTS,WEB_EVENTS,DQ-COMPLETE,Partition row coverage,Completeness,Critical,1.0,0.9,>=,PASS,0,Web Analytics
2026-03-24,RUN-20260324-WEB_EVENTS,WEB_EVENTS,DQ-VALID,Required type validity,Validity,High,0.0,0.0,<=,PASS,0,Web Analytics
2026-03-24,RUN-20260324-WEB_EVENTS,WEB_EVENTS,DQ-TAXONOMY,Unknown taxonomy rate,Consistency,High,0.0,0.01,<=,PASS,0,Web Analytics
2026-03-24,RUN-20260324-WEB_EVENTS,WEB_EVENTS,DQ-FRESH,Freshness lag,Timeliness,High,134.0,240.0,<=,PASS,0,Web Analytics
2026-03-24,RUN-20260324-WEB_EVENTS,WEB_EVENTS,DQ-RECON,Raw-to-dashboard variance,Reconciliation,Critical,0.000444,0.005,<=,PASS,0,Web Analytics
2026-03-24,RUN-20260324-CRM_LEADS,CRM_LEADS,DQ-UNIQUE,Business key uniqueness,Uniqueness,Critical,0.0,0.0,<=,PASS,0,Revenue Analytics
2026-03-24,RUN-20260324-CRM_LEADS,CRM_LEADS,DQ-COMPLETE,Partition row coverage,Completeness,Critical,1.0,0.9,>=,PASS,0,Revenue Analytics
2026-03-24,RUN-20260324-CRM_LEADS,CRM_LEADS,DQ-VALID,Required type validity,Validity,High,0.0,0.0,<=,PASS,0,Revenue Analytics
2026-03-24,RUN-20260324-CRM_LEADS,CRM_LEADS,DQ-TAXONOMY,Unknown taxonomy rate,Consistency,High,0.0,0.01,<=,PASS,0,Revenue Analytics
2026-03-24,RUN-20260324-CRM_LEADS,CRM_LEADS,DQ-FRESH,Freshness lag,Timeliness,High,185.0,240.0,<=,PASS,0,Revenue Analytics
2026-03-24,RUN-20260324-CRM_LEADS,CRM_LEADS,DQ-RECON,Raw-to-dashboard variance,Reconciliation,Critical,0.002865,0.005,<=,PASS,0,Revenue Analytics
2026-03-24,RUN-20260324-COMMERCE_ORDERS,COMMERCE_ORDERS,DQ-UNIQUE,Business key uniqueness,Uniqueness,Critical,0.0,0.0,<=,PASS,0,Analytics Engineering
2026-03-24,RUN-20260324-COMMERCE_ORDERS,COMMERCE_ORDERS,DQ-COMPLETE,Partition row coverage,Completeness,Critical,1.0,0.9,>=,PASS,0,Analytics Engineering
2026-03-24,RUN-20260324-COMMERCE_ORDERS,COMMERCE_ORDERS,DQ-VALID,Required type validity,Validity,High,0.0,0.0,<=,PASS,0,Analytics Engineering
2026-03-24,RUN-20260324-COMMERCE_ORDERS,COMMERCE_ORDERS,DQ-TAXONOMY,Unknown taxonomy rate,Consistency,High,0.0,0.01,<=,PASS,0,Analytics Engineering
2026-03-24,RUN-20260324-COMMERCE_ORDERS,COMMERCE_ORDERS,DQ-FRESH,Freshness lag,Timeliness,High,94.0,240.0,<=,PASS,0,Analytics Engineering
2026-03-24,RUN-20260324-COMMERCE_ORDERS,COMMERCE_ORDERS,DQ-RECON,Raw-to-dashboard variance,Reconciliation,Critical,0.001438,0.005,<=,PASS,0,Analytics Engineering
2026-03-24,RUN-20260324-CAMPAIGN_SPEND,CAMPAIGN_SPEND,DQ-UNIQUE,Business key uniqueness,Uniqueness,Critical,0.0,0.0,<=,PASS,0,Marketing Operations
2026-03-24,RUN-20260324-CAMPAIGN_SPEND,CAMPAIGN_SPEND,DQ-COMPLETE,Partition row coverage,Completeness,Critical,1.0,0.9,>=,PASS,0,Marketing Operations
2026-03-24,RUN-20260324-CAMPAIGN_SPEND,CAMPAIGN_SPEND,DQ-VALID,Required type validity,Validity,High,0.0,0.0,<=,PASS,0,Marketing Operations
2026-03-24,RUN-20260324-CAMPAIGN_SPEND,CAMPAIGN_SPEND,DQ-TAXONOMY,Unknown taxonomy rate,Consistency,High,0.0,0.01,<=,PASS,0,Marketing Operations
2026-03-24,RUN-20260324-CAMPAIGN_SPEND,CAMPAIGN_SPEND,DQ-FRESH,Freshness lag,Timeliness,High,82.0,240.0,<=,PASS,0,Marketing Operations
2026-03-24,RUN-20260324-CAMPAIGN_SPEND,CAMPAIGN_SPEND,DQ-RECON,Raw-to-dashboard variance,Reconciliation,Critical,0.002615,0.005,<=,PASS,0,Marketing Operations
2026-03-25,RUN-20260325-WEB_EVENTS,WEB_EVENTS,DQ-UNIQUE,Business key uniqueness,Uniqueness,Critical,0.0,0.0,<=,PASS,0,Web Analytics
2026-03-25,RUN-20260325-WEB_EVENTS,WEB_EVENTS,DQ-COMPLETE,Partition row coverage,Completeness,Critical,1.0,0.9,>=,PASS,0,Web Analytics
2026-03-25,RUN-20260325-WEB_EVENTS,WEB_EVENTS,DQ-VALID,Required type validity,Validity,High,0.0,0.0,<=,PASS,0,Web Analytics
2026-03-25,RUN-20260325-WEB_EVENTS,WEB_EVENTS,DQ-TAXONOMY,Unknown taxonomy rate,Consistency,High,0.0,0.01,<=,PASS,0,Web Analytics
2026-03-25,RUN-20260325-WEB_EVENTS,WEB_EVENTS,DQ-FRESH,Freshness lag,Timeliness,High,134.0,240.0,<=,PASS,0,Web Analytics
2026-03-25,RUN-20260325-WEB_EVENTS,WEB_EVENTS,DQ-RECON,Raw-to-dashboard variance,Reconciliation,Critical,0.002157,0.005,<=,PASS,0,Web Analytics
2026-03-25,RUN-20260325-CRM_LEADS,CRM_LEADS,DQ-UNIQUE,Business key uniqueness,Uniqueness,Critical,0.0,0.0,<=,PASS,0,Revenue Analytics
2026-03-25,RUN-20260325-CRM_LEADS,CRM_LEADS,DQ-COMPLETE,Partition row coverage,Completeness,Critical,1.0,0.9,>=,PASS,0,Revenue Analytics
2026-03-25,RUN-20260325-CRM_LEADS,CRM_LEADS,DQ-VALID,Required type validity,Validity,High,0.0,0.0,<=,PASS,0,Revenue Analytics
2026-03-25,RUN-20260325-CRM_LEADS,CRM_LEADS,DQ-TAXONOMY,Unknown taxonomy rate,Consistency,High,0.0,0.01,<=,PASS,0,Revenue Analytics
2026-03-25,RUN-20260325-CRM_LEADS,CRM_LEADS,DQ-FRESH,Freshness lag,Timeliness,High,68.0,240.0,<=,PASS,0,Revenue Analytics
2026-03-25,RUN-20260325-CRM_LEADS,CRM_LEADS,DQ-RECON,Raw-to-dashboard variance,Reconciliation,Critical,0.002702,0.005,<=,PASS,0,Revenue Analytics
2026-03-25,RUN-20260325-COMMERCE_ORDERS,COMMERCE_ORDERS,DQ-UNIQUE,Business key uniqueness,Uniqueness,Critical,0.0,0.0,<=,PASS,0,Analytics Engineering
2026-03-25,RUN-20260325-COMMERCE_ORDERS,COMMERCE_ORDERS,DQ-COMPLETE,Partition row coverage,Completeness,Critical,1.0,0.9,>=,PASS,0,Analytics Engineering
2026-03-25,RUN-20260325-COMMERCE_ORDERS,COMMERCE_ORDERS,DQ-VALID,Required type validity,Validity,High,0.0,0.0,<=,PASS,0,Analytics Engineering
2026-03-25,RUN-20260325-COMMERCE_ORDERS,COMMERCE_ORDERS,DQ-TAXONOMY,Unknown taxonomy rate,Consistency,High,0.0,0.01,<=,PASS,0,Analytics Engineering
2026-03-25,RUN-20260325-COMMERCE_ORDERS,COMMERCE_ORDERS,DQ-FRESH,Freshness lag,Timeliness,High,95.0,240.0,<=,PASS,0,Analytics Engineering
2026-03-25,RUN-20260325-COMMERCE_ORDERS,COMMERCE_ORDERS,DQ-RECON,Raw-to-dashboard variance,Reconciliation,Critical,0.002323,0.005,<=,PASS,0,Analytics Engineering
2026-03-25,RUN-20260325-CAMPAIGN_SPEND,CAMPAIGN_SPEND,DQ-UNIQUE,Business key uniqueness,Uniqueness,Critical,0.0,0.0,<=,PASS,0,Marketing Operations
2026-03-25,RUN-20260325-CAMPAIGN_SPEND,CAMPAIGN_SPEND,DQ-COMPLETE,Partition row coverage,Completeness,Critical,1.0,0.9,>=,PASS,0,Marketing Operations
2026-03-25,RUN-20260325-CAMPAIGN_SPEND,CAMPAIGN_SPEND,DQ-VALID,Required type validity,Validity,High,0.0,0.0,<=,PASS,0,Marketing Operations
2026-03-25,RUN-20260325-CAMPAIGN_SPEND,CAMPAIGN_SPEND,DQ-TAXONOMY,Unknown taxonomy rate,Consistency,High,0.0,0.01,<=,PASS,0,Marketing Operations
2026-03-25,RUN-20260325-CAMPAIGN_SPEND,CAMPAIGN_SPEND,DQ-FRESH,Freshness lag,Timeliness,High,59.0,240.0,<=,PASS,0,Marketing Operations
2026-03-25,RUN-20260325-CAMPAIGN_SPEND,CAMPAIGN_SPEND,DQ-RECON,Raw-to-dashboard variance,Reconciliation,Critical,0.002269,0.005,<=,PASS,0,Marketing Operations
2026-03-26,RUN-20260326-WEB_EVENTS,WEB_EVENTS,DQ-UNIQUE,Business key uniqueness,Uniqueness,Critical,0.0,0.0,<=,PASS,0,Web Analytics
2026-03-26,RUN-20260326-WEB_EVENTS,WEB_EVENTS,DQ-COMPLETE,Partition row coverage,Completeness,Critical,1.0,0.9,>=,PASS,0,Web Analytics
2026-03-26,RUN-20260326-WEB_EVENTS,WEB_EVENTS,DQ-VALID,Required type validity,Validity,High,0.0,0.0,<=,PASS,0,Web Analytics
2026-03-26,RUN-20260326-WEB_EVENTS,WEB_EVENTS,DQ-TAXONOMY,Unknown taxonomy rate,Consistency,High,0.0,0.01,<=,PASS,0,Web Analytics
2026-03-26,RUN-20260326-WEB_EVENTS,WEB_EVENTS,DQ-FRESH,Freshness lag,Timeliness,High,103.0,240.0,<=,PASS,0,Web Analytics
2026-03-26,RUN-20260326-WEB_EVENTS,WEB_EVENTS,DQ-RECON,Raw-to-dashboard variance,Reconciliation,Critical,0.001689,0.005,<=,PASS,0,Web Analytics
2026-03-26,RUN-20260326-CRM_LEADS,CRM_LEADS,DQ-UNIQUE,Business key uniqueness,Uniqueness,Critical,0.0,0.0,<=,PASS,0,Revenue Analytics
2026-03-26,RUN-20260326-CRM_LEADS,CRM_LEADS,DQ-COMPLETE,Partition row coverage,Completeness,Critical,1.0,0.9,>=,PASS,0,Revenue Analytics
2026-03-26,RUN-20260326-CRM_LEADS,CRM_LEADS,DQ-VALID,Required type validity,Validity,High,0.0,0.0,<=,PASS,0,Revenue Analytics
2026-03-26,RUN-20260326-CRM_LEADS,CRM_LEADS,DQ-TAXONOMY,Unknown taxonomy rate,Consistency,High,0.0,0.01,<=,PASS,0,Revenue Analytics
2026-03-26,RUN-20260326-CRM_LEADS,CRM_LEADS,DQ-FRESH,Freshness lag,Timeliness,High,165.0,240.0,<=,PASS,0,Revenue Analytics
2026-03-26,RUN-20260326-CRM_LEADS,CRM_LEADS,DQ-RECON,Raw-to-dashboard variance,Reconciliation,Critical,0.000795,0.005,<=,PASS,0,Revenue Analytics
2026-03-26,RUN-20260326-COMMERCE_ORDERS,COMMERCE_ORDERS,DQ-UNIQUE,Business key uniqueness,Uniqueness,Critical,0.0,0.0,<=,PASS,0,Analytics Engineering
2026-03-26,RUN-20260326-COMMERCE_ORDERS,COMMERCE_ORDERS,DQ-COMPLETE,Partition row coverage,Completeness,Critical,1.0,0.9,>=,PASS,0,Analytics Engineering
2026-03-26,RUN-20260326-COMMERCE_ORDERS,COMMERCE_ORDERS,DQ-VALID,Required type validity,Validity,High,0.0,0.0,<=,PASS,0,Analytics Engineering
2026-03-26,RUN-20260326-COMMERCE_ORDERS,COMMERCE_ORDERS,DQ-TAXONOMY,Unknown taxonomy rate,Consistency,High,0.0,0.01,<=,PASS,0,Analytics Engineering
2026-03-26,RUN-20260326-COMMERCE_ORDERS,COMMERCE_ORDERS,DQ-FRESH,Freshness lag,Timeliness,High,79.0,240.0,<=,PASS,0,Analytics Engineering
2026-03-26,RUN-20260326-COMMERCE_ORDERS,COMMERCE_ORDERS,DQ-RECON,Raw-to-dashboard variance,Reconciliation,Critical,0.002524,0.005,<=,PASS,0,Analytics Engineering
2026-03-26,RUN-20260326-CAMPAIGN_SPEND,CAMPAIGN_SPEND,DQ-UNIQUE,Business key uniqueness,Uniqueness,Critical,0.0,0.0,<=,PASS,0,Marketing Operations
2026-03-26,RUN-20260326-CAMPAIGN_SPEND,CAMPAIGN_SPEND,DQ-COMPLETE,Partition row coverage,Completeness,Critical,1.0,0.9,>=,PASS,0,Marketing Operations
2026-03-26,RUN-20260326-CAMPAIGN_SPEND,CAMPAIGN_SPEND,DQ-VALID,Required type validity,Validity,High,0.0,0.0,<=,PASS,0,Marketing Operations
2026-03-26,RUN-20260326-CAMPAIGN_SPEND,CAMPAIGN_SPEND,DQ-TAXONOMY,Unknown taxonomy rate,Consistency,High,0.0,0.01,<=,PASS,0,Marketing Operations
2026-03-26,RUN-20260326-CAMPAIGN_SPEND,CAMPAIGN_SPEND,DQ-FRESH,Freshness lag,Timeliness,High,171.0,240.0,<=,PASS,0,Marketing Operations
2026-03-26,RUN-20260326-CAMPAIGN_SPEND,CAMPAIGN_SPEND,DQ-RECON,Raw-to-dashboard variance,Reconciliation,Critical,0.002405,0.005,<=,PASS,0,Marketing Operations
2026-03-27,RUN-20260327-WEB_EVENTS,WEB_EVENTS,DQ-UNIQUE,Business key uniqueness,Uniqueness,Critical,0.0,0.0,<=,PASS,0,Web Analytics
2026-03-27,RUN-20260327-WEB_EVENTS,WEB_EVENTS,DQ-COMPLETE,Partition row coverage,Completeness,Critical,1.0,0.9,>=,PASS,0,Web Analytics
2026-03-27,RUN-20260327-WEB_EVENTS,WEB_EVENTS,DQ-VALID,Required type validity,Validity,High,0.0,0.0,<=,PASS,0,Web Analytics
2026-03-27,RUN-20260327-WEB_EVENTS,WEB_EVENTS,DQ-TAXONOMY,Unknown taxonomy rate,Consistency,High,0.0,0.01,<=,PASS,0,Web Analytics
2026-03-27,RUN-20260327-WEB_EVENTS,WEB_EVENTS,DQ-FRESH,Freshness lag,Timeliness,High,143.0,240.0,<=,PASS,0,Web Analytics
2026-03-27,RUN-20260327-WEB_EVENTS,WEB_EVENTS,DQ-RECON,Raw-to-dashboard variance,Reconciliation,Critical,0.00261,0.005,<=,PASS,0,Web Analytics
2026-03-27,RUN-20260327-CRM_LEADS,CRM_LEADS,DQ-UNIQUE,Business key uniqueness,Uniqueness,Critical,0.0,0.0,<=,PASS,0,Revenue Analytics
2026-03-27,RUN-20260327-CRM_LEADS,CRM_LEADS,DQ-COMPLETE,Partition row coverage,Completeness,Critical,1.0,0.9,>=,PASS,0,Revenue Analytics
2026-03-27,RUN-20260327-CRM_LEADS,CRM_LEADS,DQ-VALID,Required type validity,Validity,High,0.0,0.0,<=,PASS,0,Revenue Analytics
2026-03-27,RUN-20260327-CRM_LEADS,CRM_LEADS,DQ-TAXONOMY,Unknown taxonomy rate,Consistency,High,0.0,0.01,<=,PASS,0,Revenue Analytics
2026-03-27,RUN-20260327-CRM_LEADS,CRM_LEADS,DQ-FRESH,Freshness lag,Timeliness,High,180.0,240.0,<=,PASS,0,Revenue Analytics
2026-03-27,RUN-20260327-CRM_LEADS,CRM_LEADS,DQ-RECON,Raw-to-dashboard variance,Reconciliation,Critical,0.002734,0.005,<=,PASS,0,Revenue Analytics
2026-03-27,RUN-20260327-COMMERCE_ORDERS,COMMERCE_ORDERS,DQ-UNIQUE,Business key uniqueness,Uniqueness,Critical,0.0,0.0,<=,PASS,0,Analytics Engineering
2026-03-27,RUN-20260327-COMMERCE_ORDERS,COMMERCE_ORDERS,DQ-COMPLETE,Partition row coverage,Completeness,Critical,1.0,0.9,>=,PASS,0,Analytics Engineering
2026-03-27,RUN-20260327-COMMERCE_ORDERS,COMMERCE_ORDERS,DQ-VALID,Required type validity,Validity,High,0.0,0.0,<=,PASS,0,Analytics Engineering
2026-03-27,RUN-20260327-COMMERCE_ORDERS,COMMERCE_ORDERS,DQ-TAXONOMY,Unknown taxonomy rate,Consistency,High,0.0,0.01,<=,PASS,0,Analytics Engineering
2026-03-27,RUN-20260327-COMMERCE_ORDERS,COMMERCE_ORDERS,DQ-FRESH,Freshness lag,Timeliness,High,141.0,240.0,<=,PASS,0,Analytics Engineering
2026-03-27,RUN-20260327-COMMERCE_ORDERS,COMMERCE_ORDERS,DQ-RECON,Raw-to-dashboard variance,Reconciliation,Critical,0.00313,0.005,<=,PASS,0,Analytics Engineering
2026-03-27,RUN-20260327-CAMPAIGN_SPEND,CAMPAIGN_SPEND,DQ-UNIQUE,Business key uniqueness,Uniqueness,Critical,0.0,0.0,<=,PASS,0,Marketing Operations
2026-03-27,RUN-20260327-CAMPAIGN_SPEND,CAMPAIGN_SPEND,DQ-COMPLETE,Partition row coverage,Completeness,Critical,1.0,0.9,>=,PASS,0,Marketing Operations
2026-03-27,RUN-20260327-CAMPAIGN_SPEND,CAMPAIGN_SPEND,DQ-VALID,Required type validity,Validity,High,0.0,0.0,<=,PASS,0,Marketing Operations
2026-03-27,RUN-20260327-CAMPAIGN_SPEND,CAMPAIGN_SPEND,DQ-TAXONOMY,Unknown taxonomy rate,Consistency,High,0.0,0.01,<=,PASS,0,Marketing Operations
2026-03-27,RUN-20260327-CAMPAIGN_SPEND,CAMPAIGN_SPEND,DQ-FRESH,Freshness lag,Timeliness,High,163.0,240.0,<=,PASS,0,Marketing Operations
2026-03-27,RUN-20260327-CAMPAIGN_SPEND,CAMPAIGN_SPEND,DQ-RECON,Raw-to-dashboard variance,Reconciliation,Critical,0.002916,0.005,<=,PASS,0,Marketing Operations
2026-03-28,RUN-20260328-WEB_EVENTS,WEB_EVENTS,DQ-UNIQUE,Business key uniqueness,Uniqueness,Critical,0.0,0.0,<=,PASS,0,Web Analytics
2026-03-28,RUN-20260328-WEB_EVENTS,WEB_EVENTS,DQ-COMPLETE,Partition row coverage,Completeness,Critical,1.0,0.9,>=,PASS,0,Web Analytics
2026-03-28,RUN-20260328-WEB_EVENTS,WEB_EVENTS,DQ-VALID,Required type validity,Validity,High,0.0,0.0,<=,PASS,0,Web Analytics
2026-03-28,RUN-20260328-WEB_EVENTS,WEB_EVENTS,DQ-TAXONOMY,Unknown taxonomy rate,Consistency,High,0.0,0.01,<=,PASS,0,Web Analytics
2026-03-28,RUN-20260328-WEB_EVENTS,WEB_EVENTS,DQ-FRESH,Freshness lag,Timeliness,High,159.0,240.0,<=,PASS,0,Web Analytics
2026-03-28,RUN-20260328-WEB_EVENTS,WEB_EVENTS,DQ-RECON,Raw-to-dashboard variance,Reconciliation,Critical,0.002058,0.005,<=,PASS,0,Web Analytics
2026-03-28,RUN-20260328-CRM_LEADS,CRM_LEADS,DQ-UNIQUE,Business key uniqueness,Uniqueness,Critical,0.0,0.0,<=,PASS,0,Revenue Analytics
2026-03-28,RUN-20260328-CRM_LEADS,CRM_LEADS,DQ-COMPLETE,Partition row coverage,Completeness,Critical,1.0,0.9,>=,PASS,0,Revenue Analytics
2026-03-28,RUN-20260328-CRM_LEADS,CRM_LEADS,DQ-VALID,Required type validity,Validity,High,0.0,0.0,<=,PASS,0,Revenue Analytics
2026-03-28,RUN-20260328-CRM_LEADS,CRM_LEADS,DQ-TAXONOMY,Unknown taxonomy rate,Consistency,High,0.0,0.01,<=,PASS,0,Revenue Analytics
2026-03-28,RUN-20260328-CRM_LEADS,CRM_LEADS,DQ-FRESH,Freshness lag,Timeliness,High,132.0,240.0,<=,PASS,0,Revenue Analytics
2026-03-28,RUN-20260328-CRM_LEADS,CRM_LEADS,DQ-RECON,Raw-to-dashboard variance,Reconciliation,Critical,0.000673,0.005,<=,PASS,0,Revenue Analytics
2026-03-28,RUN-20260328-COMMERCE_ORDERS,COMMERCE_ORDERS,DQ-UNIQUE,Business key uniqueness,Uniqueness,Critical,0.0,0.0,<=,PASS,0,Analytics Engineering
2026-03-28,RUN-20260328-COMMERCE_ORDERS,COMMERCE_ORDERS,DQ-COMPLETE,Partition row coverage,Completeness,Critical,1.0,0.9,>=,PASS,0,Analytics Engineering
2026-03-28,RUN-20260328-COMMERCE_ORDERS,COMMERCE_ORDERS,DQ-VALID,Required type validity,Validity,High,0.0,0.0,<=,PASS,0,Analytics Engineering
2026-03-28,RUN-20260328-COMMERCE_ORDERS,COMMERCE_ORDERS,DQ-TAXONOMY,Unknown taxonomy rate,Consistency,High,0.0,0.01,<=,PASS,0,Analytics Engineering
2026-03-28,RUN-20260328-COMMERCE_ORDERS,COMMERCE_ORDERS,DQ-FRESH,Freshness lag,Timeliness,High,109.0,240.0,<=,PASS,0,Analytics Engineering
2026-03-28,RUN-20260328-COMMERCE_ORDERS,COMMERCE_ORDERS,DQ-RECON,Raw-to-dashboard variance,Reconciliation,Critical,0.000475,0.005,<=,PASS,0,Analytics Engineering
2026-03-28,RUN-20260328-CAMPAIGN_SPEND,CAMPAIGN_SPEND,DQ-UNIQUE,Business key uniqueness,Uniqueness,Critical,0.0,0.0,<=,PASS,0,Marketing Operations
2026-03-28,RUN-20260328-CAMPAIGN_SPEND,CAMPAIGN_SPEND,DQ-COMPLETE,Partition row coverage,Completeness,Critical,1.0,0.9,>=,PASS,0,Marketing Operations
2026-03-28,RUN-20260328-CAMPAIGN_SPEND,CAMPAIGN_SPEND,DQ-VALID,Required type validity,Validity,High,0.0,0.0,<=,PASS,0,Marketing Operations
2026-03-28,RUN-20260328-CAMPAIGN_SPEND,CAMPAIGN_SPEND,DQ-TAXONOMY,Unknown taxonomy rate,Consistency,High,0.0,0.01,<=,PASS,0,Marketing Operations
2026-03-28,RUN-20260328-CAMPAIGN_SPEND,CAMPAIGN_SPEND,DQ-FRESH,Freshness lag,Timeliness,High,132.0,240.0,<=,PASS,0,Marketing Operations
2026-03-28,RUN-20260328-CAMPAIGN_SPEND,CAMPAIGN_SPEND,DQ-RECON,Raw-to-dashboard variance,Reconciliation,Critical,0.000794,0.005,<=,PASS,0,Marketing Operations
2026-03-29,RUN-20260329-WEB_EVENTS,WEB_EVENTS,DQ-UNIQUE,Business key uniqueness,Uniqueness,Critical,0.0,0.0,<=,PASS,0,Web Analytics
2026-03-29,RUN-20260329-WEB_EVENTS,WEB_EVENTS,DQ-COMPLETE,Partition row coverage,Completeness,Critical,1.0,0.9,>=,PASS,0,Web Analytics
2026-03-29,RUN-20260329-WEB_EVENTS,WEB_EVENTS,DQ-VALID,Required type validity,Validity,High,0.0,0.0,<=,PASS,0,Web Analytics
2026-03-29,RUN-20260329-WEB_EVENTS,WEB_EVENTS,DQ-TAXONOMY,Unknown taxonomy rate,Consistency,High,0.0,0.01,<=,PASS,0,Web Analytics
2026-03-29,RUN-20260329-WEB_EVENTS,WEB_EVENTS,DQ-FRESH,Freshness lag,Timeliness,High,81.0,240.0,<=,PASS,0,Web Analytics
2026-03-29,RUN-20260329-WEB_EVENTS,WEB_EVENTS,DQ-RECON,Raw-to-dashboard variance,Reconciliation,Critical,0.001383,0.005,<=,PASS,0,Web Analytics
2026-03-29,RUN-20260329-CRM_LEADS,CRM_LEADS,DQ-UNIQUE,Business key uniqueness,Uniqueness,Critical,0.0,0.0,<=,PASS,0,Revenue Analytics
2026-03-29,RUN-20260329-CRM_LEADS,CRM_LEADS,DQ-COMPLETE,Partition row coverage,Completeness,Critical,1.0,0.9,>=,PASS,0,Revenue Analytics
2026-03-29,RUN-20260329-CRM_LEADS,CRM_LEADS,DQ-VALID,Required type validity,Validity,High,0.0,0.0,<=,PASS,0,Revenue Analytics
2026-03-29,RUN-20260329-CRM_LEADS,CRM_LEADS,DQ-TAXONOMY,Unknown taxonomy rate,Consistency,High,0.0,0.01,<=,PASS,0,Revenue Analytics
2026-03-29,RUN-20260329-CRM_LEADS,CRM_LEADS,DQ-FRESH,Freshness lag,Timeliness,High,92.0,240.0,<=,PASS,0,Revenue Analytics
2026-03-29,RUN-20260329-CRM_LEADS,CRM_LEADS,DQ-RECON,Raw-to-dashboard variance,Reconciliation,Critical,0.001938,0.005,<=,PASS,0,Revenue Analytics
2026-03-29,RUN-20260329-COMMERCE_ORDERS,COMMERCE_ORDERS,DQ-UNIQUE,Business key uniqueness,Uniqueness,Critical,0.0,0.0,<=,PASS,0,Analytics Engineering
2026-03-29,RUN-20260329-COMMERCE_ORDERS,COMMERCE_ORDERS,DQ-COMPLETE,Partition row coverage,Completeness,Critical,1.0,0.9,>=,PASS,0,Analytics Engineering
2026-03-29,RUN-20260329-COMMERCE_ORDERS,COMMERCE_ORDERS,DQ-VALID,Required type validity,Validity,High,0.0,0.0,<=,PASS,0,Analytics Engineering
2026-03-29,RUN-20260329-COMMERCE_ORDERS,COMMERCE_ORDERS,DQ-TAXONOMY,Unknown taxonomy rate,Consistency,High,0.0,0.01,<=,PASS,0,Analytics Engineering
2026-03-29,RUN-20260329-COMMERCE_ORDERS,COMMERCE_ORDERS,DQ-FRESH,Freshness lag,Timeliness,High,127.0,240.0,<=,PASS,0,Analytics Engineering
2026-03-29,RUN-20260329-COMMERCE_ORDERS,COMMERCE_ORDERS,DQ-RECON,Raw-to-dashboard variance,Reconciliation,Critical,0.003045,0.005,<=,PASS,0,Analytics Engineering
2026-03-29,RUN-20260329-CAMPAIGN_SPEND,CAMPAIGN_SPEND,DQ-UNIQUE,Business key uniqueness,Uniqueness,Critical,0.0,0.0,<=,PASS,0,Marketing Operations
2026-03-29,RUN-20260329-CAMPAIGN_SPEND,CAMPAIGN_SPEND,DQ-COMPLETE,Partition row coverage,Completeness,Critical,1.0,0.9,>=,PASS,0,Marketing Operations
2026-03-29,RUN-20260329-CAMPAIGN_SPEND,CAMPAIGN_SPEND,DQ-VALID,Required type validity,Validity,High,0.0,0.0,<=,PASS,0,Marketing Operations
2026-03-29,RUN-20260329-CAMPAIGN_SPEND,CAMPAIGN_SPEND,DQ-TAXONOMY,Unknown taxonomy rate,Consistency,High,0.0,0.01,<=,PASS,0,Marketing Operations
2026-03-29,RUN-20260329-CAMPAIGN_SPEND,CAMPAIGN_SPEND,DQ-FRESH,Freshness lag,Timeliness,High,112.0,240.0,<=,PASS,0,Marketing Operations
2026-03-29,RUN-20260329-CAMPAIGN_SPEND,CAMPAIGN_SPEND,DQ-RECON,Raw-to-dashboard variance,Reconciliation,Critical,0.002445,0.005,<=,PASS,0,Marketing Operations
2026-03-30,RUN-20260330-WEB_EVENTS,WEB_EVENTS,DQ-UNIQUE,Business key uniqueness,Uniqueness,Critical,0.0,0.0,<=,PASS,0,Web Analytics
2026-03-30,RUN-20260330-WEB_EVENTS,WEB_EVENTS,DQ-COMPLETE,Partition row coverage,Completeness,Critical,1.0,0.9,>=,PASS,0,Web Analytics
2026-03-30,RUN-20260330-WEB_EVENTS,WEB_EVENTS,DQ-VALID,Required type validity,Validity,High,0.0,0.0,<=,PASS,0,Web Analytics
2026-03-30,RUN-20260330-WEB_EVENTS,WEB_EVENTS,DQ-TAXONOMY,Unknown taxonomy rate,Consistency,High,0.0,0.01,<=,PASS,0,Web Analytics
2026-03-30,RUN-20260330-WEB_EVENTS,WEB_EVENTS,DQ-FRESH,Freshness lag,Timeliness,High,125.0,240.0,<=,PASS,0,Web Analytics
2026-03-30,RUN-20260330-WEB_EVENTS,WEB_EVENTS,DQ-RECON,Raw-to-dashboard variance,Reconciliation,Critical,0.002268,0.005,<=,PASS,0,Web Analytics
2026-03-30,RUN-20260330-CRM_LEADS,CRM_LEADS,DQ-UNIQUE,Business key uniqueness,Uniqueness,Critical,0.0,0.0,<=,PASS,0,Revenue Analytics
2026-03-30,RUN-20260330-CRM_LEADS,CRM_LEADS,DQ-COMPLETE,Partition row coverage,Completeness,Critical,1.0,0.9,>=,PASS,0,Revenue Analytics
2026-03-30,RUN-20260330-CRM_LEADS,CRM_LEADS,DQ-VALID,Required type validity,Validity,High,0.0,0.0,<=,PASS,0,Revenue Analytics
2026-03-30,RUN-20260330-CRM_LEADS,CRM_LEADS,DQ-TAXONOMY,Unknown taxonomy rate,Consistency,High,0.0,0.01,<=,PASS,0,Revenue Analytics
2026-03-30,RUN-20260330-CRM_LEADS,CRM_LEADS,DQ-FRESH,Freshness lag,Timeliness,High,110.0,240.0,<=,PASS,0,Revenue Analytics
2026-03-30,RUN-20260330-CRM_LEADS,CRM_LEADS,DQ-RECON,Raw-to-dashboard variance,Reconciliation,Critical,0.002046,0.005,<=,PASS,0,Revenue Analytics
2026-03-30,RUN-20260330-COMMERCE_ORDERS,COMMERCE_ORDERS,DQ-UNIQUE,Business key uniqueness,Uniqueness,Critical,0.0,0.0,<=,PASS,0,Analytics Engineering
2026-03-30,RUN-20260330-COMMERCE_ORDERS,COMMERCE_ORDERS,DQ-COMPLETE,Partition row coverage,Completeness,Critical,1.0,0.9,>=,PASS,0,Analytics Engineering
2026-03-30,RUN-20260330-COMMERCE_ORDERS,COMMERCE_ORDERS,DQ-VALID,Required type validity,Validity,High,0.0,0.0,<=,PASS,0,Analytics Engineering
2026-03-30,RUN-20260330-COMMERCE_ORDERS,COMMERCE_ORDERS,DQ-TAXONOMY,Unknown taxonomy rate,Consistency,High,0.0,0.01,<=,PASS,0,Analytics Engineering
2026-03-30,RUN-20260330-COMMERCE_ORDERS,COMMERCE_ORDERS,DQ-FRESH,Freshness lag,Timeliness,High,127.0,240.0,<=,PASS,0,Analytics Engineering
2026-03-30,RUN-20260330-COMMERCE_ORDERS,COMMERCE_ORDERS,DQ-RECON,Raw-to-dashboard variance,Reconciliation,Critical,0.000824,0.005,<=,PASS,0,Analytics Engineering
2026-03-30,RUN-20260330-CAMPAIGN_SPEND,CAMPAIGN_SPEND,DQ-UNIQUE,Business key uniqueness,Uniqueness,Critical,0.0,0.0,<=,PASS,0,Marketing Operations
2026-03-30,RUN-20260330-CAMPAIGN_SPEND,CAMPAIGN_SPEND,DQ-COMPLETE,Partition row coverage,Completeness,Critical,1.0,0.9,>=,PASS,0,Marketing Operations
2026-03-30,RUN-20260330-CAMPAIGN_SPEND,CAMPAIGN_SPEND,DQ-VALID,Required type validity,Validity,High,0.0,0.0,<=,PASS,0,Marketing Operations
2026-03-30,RUN-20260330-CAMPAIGN_SPEND,CAMPAIGN_SPEND,DQ-TAXONOMY,Unknown taxonomy rate,Consistency,High,0.0,0.01,<=,PASS,0,Marketing Operations
2026-03-30,RUN-20260330-CAMPAIGN_SPEND,CAMPAIGN_SPEND,DQ-FRESH,Freshness lag,Timeliness,High,107.0,240.0,<=,PASS,0,Marketing Operations
2026-03-30,RUN-20260330-CAMPAIGN_SPEND,CAMPAIGN_SPEND,DQ-RECON,Raw-to-dashboard variance,Reconciliation,Critical,0.000607,0.005,<=,PASS,0,Marketing Operations
2026-03-31,RUN-20260331-WEB_EVENTS,WEB_EVENTS,DQ-UNIQUE,Business key uniqueness,Uniqueness,Critical,0.0,0.0,<=,PASS,0,Web Analytics
2026-03-31,RUN-20260331-WEB_EVENTS,WEB_EVENTS,DQ-COMPLETE,Partition row coverage,Completeness,Critical,1.0,0.9,>=,PASS,0,Web Analytics
2026-03-31,RUN-20260331-WEB_EVENTS,WEB_EVENTS,DQ-VALID,Required type validity,Validity,High,0.0,0.0,<=,PASS,0,Web Analytics
2026-03-31,RUN-20260331-WEB_EVENTS,WEB_EVENTS,DQ-TAXONOMY,Unknown taxonomy rate,Consistency,High,0.0,0.01,<=,PASS,0,Web Analytics
2026-03-31,RUN-20260331-WEB_EVENTS,WEB_EVENTS,DQ-FRESH,Freshness lag,Timeliness,High,125.0,240.0,<=,PASS,0,Web Analytics
2026-03-31,RUN-20260331-WEB_EVENTS,WEB_EVENTS,DQ-RECON,Raw-to-dashboard variance,Reconciliation,Critical,0.002297,0.005,<=,PASS,0,Web Analytics
2026-03-31,RUN-20260331-CRM_LEADS,CRM_LEADS,DQ-UNIQUE,Business key uniqueness,Uniqueness,Critical,0.0,0.0,<=,PASS,0,Revenue Analytics
2026-03-31,RUN-20260331-CRM_LEADS,CRM_LEADS,DQ-COMPLETE,Partition row coverage,Completeness,Critical,1.0,0.9,>=,PASS,0,Revenue Analytics
2026-03-31,RUN-20260331-CRM_LEADS,CRM_LEADS,DQ-VALID,Required type validity,Validity,High,0.0,0.0,<=,PASS,0,Revenue Analytics
2026-03-31,RUN-20260331-CRM_LEADS,CRM_LEADS,DQ-TAXONOMY,Unknown taxonomy rate,Consistency,High,0.0,0.01,<=,PASS,0,Revenue Analytics
2026-03-31,RUN-20260331-CRM_LEADS,CRM_LEADS,DQ-FRESH,Freshness lag,Timeliness,High,141.0,240.0,<=,PASS,0,Revenue Analytics
2026-03-31,RUN-20260331-CRM_LEADS,CRM_LEADS,DQ-RECON,Raw-to-dashboard variance,Reconciliation,Critical,0.003088,0.005,<=,PASS,0,Revenue Analytics
2026-03-31,RUN-20260331-COMMERCE_ORDERS,COMMERCE_ORDERS,DQ-UNIQUE,Business key uniqueness,Uniqueness,Critical,0.0,0.0,<=,PASS,0,Analytics Engineering
2026-03-31,RUN-20260331-COMMERCE_ORDERS,COMMERCE_ORDERS,DQ-COMPLETE,Partition row coverage,Completeness,Critical,1.0,0.9,>=,PASS,0,Analytics Engineering
2026-03-31,RUN-20260331-COMMERCE_ORDERS,COMMERCE_ORDERS,DQ-VALID,Required type validity,Validity,High,0.0,0.0,<=,PASS,0,Analytics Engineering
2026-03-31,RUN-20260331-COMMERCE_ORDERS,COMMERCE_ORDERS,DQ-TAXONOMY,Unknown taxonomy rate,Consistency,High,0.0,0.01,<=,PASS,0,Analytics Engineering
2026-03-31,RUN-20260331-COMMERCE_ORDERS,COMMERCE_ORDERS,DQ-FRESH,Freshness lag,Timeliness,High,110.0,240.0,<=,PASS,0,Analytics Engineering
2026-03-31,RUN-20260331-COMMERCE_ORDERS,COMMERCE_ORDERS,DQ-RECON,Raw-to-dashboard variance,Reconciliation,Critical,0.001726,0.005,<=,PASS,0,Analytics Engineering
2026-03-31,RUN-20260331-CAMPAIGN_SPEND,CAMPAIGN_SPEND,DQ-UNIQUE,Business key uniqueness,Uniqueness,Critical,0.0,0.0,<=,PASS,0,Marketing Operations
2026-03-31,RUN-20260331-CAMPAIGN_SPEND,CAMPAIGN_SPEND,DQ-COMPLETE,Partition row coverage,Completeness,Critical,1.0,0.9,>=,PASS,0,Marketing Operations
2026-03-31,RUN-20260331-CAMPAIGN_SPEND,CAMPAIGN_SPEND,DQ-VALID,Required type validity,Validity,High,0.0,0.0,<=,PASS,0,Marketing Operations
2026-03-31,RUN-20260331-CAMPAIGN_SPEND,CAMPAIGN_SPEND,DQ-TAXONOMY,Unknown taxonomy rate,Consistency,High,0.0,0.01,<=,PASS,0,Marketing Operations
2026-03-31,RUN-20260331-CAMPAIGN_SPEND,CAMPAIGN_SPEND,DQ-FRESH,Freshness lag,Timeliness,High,170.0,240.0,<=,PASS,0,Marketing Operations
2026-03-31,RUN-20260331-CAMPAIGN_SPEND,CAMPAIGN_SPEND,DQ-RECON,Raw-to-dashboard variance,Reconciliation,Critical,0.00095,0.005,<=,PASS,0,Marketing Operations
2026-04-01,RUN-20260401-WEB_EVENTS,WEB_EVENTS,DQ-UNIQUE,Business key uniqueness,Uniqueness,Critical,0.0,0.0,<=,PASS,0,Web Analytics
2026-04-01,RUN-20260401-WEB_EVENTS,WEB_EVENTS,DQ-COMPLETE,Partition row coverage,Completeness,Critical,1.0,0.9,>=,PASS,0,Web Analytics
2026-04-01,RUN-20260401-WEB_EVENTS,WEB_EVENTS,DQ-VALID,Required type validity,Validity,High,0.0,0.0,<=,PASS,0,Web Analytics
2026-04-01,RUN-20260401-WEB_EVENTS,WEB_EVENTS,DQ-TAXONOMY,Unknown taxonomy rate,Consistency,High,0.0,0.01,<=,PASS,0,Web Analytics
2026-04-01,RUN-20260401-WEB_EVENTS,WEB_EVENTS,DQ-FRESH,Freshness lag,Timeliness,High,169.0,240.0,<=,PASS,0,Web Analytics
2026-04-01,RUN-20260401-WEB_EVENTS,WEB_EVENTS,DQ-RECON,Raw-to-dashboard variance,Reconciliation,Critical,0.00137,0.005,<=,PASS,0,Web Analytics
2026-04-01,RUN-20260401-CRM_LEADS,CRM_LEADS,DQ-UNIQUE,Business key uniqueness,Uniqueness,Critical,0.0,0.0,<=,PASS,0,Revenue Analytics
2026-04-01,RUN-20260401-CRM_LEADS,CRM_LEADS,DQ-COMPLETE,Partition row coverage,Completeness,Critical,1.0,0.9,>=,PASS,0,Revenue Analytics
2026-04-01,RUN-20260401-CRM_LEADS,CRM_LEADS,DQ-VALID,Required type validity,Validity,High,0.0,0.0,<=,PASS,0,Revenue Analytics
2026-04-01,RUN-20260401-CRM_LEADS,CRM_LEADS,DQ-TAXONOMY,Unknown taxonomy rate,Consistency,High,0.0,0.01,<=,PASS,0,Revenue Analytics
2026-04-01,RUN-20260401-CRM_LEADS,CRM_LEADS,DQ-FRESH,Freshness lag,Timeliness,High,116.0,240.0,<=,PASS,0,Revenue Analytics
2026-04-01,RUN-20260401-CRM_LEADS,CRM_LEADS,DQ-RECON,Raw-to-dashboard variance,Reconciliation,Critical,0.002596,0.005,<=,PASS,0,Revenue Analytics
2026-04-01,RUN-20260401-COMMERCE_ORDERS,COMMERCE_ORDERS,DQ-UNIQUE,Business key uniqueness,Uniqueness,Critical,0.0,0.0,<=,PASS,0,Analytics Engineering
2026-04-01,RUN-20260401-COMMERCE_ORDERS,COMMERCE_ORDERS,DQ-COMPLETE,Partition row coverage,Completeness,Critical,1.0,0.9,>=,PASS,0,Analytics Engineering
2026-04-01,RUN-20260401-COMMERCE_ORDERS,COMMERCE_ORDERS,DQ-VALID,Required type validity,Validity,High,0.0,0.0,<=,PASS,0,Analytics Engineering
2026-04-01,RUN-20260401-COMMERCE_ORDERS,COMMERCE_ORDERS,DQ-TAXONOMY,Unknown taxonomy rate,Consistency,High,0.0,0.01,<=,PASS,0,Analytics Engineering
2026-04-01,RUN-20260401-COMMERCE_ORDERS,COMMERCE_ORDERS,DQ-FRESH,Freshness lag,Timeliness,High,109.0,240.0,<=,PASS,0,Analytics Engineering
2026-04-01,RUN-20260401-COMMERCE_ORDERS,COMMERCE_ORDERS,DQ-RECON,Raw-to-dashboard variance,Reconciliation,Critical,0.003124,0.005,<=,PASS,0,Analytics Engineering
2026-04-01,RUN-20260401-CAMPAIGN_SPEND,CAMPAIGN_SPEND,DQ-UNIQUE,Business key uniqueness,Uniqueness,Critical,0.0,0.0,<=,PASS,0,Marketing Operations
2026-04-01,RUN-20260401-CAMPAIGN_SPEND,CAMPAIGN_SPEND,DQ-COMPLETE,Partition row coverage,Completeness,Critical,1.0,0.9,>=,PASS,0,Marketing Operations
2026-04-01,RUN-20260401-CAMPAIGN_SPEND,CAMPAIGN_SPEND,DQ-VALID,Required type validity,Validity,High,0.0,0.0,<=,PASS,0,Marketing Operations
2026-04-01,RUN-20260401-CAMPAIGN_SPEND,CAMPAIGN_SPEND,DQ-TAXONOMY,Unknown taxonomy rate,Consistency,High,0.0,0.01,<=,PASS,0,Marketing Operations
2026-04-01,RUN-20260401-CAMPAIGN_SPEND,CAMPAIGN_SPEND,DQ-FRESH,Freshness lag,Timeliness,High,103.0,240.0,<=,PASS,0,Marketing Operations
2026-04-01,RUN-20260401-CAMPAIGN_SPEND,CAMPAIGN_SPEND,DQ-RECON,Raw-to-dashboard variance,Reconciliation,Critical,0.001571,0.005,<=,PASS,0,Marketing Operations
2026-04-02,RUN-20260402-WEB_EVENTS,WEB_EVENTS,DQ-UNIQUE,Business key uniqueness,Uniqueness,Critical,0.0,0.0,<=,PASS,0,Web Analytics
2026-04-02,RUN-20260402-WEB_EVENTS,WEB_EVENTS,DQ-COMPLETE,Partition row coverage,Completeness,Critical,1.0,0.9,>=,PASS,0,Web Analytics
2026-04-02,RUN-20260402-WEB_EVENTS,WEB_EVENTS,DQ-VALID,Required type validity,Validity,High,0.0,0.0,<=,PASS,0,Web Analytics
2026-04-02,RUN-20260402-WEB_EVENTS,WEB_EVENTS,DQ-TAXONOMY,Unknown taxonomy rate,Consistency,High,0.0,0.01,<=,PASS,0,Web Analytics
2026-04-02,RUN-20260402-WEB_EVENTS,WEB_EVENTS,DQ-FRESH,Freshness lag,Timeliness,High,149.0,240.0,<=,PASS,0,Web Analytics
2026-04-02,RUN-20260402-WEB_EVENTS,WEB_EVENTS,DQ-RECON,Raw-to-dashboard variance,Reconciliation,Critical,0.001627,0.005,<=,PASS,0,Web Analytics
2026-04-02,RUN-20260402-CRM_LEADS,CRM_LEADS,DQ-UNIQUE,Business key uniqueness,Uniqueness,Critical,0.0,0.0,<=,PASS,0,Revenue Analytics
2026-04-02,RUN-20260402-CRM_LEADS,CRM_LEADS,DQ-COMPLETE,Partition row coverage,Completeness,Critical,1.0,0.9,>=,PASS,0,Revenue Analytics
2026-04-02,RUN-20260402-CRM_LEADS,CRM_LEADS,DQ-VALID,Required type validity,Validity,High,0.0,0.0,<=,PASS,0,Revenue Analytics
2026-04-02,RUN-20260402-CRM_LEADS,CRM_LEADS,DQ-TAXONOMY,Unknown taxonomy rate,Consistency,High,0.0,0.01,<=,PASS,0,Revenue Analytics
2026-04-02,RUN-20260402-CRM_LEADS,CRM_LEADS,DQ-FRESH,Freshness lag,Timeliness,High,123.0,240.0,<=,PASS,0,Revenue Analytics
2026-04-02,RUN-20260402-CRM_LEADS,CRM_LEADS,DQ-RECON,Raw-to-dashboard variance,Reconciliation,Critical,0.002028,0.005,<=,PASS,0,Revenue Analytics
2026-04-02,RUN-20260402-COMMERCE_ORDERS,COMMERCE_ORDERS,DQ-UNIQUE,Business key uniqueness,Uniqueness,Critical,0.0,0.0,<=,PASS,0,Analytics Engineering
2026-04-02,RUN-20260402-COMMERCE_ORDERS,COMMERCE_ORDERS,DQ-COMPLETE,Partition row coverage,Completeness,Critical,1.0,0.9,>=,PASS,0,Analytics Engineering
2026-04-02,RUN-20260402-COMMERCE_ORDERS,COMMERCE_ORDERS,DQ-VALID,Required type validity,Validity,High,0.0,0.0,<=,PASS,0,Analytics Engineering
2026-04-02,RUN-20260402-COMMERCE_ORDERS,COMMERCE_ORDERS,DQ-TAXONOMY,Unknown taxonomy rate,Consistency,High,0.0,0.01,<=,PASS,0,Analytics Engineering
2026-04-02,RUN-20260402-COMMERCE_ORDERS,COMMERCE_ORDERS,DQ-FRESH,Freshness lag,Timeliness,High,79.0,240.0,<=,PASS,0,Analytics Engineering
2026-04-02,RUN-20260402-COMMERCE_ORDERS,COMMERCE_ORDERS,DQ-RECON,Raw-to-dashboard variance,Reconciliation,Critical,0.002598,0.005,<=,PASS,0,Analytics Engineering
2026-04-02,RUN-20260402-CAMPAIGN_SPEND,CAMPAIGN_SPEND,DQ-UNIQUE,Business key uniqueness,Uniqueness,Critical,0.0,0.0,<=,PASS,0,Marketing Operations
2026-04-02,RUN-20260402-CAMPAIGN_SPEND,CAMPAIGN_SPEND,DQ-COMPLETE,Partition row coverage,Completeness,Critical,1.0,0.9,>=,PASS,0,Marketing Operations
2026-04-02,RUN-20260402-CAMPAIGN_SPEND,CAMPAIGN_SPEND,DQ-VALID,Required type validity,Validity,High,0.0,0.0,<=,PASS,0,Marketing Operations
2026-04-02,RUN-20260402-CAMPAIGN_SPEND,CAMPAIGN_SPEND,DQ-TAXONOMY,Unknown taxonomy rate,Consistency,High,0.0,0.01,<=,PASS,0,Marketing Operations
2026-04-02,RUN-20260402-CAMPAIGN_SPEND,CAMPAIGN_SPEND,DQ-FRESH,Freshness lag,Timeliness,High,107.0,240.0,<=,PASS,0,Marketing Operations
2026-04-02,RUN-20260402-CAMPAIGN_SPEND,CAMPAIGN_SPEND,DQ-RECON,Raw-to-dashboard variance,Reconciliation,Critical,0.001517,0.005,<=,PASS,0,Marketing Operations
2026-04-03,RUN-20260403-WEB_EVENTS,WEB_EVENTS,DQ-UNIQUE,Business key uniqueness,Uniqueness,Critical,0.0,0.0,<=,PASS,0,Web Analytics
2026-04-03,RUN-20260403-WEB_EVENTS,WEB_EVENTS,DQ-COMPLETE,Partition row coverage,Completeness,Critical,1.0,0.9,>=,PASS,0,Web Analytics
2026-04-03,RUN-20260403-WEB_EVENTS,WEB_EVENTS,DQ-VALID,Required type validity,Validity,High,0.0,0.0,<=,PASS,0,Web Analytics
2026-04-03,RUN-20260403-WEB_EVENTS,WEB_EVENTS,DQ-TAXONOMY,Unknown taxonomy rate,Consistency,High,0.0,0.01,<=,PASS,0,Web Analytics
2026-04-03,RUN-20260403-WEB_EVENTS,WEB_EVENTS,DQ-FRESH,Freshness lag,Timeliness,High,115.0,240.0,<=,PASS,0,Web Analytics
2026-04-03,RUN-20260403-WEB_EVENTS,WEB_EVENTS,DQ-RECON,Raw-to-dashboard variance,Reconciliation,Critical,0.001708,0.005,<=,PASS,0,Web Analytics
2026-04-03,RUN-20260403-CRM_LEADS,CRM_LEADS,DQ-UNIQUE,Business key uniqueness,Uniqueness,Critical,0.0,0.0,<=,PASS,0,Revenue Analytics
2026-04-03,RUN-20260403-CRM_LEADS,CRM_LEADS,DQ-COMPLETE,Partition row coverage,Completeness,Critical,1.0,0.9,>=,PASS,0,Revenue Analytics
2026-04-03,RUN-20260403-CRM_LEADS,CRM_LEADS,DQ-VALID,Required type validity,Validity,High,0.0,0.0,<=,PASS,0,Revenue Analytics
2026-04-03,RUN-20260403-CRM_LEADS,CRM_LEADS,DQ-TAXONOMY,Unknown taxonomy rate,Consistency,High,0.0,0.01,<=,PASS,0,Revenue Analytics
2026-04-03,RUN-20260403-CRM_LEADS,CRM_LEADS,DQ-FRESH,Freshness lag,Timeliness,High,154.0,240.0,<=,PASS,0,Revenue Analytics
2026-04-03,RUN-20260403-CRM_LEADS,CRM_LEADS,DQ-RECON,Raw-to-dashboard variance,Reconciliation,Critical,0.001956,0.005,<=,PASS,0,Revenue Analytics
2026-04-03,RUN-20260403-COMMERCE_ORDERS,COMMERCE_ORDERS,DQ-UNIQUE,Business key uniqueness,Uniqueness,Critical,0.0,0.0,<=,PASS,0,Analytics Engineering
2026-04-03,RUN-20260403-COMMERCE_ORDERS,COMMERCE_ORDERS,DQ-COMPLETE,Partition row coverage,Completeness,Critical,1.0,0.9,>=,PASS,0,Analytics Engineering
2026-04-03,RUN-20260403-COMMERCE_ORDERS,COMMERCE_ORDERS,DQ-VALID,Required type validity,Validity,High,0.0,0.0,<=,PASS,0,Analytics Engineering
2026-04-03,RUN-20260403-COMMERCE_ORDERS,COMMERCE_ORDERS,DQ-TAXONOMY,Unknown taxonomy rate,Consistency,High,0.0,0.01,<=,PASS,0,Analytics Engineering
2026-04-03,RUN-20260403-COMMERCE_ORDERS,COMMERCE_ORDERS,DQ-FRESH,Freshness lag,Timeliness,High,67.0,240.0,<=,PASS,0,Analytics Engineering
2026-04-03,RUN-20260403-COMMERCE_ORDERS,COMMERCE_ORDERS,DQ-RECON,Raw-to-dashboard variance,Reconciliation,Critical,0.000652,0.005,<=,PASS,0,Analytics Engineering
2026-04-03,RUN-20260403-CAMPAIGN_SPEND,CAMPAIGN_SPEND,DQ-UNIQUE,Business key uniqueness,Uniqueness,Critical,0.0,0.0,<=,PASS,0,Marketing Operations
2026-04-03,RUN-20260403-CAMPAIGN_SPEND,CAMPAIGN_SPEND,DQ-COMPLETE,Partition row coverage,Completeness,Critical,1.0,0.9,>=,PASS,0,Marketing Operations
2026-04-03,RUN-20260403-CAMPAIGN_SPEND,CAMPAIGN_SPEND,DQ-VALID,Required type validity,Validity,High,0.0,0.0,<=,PASS,0,Marketing Operations
2026-04-03,RUN-20260403-CAMPAIGN_SPEND,CAMPAIGN_SPEND,DQ-TAXONOMY,Unknown taxonomy rate,Consistency,High,0.0,0.01,<=,PASS,0,Marketing Operations
2026-04-03,RUN-20260403-CAMPAIGN_SPEND,CAMPAIGN_SPEND,DQ-FRESH,Freshness lag,Timeliness,High,125.0,240.0,<=,PASS,0,Marketing Operations
2026-04-03,RUN-20260403-CAMPAIGN_SPEND,CAMPAIGN_SPEND,DQ-RECON,Raw-to-dashboard variance,Reconciliation,Critical,0.002365,0.005,<=,PASS,0,Marketing Operations
2026-04-04,RUN-20260404-WEB_EVENTS,WEB_EVENTS,DQ-UNIQUE,Business key uniqueness,Uniqueness,Critical,0.0,0.0,<=,PASS,0,Web Analytics
2026-04-04,RUN-20260404-WEB_EVENTS,WEB_EVENTS,DQ-COMPLETE,Partition row coverage,Completeness,Critical,1.0,0.9,>=,PASS,0,Web Analytics
2026-04-04,RUN-20260404-WEB_EVENTS,WEB_EVENTS,DQ-VALID,Required type validity,Validity,High,0.0,0.0,<=,PASS,0,Web Analytics
2026-04-04,RUN-20260404-WEB_EVENTS,WEB_EVENTS,DQ-TAXONOMY,Unknown taxonomy rate,Consistency,High,0.0,0.01,<=,PASS,0,Web Analytics
2026-04-04,RUN-20260404-WEB_EVENTS,WEB_EVENTS,DQ-FRESH,Freshness lag,Timeliness,High,134.0,240.0,<=,PASS,0,Web Analytics
2026-04-04,RUN-20260404-WEB_EVENTS,WEB_EVENTS,DQ-RECON,Raw-to-dashboard variance,Reconciliation,Critical,0.001776,0.005,<=,PASS,0,Web Analytics
2026-04-04,RUN-20260404-CRM_LEADS,CRM_LEADS,DQ-UNIQUE,Business key uniqueness,Uniqueness,Critical,0.0,0.0,<=,PASS,0,Revenue Analytics
2026-04-04,RUN-20260404-CRM_LEADS,CRM_LEADS,DQ-COMPLETE,Partition row coverage,Completeness,Critical,1.0,0.9,>=,PASS,0,Revenue Analytics
2026-04-04,RUN-20260404-CRM_LEADS,CRM_LEADS,DQ-VALID,Required type validity,Validity,High,0.0,0.0,<=,PASS,0,Revenue Analytics
2026-04-04,RUN-20260404-CRM_LEADS,CRM_LEADS,DQ-TAXONOMY,Unknown taxonomy rate,Consistency,High,0.0,0.01,<=,PASS,0,Revenue Analytics
2026-04-04,RUN-20260404-CRM_LEADS,CRM_LEADS,DQ-FRESH,Freshness lag,Timeliness,High,147.0,240.0,<=,PASS,0,Revenue Analytics
2026-04-04,RUN-20260404-CRM_LEADS,CRM_LEADS,DQ-RECON,Raw-to-dashboard variance,Reconciliation,Critical,0.002644,0.005,<=,PASS,0,Revenue Analytics
2026-04-04,RUN-20260404-COMMERCE_ORDERS,COMMERCE_ORDERS,DQ-UNIQUE,Business key uniqueness,Uniqueness,Critical,0.0,0.0,<=,PASS,0,Analytics Engineering
2026-04-04,RUN-20260404-COMMERCE_ORDERS,COMMERCE_ORDERS,DQ-COMPLETE,Partition row coverage,Completeness,Critical,1.0,0.9,>=,PASS,0,Analytics Engineering
2026-04-04,RUN-20260404-COMMERCE_ORDERS,COMMERCE_ORDERS,DQ-VALID,Required type validity,Validity,High,0.0,0.0,<=,PASS,0,Analytics Engineering
2026-04-04,RUN-20260404-COMMERCE_ORDERS,COMMERCE_ORDERS,DQ-TAXONOMY,Unknown taxonomy rate,Consistency,High,0.0,0.01,<=,PASS,0,Analytics Engineering
2026-04-04,RUN-20260404-COMMERCE_ORDERS,COMMERCE_ORDERS,DQ-FRESH,Freshness lag,Timeliness,High,102.0,240.0,<=,PASS,0,Analytics Engineering
2026-04-04,RUN-20260404-COMMERCE_ORDERS,COMMERCE_ORDERS,DQ-RECON,Raw-to-dashboard variance,Reconciliation,Critical,0.002915,0.005,<=,PASS,0,Analytics Engineering
2026-04-04,RUN-20260404-CAMPAIGN_SPEND,CAMPAIGN_SPEND,DQ-UNIQUE,Business key uniqueness,Uniqueness,Critical,0.0,0.0,<=,PASS,0,Marketing Operations
2026-04-04,RUN-20260404-CAMPAIGN_SPEND,CAMPAIGN_SPEND,DQ-COMPLETE,Partition row coverage,Completeness,Critical,1.0,0.9,>=,PASS,0,Marketing Operations
2026-04-04,RUN-20260404-CAMPAIGN_SPEND,CAMPAIGN_SPEND,DQ-VALID,Required type validity,Validity,High,0.0,0.0,<=,PASS,0,Marketing Operations
2026-04-04,RUN-20260404-CAMPAIGN_SPEND,CAMPAIGN_SPEND,DQ-TAXONOMY,Unknown taxonomy rate,Consistency,High,0.0,0.01,<=,PASS,0,Marketing Operations
2026-04-04,RUN-20260404-CAMPAIGN_SPEND,CAMPAIGN_SPEND,DQ-FRESH,Freshness lag,Timeliness,High,174.0,240.0,<=,PASS,0,Marketing Operations
2026-04-04,RUN-20260404-CAMPAIGN_SPEND,CAMPAIGN_SPEND,DQ-RECON,Raw-to-dashboard variance,Reconciliation,Critical,0.002472,0.005,<=,PASS,0,Marketing Operations
2026-04-05,RUN-20260405-WEB_EVENTS,WEB_EVENTS,DQ-UNIQUE,Business key uniqueness,Uniqueness,Critical,0.0,0.0,<=,PASS,0,Web Analytics
2026-04-05,RUN-20260405-WEB_EVENTS,WEB_EVENTS,DQ-COMPLETE,Partition row coverage,Completeness,Critical,1.0,0.9,>=,PASS,0,Web Analytics
2026-04-05,RUN-20260405-WEB_EVENTS,WEB_EVENTS,DQ-VALID,Required type validity,Validity,High,0.0,0.0,<=,PASS,0,Web Analytics
2026-04-05,RUN-20260405-WEB_EVENTS,WEB_EVENTS,DQ-TAXONOMY,Unknown taxonomy rate,Consistency,High,0.0,0.01,<=,PASS,0,Web Analytics
2026-04-05,RUN-20260405-WEB_EVENTS,WEB_EVENTS,DQ-FRESH,Freshness lag,Timeliness,High,143.0,240.0,<=,PASS,0,Web Analytics
2026-04-05,RUN-20260405-WEB_EVENTS,WEB_EVENTS,DQ-RECON,Raw-to-dashboard variance,Reconciliation,Critical,0.001417,0.005,<=,PASS,0,Web Analytics
2026-04-05,RUN-20260405-CRM_LEADS,CRM_LEADS,DQ-UNIQUE,Business key uniqueness,Uniqueness,Critical,0.0,0.0,<=,PASS,0,Revenue Analytics
2026-04-05,RUN-20260405-CRM_LEADS,CRM_LEADS,DQ-COMPLETE,Partition row coverage,Completeness,Critical,1.0,0.9,>=,PASS,0,Revenue Analytics
2026-04-05,RUN-20260405-CRM_LEADS,CRM_LEADS,DQ-VALID,Required type validity,Validity,High,0.0,0.0,<=,PASS,0,Revenue Analytics
2026-04-05,RUN-20260405-CRM_LEADS,CRM_LEADS,DQ-TAXONOMY,Unknown taxonomy rate,Consistency,High,0.0,0.01,<=,PASS,0,Revenue Analytics
2026-04-05,RUN-20260405-CRM_LEADS,CRM_LEADS,DQ-FRESH,Freshness lag,Timeliness,High,107.0,240.0,<=,PASS,0,Revenue Analytics
2026-04-05,RUN-20260405-CRM_LEADS,CRM_LEADS,DQ-RECON,Raw-to-dashboard variance,Reconciliation,Critical,0.00215,0.005,<=,PASS,0,Revenue Analytics
2026-04-05,RUN-20260405-COMMERCE_ORDERS,COMMERCE_ORDERS,DQ-UNIQUE,Business key uniqueness,Uniqueness,Critical,0.0,0.0,<=,PASS,0,Analytics Engineering
2026-04-05,RUN-20260405-COMMERCE_ORDERS,COMMERCE_ORDERS,DQ-COMPLETE,Partition row coverage,Completeness,Critical,1.0,0.9,>=,PASS,0,Analytics Engineering
2026-04-05,RUN-20260405-COMMERCE_ORDERS,COMMERCE_ORDERS,DQ-VALID,Required type validity,Validity,High,0.0,0.0,<=,PASS,0,Analytics Engineering
2026-04-05,RUN-20260405-COMMERCE_ORDERS,COMMERCE_ORDERS,DQ-TAXONOMY,Unknown taxonomy rate,Consistency,High,0.0,0.01,<=,PASS,0,Analytics Engineering
2026-04-05,RUN-20260405-COMMERCE_ORDERS,COMMERCE_ORDERS,DQ-FRESH,Freshness lag,Timeliness,High,145.0,240.0,<=,PASS,0,Analytics Engineering
2026-04-05,RUN-20260405-COMMERCE_ORDERS,COMMERCE_ORDERS,DQ-RECON,Raw-to-dashboard variance,Reconciliation,Critical,0.002765,0.005,<=,PASS,0,Analytics Engineering
2026-04-05,RUN-20260405-CAMPAIGN_SPEND,CAMPAIGN_SPEND,DQ-UNIQUE,Business key uniqueness,Uniqueness,Critical,0.0,0.0,<=,PASS,0,Marketing Operations
2026-04-05,RUN-20260405-CAMPAIGN_SPEND,CAMPAIGN_SPEND,DQ-COMPLETE,Partition row coverage,Completeness,Critical,1.0,0.9,>=,PASS,0,Marketing Operations
2026-04-05,RUN-20260405-CAMPAIGN_SPEND,CAMPAIGN_SPEND,DQ-VALID,Required type validity,Validity,High,0.0,0.0,<=,PASS,0,Marketing Operations
2026-04-05,RUN-20260405-CAMPAIGN_SPEND,CAMPAIGN_SPEND,DQ-TAXONOMY,Unknown taxonomy rate,Consistency,High,0.0,0.01,<=,PASS,0,Marketing Operations
2026-04-05,RUN-20260405-CAMPAIGN_SPEND,CAMPAIGN_SPEND,DQ-FRESH,Freshness lag,Timeliness,High,83.0,240.0,<=,PASS,0,Marketing Operations
2026-04-05,RUN-20260405-CAMPAIGN_SPEND,CAMPAIGN_SPEND,DQ-RECON,Raw-to-dashboard variance,Reconciliation,Critical,0.001048,0.005,<=,PASS,0,Marketing Operations
2026-04-06,RUN-20260406-WEB_EVENTS,WEB_EVENTS,DQ-UNIQUE,Business key uniqueness,Uniqueness,Critical,0.0,0.0,<=,PASS,0,Web Analytics
2026-04-06,RUN-20260406-WEB_EVENTS,WEB_EVENTS,DQ-COMPLETE,Partition row coverage,Completeness,Critical,1.0,0.9,>=,PASS,0,Web Analytics
2026-04-06,RUN-20260406-WEB_EVENTS,WEB_EVENTS,DQ-VALID,Required type validity,Validity,High,0.0,0.0,<=,PASS,0,Web Analytics
2026-04-06,RUN-20260406-WEB_EVENTS,WEB_EVENTS,DQ-TAXONOMY,Unknown taxonomy rate,Consistency,High,0.0,0.01,<=,PASS,0,Web Analytics
2026-04-06,RUN-20260406-WEB_EVENTS,WEB_EVENTS,DQ-FRESH,Freshness lag,Timeliness,High,85.0,240.0,<=,PASS,0,Web Analytics
2026-04-06,RUN-20260406-WEB_EVENTS,WEB_EVENTS,DQ-RECON,Raw-to-dashboard variance,Reconciliation,Critical,0.003033,0.005,<=,PASS,0,Web Analytics
2026-04-06,RUN-20260406-CRM_LEADS,CRM_LEADS,DQ-UNIQUE,Business key uniqueness,Uniqueness,Critical,0.0,0.0,<=,PASS,0,Revenue Analytics
2026-04-06,RUN-20260406-CRM_LEADS,CRM_LEADS,DQ-COMPLETE,Partition row coverage,Completeness,Critical,1.0,0.9,>=,PASS,0,Revenue Analytics
2026-04-06,RUN-20260406-CRM_LEADS,CRM_LEADS,DQ-VALID,Required type validity,Validity,High,0.0,0.0,<=,PASS,0,Revenue Analytics
2026-04-06,RUN-20260406-CRM_LEADS,CRM_LEADS,DQ-TAXONOMY,Unknown taxonomy rate,Consistency,High,0.0,0.01,<=,PASS,0,Revenue Analytics
2026-04-06,RUN-20260406-CRM_LEADS,CRM_LEADS,DQ-FRESH,Freshness lag,Timeliness,High,88.0,240.0,<=,PASS,0,Revenue Analytics
2026-04-06,RUN-20260406-CRM_LEADS,CRM_LEADS,DQ-RECON,Raw-to-dashboard variance,Reconciliation,Critical,0.001378,0.005,<=,PASS,0,Revenue Analytics
2026-04-06,RUN-20260406-COMMERCE_ORDERS,COMMERCE_ORDERS,DQ-UNIQUE,Business key uniqueness,Uniqueness,Critical,0.0,0.0,<=,PASS,0,Analytics Engineering
2026-04-06,RUN-20260406-COMMERCE_ORDERS,COMMERCE_ORDERS,DQ-COMPLETE,Partition row coverage,Completeness,Critical,1.0,0.9,>=,PASS,0,Analytics Engineering
2026-04-06,RUN-20260406-COMMERCE_ORDERS,COMMERCE_ORDERS,DQ-VALID,Required type validity,Validity,High,0.0,0.0,<=,PASS,0,Analytics Engineering
2026-04-06,RUN-20260406-COMMERCE_ORDERS,COMMERCE_ORDERS,DQ-TAXONOMY,Unknown taxonomy rate,Consistency,High,0.0,0.01,<=,PASS,0,Analytics Engineering
2026-04-06,RUN-20260406-COMMERCE_ORDERS,COMMERCE_ORDERS,DQ-FRESH,Freshness lag,Timeliness,High,174.0,240.0,<=,PASS,0,Analytics Engineering
2026-04-06,RUN-20260406-COMMERCE_ORDERS,COMMERCE_ORDERS,DQ-RECON,Raw-to-dashboard variance,Reconciliation,Critical,0.000453,0.005,<=,PASS,0,Analytics Engineering
2026-04-06,RUN-20260406-CAMPAIGN_SPEND,CAMPAIGN_SPEND,DQ-UNIQUE,Business key uniqueness,Uniqueness,Critical,0.0,0.0,<=,PASS,0,Marketing Operations
2026-04-06,RUN-20260406-CAMPAIGN_SPEND,CAMPAIGN_SPEND,DQ-COMPLETE,Partition row coverage,Completeness,Critical,1.0,0.9,>=,PASS,0,Marketing Operations
2026-04-06,RUN-20260406-CAMPAIGN_SPEND,CAMPAIGN_SPEND,DQ-VALID,Required type validity,Validity,High,0.0,0.0,<=,PASS,0,Marketing Operations
2026-04-06,RUN-20260406-CAMPAIGN_SPEND,CAMPAIGN_SPEND,DQ-TAXONOMY,Unknown taxonomy rate,Consistency,High,0.0,0.01,<=,PASS,0,Marketing Operations
2026-04-06,RUN-20260406-CAMPAIGN_SPEND,CAMPAIGN_SPEND,DQ-FRESH,Freshness lag,Timeliness,High,130.0,240.0,<=,PASS,0,Marketing Operations
2026-04-06,RUN-20260406-CAMPAIGN_SPEND,CAMPAIGN_SPEND,DQ-RECON,Raw-to-dashboard variance,Reconciliation,Critical,0.002447,0.005,<=,PASS,0,Marketing Operations
2026-04-07,RUN-20260407-WEB_EVENTS,WEB_EVENTS,DQ-UNIQUE,Business key uniqueness,Uniqueness,Critical,0.0,0.0,<=,PASS,0,Web Analytics
2026-04-07,RUN-20260407-WEB_EVENTS,WEB_EVENTS,DQ-COMPLETE,Partition row coverage,Completeness,Critical,1.0,0.9,>=,PASS,0,Web Analytics
2026-04-07,RUN-20260407-WEB_EVENTS,WEB_EVENTS,DQ-VALID,Required type validity,Validity,High,0.0,0.0,<=,PASS,0,Web Analytics
2026-04-07,RUN-20260407-WEB_EVENTS,WEB_EVENTS,DQ-TAXONOMY,Unknown taxonomy rate,Consistency,High,0.0,0.01,<=,PASS,0,Web Analytics
2026-04-07,RUN-20260407-WEB_EVENTS,WEB_EVENTS,DQ-FRESH,Freshness lag,Timeliness,High,178.0,240.0,<=,PASS,0,Web Analytics
2026-04-07,RUN-20260407-WEB_EVENTS,WEB_EVENTS,DQ-RECON,Raw-to-dashboard variance,Reconciliation,Critical,0.002694,0.005,<=,PASS,0,Web Analytics
2026-04-07,RUN-20260407-CRM_LEADS,CRM_LEADS,DQ-UNIQUE,Business key uniqueness,Uniqueness,Critical,0.0,0.0,<=,PASS,0,Revenue Analytics
2026-04-07,RUN-20260407-CRM_LEADS,CRM_LEADS,DQ-COMPLETE,Partition row coverage,Completeness,Critical,1.0,0.9,>=,PASS,0,Revenue Analytics
2026-04-07,RUN-20260407-CRM_LEADS,CRM_LEADS,DQ-VALID,Required type validity,Validity,High,0.0,0.0,<=,PASS,0,Revenue Analytics
2026-04-07,RUN-20260407-CRM_LEADS,CRM_LEADS,DQ-TAXONOMY,Unknown taxonomy rate,Consistency,High,0.0,0.01,<=,PASS,0,Revenue Analytics
2026-04-07,RUN-20260407-CRM_LEADS,CRM_LEADS,DQ-FRESH,Freshness lag,Timeliness,High,89.0,240.0,<=,PASS,0,Revenue Analytics
2026-04-07,RUN-20260407-CRM_LEADS,CRM_LEADS,DQ-RECON,Raw-to-dashboard variance,Reconciliation,Critical,0.001223,0.005,<=,PASS,0,Revenue Analytics
2026-04-07,RUN-20260407-COMMERCE_ORDERS,COMMERCE_ORDERS,DQ-UNIQUE,Business key uniqueness,Uniqueness,Critical,0.0,0.0,<=,PASS,0,Analytics Engineering
2026-04-07,RUN-20260407-COMMERCE_ORDERS,COMMERCE_ORDERS,DQ-COMPLETE,Partition row coverage,Completeness,Critical,1.0,0.9,>=,PASS,0,Analytics Engineering
2026-04-07,RUN-20260407-COMMERCE_ORDERS,COMMERCE_ORDERS,DQ-VALID,Required type validity,Validity,High,0.0,0.0,<=,PASS,0,Analytics Engineering
2026-04-07,RUN-20260407-COMMERCE_ORDERS,COMMERCE_ORDERS,DQ-TAXONOMY,Unknown taxonomy rate,Consistency,High,0.0,0.01,<=,PASS,0,Analytics Engineering
2026-04-07,RUN-20260407-COMMERCE_ORDERS,COMMERCE_ORDERS,DQ-FRESH,Freshness lag,Timeliness,High,142.0,240.0,<=,PASS,0,Analytics Engineering
2026-04-07,RUN-20260407-COMMERCE_ORDERS,COMMERCE_ORDERS,DQ-RECON,Raw-to-dashboard variance,Reconciliation,Critical,0.002166,0.005,<=,PASS,0,Analytics Engineering
2026-04-07,RUN-20260407-CAMPAIGN_SPEND,CAMPAIGN_SPEND,DQ-UNIQUE,Business key uniqueness,Uniqueness,Critical,0.0,0.0,<=,PASS,0,Marketing Operations
2026-04-07,RUN-20260407-CAMPAIGN_SPEND,CAMPAIGN_SPEND,DQ-COMPLETE,Partition row coverage,Completeness,Critical,1.0,0.9,>=,PASS,0,Marketing Operations
2026-04-07,RUN-20260407-CAMPAIGN_SPEND,CAMPAIGN_SPEND,DQ-VALID,Required type validity,Validity,High,0.0,0.0,<=,PASS,0,Marketing Operations
2026-04-07,RUN-20260407-CAMPAIGN_SPEND,CAMPAIGN_SPEND,DQ-TAXONOMY,Unknown taxonomy rate,Consistency,High,0.0,0.01,<=,PASS,0,Marketing Operations
2026-04-07,RUN-20260407-CAMPAIGN_SPEND,CAMPAIGN_SPEND,DQ-FRESH,Freshness lag,Timeliness,High,176.0,240.0,<=,PASS,0,Marketing Operations
2026-04-07,RUN-20260407-CAMPAIGN_SPEND,CAMPAIGN_SPEND,DQ-RECON,Raw-to-dashboard variance,Reconciliation,Critical,0.000705,0.005,<=,PASS,0,Marketing Operations
2026-04-08,RUN-20260408-WEB_EVENTS,WEB_EVENTS,DQ-UNIQUE,Business key uniqueness,Uniqueness,Critical,0.0,0.0,<=,PASS,0,Web Analytics
2026-04-08,RUN-20260408-WEB_EVENTS,WEB_EVENTS,DQ-COMPLETE,Partition row coverage,Completeness,Critical,1.0,0.9,>=,PASS,0,Web Analytics
2026-04-08,RUN-20260408-WEB_EVENTS,WEB_EVENTS,DQ-VALID,Required type validity,Validity,High,0.0,0.0,<=,PASS,0,Web Analytics
2026-04-08,RUN-20260408-WEB_EVENTS,WEB_EVENTS,DQ-TAXONOMY,Unknown taxonomy rate,Consistency,High,0.0,0.01,<=,PASS,0,Web Analytics
2026-04-08,RUN-20260408-WEB_EVENTS,WEB_EVENTS,DQ-FRESH,Freshness lag,Timeliness,High,73.0,240.0,<=,PASS,0,Web Analytics
2026-04-08,RUN-20260408-WEB_EVENTS,WEB_EVENTS,DQ-RECON,Raw-to-dashboard variance,Reconciliation,Critical,0.000407,0.005,<=,PASS,0,Web Analytics
2026-04-08,RUN-20260408-CRM_LEADS,CRM_LEADS,DQ-UNIQUE,Business key uniqueness,Uniqueness,Critical,0.0,0.0,<=,PASS,0,Revenue Analytics
2026-04-08,RUN-20260408-CRM_LEADS,CRM_LEADS,DQ-COMPLETE,Partition row coverage,Completeness,Critical,1.0,0.9,>=,PASS,0,Revenue Analytics
2026-04-08,RUN-20260408-CRM_LEADS,CRM_LEADS,DQ-VALID,Required type validity,Validity,High,0.0,0.0,<=,PASS,0,Revenue Analytics
2026-04-08,RUN-20260408-CRM_LEADS,CRM_LEADS,DQ-TAXONOMY,Unknown taxonomy rate,Consistency,High,0.0,0.01,<=,PASS,0,Revenue Analytics
2026-04-08,RUN-20260408-CRM_LEADS,CRM_LEADS,DQ-FRESH,Freshness lag,Timeliness,High,128.0,240.0,<=,PASS,0,Revenue Analytics
2026-04-08,RUN-20260408-CRM_LEADS,CRM_LEADS,DQ-RECON,Raw-to-dashboard variance,Reconciliation,Critical,0.002684,0.005,<=,PASS,0,Revenue Analytics
2026-04-08,RUN-20260408-COMMERCE_ORDERS,COMMERCE_ORDERS,DQ-UNIQUE,Business key uniqueness,Uniqueness,Critical,0.0,0.0,<=,PASS,0,Analytics Engineering
2026-04-08,RUN-20260408-COMMERCE_ORDERS,COMMERCE_ORDERS,DQ-COMPLETE,Partition row coverage,Completeness,Critical,1.0,0.9,>=,PASS,0,Analytics Engineering
2026-04-08,RUN-20260408-COMMERCE_ORDERS,COMMERCE_ORDERS,DQ-VALID,Required type validity,Validity,High,0.0,0.0,<=,PASS,0,Analytics Engineering
2026-04-08,RUN-20260408-COMMERCE_ORDERS,COMMERCE_ORDERS,DQ-TAXONOMY,Unknown taxonomy rate,Consistency,High,0.0,0.01,<=,PASS,0,Analytics Engineering
2026-04-08,RUN-20260408-COMMERCE_ORDERS,COMMERCE_ORDERS,DQ-FRESH,Freshness lag,Timeliness,High,145.0,240.0,<=,PASS,0,Analytics Engineering
2026-04-08,RUN-20260408-COMMERCE_ORDERS,COMMERCE_ORDERS,DQ-RECON,Raw-to-dashboard variance,Reconciliation,Critical,0.000625,0.005,<=,PASS,0,Analytics Engineering
2026-04-08,RUN-20260408-CAMPAIGN_SPEND,CAMPAIGN_SPEND,DQ-UNIQUE,Business key uniqueness,Uniqueness,Critical,0.0,0.0,<=,PASS,0,Marketing Operations
2026-04-08,RUN-20260408-CAMPAIGN_SPEND,CAMPAIGN_SPEND,DQ-COMPLETE,Partition row coverage,Completeness,Critical,1.0,0.9,>=,PASS,0,Marketing Operations
2026-04-08,RUN-20260408-CAMPAIGN_SPEND,CAMPAIGN_SPEND,DQ-VALID,Required type validity,Validity,High,0.0,0.0,<=,PASS,0,Marketing Operations
2026-04-08,RUN-20260408-CAMPAIGN_SPEND,CAMPAIGN_SPEND,DQ-TAXONOMY,Unknown taxonomy rate,Consistency,High,0.0,0.01,<=,PASS,0,Marketing Operations
2026-04-08,RUN-20260408-CAMPAIGN_SPEND,CAMPAIGN_SPEND,DQ-FRESH,Freshness lag,Timeliness,High,86.0,240.0,<=,PASS,0,Marketing Operations
2026-04-08,RUN-20260408-CAMPAIGN_SPEND,CAMPAIGN_SPEND,DQ-RECON,Raw-to-dashboard variance,Reconciliation,Critical,0.002223,0.005,<=,PASS,0,Marketing Operations
2026-04-09,RUN-20260409-WEB_EVENTS,WEB_EVENTS,DQ-UNIQUE,Business key uniqueness,Uniqueness,Critical,0.0,0.0,<=,PASS,0,Web Analytics
2026-04-09,RUN-20260409-WEB_EVENTS,WEB_EVENTS,DQ-COMPLETE,Partition row coverage,Completeness,Critical,1.0,0.9,>=,PASS,0,Web Analytics
2026-04-09,RUN-20260409-WEB_EVENTS,WEB_EVENTS,DQ-VALID,Required type validity,Validity,High,0.0,0.0,<=,PASS,0,Web Analytics
2026-04-09,RUN-20260409-WEB_EVENTS,WEB_EVENTS,DQ-TAXONOMY,Unknown taxonomy rate,Consistency,High,0.0,0.01,<=,PASS,0,Web Analytics
2026-04-09,RUN-20260409-WEB_EVENTS,WEB_EVENTS,DQ-FRESH,Freshness lag,Timeliness,High,114.0,240.0,<=,PASS,0,Web Analytics
2026-04-09,RUN-20260409-WEB_EVENTS,WEB_EVENTS,DQ-RECON,Raw-to-dashboard variance,Reconciliation,Critical,0.000526,0.005,<=,PASS,0,Web Analytics
2026-04-09,RUN-20260409-CRM_LEADS,CRM_LEADS,DQ-UNIQUE,Business key uniqueness,Uniqueness,Critical,0.0,0.0,<=,PASS,0,Revenue Analytics
2026-04-09,RUN-20260409-CRM_LEADS,CRM_LEADS,DQ-COMPLETE,Partition row coverage,Completeness,Critical,1.0,0.9,>=,PASS,0,Revenue Analytics
2026-04-09,RUN-20260409-CRM_LEADS,CRM_LEADS,DQ-VALID,Required type validity,Validity,High,0.0,0.0,<=,PASS,0,Revenue Analytics
2026-04-09,RUN-20260409-CRM_LEADS,CRM_LEADS,DQ-TAXONOMY,Unknown taxonomy rate,Consistency,High,0.0,0.01,<=,PASS,0,Revenue Analytics
2026-04-09,RUN-20260409-CRM_LEADS,CRM_LEADS,DQ-FRESH,Freshness lag,Timeliness,High,150.0,240.0,<=,PASS,0,Revenue Analytics
2026-04-09,RUN-20260409-CRM_LEADS,CRM_LEADS,DQ-RECON,Raw-to-dashboard variance,Reconciliation,Critical,0.002029,0.005,<=,PASS,0,Revenue Analytics
2026-04-09,RUN-20260409-COMMERCE_ORDERS,COMMERCE_ORDERS,DQ-UNIQUE,Business key uniqueness,Uniqueness,Critical,0.0,0.0,<=,PASS,0,Analytics Engineering
2026-04-09,RUN-20260409-COMMERCE_ORDERS,COMMERCE_ORDERS,DQ-COMPLETE,Partition row coverage,Completeness,Critical,1.0,0.9,>=,PASS,0,Analytics Engineering
2026-04-09,RUN-20260409-COMMERCE_ORDERS,COMMERCE_ORDERS,DQ-VALID,Required type validity,Validity,High,0.0,0.0,<=,PASS,0,Analytics Engineering
2026-04-09,RUN-20260409-COMMERCE_ORDERS,COMMERCE_ORDERS,DQ-TAXONOMY,Unknown taxonomy rate,Consistency,High,0.0,0.01,<=,PASS,0,Analytics Engineering
2026-04-09,RUN-20260409-COMMERCE_ORDERS,COMMERCE_ORDERS,DQ-FRESH,Freshness lag,Timeliness,High,103.0,240.0,<=,PASS,0,Analytics Engineering
2026-04-09,RUN-20260409-COMMERCE_ORDERS,COMMERCE_ORDERS,DQ-RECON,Raw-to-dashboard variance,Reconciliation,Critical,0.000791,0.005,<=,PASS,0,Analytics Engineering
2026-04-09,RUN-20260409-CAMPAIGN_SPEND,CAMPAIGN_SPEND,DQ-UNIQUE,Business key uniqueness,Uniqueness,Critical,0.0,0.0,<=,PASS,0,Marketing Operations
2026-04-09,RUN-20260409-CAMPAIGN_SPEND,CAMPAIGN_SPEND,DQ-COMPLETE,Partition row coverage,Completeness,Critical,1.0,0.9,>=,PASS,0,Marketing Operations
2026-04-09,RUN-20260409-CAMPAIGN_SPEND,CAMPAIGN_SPEND,DQ-VALID,Required type validity,Validity,High,0.0,0.0,<=,PASS,0,Marketing Operations
2026-04-09,RUN-20260409-CAMPAIGN_SPEND,CAMPAIGN_SPEND,DQ-TAXONOMY,Unknown taxonomy rate,Consistency,High,0.0,0.01,<=,PASS,0,Marketing Operations
2026-04-09,RUN-20260409-CAMPAIGN_SPEND,CAMPAIGN_SPEND,DQ-FRESH,Freshness lag,Timeliness,High,143.0,240.0,<=,PASS,0,Marketing Operations
2026-04-09,RUN-20260409-CAMPAIGN_SPEND,CAMPAIGN_SPEND,DQ-RECON,Raw-to-dashboard variance,Reconciliation,Critical,0.002083,0.005,<=,PASS,0,Marketing Operations
2026-04-10,RUN-20260410-WEB_EVENTS,WEB_EVENTS,DQ-UNIQUE,Business key uniqueness,Uniqueness,Critical,0.0,0.0,<=,PASS,0,Web Analytics
2026-04-10,RUN-20260410-WEB_EVENTS,WEB_EVENTS,DQ-COMPLETE,Partition row coverage,Completeness,Critical,1.0,0.9,>=,PASS,0,Web Analytics
2026-04-10,RUN-20260410-WEB_EVENTS,WEB_EVENTS,DQ-VALID,Required type validity,Validity,High,0.0,0.0,<=,PASS,0,Web Analytics
2026-04-10,RUN-20260410-WEB_EVENTS,WEB_EVENTS,DQ-TAXONOMY,Unknown taxonomy rate,Consistency,High,0.0,0.01,<=,PASS,0,Web Analytics
2026-04-10,RUN-20260410-WEB_EVENTS,WEB_EVENTS,DQ-FRESH,Freshness lag,Timeliness,High,103.0,240.0,<=,PASS,0,Web Analytics
2026-04-10,RUN-20260410-WEB_EVENTS,WEB_EVENTS,DQ-RECON,Raw-to-dashboard variance,Reconciliation,Critical,0.002562,0.005,<=,PASS,0,Web Analytics
2026-04-10,RUN-20260410-CRM_LEADS,CRM_LEADS,DQ-UNIQUE,Business key uniqueness,Uniqueness,Critical,0.0,0.0,<=,PASS,0,Revenue Analytics
2026-04-10,RUN-20260410-CRM_LEADS,CRM_LEADS,DQ-COMPLETE,Partition row coverage,Completeness,Critical,1.0,0.9,>=,PASS,0,Revenue Analytics
2026-04-10,RUN-20260410-CRM_LEADS,CRM_LEADS,DQ-VALID,Required type validity,Validity,High,0.0,0.0,<=,PASS,0,Revenue Analytics
2026-04-10,RUN-20260410-CRM_LEADS,CRM_LEADS,DQ-TAXONOMY,Unknown taxonomy rate,Consistency,High,0.0,0.01,<=,PASS,0,Revenue Analytics
2026-04-10,RUN-20260410-CRM_LEADS,CRM_LEADS,DQ-FRESH,Freshness lag,Timeliness,High,95.0,240.0,<=,PASS,0,Revenue Analytics
2026-04-10,RUN-20260410-CRM_LEADS,CRM_LEADS,DQ-RECON,Raw-to-dashboard variance,Reconciliation,Critical,0.003023,0.005,<=,PASS,0,Revenue Analytics
2026-04-10,RUN-20260410-COMMERCE_ORDERS,COMMERCE_ORDERS,DQ-UNIQUE,Business key uniqueness,Uniqueness,Critical,0.0,0.0,<=,PASS,0,Analytics Engineering
2026-04-10,RUN-20260410-COMMERCE_ORDERS,COMMERCE_ORDERS,DQ-COMPLETE,Partition row coverage,Completeness,Critical,1.0,0.9,>=,PASS,0,Analytics Engineering
2026-04-10,RUN-20260410-COMMERCE_ORDERS,COMMERCE_ORDERS,DQ-VALID,Required type validity,Validity,High,0.0,0.0,<=,PASS,0,Analytics Engineering
2026-04-10,RUN-20260410-COMMERCE_ORDERS,COMMERCE_ORDERS,DQ-TAXONOMY,Unknown taxonomy rate,Consistency,High,0.0,0.01,<=,PASS,0,Analytics Engineering
2026-04-10,RUN-20260410-COMMERCE_ORDERS,COMMERCE_ORDERS,DQ-FRESH,Freshness lag,Timeliness,High,86.0,240.0,<=,PASS,0,Analytics Engineering
2026-04-10,RUN-20260410-COMMERCE_ORDERS,COMMERCE_ORDERS,DQ-RECON,Raw-to-dashboard variance,Reconciliation,Critical,0.00103,0.005,<=,PASS,0,Analytics Engineering
2026-04-10,RUN-20260410-CAMPAIGN_SPEND,CAMPAIGN_SPEND,DQ-UNIQUE,Business key uniqueness,Uniqueness,Critical,0.0,0.0,<=,PASS,0,Marketing Operations
2026-04-10,RUN-20260410-CAMPAIGN_SPEND,CAMPAIGN_SPEND,DQ-COMPLETE,Partition row coverage,Completeness,Critical,1.0,0.9,>=,PASS,0,Marketing Operations
2026-04-10,RUN-20260410-CAMPAIGN_SPEND,CAMPAIGN_SPEND,DQ-VALID,Required type validity,Validity,High,0.0,0.0,<=,PASS,0,Marketing Operations
2026-04-10,RUN-20260410-CAMPAIGN_SPEND,CAMPAIGN_SPEND,DQ-TAXONOMY,Unknown taxonomy rate,Consistency,High,0.0,0.01,<=,PASS,0,Marketing Operations
2026-04-10,RUN-20260410-CAMPAIGN_SPEND,CAMPAIGN_SPEND,DQ-FRESH,Freshness lag,Timeliness,High,91.0,240.0,<=,PASS,0,Marketing Operations
2026-04-10,RUN-20260410-CAMPAIGN_SPEND,CAMPAIGN_SPEND,DQ-RECON,Raw-to-dashboard variance,Reconciliation,Critical,0.003147,0.005,<=,PASS,0,Marketing Operations
2026-04-11,RUN-20260411-WEB_EVENTS,WEB_EVENTS,DQ-UNIQUE,Business key uniqueness,Uniqueness,Critical,0.0,0.0,<=,PASS,0,Web Analytics
2026-04-11,RUN-20260411-WEB_EVENTS,WEB_EVENTS,DQ-COMPLETE,Partition row coverage,Completeness,Critical,1.0,0.9,>=,PASS,0,Web Analytics
2026-04-11,RUN-20260411-WEB_EVENTS,WEB_EVENTS,DQ-VALID,Required type validity,Validity,High,0.0,0.0,<=,PASS,0,Web Analytics
2026-04-11,RUN-20260411-WEB_EVENTS,WEB_EVENTS,DQ-TAXONOMY,Unknown taxonomy rate,Consistency,High,0.0,0.01,<=,PASS,0,Web Analytics
2026-04-11,RUN-20260411-WEB_EVENTS,WEB_EVENTS,DQ-FRESH,Freshness lag,Timeliness,High,71.0,240.0,<=,PASS,0,Web Analytics
2026-04-11,RUN-20260411-WEB_EVENTS,WEB_EVENTS,DQ-RECON,Raw-to-dashboard variance,Reconciliation,Critical,0.002041,0.005,<=,PASS,0,Web Analytics
2026-04-11,RUN-20260411-CRM_LEADS,CRM_LEADS,DQ-UNIQUE,Business key uniqueness,Uniqueness,Critical,0.0,0.0,<=,PASS,0,Revenue Analytics
2026-04-11,RUN-20260411-CRM_LEADS,CRM_LEADS,DQ-COMPLETE,Partition row coverage,Completeness,Critical,1.0,0.9,>=,PASS,0,Revenue Analytics
2026-04-11,RUN-20260411-CRM_LEADS,CRM_LEADS,DQ-VALID,Required type validity,Validity,High,0.0,0.0,<=,PASS,0,Revenue Analytics
2026-04-11,RUN-20260411-CRM_LEADS,CRM_LEADS,DQ-TAXONOMY,Unknown taxonomy rate,Consistency,High,0.0,0.01,<=,PASS,0,Revenue Analytics
2026-04-11,RUN-20260411-CRM_LEADS,CRM_LEADS,DQ-FRESH,Freshness lag,Timeliness,High,100.0,240.0,<=,PASS,0,Revenue Analytics
2026-04-11,RUN-20260411-CRM_LEADS,CRM_LEADS,DQ-RECON,Raw-to-dashboard variance,Reconciliation,Critical,0.001594,0.005,<=,PASS,0,Revenue Analytics
2026-04-11,RUN-20260411-COMMERCE_ORDERS,COMMERCE_ORDERS,DQ-UNIQUE,Business key uniqueness,Uniqueness,Critical,0.0,0.0,<=,PASS,0,Analytics Engineering
2026-04-11,RUN-20260411-COMMERCE_ORDERS,COMMERCE_ORDERS,DQ-COMPLETE,Partition row coverage,Completeness,Critical,1.0,0.9,>=,PASS,0,Analytics Engineering
2026-04-11,RUN-20260411-COMMERCE_ORDERS,COMMERCE_ORDERS,DQ-VALID,Required type validity,Validity,High,0.0,0.0,<=,PASS,0,Analytics Engineering
2026-04-11,RUN-20260411-COMMERCE_ORDERS,COMMERCE_ORDERS,DQ-TAXONOMY,Unknown taxonomy rate,Consistency,High,0.0,0.01,<=,PASS,0,Analytics Engineering
2026-04-11,RUN-20260411-COMMERCE_ORDERS,COMMERCE_ORDERS,DQ-FRESH,Freshness lag,Timeliness,High,160.0,240.0,<=,PASS,0,Analytics Engineering
2026-04-11,RUN-20260411-COMMERCE_ORDERS,COMMERCE_ORDERS,DQ-RECON,Raw-to-dashboard variance,Reconciliation,Critical,0.002879,0.005,<=,PASS,0,Analytics Engineering
2026-04-11,RUN-20260411-CAMPAIGN_SPEND,CAMPAIGN_SPEND,DQ-UNIQUE,Business key uniqueness,Uniqueness,Critical,0.0,0.0,<=,PASS,0,Marketing Operations
2026-04-11,RUN-20260411-CAMPAIGN_SPEND,CAMPAIGN_SPEND,DQ-COMPLETE,Partition row coverage,Completeness,Critical,1.0,0.9,>=,PASS,0,Marketing Operations
2026-04-11,RUN-20260411-CAMPAIGN_SPEND,CAMPAIGN_SPEND,DQ-VALID,Required type validity,Validity,High,0.0,0.0,<=,PASS,0,Marketing Operations
2026-04-11,RUN-20260411-CAMPAIGN_SPEND,CAMPAIGN_SPEND,DQ-TAXONOMY,Unknown taxonomy rate,Consistency,High,0.0,0.01,<=,PASS,0,Marketing Operations
2026-04-11,RUN-20260411-CAMPAIGN_SPEND,CAMPAIGN_SPEND,DQ-FRESH,Freshness lag,Timeliness,High,151.0,240.0,<=,PASS,0,Marketing Operations
2026-04-11,RUN-20260411-CAMPAIGN_SPEND,CAMPAIGN_SPEND,DQ-RECON,Raw-to-dashboard variance,Reconciliation,Critical,0.00172,0.005,<=,PASS,0,Marketing Operations
2026-04-12,RUN-20260412-WEB_EVENTS,WEB_EVENTS,DQ-UNIQUE,Business key uniqueness,Uniqueness,Critical,0.0,0.0,<=,PASS,0,Web Analytics
2026-04-12,RUN-20260412-WEB_EVENTS,WEB_EVENTS,DQ-COMPLETE,Partition row coverage,Completeness,Critical,1.0,0.9,>=,PASS,0,Web Analytics
2026-04-12,RUN-20260412-WEB_EVENTS,WEB_EVENTS,DQ-VALID,Required type validity,Validity,High,0.0,0.0,<=,PASS,0,Web Analytics
2026-04-12,RUN-20260412-WEB_EVENTS,WEB_EVENTS,DQ-TAXONOMY,Unknown taxonomy rate,Consistency,High,0.0,0.01,<=,PASS,0,Web Analytics
2026-04-12,RUN-20260412-WEB_EVENTS,WEB_EVENTS,DQ-FRESH,Freshness lag,Timeliness,High,124.0,240.0,<=,PASS,0,Web Analytics
2026-04-12,RUN-20260412-WEB_EVENTS,WEB_EVENTS,DQ-RECON,Raw-to-dashboard variance,Reconciliation,Critical,0.003172,0.005,<=,PASS,0,Web Analytics
2026-04-12,RUN-20260412-CRM_LEADS,CRM_LEADS,DQ-UNIQUE,Business key uniqueness,Uniqueness,Critical,0.0,0.0,<=,PASS,0,Revenue Analytics
2026-04-12,RUN-20260412-CRM_LEADS,CRM_LEADS,DQ-COMPLETE,Partition row coverage,Completeness,Critical,1.0,0.9,>=,PASS,0,Revenue Analytics
2026-04-12,RUN-20260412-CRM_LEADS,CRM_LEADS,DQ-VALID,Required type validity,Validity,High,0.0,0.0,<=,PASS,0,Revenue Analytics
2026-04-12,RUN-20260412-CRM_LEADS,CRM_LEADS,DQ-TAXONOMY,Unknown taxonomy rate,Consistency,High,0.0,0.01,<=,PASS,0,Revenue Analytics
2026-04-12,RUN-20260412-CRM_LEADS,CRM_LEADS,DQ-FRESH,Freshness lag,Timeliness,High,71.0,240.0,<=,PASS,0,Revenue Analytics
2026-04-12,RUN-20260412-CRM_LEADS,CRM_LEADS,DQ-RECON,Raw-to-dashboard variance,Reconciliation,Critical,0.002234,0.005,<=,PASS,0,Revenue Analytics
2026-04-12,RUN-20260412-COMMERCE_ORDERS,COMMERCE_ORDERS,DQ-UNIQUE,Business key uniqueness,Uniqueness,Critical,0.0,0.0,<=,PASS,0,Analytics Engineering
2026-04-12,RUN-20260412-COMMERCE_ORDERS,COMMERCE_ORDERS,DQ-COMPLETE,Partition row coverage,Completeness,Critical,1.0,0.9,>=,PASS,0,Analytics Engineering
2026-04-12,RUN-20260412-COMMERCE_ORDERS,COMMERCE_ORDERS,DQ-VALID,Required type validity,Validity,High,0.0,0.0,<=,PASS,0,Analytics Engineering
2026-04-12,RUN-20260412-COMMERCE_ORDERS,COMMERCE_ORDERS,DQ-TAXONOMY,Unknown taxonomy rate,Consistency,High,0.0,0.01,<=,PASS,0,Analytics Engineering
2026-04-12,RUN-20260412-COMMERCE_ORDERS,COMMERCE_ORDERS,DQ-FRESH,Freshness lag,Timeliness,High,69.0,240.0,<=,PASS,0,Analytics Engineering
2026-04-12,RUN-20260412-COMMERCE_ORDERS,COMMERCE_ORDERS,DQ-RECON,Raw-to-dashboard variance,Reconciliation,Critical,0.001474,0.005,<=,PASS,0,Analytics Engineering
2026-04-12,RUN-20260412-CAMPAIGN_SPEND,CAMPAIGN_SPEND,DQ-UNIQUE,Business key uniqueness,Uniqueness,Critical,0.0,0.0,<=,PASS,0,Marketing Operations
2026-04-12,RUN-20260412-CAMPAIGN_SPEND,CAMPAIGN_SPEND,DQ-COMPLETE,Partition row coverage,Completeness,Critical,1.0,0.9,>=,PASS,0,Marketing Operations
2026-04-12,RUN-20260412-CAMPAIGN_SPEND,CAMPAIGN_SPEND,DQ-VALID,Required type validity,Validity,High,0.0,0.0,<=,PASS,0,Marketing Operations
2026-04-12,RUN-20260412-CAMPAIGN_SPEND,CAMPAIGN_SPEND,DQ-TAXONOMY,Unknown taxonomy rate,Consistency,High,0.0,0.01,<=,PASS,0,Marketing Operations
2026-04-12,RUN-20260412-CAMPAIGN_SPEND,CAMPAIGN_SPEND,DQ-FRESH,Freshness lag,Timeliness,High,111.0,240.0,<=,PASS,0,Marketing Operations
2026-04-12,RUN-20260412-CAMPAIGN_SPEND,CAMPAIGN_SPEND,DQ-RECON,Raw-to-dashboard variance,Reconciliation,Critical,0.000937,0.005,<=,PASS,0,Marketing Operations
2026-04-13,RUN-20260413-WEB_EVENTS,WEB_EVENTS,DQ-UNIQUE,Business key uniqueness,Uniqueness,Critical,0.0,0.0,<=,PASS,0,Web Analytics
2026-04-13,RUN-20260413-WEB_EVENTS,WEB_EVENTS,DQ-COMPLETE,Partition row coverage,Completeness,Critical,1.0,0.9,>=,PASS,0,Web Analytics
2026-04-13,RUN-20260413-WEB_EVENTS,WEB_EVENTS,DQ-VALID,Required type validity,Validity,High,0.0,0.0,<=,PASS,0,Web Analytics
2026-04-13,RUN-20260413-WEB_EVENTS,WEB_EVENTS,DQ-TAXONOMY,Unknown taxonomy rate,Consistency,High,0.0,0.01,<=,PASS,0,Web Analytics
2026-04-13,RUN-20260413-WEB_EVENTS,WEB_EVENTS,DQ-FRESH,Freshness lag,Timeliness,High,117.0,240.0,<=,PASS,0,Web Analytics
2026-04-13,RUN-20260413-WEB_EVENTS,WEB_EVENTS,DQ-RECON,Raw-to-dashboard variance,Reconciliation,Critical,0.000692,0.005,<=,PASS,0,Web Analytics
2026-04-13,RUN-20260413-CRM_LEADS,CRM_LEADS,DQ-UNIQUE,Business key uniqueness,Uniqueness,Critical,0.0,0.0,<=,PASS,0,Revenue Analytics
2026-04-13,RUN-20260413-CRM_LEADS,CRM_LEADS,DQ-COMPLETE,Partition row coverage,Completeness,Critical,1.0,0.9,>=,PASS,0,Revenue Analytics
2026-04-13,RUN-20260413-CRM_LEADS,CRM_LEADS,DQ-VALID,Required type validity,Validity,High,0.0,0.0,<=,PASS,0,Revenue Analytics
2026-04-13,RUN-20260413-CRM_LEADS,CRM_LEADS,DQ-TAXONOMY,Unknown taxonomy rate,Consistency,High,0.0,0.01,<=,PASS,0,Revenue Analytics
2026-04-13,RUN-20260413-CRM_LEADS,CRM_LEADS,DQ-FRESH,Freshness lag,Timeliness,High,135.0,240.0,<=,PASS,0,Revenue Analytics
2026-04-13,RUN-20260413-CRM_LEADS,CRM_LEADS,DQ-RECON,Raw-to-dashboard variance,Reconciliation,Critical,0.001266,0.005,<=,PASS,0,Revenue Analytics
2026-04-13,RUN-20260413-COMMERCE_ORDERS,COMMERCE_ORDERS,DQ-UNIQUE,Business key uniqueness,Uniqueness,Critical,0.0,0.0,<=,PASS,0,Analytics Engineering
2026-04-13,RUN-20260413-COMMERCE_ORDERS,COMMERCE_ORDERS,DQ-COMPLETE,Partition row coverage,Completeness,Critical,1.0,0.9,>=,PASS,0,Analytics Engineering
2026-04-13,RUN-20260413-COMMERCE_ORDERS,COMMERCE_ORDERS,DQ-VALID,Required type validity,Validity,High,0.0,0.0,<=,PASS,0,Analytics Engineering
2026-04-13,RUN-20260413-COMMERCE_ORDERS,COMMERCE_ORDERS,DQ-TAXONOMY,Unknown taxonomy rate,Consistency,High,0.0,0.01,<=,PASS,0,Analytics Engineering
2026-04-13,RUN-20260413-COMMERCE_ORDERS,COMMERCE_ORDERS,DQ-FRESH,Freshness lag,Timeliness,High,84.0,240.0,<=,PASS,0,Analytics Engineering
2026-04-13,RUN-20260413-COMMERCE_ORDERS,COMMERCE_ORDERS,DQ-RECON,Raw-to-dashboard variance,Reconciliation,Critical,0.002612,0.005,<=,PASS,0,Analytics Engineering
2026-04-13,RUN-20260413-CAMPAIGN_SPEND,CAMPAIGN_SPEND,DQ-UNIQUE,Business key uniqueness,Uniqueness,Critical,0.0,0.0,<=,PASS,0,Marketing Operations
2026-04-13,RUN-20260413-CAMPAIGN_SPEND,CAMPAIGN_SPEND,DQ-COMPLETE,Partition row coverage,Completeness,Critical,1.0,0.9,>=,PASS,0,Marketing Operations
2026-04-13,RUN-20260413-CAMPAIGN_SPEND,CAMPAIGN_SPEND,DQ-VALID,Required type validity,Validity,High,0.0,0.0,<=,PASS,0,Marketing Operations
2026-04-13,RUN-20260413-CAMPAIGN_SPEND,CAMPAIGN_SPEND,DQ-TAXONOMY,Unknown taxonomy rate,Consistency,High,0.0,0.01,<=,PASS,0,Marketing Operations
2026-04-13,RUN-20260413-CAMPAIGN_SPEND,CAMPAIGN_SPEND,DQ-FRESH,Freshness lag,Timeliness,High,169.0,240.0,<=,PASS,0,Marketing Operations
2026-04-13,RUN-20260413-CAMPAIGN_SPEND,CAMPAIGN_SPEND,DQ-RECON,Raw-to-dashboard variance,Reconciliation,Critical,0.000404,0.005,<=,PASS,0,Marketing Operations
2026-04-14,RUN-20260414-WEB_EVENTS,WEB_EVENTS,DQ-UNIQUE,Business key uniqueness,Uniqueness,Critical,6.0,0.0,<=,FAIL,6,Web Analytics
2026-04-14,RUN-20260414-WEB_EVENTS,WEB_EVENTS,DQ-COMPLETE,Partition row coverage,Completeness,Critical,1.06,0.9,>=,PASS,0,Web Analytics
2026-04-14,RUN-20260414-WEB_EVENTS,WEB_EVENTS,DQ-VALID,Required type validity,Validity,High,0.0,0.0,<=,PASS,0,Web Analytics
2026-04-14,RUN-20260414-WEB_EVENTS,WEB_EVENTS,DQ-TAXONOMY,Unknown taxonomy rate,Consistency,High,0.0,0.01,<=,PASS,0,Web Analytics
2026-04-14,RUN-20260414-WEB_EVENTS,WEB_EVENTS,DQ-FRESH,Freshness lag,Timeliness,High,182.0,240.0,<=,PASS,0,Web Analytics
2026-04-14,RUN-20260414-WEB_EVENTS,WEB_EVENTS,DQ-RECON,Raw-to-dashboard variance,Reconciliation,Critical,0.037,0.005,<=,FAIL,1,Web Analytics
2026-04-14,RUN-20260414-CRM_LEADS,CRM_LEADS,DQ-UNIQUE,Business key uniqueness,Uniqueness,Critical,0.0,0.0,<=,PASS,0,Revenue Analytics
2026-04-14,RUN-20260414-CRM_LEADS,CRM_LEADS,DQ-COMPLETE,Partition row coverage,Completeness,Critical,1.0,0.9,>=,PASS,0,Revenue Analytics
2026-04-14,RUN-20260414-CRM_LEADS,CRM_LEADS,DQ-VALID,Required type validity,Validity,High,0.0,0.0,<=,PASS,0,Revenue Analytics
2026-04-14,RUN-20260414-CRM_LEADS,CRM_LEADS,DQ-TAXONOMY,Unknown taxonomy rate,Consistency,High,0.0,0.01,<=,PASS,0,Revenue Analytics
2026-04-14,RUN-20260414-CRM_LEADS,CRM_LEADS,DQ-FRESH,Freshness lag,Timeliness,High,74.0,240.0,<=,PASS,0,Revenue Analytics
2026-04-14,RUN-20260414-CRM_LEADS,CRM_LEADS,DQ-RECON,Raw-to-dashboard variance,Reconciliation,Critical,0.003159,0.005,<=,PASS,0,Revenue Analytics
2026-04-14,RUN-20260414-COMMERCE_ORDERS,COMMERCE_ORDERS,DQ-UNIQUE,Business key uniqueness,Uniqueness,Critical,0.0,0.0,<=,PASS,0,Analytics Engineering
2026-04-14,RUN-20260414-COMMERCE_ORDERS,COMMERCE_ORDERS,DQ-COMPLETE,Partition row coverage,Completeness,Critical,1.0,0.9,>=,PASS,0,Analytics Engineering
2026-04-14,RUN-20260414-COMMERCE_ORDERS,COMMERCE_ORDERS,DQ-VALID,Required type validity,Validity,High,0.0,0.0,<=,PASS,0,Analytics Engineering
2026-04-14,RUN-20260414-COMMERCE_ORDERS,COMMERCE_ORDERS,DQ-TAXONOMY,Unknown taxonomy rate,Consistency,High,0.0,0.01,<=,PASS,0,Analytics Engineering
2026-04-14,RUN-20260414-COMMERCE_ORDERS,COMMERCE_ORDERS,DQ-FRESH,Freshness lag,Timeliness,High,57.0,240.0,<=,PASS,0,Analytics Engineering
2026-04-14,RUN-20260414-COMMERCE_ORDERS,COMMERCE_ORDERS,DQ-RECON,Raw-to-dashboard variance,Reconciliation,Critical,0.00304,0.005,<=,PASS,0,Analytics Engineering
2026-04-14,RUN-20260414-CAMPAIGN_SPEND,CAMPAIGN_SPEND,DQ-UNIQUE,Business key uniqueness,Uniqueness,Critical,0.0,0.0,<=,PASS,0,Marketing Operations
2026-04-14,RUN-20260414-CAMPAIGN_SPEND,CAMPAIGN_SPEND,DQ-COMPLETE,Partition row coverage,Completeness,Critical,1.0,0.9,>=,PASS,0,Marketing Operations
2026-04-14,RUN-20260414-CAMPAIGN_SPEND,CAMPAIGN_SPEND,DQ-VALID,Required type validity,Validity,High,0.0,0.0,<=,PASS,0,Marketing Operations
2026-04-14,RUN-20260414-CAMPAIGN_SPEND,CAMPAIGN_SPEND,DQ-TAXONOMY,Unknown taxonomy rate,Consistency,High,0.0,0.01,<=,PASS,0,Marketing Operations
2026-04-14,RUN-20260414-CAMPAIGN_SPEND,CAMPAIGN_SPEND,DQ-FRESH,Freshness lag,Timeliness,High,161.0,240.0,<=,PASS,0,Marketing Operations
2026-04-14,RUN-20260414-CAMPAIGN_SPEND,CAMPAIGN_SPEND,DQ-RECON,Raw-to-dashboard variance,Reconciliation,Critical,0.00148,0.005,<=,PASS,0,Marketing Operations
2026-04-15,RUN-20260415-WEB_EVENTS,WEB_EVENTS,DQ-UNIQUE,Business key uniqueness,Uniqueness,Critical,6.0,0.0,<=,FAIL,6,Web Analytics
2026-04-15,RUN-20260415-WEB_EVENTS,WEB_EVENTS,DQ-COMPLETE,Partition row coverage,Completeness,Critical,1.06,0.9,>=,PASS,0,Web Analytics
2026-04-15,RUN-20260415-WEB_EVENTS,WEB_EVENTS,DQ-VALID,Required type validity,Validity,High,0.0,0.0,<=,PASS,0,Web Analytics
2026-04-15,RUN-20260415-WEB_EVENTS,WEB_EVENTS,DQ-TAXONOMY,Unknown taxonomy rate,Consistency,High,0.0,0.01,<=,PASS,0,Web Analytics
2026-04-15,RUN-20260415-WEB_EVENTS,WEB_EVENTS,DQ-FRESH,Freshness lag,Timeliness,High,125.0,240.0,<=,PASS,0,Web Analytics
2026-04-15,RUN-20260415-WEB_EVENTS,WEB_EVENTS,DQ-RECON,Raw-to-dashboard variance,Reconciliation,Critical,0.037,0.005,<=,FAIL,1,Web Analytics
2026-04-15,RUN-20260415-CRM_LEADS,CRM_LEADS,DQ-UNIQUE,Business key uniqueness,Uniqueness,Critical,0.0,0.0,<=,PASS,0,Revenue Analytics
2026-04-15,RUN-20260415-CRM_LEADS,CRM_LEADS,DQ-COMPLETE,Partition row coverage,Completeness,Critical,1.0,0.9,>=,PASS,0,Revenue Analytics
2026-04-15,RUN-20260415-CRM_LEADS,CRM_LEADS,DQ-VALID,Required type validity,Validity,High,0.0,0.0,<=,PASS,0,Revenue Analytics
2026-04-15,RUN-20260415-CRM_LEADS,CRM_LEADS,DQ-TAXONOMY,Unknown taxonomy rate,Consistency,High,0.0,0.01,<=,PASS,0,Revenue Analytics
2026-04-15,RUN-20260415-CRM_LEADS,CRM_LEADS,DQ-FRESH,Freshness lag,Timeliness,High,141.0,240.0,<=,PASS,0,Revenue Analytics
2026-04-15,RUN-20260415-CRM_LEADS,CRM_LEADS,DQ-RECON,Raw-to-dashboard variance,Reconciliation,Critical,0.002493,0.005,<=,PASS,0,Revenue Analytics
2026-04-15,RUN-20260415-COMMERCE_ORDERS,COMMERCE_ORDERS,DQ-UNIQUE,Business key uniqueness,Uniqueness,Critical,0.0,0.0,<=,PASS,0,Analytics Engineering
2026-04-15,RUN-20260415-COMMERCE_ORDERS,COMMERCE_ORDERS,DQ-COMPLETE,Partition row coverage,Completeness,Critical,1.0,0.9,>=,PASS,0,Analytics Engineering
2026-04-15,RUN-20260415-COMMERCE_ORDERS,COMMERCE_ORDERS,DQ-VALID,Required type validity,Validity,High,0.0,0.0,<=,PASS,0,Analytics Engineering
2026-04-15,RUN-20260415-COMMERCE_ORDERS,COMMERCE_ORDERS,DQ-TAXONOMY,Unknown taxonomy rate,Consistency,High,0.0,0.01,<=,PASS,0,Analytics Engineering
2026-04-15,RUN-20260415-COMMERCE_ORDERS,COMMERCE_ORDERS,DQ-FRESH,Freshness lag,Timeliness,High,154.0,240.0,<=,PASS,0,Analytics Engineering
2026-04-15,RUN-20260415-COMMERCE_ORDERS,COMMERCE_ORDERS,DQ-RECON,Raw-to-dashboard variance,Reconciliation,Critical,0.002753,0.005,<=,PASS,0,Analytics Engineering
2026-04-15,RUN-20260415-CAMPAIGN_SPEND,CAMPAIGN_SPEND,DQ-UNIQUE,Business key uniqueness,Uniqueness,Critical,0.0,0.0,<=,PASS,0,Marketing Operations
2026-04-15,RUN-20260415-CAMPAIGN_SPEND,CAMPAIGN_SPEND,DQ-COMPLETE,Partition row coverage,Completeness,Critical,1.0,0.9,>=,PASS,0,Marketing Operations
2026-04-15,RUN-20260415-CAMPAIGN_SPEND,CAMPAIGN_SPEND,DQ-VALID,Required type validity,Validity,High,0.0,0.0,<=,PASS,0,Marketing Operations
2026-04-15,RUN-20260415-CAMPAIGN_SPEND,CAMPAIGN_SPEND,DQ-TAXONOMY,Unknown taxonomy rate,Consistency,High,0.0,0.01,<=,PASS,0,Marketing Operations
2026-04-15,RUN-20260415-CAMPAIGN_SPEND,CAMPAIGN_SPEND,DQ-FRESH,Freshness lag,Timeliness,High,117.0,240.0,<=,PASS,0,Marketing Operations
2026-04-15,RUN-20260415-CAMPAIGN_SPEND,CAMPAIGN_SPEND,DQ-RECON,Raw-to-dashboard variance,Reconciliation,Critical,0.001077,0.005,<=,PASS,0,Marketing Operations
2026-04-16,RUN-20260416-WEB_EVENTS,WEB_EVENTS,DQ-UNIQUE,Business key uniqueness,Uniqueness,Critical,0.0,0.0,<=,PASS,0,Web Analytics
2026-04-16,RUN-20260416-WEB_EVENTS,WEB_EVENTS,DQ-COMPLETE,Partition row coverage,Completeness,Critical,1.0,0.9,>=,PASS,0,Web Analytics
2026-04-16,RUN-20260416-WEB_EVENTS,WEB_EVENTS,DQ-VALID,Required type validity,Validity,High,0.0,0.0,<=,PASS,0,Web Analytics
2026-04-16,RUN-20260416-WEB_EVENTS,WEB_EVENTS,DQ-TAXONOMY,Unknown taxonomy rate,Consistency,High,0.0,0.01,<=,PASS,0,Web Analytics
2026-04-16,RUN-20260416-WEB_EVENTS,WEB_EVENTS,DQ-FRESH,Freshness lag,Timeliness,High,140.0,240.0,<=,PASS,0,Web Analytics
2026-04-16,RUN-20260416-WEB_EVENTS,WEB_EVENTS,DQ-RECON,Raw-to-dashboard variance,Reconciliation,Critical,0.003048,0.005,<=,PASS,0,Web Analytics
2026-04-16,RUN-20260416-CRM_LEADS,CRM_LEADS,DQ-UNIQUE,Business key uniqueness,Uniqueness,Critical,0.0,0.0,<=,PASS,0,Revenue Analytics
2026-04-16,RUN-20260416-CRM_LEADS,CRM_LEADS,DQ-COMPLETE,Partition row coverage,Completeness,Critical,1.0,0.9,>=,PASS,0,Revenue Analytics
2026-04-16,RUN-20260416-CRM_LEADS,CRM_LEADS,DQ-VALID,Required type validity,Validity,High,0.0,0.0,<=,PASS,0,Revenue Analytics
2026-04-16,RUN-20260416-CRM_LEADS,CRM_LEADS,DQ-TAXONOMY,Unknown taxonomy rate,Consistency,High,0.0,0.01,<=,PASS,0,Revenue Analytics
2026-04-16,RUN-20260416-CRM_LEADS,CRM_LEADS,DQ-FRESH,Freshness lag,Timeliness,High,59.0,240.0,<=,PASS,0,Revenue Analytics
2026-04-16,RUN-20260416-CRM_LEADS,CRM_LEADS,DQ-RECON,Raw-to-dashboard variance,Reconciliation,Critical,0.002782,0.005,<=,PASS,0,Revenue Analytics
2026-04-16,RUN-20260416-COMMERCE_ORDERS,COMMERCE_ORDERS,DQ-UNIQUE,Business key uniqueness,Uniqueness,Critical,0.0,0.0,<=,PASS,0,Analytics Engineering
2026-04-16,RUN-20260416-COMMERCE_ORDERS,COMMERCE_ORDERS,DQ-COMPLETE,Partition row coverage,Completeness,Critical,1.0,0.9,>=,PASS,0,Analytics Engineering
2026-04-16,RUN-20260416-COMMERCE_ORDERS,COMMERCE_ORDERS,DQ-VALID,Required type validity,Validity,High,0.0,0.0,<=,PASS,0,Analytics Engineering
2026-04-16,RUN-20260416-COMMERCE_ORDERS,COMMERCE_ORDERS,DQ-TAXONOMY,Unknown taxonomy rate,Consistency,High,0.0,0.01,<=,PASS,0,Analytics Engineering
2026-04-16,RUN-20260416-COMMERCE_ORDERS,COMMERCE_ORDERS,DQ-FRESH,Freshness lag,Timeliness,High,136.0,240.0,<=,PASS,0,Analytics Engineering
2026-04-16,RUN-20260416-COMMERCE_ORDERS,COMMERCE_ORDERS,DQ-RECON,Raw-to-dashboard variance,Reconciliation,Critical,0.001447,0.005,<=,PASS,0,Analytics Engineering
2026-04-16,RUN-20260416-CAMPAIGN_SPEND,CAMPAIGN_SPEND,DQ-UNIQUE,Business key uniqueness,Uniqueness,Critical,0.0,0.0,<=,PASS,0,Marketing Operations
2026-04-16,RUN-20260416-CAMPAIGN_SPEND,CAMPAIGN_SPEND,DQ-COMPLETE,Partition row coverage,Completeness,Critical,1.0,0.9,>=,PASS,0,Marketing Operations
2026-04-16,RUN-20260416-CAMPAIGN_SPEND,CAMPAIGN_SPEND,DQ-VALID,Required type validity,Validity,High,0.0,0.0,<=,PASS,0,Marketing Operations
2026-04-16,RUN-20260416-CAMPAIGN_SPEND,CAMPAIGN_SPEND,DQ-TAXONOMY,Unknown taxonomy rate,Consistency,High,0.0,0.01,<=,PASS,0,Marketing Operations
2026-04-16,RUN-20260416-CAMPAIGN_SPEND,CAMPAIGN_SPEND,DQ-FRESH,Freshness lag,Timeliness,High,80.0,240.0,<=,PASS,0,Marketing Operations
2026-04-16,RUN-20260416-CAMPAIGN_SPEND,CAMPAIGN_SPEND,DQ-RECON,Raw-to-dashboard variance,Reconciliation,Critical,0.001839,0.005,<=,PASS,0,Marketing Operations
2026-04-17,RUN-20260417-WEB_EVENTS,WEB_EVENTS,DQ-UNIQUE,Business key uniqueness,Uniqueness,Critical,0.0,0.0,<=,PASS,0,Web Analytics
2026-04-17,RUN-20260417-WEB_EVENTS,WEB_EVENTS,DQ-COMPLETE,Partition row coverage,Completeness,Critical,1.0,0.9,>=,PASS,0,Web Analytics
2026-04-17,RUN-20260417-WEB_EVENTS,WEB_EVENTS,DQ-VALID,Required type validity,Validity,High,0.0,0.0,<=,PASS,0,Web Analytics
2026-04-17,RUN-20260417-WEB_EVENTS,WEB_EVENTS,DQ-TAXONOMY,Unknown taxonomy rate,Consistency,High,0.0,0.01,<=,PASS,0,Web Analytics
2026-04-17,RUN-20260417-WEB_EVENTS,WEB_EVENTS,DQ-FRESH,Freshness lag,Timeliness,High,64.0,240.0,<=,PASS,0,Web Analytics
2026-04-17,RUN-20260417-WEB_EVENTS,WEB_EVENTS,DQ-RECON,Raw-to-dashboard variance,Reconciliation,Critical,0.001347,0.005,<=,PASS,0,Web Analytics
2026-04-17,RUN-20260417-CRM_LEADS,CRM_LEADS,DQ-UNIQUE,Business key uniqueness,Uniqueness,Critical,0.0,0.0,<=,PASS,0,Revenue Analytics
2026-04-17,RUN-20260417-CRM_LEADS,CRM_LEADS,DQ-COMPLETE,Partition row coverage,Completeness,Critical,1.0,0.9,>=,PASS,0,Revenue Analytics
2026-04-17,RUN-20260417-CRM_LEADS,CRM_LEADS,DQ-VALID,Required type validity,Validity,High,0.0,0.0,<=,PASS,0,Revenue Analytics
2026-04-17,RUN-20260417-CRM_LEADS,CRM_LEADS,DQ-TAXONOMY,Unknown taxonomy rate,Consistency,High,0.0,0.01,<=,PASS,0,Revenue Analytics
2026-04-17,RUN-20260417-CRM_LEADS,CRM_LEADS,DQ-FRESH,Freshness lag,Timeliness,High,150.0,240.0,<=,PASS,0,Revenue Analytics
2026-04-17,RUN-20260417-CRM_LEADS,CRM_LEADS,DQ-RECON,Raw-to-dashboard variance,Reconciliation,Critical,0.002518,0.005,<=,PASS,0,Revenue Analytics
2026-04-17,RUN-20260417-COMMERCE_ORDERS,COMMERCE_ORDERS,DQ-UNIQUE,Business key uniqueness,Uniqueness,Critical,0.0,0.0,<=,PASS,0,Analytics Engineering
2026-04-17,RUN-20260417-COMMERCE_ORDERS,COMMERCE_ORDERS,DQ-COMPLETE,Partition row coverage,Completeness,Critical,1.0,0.9,>=,PASS,0,Analytics Engineering
2026-04-17,RUN-20260417-COMMERCE_ORDERS,COMMERCE_ORDERS,DQ-VALID,Required type validity,Validity,High,0.0,0.0,<=,PASS,0,Analytics Engineering
2026-04-17,RUN-20260417-COMMERCE_ORDERS,COMMERCE_ORDERS,DQ-TAXONOMY,Unknown taxonomy rate,Consistency,High,0.0,0.01,<=,PASS,0,Analytics Engineering
2026-04-17,RUN-20260417-COMMERCE_ORDERS,COMMERCE_ORDERS,DQ-FRESH,Freshness lag,Timeliness,High,111.0,240.0,<=,PASS,0,Analytics Engineering
2026-04-17,RUN-20260417-COMMERCE_ORDERS,COMMERCE_ORDERS,DQ-RECON,Raw-to-dashboard variance,Reconciliation,Critical,0.001962,0.005,<=,PASS,0,Analytics Engineering
2026-04-17,RUN-20260417-CAMPAIGN_SPEND,CAMPAIGN_SPEND,DQ-UNIQUE,Business key uniqueness,Uniqueness,Critical,0.0,0.0,<=,PASS,0,Marketing Operations
2026-04-17,RUN-20260417-CAMPAIGN_SPEND,CAMPAIGN_SPEND,DQ-COMPLETE,Partition row coverage,Completeness,Critical,1.0,0.9,>=,PASS,0,Marketing Operations
2026-04-17,RUN-20260417-CAMPAIGN_SPEND,CAMPAIGN_SPEND,DQ-VALID,Required type validity,Validity,High,0.0,0.0,<=,PASS,0,Marketing Operations
2026-04-17,RUN-20260417-CAMPAIGN_SPEND,CAMPAIGN_SPEND,DQ-TAXONOMY,Unknown taxonomy rate,Consistency,High,0.0,0.01,<=,PASS,0,Marketing Operations
2026-04-17,RUN-20260417-CAMPAIGN_SPEND,CAMPAIGN_SPEND,DQ-FRESH,Freshness lag,Timeliness,High,144.0,240.0,<=,PASS,0,Marketing Operations
2026-04-17,RUN-20260417-CAMPAIGN_SPEND,CAMPAIGN_SPEND,DQ-RECON,Raw-to-dashboard variance,Reconciliation,Critical,0.002184,0.005,<=,PASS,0,Marketing Operations
2026-04-18,RUN-20260418-WEB_EVENTS,WEB_EVENTS,DQ-UNIQUE,Business key uniqueness,Uniqueness,Critical,0.0,0.0,<=,PASS,0,Web Analytics
2026-04-18,RUN-20260418-WEB_EVENTS,WEB_EVENTS,DQ-COMPLETE,Partition row coverage,Completeness,Critical,1.0,0.9,>=,PASS,0,Web Analytics
2026-04-18,RUN-20260418-WEB_EVENTS,WEB_EVENTS,DQ-VALID,Required type validity,Validity,High,0.0,0.0,<=,PASS,0,Web Analytics
2026-04-18,RUN-20260418-WEB_EVENTS,WEB_EVENTS,DQ-TAXONOMY,Unknown taxonomy rate,Consistency,High,0.0,0.01,<=,PASS,0,Web Analytics
2026-04-18,RUN-20260418-WEB_EVENTS,WEB_EVENTS,DQ-FRESH,Freshness lag,Timeliness,High,181.0,240.0,<=,PASS,0,Web Analytics
2026-04-18,RUN-20260418-WEB_EVENTS,WEB_EVENTS,DQ-RECON,Raw-to-dashboard variance,Reconciliation,Critical,0.000586,0.005,<=,PASS,0,Web Analytics
2026-04-18,RUN-20260418-CRM_LEADS,CRM_LEADS,DQ-UNIQUE,Business key uniqueness,Uniqueness,Critical,0.0,0.0,<=,PASS,0,Revenue Analytics
2026-04-18,RUN-20260418-CRM_LEADS,CRM_LEADS,DQ-COMPLETE,Partition row coverage,Completeness,Critical,1.0,0.9,>=,PASS,0,Revenue Analytics
2026-04-18,RUN-20260418-CRM_LEADS,CRM_LEADS,DQ-VALID,Required type validity,Validity,High,0.0,0.0,<=,PASS,0,Revenue Analytics
2026-04-18,RUN-20260418-CRM_LEADS,CRM_LEADS,DQ-TAXONOMY,Unknown taxonomy rate,Consistency,High,0.0,0.01,<=,PASS,0,Revenue Analytics
2026-04-18,RUN-20260418-CRM_LEADS,CRM_LEADS,DQ-FRESH,Freshness lag,Timeliness,High,177.0,240.0,<=,PASS,0,Revenue Analytics
2026-04-18,RUN-20260418-CRM_LEADS,CRM_LEADS,DQ-RECON,Raw-to-dashboard variance,Reconciliation,Critical,0.001288,0.005,<=,PASS,0,Revenue Analytics
2026-04-18,RUN-20260418-COMMERCE_ORDERS,COMMERCE_ORDERS,DQ-UNIQUE,Business key uniqueness,Uniqueness,Critical,0.0,0.0,<=,PASS,0,Analytics Engineering
2026-04-18,RUN-20260418-COMMERCE_ORDERS,COMMERCE_ORDERS,DQ-COMPLETE,Partition row coverage,Completeness,Critical,1.0,0.9,>=,PASS,0,Analytics Engineering
2026-04-18,RUN-20260418-COMMERCE_ORDERS,COMMERCE_ORDERS,DQ-VALID,Required type validity,Validity,High,0.0,0.0,<=,PASS,0,Analytics Engineering
2026-04-18,RUN-20260418-COMMERCE_ORDERS,COMMERCE_ORDERS,DQ-TAXONOMY,Unknown taxonomy rate,Consistency,High,0.0,0.01,<=,PASS,0,Analytics Engineering
2026-04-18,RUN-20260418-COMMERCE_ORDERS,COMMERCE_ORDERS,DQ-FRESH,Freshness lag,Timeliness,High,61.0,240.0,<=,PASS,0,Analytics Engineering
2026-04-18,RUN-20260418-COMMERCE_ORDERS,COMMERCE_ORDERS,DQ-RECON,Raw-to-dashboard variance,Reconciliation,Critical,0.003005,0.005,<=,PASS,0,Analytics Engineering
2026-04-18,RUN-20260418-CAMPAIGN_SPEND,CAMPAIGN_SPEND,DQ-UNIQUE,Business key uniqueness,Uniqueness,Critical,0.0,0.0,<=,PASS,0,Marketing Operations
2026-04-18,RUN-20260418-CAMPAIGN_SPEND,CAMPAIGN_SPEND,DQ-COMPLETE,Partition row coverage,Completeness,Critical,1.0,0.9,>=,PASS,0,Marketing Operations
2026-04-18,RUN-20260418-CAMPAIGN_SPEND,CAMPAIGN_SPEND,DQ-VALID,Required type validity,Validity,High,0.0,0.0,<=,PASS,0,Marketing Operations
2026-04-18,RUN-20260418-CAMPAIGN_SPEND,CAMPAIGN_SPEND,DQ-TAXONOMY,Unknown taxonomy rate,Consistency,High,0.0,0.01,<=,PASS,0,Marketing Operations
2026-04-18,RUN-20260418-CAMPAIGN_SPEND,CAMPAIGN_SPEND,DQ-FRESH,Freshness lag,Timeliness,High,64.0,240.0,<=,PASS,0,Marketing Operations
2026-04-18,RUN-20260418-CAMPAIGN_SPEND,CAMPAIGN_SPEND,DQ-RECON,Raw-to-dashboard variance,Reconciliation,Critical,0.002972,0.005,<=,PASS,0,Marketing Operations
2026-04-19,RUN-20260419-WEB_EVENTS,WEB_EVENTS,DQ-UNIQUE,Business key uniqueness,Uniqueness,Critical,0.0,0.0,<=,PASS,0,Web Analytics
2026-04-19,RUN-20260419-WEB_EVENTS,WEB_EVENTS,DQ-COMPLETE,Partition row coverage,Completeness,Critical,1.0,0.9,>=,PASS,0,Web Analytics
2026-04-19,RUN-20260419-WEB_EVENTS,WEB_EVENTS,DQ-VALID,Required type validity,Validity,High,0.0,0.0,<=,PASS,0,Web Analytics
2026-04-19,RUN-20260419-WEB_EVENTS,WEB_EVENTS,DQ-TAXONOMY,Unknown taxonomy rate,Consistency,High,0.0,0.01,<=,PASS,0,Web Analytics
2026-04-19,RUN-20260419-WEB_EVENTS,WEB_EVENTS,DQ-FRESH,Freshness lag,Timeliness,High,124.0,240.0,<=,PASS,0,Web Analytics
2026-04-19,RUN-20260419-WEB_EVENTS,WEB_EVENTS,DQ-RECON,Raw-to-dashboard variance,Reconciliation,Critical,0.001166,0.005,<=,PASS,0,Web Analytics
2026-04-19,RUN-20260419-CRM_LEADS,CRM_LEADS,DQ-UNIQUE,Business key uniqueness,Uniqueness,Critical,0.0,0.0,<=,PASS,0,Revenue Analytics
2026-04-19,RUN-20260419-CRM_LEADS,CRM_LEADS,DQ-COMPLETE,Partition row coverage,Completeness,Critical,1.0,0.9,>=,PASS,0,Revenue Analytics
2026-04-19,RUN-20260419-CRM_LEADS,CRM_LEADS,DQ-VALID,Required type validity,Validity,High,0.0,0.0,<=,PASS,0,Revenue Analytics
2026-04-19,RUN-20260419-CRM_LEADS,CRM_LEADS,DQ-TAXONOMY,Unknown taxonomy rate,Consistency,High,0.0,0.01,<=,PASS,0,Revenue Analytics
2026-04-19,RUN-20260419-CRM_LEADS,CRM_LEADS,DQ-FRESH,Freshness lag,Timeliness,High,174.0,240.0,<=,PASS,0,Revenue Analytics
2026-04-19,RUN-20260419-CRM_LEADS,CRM_LEADS,DQ-RECON,Raw-to-dashboard variance,Reconciliation,Critical,0.001212,0.005,<=,PASS,0,Revenue Analytics
2026-04-19,RUN-20260419-COMMERCE_ORDERS,COMMERCE_ORDERS,DQ-UNIQUE,Business key uniqueness,Uniqueness,Critical,0.0,0.0,<=,PASS,0,Analytics Engineering
2026-04-19,RUN-20260419-COMMERCE_ORDERS,COMMERCE_ORDERS,DQ-COMPLETE,Partition row coverage,Completeness,Critical,1.0,0.9,>=,PASS,0,Analytics Engineering
2026-04-19,RUN-20260419-COMMERCE_ORDERS,COMMERCE_ORDERS,DQ-VALID,Required type validity,Validity,High,0.0,0.0,<=,PASS,0,Analytics Engineering
2026-04-19,RUN-20260419-COMMERCE_ORDERS,COMMERCE_ORDERS,DQ-TAXONOMY,Unknown taxonomy rate,Consistency,High,0.0,0.01,<=,PASS,0,Analytics Engineering
2026-04-19,RUN-20260419-COMMERCE_ORDERS,COMMERCE_ORDERS,DQ-FRESH,Freshness lag,Timeliness,High,167.0,240.0,<=,PASS,0,Analytics Engineering
2026-04-19,RUN-20260419-COMMERCE_ORDERS,COMMERCE_ORDERS,DQ-RECON,Raw-to-dashboard variance,Reconciliation,Critical,0.000407,0.005,<=,PASS,0,Analytics Engineering
2026-04-19,RUN-20260419-CAMPAIGN_SPEND,CAMPAIGN_SPEND,DQ-UNIQUE,Business key uniqueness,Uniqueness,Critical,0.0,0.0,<=,PASS,0,Marketing Operations
2026-04-19,RUN-20260419-CAMPAIGN_SPEND,CAMPAIGN_SPEND,DQ-COMPLETE,Partition row coverage,Completeness,Critical,1.0,0.9,>=,PASS,0,Marketing Operations
2026-04-19,RUN-20260419-CAMPAIGN_SPEND,CAMPAIGN_SPEND,DQ-VALID,Required type validity,Validity,High,0.0,0.0,<=,PASS,0,Marketing Operations
2026-04-19,RUN-20260419-CAMPAIGN_SPEND,CAMPAIGN_SPEND,DQ-TAXONOMY,Unknown taxonomy rate,Consistency,High,0.0,0.01,<=,PASS,0,Marketing Operations
2026-04-19,RUN-20260419-CAMPAIGN_SPEND,CAMPAIGN_SPEND,DQ-FRESH,Freshness lag,Timeliness,High,102.0,240.0,<=,PASS,0,Marketing Operations
2026-04-19,RUN-20260419-CAMPAIGN_SPEND,CAMPAIGN_SPEND,DQ-RECON,Raw-to-dashboard variance,Reconciliation,Critical,0.001234,0.005,<=,PASS,0,Marketing Operations
2026-04-20,RUN-20260420-WEB_EVENTS,WEB_EVENTS,DQ-UNIQUE,Business key uniqueness,Uniqueness,Critical,0.0,0.0,<=,PASS,0,Web Analytics
2026-04-20,RUN-20260420-WEB_EVENTS,WEB_EVENTS,DQ-COMPLETE,Partition row coverage,Completeness,Critical,1.0,0.9,>=,PASS,0,Web Analytics
2026-04-20,RUN-20260420-WEB_EVENTS,WEB_EVENTS,DQ-VALID,Required type validity,Validity,High,0.0,0.0,<=,PASS,0,Web Analytics
2026-04-20,RUN-20260420-WEB_EVENTS,WEB_EVENTS,DQ-TAXONOMY,Unknown taxonomy rate,Consistency,High,0.0,0.01,<=,PASS,0,Web Analytics
2026-04-20,RUN-20260420-WEB_EVENTS,WEB_EVENTS,DQ-FRESH,Freshness lag,Timeliness,High,118.0,240.0,<=,PASS,0,Web Analytics
2026-04-20,RUN-20260420-WEB_EVENTS,WEB_EVENTS,DQ-RECON,Raw-to-dashboard variance,Reconciliation,Critical,0.001357,0.005,<=,PASS,0,Web Analytics
2026-04-20,RUN-20260420-CRM_LEADS,CRM_LEADS,DQ-UNIQUE,Business key uniqueness,Uniqueness,Critical,0.0,0.0,<=,PASS,0,Revenue Analytics
2026-04-20,RUN-20260420-CRM_LEADS,CRM_LEADS,DQ-COMPLETE,Partition row coverage,Completeness,Critical,1.0,0.9,>=,PASS,0,Revenue Analytics
2026-04-20,RUN-20260420-CRM_LEADS,CRM_LEADS,DQ-VALID,Required type validity,Validity,High,0.0,0.0,<=,PASS,0,Revenue Analytics
2026-04-20,RUN-20260420-CRM_LEADS,CRM_LEADS,DQ-TAXONOMY,Unknown taxonomy rate,Consistency,High,0.0,0.01,<=,PASS,0,Revenue Analytics
2026-04-20,RUN-20260420-CRM_LEADS,CRM_LEADS,DQ-FRESH,Freshness lag,Timeliness,High,119.0,240.0,<=,PASS,0,Revenue Analytics
2026-04-20,RUN-20260420-CRM_LEADS,CRM_LEADS,DQ-RECON,Raw-to-dashboard variance,Reconciliation,Critical,0.002036,0.005,<=,PASS,0,Revenue Analytics
2026-04-20,RUN-20260420-COMMERCE_ORDERS,COMMERCE_ORDERS,DQ-UNIQUE,Business key uniqueness,Uniqueness,Critical,0.0,0.0,<=,PASS,0,Analytics Engineering
2026-04-20,RUN-20260420-COMMERCE_ORDERS,COMMERCE_ORDERS,DQ-COMPLETE,Partition row coverage,Completeness,Critical,1.0,0.9,>=,PASS,0,Analytics Engineering
2026-04-20,RUN-20260420-COMMERCE_ORDERS,COMMERCE_ORDERS,DQ-VALID,Required type validity,Validity,High,0.0,0.0,<=,PASS,0,Analytics Engineering
2026-04-20,RUN-20260420-COMMERCE_ORDERS,COMMERCE_ORDERS,DQ-TAXONOMY,Unknown taxonomy rate,Consistency,High,0.0,0.01,<=,PASS,0,Analytics Engineering
2026-04-20,RUN-20260420-COMMERCE_ORDERS,COMMERCE_ORDERS,DQ-FRESH,Freshness lag,Timeliness,High,167.0,240.0,<=,PASS,0,Analytics Engineering
2026-04-20,RUN-20260420-COMMERCE_ORDERS,COMMERCE_ORDERS,DQ-RECON,Raw-to-dashboard variance,Reconciliation,Critical,0.002575,0.005,<=,PASS,0,Analytics Engineering
2026-04-20,RUN-20260420-CAMPAIGN_SPEND,CAMPAIGN_SPEND,DQ-UNIQUE,Business key uniqueness,Uniqueness,Critical,0.0,0.0,<=,PASS,0,Marketing Operations
2026-04-20,RUN-20260420-CAMPAIGN_SPEND,CAMPAIGN_SPEND,DQ-COMPLETE,Partition row coverage,Completeness,Critical,1.0,0.9,>=,PASS,0,Marketing Operations
2026-04-20,RUN-20260420-CAMPAIGN_SPEND,CAMPAIGN_SPEND,DQ-VALID,Required type validity,Validity,High,0.0,0.0,<=,PASS,0,Marketing Operations
2026-04-20,RUN-20260420-CAMPAIGN_SPEND,CAMPAIGN_SPEND,DQ-TAXONOMY,Unknown taxonomy rate,Consistency,High,0.0,0.01,<=,PASS,0,Marketing Operations
2026-04-20,RUN-20260420-CAMPAIGN_SPEND,CAMPAIGN_SPEND,DQ-FRESH,Freshness lag,Timeliness,High,98.0,240.0,<=,PASS,0,Marketing Operations
2026-04-20,RUN-20260420-CAMPAIGN_SPEND,CAMPAIGN_SPEND,DQ-RECON,Raw-to-dashboard variance,Reconciliation,Critical,0.00112,0.005,<=,PASS,0,Marketing Operations
2026-04-21,RUN-20260421-WEB_EVENTS,WEB_EVENTS,DQ-UNIQUE,Business key uniqueness,Uniqueness,Critical,0.0,0.0,<=,PASS,0,Web Analytics
2026-04-21,RUN-20260421-WEB_EVENTS,WEB_EVENTS,DQ-COMPLETE,Partition row coverage,Completeness,Critical,1.0,0.9,>=,PASS,0,Web Analytics
2026-04-21,RUN-20260421-WEB_EVENTS,WEB_EVENTS,DQ-VALID,Required type validity,Validity,High,0.0,0.0,<=,PASS,0,Web Analytics
2026-04-21,RUN-20260421-WEB_EVENTS,WEB_EVENTS,DQ-TAXONOMY,Unknown taxonomy rate,Consistency,High,0.0,0.01,<=,PASS,0,Web Analytics
2026-04-21,RUN-20260421-WEB_EVENTS,WEB_EVENTS,DQ-FRESH,Freshness lag,Timeliness,High,184.0,240.0,<=,PASS,0,Web Analytics
2026-04-21,RUN-20260421-WEB_EVENTS,WEB_EVENTS,DQ-RECON,Raw-to-dashboard variance,Reconciliation,Critical,0.002517,0.005,<=,PASS,0,Web Analytics
2026-04-21,RUN-20260421-CRM_LEADS,CRM_LEADS,DQ-UNIQUE,Business key uniqueness,Uniqueness,Critical,0.0,0.0,<=,PASS,0,Revenue Analytics
2026-04-21,RUN-20260421-CRM_LEADS,CRM_LEADS,DQ-COMPLETE,Partition row coverage,Completeness,Critical,1.0,0.9,>=,PASS,0,Revenue Analytics
2026-04-21,RUN-20260421-CRM_LEADS,CRM_LEADS,DQ-VALID,Required type validity,Validity,High,0.0,0.0,<=,PASS,0,Revenue Analytics
2026-04-21,RUN-20260421-CRM_LEADS,CRM_LEADS,DQ-TAXONOMY,Unknown taxonomy rate,Consistency,High,0.0,0.01,<=,PASS,0,Revenue Analytics
2026-04-21,RUN-20260421-CRM_LEADS,CRM_LEADS,DQ-FRESH,Freshness lag,Timeliness,High,131.0,240.0,<=,PASS,0,Revenue Analytics
2026-04-21,RUN-20260421-CRM_LEADS,CRM_LEADS,DQ-RECON,Raw-to-dashboard variance,Reconciliation,Critical,0.003178,0.005,<=,PASS,0,Revenue Analytics
2026-04-21,RUN-20260421-COMMERCE_ORDERS,COMMERCE_ORDERS,DQ-UNIQUE,Business key uniqueness,Uniqueness,Critical,0.0,0.0,<=,PASS,0,Analytics Engineering
2026-04-21,RUN-20260421-COMMERCE_ORDERS,COMMERCE_ORDERS,DQ-COMPLETE,Partition row coverage,Completeness,Critical,1.0,0.9,>=,PASS,0,Analytics Engineering
2026-04-21,RUN-20260421-COMMERCE_ORDERS,COMMERCE_ORDERS,DQ-VALID,Required type validity,Validity,High,0.0,0.0,<=,PASS,0,Analytics Engineering
2026-04-21,RUN-20260421-COMMERCE_ORDERS,COMMERCE_ORDERS,DQ-TAXONOMY,Unknown taxonomy rate,Consistency,High,0.0,0.01,<=,PASS,0,Analytics Engineering
2026-04-21,RUN-20260421-COMMERCE_ORDERS,COMMERCE_ORDERS,DQ-FRESH,Freshness lag,Timeliness,High,108.0,240.0,<=,PASS,0,Analytics Engineering
2026-04-21,RUN-20260421-COMMERCE_ORDERS,COMMERCE_ORDERS,DQ-RECON,Raw-to-dashboard variance,Reconciliation,Critical,0.000426,0.005,<=,PASS,0,Analytics Engineering
2026-04-21,RUN-20260421-CAMPAIGN_SPEND,CAMPAIGN_SPEND,DQ-UNIQUE,Business key uniqueness,Uniqueness,Critical,0.0,0.0,<=,PASS,0,Marketing Operations
2026-04-21,RUN-20260421-CAMPAIGN_SPEND,CAMPAIGN_SPEND,DQ-COMPLETE,Partition row coverage,Completeness,Critical,1.0,0.9,>=,PASS,0,Marketing Operations
2026-04-21,RUN-20260421-CAMPAIGN_SPEND,CAMPAIGN_SPEND,DQ-VALID,Required type validity,Validity,High,0.0,0.0,<=,PASS,0,Marketing Operations
2026-04-21,RUN-20260421-CAMPAIGN_SPEND,CAMPAIGN_SPEND,DQ-TAXONOMY,Unknown taxonomy rate,Consistency,High,0.0,0.01,<=,PASS,0,Marketing Operations
2026-04-21,RUN-20260421-CAMPAIGN_SPEND,CAMPAIGN_SPEND,DQ-FRESH,Freshness lag,Timeliness,High,68.0,240.0,<=,PASS,0,Marketing Operations
2026-04-21,RUN-20260421-CAMPAIGN_SPEND,CAMPAIGN_SPEND,DQ-RECON,Raw-to-dashboard variance,Reconciliation,Critical,0.000915,0.005,<=,PASS,0,Marketing Operations
2026-04-22,RUN-20260422-WEB_EVENTS,WEB_EVENTS,DQ-UNIQUE,Business key uniqueness,Uniqueness,Critical,0.0,0.0,<=,PASS,0,Web Analytics
2026-04-22,RUN-20260422-WEB_EVENTS,WEB_EVENTS,DQ-COMPLETE,Partition row coverage,Completeness,Critical,1.0,0.9,>=,PASS,0,Web Analytics
2026-04-22,RUN-20260422-WEB_EVENTS,WEB_EVENTS,DQ-VALID,Required type validity,Validity,High,0.0,0.0,<=,PASS,0,Web Analytics
2026-04-22,RUN-20260422-WEB_EVENTS,WEB_EVENTS,DQ-TAXONOMY,Unknown taxonomy rate,Consistency,High,0.0,0.01,<=,PASS,0,Web Analytics
2026-04-22,RUN-20260422-WEB_EVENTS,WEB_EVENTS,DQ-FRESH,Freshness lag,Timeliness,High,117.0,240.0,<=,PASS,0,Web Analytics
2026-04-22,RUN-20260422-WEB_EVENTS,WEB_EVENTS,DQ-RECON,Raw-to-dashboard variance,Reconciliation,Critical,0.002132,0.005,<=,PASS,0,Web Analytics
2026-04-22,RUN-20260422-CRM_LEADS,CRM_LEADS,DQ-UNIQUE,Business key uniqueness,Uniqueness,Critical,0.0,0.0,<=,PASS,0,Revenue Analytics
2026-04-22,RUN-20260422-CRM_LEADS,CRM_LEADS,DQ-COMPLETE,Partition row coverage,Completeness,Critical,1.0,0.9,>=,PASS,0,Revenue Analytics
2026-04-22,RUN-20260422-CRM_LEADS,CRM_LEADS,DQ-VALID,Required type validity,Validity,High,0.0,0.0,<=,PASS,0,Revenue Analytics
2026-04-22,RUN-20260422-CRM_LEADS,CRM_LEADS,DQ-TAXONOMY,Unknown taxonomy rate,Consistency,High,0.0,0.01,<=,PASS,0,Revenue Analytics
2026-04-22,RUN-20260422-CRM_LEADS,CRM_LEADS,DQ-FRESH,Freshness lag,Timeliness,High,86.0,240.0,<=,PASS,0,Revenue Analytics
2026-04-22,RUN-20260422-CRM_LEADS,CRM_LEADS,DQ-RECON,Raw-to-dashboard variance,Reconciliation,Critical,0.001693,0.005,<=,PASS,0,Revenue Analytics
2026-04-22,RUN-20260422-COMMERCE_ORDERS,COMMERCE_ORDERS,DQ-UNIQUE,Business key uniqueness,Uniqueness,Critical,0.0,0.0,<=,PASS,0,Analytics Engineering
2026-04-22,RUN-20260422-COMMERCE_ORDERS,COMMERCE_ORDERS,DQ-COMPLETE,Partition row coverage,Completeness,Critical,1.0,0.9,>=,PASS,0,Analytics Engineering
2026-04-22,RUN-20260422-COMMERCE_ORDERS,COMMERCE_ORDERS,DQ-VALID,Required type validity,Validity,High,0.0,0.0,<=,PASS,0,Analytics Engineering
2026-04-22,RUN-20260422-COMMERCE_ORDERS,COMMERCE_ORDERS,DQ-TAXONOMY,Unknown taxonomy rate,Consistency,High,0.0,0.01,<=,PASS,0,Analytics Engineering
2026-04-22,RUN-20260422-COMMERCE_ORDERS,COMMERCE_ORDERS,DQ-FRESH,Freshness lag,Timeliness,High,104.0,240.0,<=,PASS,0,Analytics Engineering
2026-04-22,RUN-20260422-COMMERCE_ORDERS,COMMERCE_ORDERS,DQ-RECON,Raw-to-dashboard variance,Reconciliation,Critical,0.002434,0.005,<=,PASS,0,Analytics Engineering
2026-04-22,RUN-20260422-CAMPAIGN_SPEND,CAMPAIGN_SPEND,DQ-UNIQUE,Business key uniqueness,Uniqueness,Critical,0.0,0.0,<=,PASS,0,Marketing Operations
2026-04-22,RUN-20260422-CAMPAIGN_SPEND,CAMPAIGN_SPEND,DQ-COMPLETE,Partition row coverage,Completeness,Critical,1.0,0.9,>=,PASS,0,Marketing Operations
2026-04-22,RUN-20260422-CAMPAIGN_SPEND,CAMPAIGN_SPEND,DQ-VALID,Required type validity,Validity,High,0.0,0.0,<=,PASS,0,Marketing Operations
2026-04-22,RUN-20260422-CAMPAIGN_SPEND,CAMPAIGN_SPEND,DQ-TAXONOMY,Unknown taxonomy rate,Consistency,High,0.0,0.01,<=,PASS,0,Marketing Operations
2026-04-22,RUN-20260422-CAMPAIGN_SPEND,CAMPAIGN_SPEND,DQ-FRESH,Freshness lag,Timeliness,High,177.0,240.0,<=,PASS,0,Marketing Operations
2026-04-22,RUN-20260422-CAMPAIGN_SPEND,CAMPAIGN_SPEND,DQ-RECON,Raw-to-dashboard variance,Reconciliation,Critical,0.001378,0.005,<=,PASS,0,Marketing Operations
2026-04-23,RUN-20260423-WEB_EVENTS,WEB_EVENTS,DQ-UNIQUE,Business key uniqueness,Uniqueness,Critical,0.0,0.0,<=,PASS,0,Web Analytics
2026-04-23,RUN-20260423-WEB_EVENTS,WEB_EVENTS,DQ-COMPLETE,Partition row coverage,Completeness,Critical,1.0,0.9,>=,PASS,0,Web Analytics
2026-04-23,RUN-20260423-WEB_EVENTS,WEB_EVENTS,DQ-VALID,Required type validity,Validity,High,0.0,0.0,<=,PASS,0,Web Analytics
2026-04-23,RUN-20260423-WEB_EVENTS,WEB_EVENTS,DQ-TAXONOMY,Unknown taxonomy rate,Consistency,High,0.0,0.01,<=,PASS,0,Web Analytics
2026-04-23,RUN-20260423-WEB_EVENTS,WEB_EVENTS,DQ-FRESH,Freshness lag,Timeliness,High,110.0,240.0,<=,PASS,0,Web Analytics
2026-04-23,RUN-20260423-WEB_EVENTS,WEB_EVENTS,DQ-RECON,Raw-to-dashboard variance,Reconciliation,Critical,0.001527,0.005,<=,PASS,0,Web Analytics
2026-04-23,RUN-20260423-CRM_LEADS,CRM_LEADS,DQ-UNIQUE,Business key uniqueness,Uniqueness,Critical,0.0,0.0,<=,PASS,0,Revenue Analytics
2026-04-23,RUN-20260423-CRM_LEADS,CRM_LEADS,DQ-COMPLETE,Partition row coverage,Completeness,Critical,1.0,0.9,>=,PASS,0,Revenue Analytics
2026-04-23,RUN-20260423-CRM_LEADS,CRM_LEADS,DQ-VALID,Required type validity,Validity,High,0.0,0.0,<=,PASS,0,Revenue Analytics
2026-04-23,RUN-20260423-CRM_LEADS,CRM_LEADS,DQ-TAXONOMY,Unknown taxonomy rate,Consistency,High,0.0,0.01,<=,PASS,0,Revenue Analytics
2026-04-23,RUN-20260423-CRM_LEADS,CRM_LEADS,DQ-FRESH,Freshness lag,Timeliness,High,68.0,240.0,<=,PASS,0,Revenue Analytics
2026-04-23,RUN-20260423-CRM_LEADS,CRM_LEADS,DQ-RECON,Raw-to-dashboard variance,Reconciliation,Critical,0.001561,0.005,<=,PASS,0,Revenue Analytics
2026-04-23,RUN-20260423-COMMERCE_ORDERS,COMMERCE_ORDERS,DQ-UNIQUE,Business key uniqueness,Uniqueness,Critical,0.0,0.0,<=,PASS,0,Analytics Engineering
2026-04-23,RUN-20260423-COMMERCE_ORDERS,COMMERCE_ORDERS,DQ-COMPLETE,Partition row coverage,Completeness,Critical,1.0,0.9,>=,PASS,0,Analytics Engineering
2026-04-23,RUN-20260423-COMMERCE_ORDERS,COMMERCE_ORDERS,DQ-VALID,Required type validity,Validity,High,0.0,0.0,<=,PASS,0,Analytics Engineering
2026-04-23,RUN-20260423-COMMERCE_ORDERS,COMMERCE_ORDERS,DQ-TAXONOMY,Unknown taxonomy rate,Consistency,High,0.0,0.01,<=,PASS,0,Analytics Engineering
2026-04-23,RUN-20260423-COMMERCE_ORDERS,COMMERCE_ORDERS,DQ-FRESH,Freshness lag,Timeliness,High,91.0,240.0,<=,PASS,0,Analytics Engineering
2026-04-23,RUN-20260423-COMMERCE_ORDERS,COMMERCE_ORDERS,DQ-RECON,Raw-to-dashboard variance,Reconciliation,Critical,0.000647,0.005,<=,PASS,0,Analytics Engineering
2026-04-23,RUN-20260423-CAMPAIGN_SPEND,CAMPAIGN_SPEND,DQ-UNIQUE,Business key uniqueness,Uniqueness,Critical,0.0,0.0,<=,PASS,0,Marketing Operations
2026-04-23,RUN-20260423-CAMPAIGN_SPEND,CAMPAIGN_SPEND,DQ-COMPLETE,Partition row coverage,Completeness,Critical,1.0,0.9,>=,PASS,0,Marketing Operations
2026-04-23,RUN-20260423-CAMPAIGN_SPEND,CAMPAIGN_SPEND,DQ-VALID,Required type validity,Validity,High,0.0,0.0,<=,PASS,0,Marketing Operations
2026-04-23,RUN-20260423-CAMPAIGN_SPEND,CAMPAIGN_SPEND,DQ-TAXONOMY,Unknown taxonomy rate,Consistency,High,0.0,0.01,<=,PASS,0,Marketing Operations
2026-04-23,RUN-20260423-CAMPAIGN_SPEND,CAMPAIGN_SPEND,DQ-FRESH,Freshness lag,Timeliness,High,157.0,240.0,<=,PASS,0,Marketing Operations
2026-04-23,RUN-20260423-CAMPAIGN_SPEND,CAMPAIGN_SPEND,DQ-RECON,Raw-to-dashboard variance,Reconciliation,Critical,0.001049,0.005,<=,PASS,0,Marketing Operations
2026-04-24,RUN-20260424-WEB_EVENTS,WEB_EVENTS,DQ-UNIQUE,Business key uniqueness,Uniqueness,Critical,0.0,0.0,<=,PASS,0,Web Analytics
2026-04-24,RUN-20260424-WEB_EVENTS,WEB_EVENTS,DQ-COMPLETE,Partition row coverage,Completeness,Critical,1.0,0.9,>=,PASS,0,Web Analytics
2026-04-24,RUN-20260424-WEB_EVENTS,WEB_EVENTS,DQ-VALID,Required type validity,Validity,High,0.0,0.0,<=,PASS,0,Web Analytics
2026-04-24,RUN-20260424-WEB_EVENTS,WEB_EVENTS,DQ-TAXONOMY,Unknown taxonomy rate,Consistency,High,0.0,0.01,<=,PASS,0,Web Analytics
2026-04-24,RUN-20260424-WEB_EVENTS,WEB_EVENTS,DQ-FRESH,Freshness lag,Timeliness,High,76.0,240.0,<=,PASS,0,Web Analytics
2026-04-24,RUN-20260424-WEB_EVENTS,WEB_EVENTS,DQ-RECON,Raw-to-dashboard variance,Reconciliation,Critical,0.001399,0.005,<=,PASS,0,Web Analytics
2026-04-24,RUN-20260424-CRM_LEADS,CRM_LEADS,DQ-UNIQUE,Business key uniqueness,Uniqueness,Critical,0.0,0.0,<=,PASS,0,Revenue Analytics
2026-04-24,RUN-20260424-CRM_LEADS,CRM_LEADS,DQ-COMPLETE,Partition row coverage,Completeness,Critical,1.0,0.9,>=,PASS,0,Revenue Analytics
2026-04-24,RUN-20260424-CRM_LEADS,CRM_LEADS,DQ-VALID,Required type validity,Validity,High,0.0,0.0,<=,PASS,0,Revenue Analytics
2026-04-24,RUN-20260424-CRM_LEADS,CRM_LEADS,DQ-TAXONOMY,Unknown taxonomy rate,Consistency,High,0.0,0.01,<=,PASS,0,Revenue Analytics
2026-04-24,RUN-20260424-CRM_LEADS,CRM_LEADS,DQ-FRESH,Freshness lag,Timeliness,High,74.0,240.0,<=,PASS,0,Revenue Analytics
2026-04-24,RUN-20260424-CRM_LEADS,CRM_LEADS,DQ-RECON,Raw-to-dashboard variance,Reconciliation,Critical,0.001242,0.005,<=,PASS,0,Revenue Analytics
2026-04-24,RUN-20260424-COMMERCE_ORDERS,COMMERCE_ORDERS,DQ-UNIQUE,Business key uniqueness,Uniqueness,Critical,0.0,0.0,<=,PASS,0,Analytics Engineering
2026-04-24,RUN-20260424-COMMERCE_ORDERS,COMMERCE_ORDERS,DQ-COMPLETE,Partition row coverage,Completeness,Critical,1.0,0.9,>=,PASS,0,Analytics Engineering
2026-04-24,RUN-20260424-COMMERCE_ORDERS,COMMERCE_ORDERS,DQ-VALID,Required type validity,Validity,High,0.0,0.0,<=,PASS,0,Analytics Engineering
2026-04-24,RUN-20260424-COMMERCE_ORDERS,COMMERCE_ORDERS,DQ-TAXONOMY,Unknown taxonomy rate,Consistency,High,0.0,0.01,<=,PASS,0,Analytics Engineering
2026-04-24,RUN-20260424-COMMERCE_ORDERS,COMMERCE_ORDERS,DQ-FRESH,Freshness lag,Timeliness,High,86.0,240.0,<=,PASS,0,Analytics Engineering
2026-04-24,RUN-20260424-COMMERCE_ORDERS,COMMERCE_ORDERS,DQ-RECON,Raw-to-dashboard variance,Reconciliation,Critical,0.002904,0.005,<=,PASS,0,Analytics Engineering
2026-04-24,RUN-20260424-CAMPAIGN_SPEND,CAMPAIGN_SPEND,DQ-UNIQUE,Business key uniqueness,Uniqueness,Critical,0.0,0.0,<=,PASS,0,Marketing Operations
2026-04-24,RUN-20260424-CAMPAIGN_SPEND,CAMPAIGN_SPEND,DQ-COMPLETE,Partition row coverage,Completeness,Critical,1.0,0.9,>=,PASS,0,Marketing Operations
2026-04-24,RUN-20260424-CAMPAIGN_SPEND,CAMPAIGN_SPEND,DQ-VALID,Required type validity,Validity,High,0.0,0.0,<=,PASS,0,Marketing Operations
2026-04-24,RUN-20260424-CAMPAIGN_SPEND,CAMPAIGN_SPEND,DQ-TAXONOMY,Unknown taxonomy rate,Consistency,High,0.0,0.01,<=,PASS,0,Marketing Operations
2026-04-24,RUN-20260424-CAMPAIGN_SPEND,CAMPAIGN_SPEND,DQ-FRESH,Freshness lag,Timeliness,High,183.0,240.0,<=,PASS,0,Marketing Operations
2026-04-24,RUN-20260424-CAMPAIGN_SPEND,CAMPAIGN_SPEND,DQ-RECON,Raw-to-dashboard variance,Reconciliation,Critical,0.002068,0.005,<=,PASS,0,Marketing Operations
2026-04-25,RUN-20260425-WEB_EVENTS,WEB_EVENTS,DQ-UNIQUE,Business key uniqueness,Uniqueness,Critical,0.0,0.0,<=,PASS,0,Web Analytics
2026-04-25,RUN-20260425-WEB_EVENTS,WEB_EVENTS,DQ-COMPLETE,Partition row coverage,Completeness,Critical,1.0,0.9,>=,PASS,0,Web Analytics
2026-04-25,RUN-20260425-WEB_EVENTS,WEB_EVENTS,DQ-VALID,Required type validity,Validity,High,0.0,0.0,<=,PASS,0,Web Analytics
2026-04-25,RUN-20260425-WEB_EVENTS,WEB_EVENTS,DQ-TAXONOMY,Unknown taxonomy rate,Consistency,High,0.0,0.01,<=,PASS,0,Web Analytics
2026-04-25,RUN-20260425-WEB_EVENTS,WEB_EVENTS,DQ-FRESH,Freshness lag,Timeliness,High,126.0,240.0,<=,PASS,0,Web Analytics
2026-04-25,RUN-20260425-WEB_EVENTS,WEB_EVENTS,DQ-RECON,Raw-to-dashboard variance,Reconciliation,Critical,0.00079,0.005,<=,PASS,0,Web Analytics
2026-04-25,RUN-20260425-CRM_LEADS,CRM_LEADS,DQ-UNIQUE,Business key uniqueness,Uniqueness,Critical,0.0,0.0,<=,PASS,0,Revenue Analytics
2026-04-25,RUN-20260425-CRM_LEADS,CRM_LEADS,DQ-COMPLETE,Partition row coverage,Completeness,Critical,1.0,0.9,>=,PASS,0,Revenue Analytics
2026-04-25,RUN-20260425-CRM_LEADS,CRM_LEADS,DQ-VALID,Required type validity,Validity,High,0.0,0.0,<=,PASS,0,Revenue Analytics
2026-04-25,RUN-20260425-CRM_LEADS,CRM_LEADS,DQ-TAXONOMY,Unknown taxonomy rate,Consistency,High,0.0,0.01,<=,PASS,0,Revenue Analytics
2026-04-25,RUN-20260425-CRM_LEADS,CRM_LEADS,DQ-FRESH,Freshness lag,Timeliness,High,153.0,240.0,<=,PASS,0,Revenue Analytics
2026-04-25,RUN-20260425-CRM_LEADS,CRM_LEADS,DQ-RECON,Raw-to-dashboard variance,Reconciliation,Critical,0.003078,0.005,<=,PASS,0,Revenue Analytics
2026-04-25,RUN-20260425-COMMERCE_ORDERS,COMMERCE_ORDERS,DQ-UNIQUE,Business key uniqueness,Uniqueness,Critical,0.0,0.0,<=,PASS,0,Analytics Engineering
2026-04-25,RUN-20260425-COMMERCE_ORDERS,COMMERCE_ORDERS,DQ-COMPLETE,Partition row coverage,Completeness,Critical,1.0,0.9,>=,PASS,0,Analytics Engineering
2026-04-25,RUN-20260425-COMMERCE_ORDERS,COMMERCE_ORDERS,DQ-VALID,Required type validity,Validity,High,0.0,0.0,<=,PASS,0,Analytics Engineering
2026-04-25,RUN-20260425-COMMERCE_ORDERS,COMMERCE_ORDERS,DQ-TAXONOMY,Unknown taxonomy rate,Consistency,High,0.0,0.01,<=,PASS,0,Analytics Engineering
2026-04-25,RUN-20260425-COMMERCE_ORDERS,COMMERCE_ORDERS,DQ-FRESH,Freshness lag,Timeliness,High,63.0,240.0,<=,PASS,0,Analytics Engineering
2026-04-25,RUN-20260425-COMMERCE_ORDERS,COMMERCE_ORDERS,DQ-RECON,Raw-to-dashboard variance,Reconciliation,Critical,0.000591,0.005,<=,PASS,0,Analytics Engineering
2026-04-25,RUN-20260425-CAMPAIGN_SPEND,CAMPAIGN_SPEND,DQ-UNIQUE,Business key uniqueness,Uniqueness,Critical,0.0,0.0,<=,PASS,0,Marketing Operations
2026-04-25,RUN-20260425-CAMPAIGN_SPEND,CAMPAIGN_SPEND,DQ-COMPLETE,Partition row coverage,Completeness,Critical,1.0,0.9,>=,PASS,0,Marketing Operations
2026-04-25,RUN-20260425-CAMPAIGN_SPEND,CAMPAIGN_SPEND,DQ-VALID,Required type validity,Validity,High,0.0,0.0,<=,PASS,0,Marketing Operations
2026-04-25,RUN-20260425-CAMPAIGN_SPEND,CAMPAIGN_SPEND,DQ-TAXONOMY,Unknown taxonomy rate,Consistency,High,0.0,0.01,<=,PASS,0,Marketing Operations
2026-04-25,RUN-20260425-CAMPAIGN_SPEND,CAMPAIGN_SPEND,DQ-FRESH,Freshness lag,Timeliness,High,174.0,240.0,<=,PASS,0,Marketing Operations
2026-04-25,RUN-20260425-CAMPAIGN_SPEND,CAMPAIGN_SPEND,DQ-RECON,Raw-to-dashboard variance,Reconciliation,Critical,0.002137,0.005,<=,PASS,0,Marketing Operations
2026-04-26,RUN-20260426-WEB_EVENTS,WEB_EVENTS,DQ-UNIQUE,Business key uniqueness,Uniqueness,Critical,0.0,0.0,<=,PASS,0,Web Analytics
2026-04-26,RUN-20260426-WEB_EVENTS,WEB_EVENTS,DQ-COMPLETE,Partition row coverage,Completeness,Critical,1.0,0.9,>=,PASS,0,Web Analytics
2026-04-26,RUN-20260426-WEB_EVENTS,WEB_EVENTS,DQ-VALID,Required type validity,Validity,High,0.0,0.0,<=,PASS,0,Web Analytics
2026-04-26,RUN-20260426-WEB_EVENTS,WEB_EVENTS,DQ-TAXONOMY,Unknown taxonomy rate,Consistency,High,0.0,0.01,<=,PASS,0,Web Analytics
2026-04-26,RUN-20260426-WEB_EVENTS,WEB_EVENTS,DQ-FRESH,Freshness lag,Timeliness,High,113.0,240.0,<=,PASS,0,Web Analytics
2026-04-26,RUN-20260426-WEB_EVENTS,WEB_EVENTS,DQ-RECON,Raw-to-dashboard variance,Reconciliation,Critical,0.000466,0.005,<=,PASS,0,Web Analytics
2026-04-26,RUN-20260426-CRM_LEADS,CRM_LEADS,DQ-UNIQUE,Business key uniqueness,Uniqueness,Critical,0.0,0.0,<=,PASS,0,Revenue Analytics
2026-04-26,RUN-20260426-CRM_LEADS,CRM_LEADS,DQ-COMPLETE,Partition row coverage,Completeness,Critical,1.0,0.9,>=,PASS,0,Revenue Analytics
2026-04-26,RUN-20260426-CRM_LEADS,CRM_LEADS,DQ-VALID,Required type validity,Validity,High,0.0,0.0,<=,PASS,0,Revenue Analytics
2026-04-26,RUN-20260426-CRM_LEADS,CRM_LEADS,DQ-TAXONOMY,Unknown taxonomy rate,Consistency,High,0.0,0.01,<=,PASS,0,Revenue Analytics
2026-04-26,RUN-20260426-CRM_LEADS,CRM_LEADS,DQ-FRESH,Freshness lag,Timeliness,High,154.0,240.0,<=,PASS,0,Revenue Analytics
2026-04-26,RUN-20260426-CRM_LEADS,CRM_LEADS,DQ-RECON,Raw-to-dashboard variance,Reconciliation,Critical,0.00259,0.005,<=,PASS,0,Revenue Analytics
2026-04-26,RUN-20260426-COMMERCE_ORDERS,COMMERCE_ORDERS,DQ-UNIQUE,Business key uniqueness,Uniqueness,Critical,0.0,0.0,<=,PASS,0,Analytics Engineering
2026-04-26,RUN-20260426-COMMERCE_ORDERS,COMMERCE_ORDERS,DQ-COMPLETE,Partition row coverage,Completeness,Critical,1.0,0.9,>=,PASS,0,Analytics Engineering
2026-04-26,RUN-20260426-COMMERCE_ORDERS,COMMERCE_ORDERS,DQ-VALID,Required type validity,Validity,High,0.0,0.0,<=,PASS,0,Analytics Engineering
2026-04-26,RUN-20260426-COMMERCE_ORDERS,COMMERCE_ORDERS,DQ-TAXONOMY,Unknown taxonomy rate,Consistency,High,0.0,0.01,<=,PASS,0,Analytics Engineering
2026-04-26,RUN-20260426-COMMERCE_ORDERS,COMMERCE_ORDERS,DQ-FRESH,Freshness lag,Timeliness,High,61.0,240.0,<=,PASS,0,Analytics Engineering
2026-04-26,RUN-20260426-COMMERCE_ORDERS,COMMERCE_ORDERS,DQ-RECON,Raw-to-dashboard variance,Reconciliation,Critical,0.002555,0.005,<=,PASS,0,Analytics Engineering
2026-04-26,RUN-20260426-CAMPAIGN_SPEND,CAMPAIGN_SPEND,DQ-UNIQUE,Business key uniqueness,Uniqueness,Critical,0.0,0.0,<=,PASS,0,Marketing Operations
2026-04-26,RUN-20260426-CAMPAIGN_SPEND,CAMPAIGN_SPEND,DQ-COMPLETE,Partition row coverage,Completeness,Critical,1.0,0.9,>=,PASS,0,Marketing Operations
2026-04-26,RUN-20260426-CAMPAIGN_SPEND,CAMPAIGN_SPEND,DQ-VALID,Required type validity,Validity,High,0.0,0.0,<=,PASS,0,Marketing Operations
2026-04-26,RUN-20260426-CAMPAIGN_SPEND,CAMPAIGN_SPEND,DQ-TAXONOMY,Unknown taxonomy rate,Consistency,High,0.0,0.01,<=,PASS,0,Marketing Operations
2026-04-26,RUN-20260426-CAMPAIGN_SPEND,CAMPAIGN_SPEND,DQ-FRESH,Freshness lag,Timeliness,High,138.0,240.0,<=,PASS,0,Marketing Operations
2026-04-26,RUN-20260426-CAMPAIGN_SPEND,CAMPAIGN_SPEND,DQ-RECON,Raw-to-dashboard variance,Reconciliation,Critical,0.002345,0.005,<=,PASS,0,Marketing Operations
2026-04-27,RUN-20260427-WEB_EVENTS,WEB_EVENTS,DQ-UNIQUE,Business key uniqueness,Uniqueness,Critical,0.0,0.0,<=,PASS,0,Web Analytics
2026-04-27,RUN-20260427-WEB_EVENTS,WEB_EVENTS,DQ-COMPLETE,Partition row coverage,Completeness,Critical,1.0,0.9,>=,PASS,0,Web Analytics
2026-04-27,RUN-20260427-WEB_EVENTS,WEB_EVENTS,DQ-VALID,Required type validity,Validity,High,0.0,0.0,<=,PASS,0,Web Analytics
2026-04-27,RUN-20260427-WEB_EVENTS,WEB_EVENTS,DQ-TAXONOMY,Unknown taxonomy rate,Consistency,High,0.0,0.01,<=,PASS,0,Web Analytics
2026-04-27,RUN-20260427-WEB_EVENTS,WEB_EVENTS,DQ-FRESH,Freshness lag,Timeliness,High,169.0,240.0,<=,PASS,0,Web Analytics
2026-04-27,RUN-20260427-WEB_EVENTS,WEB_EVENTS,DQ-RECON,Raw-to-dashboard variance,Reconciliation,Critical,0.000668,0.005,<=,PASS,0,Web Analytics
2026-04-27,RUN-20260427-CRM_LEADS,CRM_LEADS,DQ-UNIQUE,Business key uniqueness,Uniqueness,Critical,0.0,0.0,<=,PASS,0,Revenue Analytics
2026-04-27,RUN-20260427-CRM_LEADS,CRM_LEADS,DQ-COMPLETE,Partition row coverage,Completeness,Critical,1.0,0.9,>=,PASS,0,Revenue Analytics
2026-04-27,RUN-20260427-CRM_LEADS,CRM_LEADS,DQ-VALID,Required type validity,Validity,High,0.0,0.0,<=,PASS,0,Revenue Analytics
2026-04-27,RUN-20260427-CRM_LEADS,CRM_LEADS,DQ-TAXONOMY,Unknown taxonomy rate,Consistency,High,0.0,0.01,<=,PASS,0,Revenue Analytics
2026-04-27,RUN-20260427-CRM_LEADS,CRM_LEADS,DQ-FRESH,Freshness lag,Timeliness,High,128.0,240.0,<=,PASS,0,Revenue Analytics
2026-04-27,RUN-20260427-CRM_LEADS,CRM_LEADS,DQ-RECON,Raw-to-dashboard variance,Reconciliation,Critical,0.001427,0.005,<=,PASS,0,Revenue Analytics
2026-04-27,RUN-20260427-COMMERCE_ORDERS,COMMERCE_ORDERS,DQ-UNIQUE,Business key uniqueness,Uniqueness,Critical,0.0,0.0,<=,PASS,0,Analytics Engineering
2026-04-27,RUN-20260427-COMMERCE_ORDERS,COMMERCE_ORDERS,DQ-COMPLETE,Partition row coverage,Completeness,Critical,1.0,0.9,>=,PASS,0,Analytics Engineering
2026-04-27,RUN-20260427-COMMERCE_ORDERS,COMMERCE_ORDERS,DQ-VALID,Required type validity,Validity,High,0.0,0.0,<=,PASS,0,Analytics Engineering
2026-04-27,RUN-20260427-COMMERCE_ORDERS,COMMERCE_ORDERS,DQ-TAXONOMY,Unknown taxonomy rate,Consistency,High,0.0,0.01,<=,PASS,0,Analytics Engineering
2026-04-27,RUN-20260427-COMMERCE_ORDERS,COMMERCE_ORDERS,DQ-FRESH,Freshness lag,Timeliness,High,166.0,240.0,<=,PASS,0,Analytics Engineering
2026-04-27,RUN-20260427-COMMERCE_ORDERS,COMMERCE_ORDERS,DQ-RECON,Raw-to-dashboard variance,Reconciliation,Critical,0.002796,0.005,<=,PASS,0,Analytics Engineering
2026-04-27,RUN-20260427-CAMPAIGN_SPEND,CAMPAIGN_SPEND,DQ-UNIQUE,Business key uniqueness,Uniqueness,Critical,0.0,0.0,<=,PASS,0,Marketing Operations
2026-04-27,RUN-20260427-CAMPAIGN_SPEND,CAMPAIGN_SPEND,DQ-COMPLETE,Partition row coverage,Completeness,Critical,1.0,0.9,>=,PASS,0,Marketing Operations
2026-04-27,RUN-20260427-CAMPAIGN_SPEND,CAMPAIGN_SPEND,DQ-VALID,Required type validity,Validity,High,0.0,0.0,<=,PASS,0,Marketing Operations
2026-04-27,RUN-20260427-CAMPAIGN_SPEND,CAMPAIGN_SPEND,DQ-TAXONOMY,Unknown taxonomy rate,Consistency,High,0.0,0.01,<=,PASS,0,Marketing Operations
2026-04-27,RUN-20260427-CAMPAIGN_SPEND,CAMPAIGN_SPEND,DQ-FRESH,Freshness lag,Timeliness,High,152.0,240.0,<=,PASS,0,Marketing Operations
2026-04-27,RUN-20260427-CAMPAIGN_SPEND,CAMPAIGN_SPEND,DQ-RECON,Raw-to-dashboard variance,Reconciliation,Critical,0.00166,0.005,<=,PASS,0,Marketing Operations
2026-04-28,RUN-20260428-WEB_EVENTS,WEB_EVENTS,DQ-UNIQUE,Business key uniqueness,Uniqueness,Critical,0.0,0.0,<=,PASS,0,Web Analytics
2026-04-28,RUN-20260428-WEB_EVENTS,WEB_EVENTS,DQ-COMPLETE,Partition row coverage,Completeness,Critical,1.0,0.9,>=,PASS,0,Web Analytics
2026-04-28,RUN-20260428-WEB_EVENTS,WEB_EVENTS,DQ-VALID,Required type validity,Validity,High,0.0,0.0,<=,PASS,0,Web Analytics
2026-04-28,RUN-20260428-WEB_EVENTS,WEB_EVENTS,DQ-TAXONOMY,Unknown taxonomy rate,Consistency,High,0.0,0.01,<=,PASS,0,Web Analytics
2026-04-28,RUN-20260428-WEB_EVENTS,WEB_EVENTS,DQ-FRESH,Freshness lag,Timeliness,High,75.0,240.0,<=,PASS,0,Web Analytics
2026-04-28,RUN-20260428-WEB_EVENTS,WEB_EVENTS,DQ-RECON,Raw-to-dashboard variance,Reconciliation,Critical,0.002324,0.005,<=,PASS,0,Web Analytics
2026-04-28,RUN-20260428-CRM_LEADS,CRM_LEADS,DQ-UNIQUE,Business key uniqueness,Uniqueness,Critical,0.0,0.0,<=,PASS,0,Revenue Analytics
2026-04-28,RUN-20260428-CRM_LEADS,CRM_LEADS,DQ-COMPLETE,Partition row coverage,Completeness,Critical,1.0,0.9,>=,PASS,0,Revenue Analytics
2026-04-28,RUN-20260428-CRM_LEADS,CRM_LEADS,DQ-VALID,Required type validity,Validity,High,0.0,0.0,<=,PASS,0,Revenue Analytics
2026-04-28,RUN-20260428-CRM_LEADS,CRM_LEADS,DQ-TAXONOMY,Unknown taxonomy rate,Consistency,High,0.0,0.01,<=,PASS,0,Revenue Analytics
2026-04-28,RUN-20260428-CRM_LEADS,CRM_LEADS,DQ-FRESH,Freshness lag,Timeliness,High,78.0,240.0,<=,PASS,0,Revenue Analytics
2026-04-28,RUN-20260428-CRM_LEADS,CRM_LEADS,DQ-RECON,Raw-to-dashboard variance,Reconciliation,Critical,0.000702,0.005,<=,PASS,0,Revenue Analytics
2026-04-28,RUN-20260428-COMMERCE_ORDERS,COMMERCE_ORDERS,DQ-UNIQUE,Business key uniqueness,Uniqueness,Critical,0.0,0.0,<=,PASS,0,Analytics Engineering
2026-04-28,RUN-20260428-COMMERCE_ORDERS,COMMERCE_ORDERS,DQ-COMPLETE,Partition row coverage,Completeness,Critical,1.0,0.9,>=,PASS,0,Analytics Engineering
2026-04-28,RUN-20260428-COMMERCE_ORDERS,COMMERCE_ORDERS,DQ-VALID,Required type validity,Validity,High,0.0,0.0,<=,PASS,0,Analytics Engineering
2026-04-28,RUN-20260428-COMMERCE_ORDERS,COMMERCE_ORDERS,DQ-TAXONOMY,Unknown taxonomy rate,Consistency,High,0.0,0.01,<=,PASS,0,Analytics Engineering
2026-04-28,RUN-20260428-COMMERCE_ORDERS,COMMERCE_ORDERS,DQ-FRESH,Freshness lag,Timeliness,High,77.0,240.0,<=,PASS,0,Analytics Engineering
2026-04-28,RUN-20260428-COMMERCE_ORDERS,COMMERCE_ORDERS,DQ-RECON,Raw-to-dashboard variance,Reconciliation,Critical,0.002342,0.005,<=,PASS,0,Analytics Engineering
2026-04-28,RUN-20260428-CAMPAIGN_SPEND,CAMPAIGN_SPEND,DQ-UNIQUE,Business key uniqueness,Uniqueness,Critical,0.0,0.0,<=,PASS,0,Marketing Operations
2026-04-28,RUN-20260428-CAMPAIGN_SPEND,CAMPAIGN_SPEND,DQ-COMPLETE,Partition row coverage,Completeness,Critical,1.0,0.9,>=,PASS,0,Marketing Operations
2026-04-28,RUN-20260428-CAMPAIGN_SPEND,CAMPAIGN_SPEND,DQ-VALID,Required type validity,Validity,High,0.0,0.0,<=,PASS,0,Marketing Operations
2026-04-28,RUN-20260428-CAMPAIGN_SPEND,CAMPAIGN_SPEND,DQ-TAXONOMY,Unknown taxonomy rate,Consistency,High,0.0,0.01,<=,PASS,0,Marketing Operations
2026-04-28,RUN-20260428-CAMPAIGN_SPEND,CAMPAIGN_SPEND,DQ-FRESH,Freshness lag,Timeliness,High,151.0,240.0,<=,PASS,0,Marketing Operations
2026-04-28,RUN-20260428-CAMPAIGN_SPEND,CAMPAIGN_SPEND,DQ-RECON,Raw-to-dashboard variance,Reconciliation,Critical,0.002662,0.005,<=,PASS,0,Marketing Operations
2026-04-29,RUN-20260429-WEB_EVENTS,WEB_EVENTS,DQ-UNIQUE,Business key uniqueness,Uniqueness,Critical,0.0,0.0,<=,PASS,0,Web Analytics
2026-04-29,RUN-20260429-WEB_EVENTS,WEB_EVENTS,DQ-COMPLETE,Partition row coverage,Completeness,Critical,1.0,0.9,>=,PASS,0,Web Analytics
2026-04-29,RUN-20260429-WEB_EVENTS,WEB_EVENTS,DQ-VALID,Required type validity,Validity,High,0.0,0.0,<=,PASS,0,Web Analytics
2026-04-29,RUN-20260429-WEB_EVENTS,WEB_EVENTS,DQ-TAXONOMY,Unknown taxonomy rate,Consistency,High,0.0,0.01,<=,PASS,0,Web Analytics
2026-04-29,RUN-20260429-WEB_EVENTS,WEB_EVENTS,DQ-FRESH,Freshness lag,Timeliness,High,149.0,240.0,<=,PASS,0,Web Analytics
2026-04-29,RUN-20260429-WEB_EVENTS,WEB_EVENTS,DQ-RECON,Raw-to-dashboard variance,Reconciliation,Critical,0.002613,0.005,<=,PASS,0,Web Analytics
2026-04-29,RUN-20260429-CRM_LEADS,CRM_LEADS,DQ-UNIQUE,Business key uniqueness,Uniqueness,Critical,0.0,0.0,<=,PASS,0,Revenue Analytics
2026-04-29,RUN-20260429-CRM_LEADS,CRM_LEADS,DQ-COMPLETE,Partition row coverage,Completeness,Critical,1.0,0.9,>=,PASS,0,Revenue Analytics
2026-04-29,RUN-20260429-CRM_LEADS,CRM_LEADS,DQ-VALID,Required type validity,Validity,High,0.0,0.0,<=,PASS,0,Revenue Analytics
2026-04-29,RUN-20260429-CRM_LEADS,CRM_LEADS,DQ-TAXONOMY,Unknown taxonomy rate,Consistency,High,0.0,0.01,<=,PASS,0,Revenue Analytics
2026-04-29,RUN-20260429-CRM_LEADS,CRM_LEADS,DQ-FRESH,Freshness lag,Timeliness,High,151.0,240.0,<=,PASS,0,Revenue Analytics
2026-04-29,RUN-20260429-CRM_LEADS,CRM_LEADS,DQ-RECON,Raw-to-dashboard variance,Reconciliation,Critical,0.001091,0.005,<=,PASS,0,Revenue Analytics
2026-04-29,RUN-20260429-COMMERCE_ORDERS,COMMERCE_ORDERS,DQ-UNIQUE,Business key uniqueness,Uniqueness,Critical,0.0,0.0,<=,PASS,0,Analytics Engineering
2026-04-29,RUN-20260429-COMMERCE_ORDERS,COMMERCE_ORDERS,DQ-COMPLETE,Partition row coverage,Completeness,Critical,1.0,0.9,>=,PASS,0,Analytics Engineering
2026-04-29,RUN-20260429-COMMERCE_ORDERS,COMMERCE_ORDERS,DQ-VALID,Required type validity,Validity,High,0.0,0.0,<=,PASS,0,Analytics Engineering
2026-04-29,RUN-20260429-COMMERCE_ORDERS,COMMERCE_ORDERS,DQ-TAXONOMY,Unknown taxonomy rate,Consistency,High,0.0,0.01,<=,PASS,0,Analytics Engineering
2026-04-29,RUN-20260429-COMMERCE_ORDERS,COMMERCE_ORDERS,DQ-FRESH,Freshness lag,Timeliness,High,142.0,240.0,<=,PASS,0,Analytics Engineering
2026-04-29,RUN-20260429-COMMERCE_ORDERS,COMMERCE_ORDERS,DQ-RECON,Raw-to-dashboard variance,Reconciliation,Critical,0.002285,0.005,<=,PASS,0,Analytics Engineering
2026-04-29,RUN-20260429-CAMPAIGN_SPEND,CAMPAIGN_SPEND,DQ-UNIQUE,Business key uniqueness,Uniqueness,Critical,0.0,0.0,<=,PASS,0,Marketing Operations
2026-04-29,RUN-20260429-CAMPAIGN_SPEND,CAMPAIGN_SPEND,DQ-COMPLETE,Partition row coverage,Completeness,Critical,1.0,0.9,>=,PASS,0,Marketing Operations
2026-04-29,RUN-20260429-CAMPAIGN_SPEND,CAMPAIGN_SPEND,DQ-VALID,Required type validity,Validity,High,0.0,0.0,<=,PASS,0,Marketing Operations
2026-04-29,RUN-20260429-CAMPAIGN_SPEND,CAMPAIGN_SPEND,DQ-TAXONOMY,Unknown taxonomy rate,Consistency,High,0.0,0.01,<=,PASS,0,Marketing Operations
2026-04-29,RUN-20260429-CAMPAIGN_SPEND,CAMPAIGN_SPEND,DQ-FRESH,Freshness lag,Timeliness,High,94.0,240.0,<=,PASS,0,Marketing Operations
2026-04-29,RUN-20260429-CAMPAIGN_SPEND,CAMPAIGN_SPEND,DQ-RECON,Raw-to-dashboard variance,Reconciliation,Critical,0.002494,0.005,<=,PASS,0,Marketing Operations
2026-04-30,RUN-20260430-WEB_EVENTS,WEB_EVENTS,DQ-UNIQUE,Business key uniqueness,Uniqueness,Critical,0.0,0.0,<=,PASS,0,Web Analytics
2026-04-30,RUN-20260430-WEB_EVENTS,WEB_EVENTS,DQ-COMPLETE,Partition row coverage,Completeness,Critical,1.0,0.9,>=,PASS,0,Web Analytics
2026-04-30,RUN-20260430-WEB_EVENTS,WEB_EVENTS,DQ-VALID,Required type validity,Validity,High,0.0,0.0,<=,PASS,0,Web Analytics
2026-04-30,RUN-20260430-WEB_EVENTS,WEB_EVENTS,DQ-TAXONOMY,Unknown taxonomy rate,Consistency,High,0.0,0.01,<=,PASS,0,Web Analytics
2026-04-30,RUN-20260430-WEB_EVENTS,WEB_EVENTS,DQ-FRESH,Freshness lag,Timeliness,High,104.0,240.0,<=,PASS,0,Web Analytics
2026-04-30,RUN-20260430-WEB_EVENTS,WEB_EVENTS,DQ-RECON,Raw-to-dashboard variance,Reconciliation,Critical,0.002883,0.005,<=,PASS,0,Web Analytics
2026-04-30,RUN-20260430-CRM_LEADS,CRM_LEADS,DQ-UNIQUE,Business key uniqueness,Uniqueness,Critical,0.0,0.0,<=,PASS,0,Revenue Analytics
2026-04-30,RUN-20260430-CRM_LEADS,CRM_LEADS,DQ-COMPLETE,Partition row coverage,Completeness,Critical,1.0,0.9,>=,PASS,0,Revenue Analytics
2026-04-30,RUN-20260430-CRM_LEADS,CRM_LEADS,DQ-VALID,Required type validity,Validity,High,0.0,0.0,<=,PASS,0,Revenue Analytics
2026-04-30,RUN-20260430-CRM_LEADS,CRM_LEADS,DQ-TAXONOMY,Unknown taxonomy rate,Consistency,High,0.0,0.01,<=,PASS,0,Revenue Analytics
2026-04-30,RUN-20260430-CRM_LEADS,CRM_LEADS,DQ-FRESH,Freshness lag,Timeliness,High,114.0,240.0,<=,PASS,0,Revenue Analytics
2026-04-30,RUN-20260430-CRM_LEADS,CRM_LEADS,DQ-RECON,Raw-to-dashboard variance,Reconciliation,Critical,0.002479,0.005,<=,PASS,0,Revenue Analytics
2026-04-30,RUN-20260430-COMMERCE_ORDERS,COMMERCE_ORDERS,DQ-UNIQUE,Business key uniqueness,Uniqueness,Critical,0.0,0.0,<=,PASS,0,Analytics Engineering
2026-04-30,RUN-20260430-COMMERCE_ORDERS,COMMERCE_ORDERS,DQ-COMPLETE,Partition row coverage,Completeness,Critical,1.0,0.9,>=,PASS,0,Analytics Engineering
2026-04-30,RUN-20260430-COMMERCE_ORDERS,COMMERCE_ORDERS,DQ-VALID,Required type validity,Validity,High,0.0,0.0,<=,PASS,0,Analytics Engineering
2026-04-30,RUN-20260430-COMMERCE_ORDERS,COMMERCE_ORDERS,DQ-TAXONOMY,Unknown taxonomy rate,Consistency,High,0.0,0.01,<=,PASS,0,Analytics Engineering
2026-04-30,RUN-20260430-COMMERCE_ORDERS,COMMERCE_ORDERS,DQ-FRESH,Freshness lag,Timeliness,High,177.0,240.0,<=,PASS,0,Analytics Engineering
2026-04-30,RUN-20260430-COMMERCE_ORDERS,COMMERCE_ORDERS,DQ-RECON,Raw-to-dashboard variance,Reconciliation,Critical,0.001638,0.005,<=,PASS,0,Analytics Engineering
2026-04-30,RUN-20260430-CAMPAIGN_SPEND,CAMPAIGN_SPEND,DQ-UNIQUE,Business key uniqueness,Uniqueness,Critical,0.0,0.0,<=,PASS,0,Marketing Operations
2026-04-30,RUN-20260430-CAMPAIGN_SPEND,CAMPAIGN_SPEND,DQ-COMPLETE,Partition row coverage,Completeness,Critical,1.0,0.9,>=,PASS,0,Marketing Operations
2026-04-30,RUN-20260430-CAMPAIGN_SPEND,CAMPAIGN_SPEND,DQ-VALID,Required type validity,Validity,High,0.0,0.0,<=,PASS,0,Marketing Operations
2026-04-30,RUN-20260430-CAMPAIGN_SPEND,CAMPAIGN_SPEND,DQ-TAXONOMY,Unknown taxonomy rate,Consistency,High,0.0,0.01,<=,PASS,0,Marketing Operations
2026-04-30,RUN-20260430-CAMPAIGN_SPEND,CAMPAIGN_SPEND,DQ-FRESH,Freshness lag,Timeliness,High,158.0,240.0,<=,PASS,0,Marketing Operations
2026-04-30,RUN-20260430-CAMPAIGN_SPEND,CAMPAIGN_SPEND,DQ-RECON,Raw-to-dashboard variance,Reconciliation,Critical,0.000669,0.005,<=,PASS,0,Marketing Operations
2026-05-01,RUN-20260501-WEB_EVENTS,WEB_EVENTS,DQ-UNIQUE,Business key uniqueness,Uniqueness,Critical,0.0,0.0,<=,PASS,0,Web Analytics
2026-05-01,RUN-20260501-WEB_EVENTS,WEB_EVENTS,DQ-COMPLETE,Partition row coverage,Completeness,Critical,1.0,0.9,>=,PASS,0,Web Analytics
2026-05-01,RUN-20260501-WEB_EVENTS,WEB_EVENTS,DQ-VALID,Required type validity,Validity,High,0.0,0.0,<=,PASS,0,Web Analytics
2026-05-01,RUN-20260501-WEB_EVENTS,WEB_EVENTS,DQ-TAXONOMY,Unknown taxonomy rate,Consistency,High,0.0,0.01,<=,PASS,0,Web Analytics
2026-05-01,RUN-20260501-WEB_EVENTS,WEB_EVENTS,DQ-FRESH,Freshness lag,Timeliness,High,129.0,240.0,<=,PASS,0,Web Analytics
2026-05-01,RUN-20260501-WEB_EVENTS,WEB_EVENTS,DQ-RECON,Raw-to-dashboard variance,Reconciliation,Critical,0.002078,0.005,<=,PASS,0,Web Analytics
2026-05-01,RUN-20260501-CRM_LEADS,CRM_LEADS,DQ-UNIQUE,Business key uniqueness,Uniqueness,Critical,0.0,0.0,<=,PASS,0,Revenue Analytics
2026-05-01,RUN-20260501-CRM_LEADS,CRM_LEADS,DQ-COMPLETE,Partition row coverage,Completeness,Critical,1.0,0.9,>=,PASS,0,Revenue Analytics
2026-05-01,RUN-20260501-CRM_LEADS,CRM_LEADS,DQ-VALID,Required type validity,Validity,High,0.0,0.0,<=,PASS,0,Revenue Analytics
2026-05-01,RUN-20260501-CRM_LEADS,CRM_LEADS,DQ-TAXONOMY,Unknown taxonomy rate,Consistency,High,0.0,0.01,<=,PASS,0,Revenue Analytics
2026-05-01,RUN-20260501-CRM_LEADS,CRM_LEADS,DQ-FRESH,Freshness lag,Timeliness,High,159.0,240.0,<=,PASS,0,Revenue Analytics
2026-05-01,RUN-20260501-CRM_LEADS,CRM_LEADS,DQ-RECON,Raw-to-dashboard variance,Reconciliation,Critical,0.000827,0.005,<=,PASS,0,Revenue Analytics
2026-05-01,RUN-20260501-COMMERCE_ORDERS,COMMERCE_ORDERS,DQ-UNIQUE,Business key uniqueness,Uniqueness,Critical,0.0,0.0,<=,PASS,0,Analytics Engineering
2026-05-01,RUN-20260501-COMMERCE_ORDERS,COMMERCE_ORDERS,DQ-COMPLETE,Partition row coverage,Completeness,Critical,1.0,0.9,>=,PASS,0,Analytics Engineering
2026-05-01,RUN-20260501-COMMERCE_ORDERS,COMMERCE_ORDERS,DQ-VALID,Required type validity,Validity,High,0.0,0.0,<=,PASS,0,Analytics Engineering
2026-05-01,RUN-20260501-COMMERCE_ORDERS,COMMERCE_ORDERS,DQ-TAXONOMY,Unknown taxonomy rate,Consistency,High,0.0,0.01,<=,PASS,0,Analytics Engineering
2026-05-01,RUN-20260501-COMMERCE_ORDERS,COMMERCE_ORDERS,DQ-FRESH,Freshness lag,Timeliness,High,135.0,240.0,<=,PASS,0,Analytics Engineering
2026-05-01,RUN-20260501-COMMERCE_ORDERS,COMMERCE_ORDERS,DQ-RECON,Raw-to-dashboard variance,Reconciliation,Critical,0.002188,0.005,<=,PASS,0,Analytics Engineering
2026-05-01,RUN-20260501-CAMPAIGN_SPEND,CAMPAIGN_SPEND,DQ-UNIQUE,Business key uniqueness,Uniqueness,Critical,0.0,0.0,<=,PASS,0,Marketing Operations
2026-05-01,RUN-20260501-CAMPAIGN_SPEND,CAMPAIGN_SPEND,DQ-COMPLETE,Partition row coverage,Completeness,Critical,1.0,0.9,>=,PASS,0,Marketing Operations
2026-05-01,RUN-20260501-CAMPAIGN_SPEND,CAMPAIGN_SPEND,DQ-VALID,Required type validity,Validity,High,0.0,0.0,<=,PASS,0,Marketing Operations
2026-05-01,RUN-20260501-CAMPAIGN_SPEND,CAMPAIGN_SPEND,DQ-TAXONOMY,Unknown taxonomy rate,Consistency,High,0.0,0.01,<=,PASS,0,Marketing Operations
2026-05-01,RUN-20260501-CAMPAIGN_SPEND,CAMPAIGN_SPEND,DQ-FRESH,Freshness lag,Timeliness,High,140.0,240.0,<=,PASS,0,Marketing Operations
2026-05-01,RUN-20260501-CAMPAIGN_SPEND,CAMPAIGN_SPEND,DQ-RECON,Raw-to-dashboard variance,Reconciliation,Critical,0.001567,0.005,<=,PASS,0,Marketing Operations
2026-05-02,RUN-20260502-WEB_EVENTS,WEB_EVENTS,DQ-UNIQUE,Business key uniqueness,Uniqueness,Critical,0.0,0.0,<=,PASS,0,Web Analytics
2026-05-02,RUN-20260502-WEB_EVENTS,WEB_EVENTS,DQ-COMPLETE,Partition row coverage,Completeness,Critical,1.0,0.9,>=,PASS,0,Web Analytics
2026-05-02,RUN-20260502-WEB_EVENTS,WEB_EVENTS,DQ-VALID,Required type validity,Validity,High,0.0,0.0,<=,PASS,0,Web Analytics
2026-05-02,RUN-20260502-WEB_EVENTS,WEB_EVENTS,DQ-TAXONOMY,Unknown taxonomy rate,Consistency,High,0.0,0.01,<=,PASS,0,Web Analytics
2026-05-02,RUN-20260502-WEB_EVENTS,WEB_EVENTS,DQ-FRESH,Freshness lag,Timeliness,High,114.0,240.0,<=,PASS,0,Web Analytics
2026-05-02,RUN-20260502-WEB_EVENTS,WEB_EVENTS,DQ-RECON,Raw-to-dashboard variance,Reconciliation,Critical,0.001038,0.005,<=,PASS,0,Web Analytics
2026-05-02,RUN-20260502-CRM_LEADS,CRM_LEADS,DQ-UNIQUE,Business key uniqueness,Uniqueness,Critical,0.0,0.0,<=,PASS,0,Revenue Analytics
2026-05-02,RUN-20260502-CRM_LEADS,CRM_LEADS,DQ-COMPLETE,Partition row coverage,Completeness,Critical,1.0,0.9,>=,PASS,0,Revenue Analytics
2026-05-02,RUN-20260502-CRM_LEADS,CRM_LEADS,DQ-VALID,Required type validity,Validity,High,0.0,0.0,<=,PASS,0,Revenue Analytics
2026-05-02,RUN-20260502-CRM_LEADS,CRM_LEADS,DQ-TAXONOMY,Unknown taxonomy rate,Consistency,High,0.0,0.01,<=,PASS,0,Revenue Analytics
2026-05-02,RUN-20260502-CRM_LEADS,CRM_LEADS,DQ-FRESH,Freshness lag,Timeliness,High,111.0,240.0,<=,PASS,0,Revenue Analytics
2026-05-02,RUN-20260502-CRM_LEADS,CRM_LEADS,DQ-RECON,Raw-to-dashboard variance,Reconciliation,Critical,0.001141,0.005,<=,PASS,0,Revenue Analytics
2026-05-02,RUN-20260502-COMMERCE_ORDERS,COMMERCE_ORDERS,DQ-UNIQUE,Business key uniqueness,Uniqueness,Critical,0.0,0.0,<=,PASS,0,Analytics Engineering
2026-05-02,RUN-20260502-COMMERCE_ORDERS,COMMERCE_ORDERS,DQ-COMPLETE,Partition row coverage,Completeness,Critical,1.0,0.9,>=,PASS,0,Analytics Engineering
2026-05-02,RUN-20260502-COMMERCE_ORDERS,COMMERCE_ORDERS,DQ-VALID,Required type validity,Validity,High,0.0,0.0,<=,PASS,0,Analytics Engineering
2026-05-02,RUN-20260502-COMMERCE_ORDERS,COMMERCE_ORDERS,DQ-TAXONOMY,Unknown taxonomy rate,Consistency,High,0.0,0.01,<=,PASS,0,Analytics Engineering
2026-05-02,RUN-20260502-COMMERCE_ORDERS,COMMERCE_ORDERS,DQ-FRESH,Freshness lag,Timeliness,High,154.0,240.0,<=,PASS,0,Analytics Engineering
2026-05-02,RUN-20260502-COMMERCE_ORDERS,COMMERCE_ORDERS,DQ-RECON,Raw-to-dashboard variance,Reconciliation,Critical,0.000851,0.005,<=,PASS,0,Analytics Engineering
2026-05-02,RUN-20260502-CAMPAIGN_SPEND,CAMPAIGN_SPEND,DQ-UNIQUE,Business key uniqueness,Uniqueness,Critical,0.0,0.0,<=,PASS,0,Marketing Operations
2026-05-02,RUN-20260502-CAMPAIGN_SPEND,CAMPAIGN_SPEND,DQ-COMPLETE,Partition row coverage,Completeness,Critical,1.0,0.9,>=,PASS,0,Marketing Operations
2026-05-02,RUN-20260502-CAMPAIGN_SPEND,CAMPAIGN_SPEND,DQ-VALID,Required type validity,Validity,High,0.0,0.0,<=,PASS,0,Marketing Operations
2026-05-02,RUN-20260502-CAMPAIGN_SPEND,CAMPAIGN_SPEND,DQ-TAXONOMY,Unknown taxonomy rate,Consistency,High,0.0,0.01,<=,PASS,0,Marketing Operations
2026-05-02,RUN-20260502-CAMPAIGN_SPEND,CAMPAIGN_SPEND,DQ-FRESH,Freshness lag,Timeliness,High,168.0,240.0,<=,PASS,0,Marketing Operations
2026-05-02,RUN-20260502-CAMPAIGN_SPEND,CAMPAIGN_SPEND,DQ-RECON,Raw-to-dashboard variance,Reconciliation,Critical,0.002017,0.005,<=,PASS,0,Marketing Operations
2026-05-03,RUN-20260503-WEB_EVENTS,WEB_EVENTS,DQ-UNIQUE,Business key uniqueness,Uniqueness,Critical,0.0,0.0,<=,PASS,0,Web Analytics
2026-05-03,RUN-20260503-WEB_EVENTS,WEB_EVENTS,DQ-COMPLETE,Partition row coverage,Completeness,Critical,1.0,0.9,>=,PASS,0,Web Analytics
2026-05-03,RUN-20260503-WEB_EVENTS,WEB_EVENTS,DQ-VALID,Required type validity,Validity,High,0.0,0.0,<=,PASS,0,Web Analytics
2026-05-03,RUN-20260503-WEB_EVENTS,WEB_EVENTS,DQ-TAXONOMY,Unknown taxonomy rate,Consistency,High,0.0,0.01,<=,PASS,0,Web Analytics
2026-05-03,RUN-20260503-WEB_EVENTS,WEB_EVENTS,DQ-FRESH,Freshness lag,Timeliness,High,135.0,240.0,<=,PASS,0,Web Analytics
2026-05-03,RUN-20260503-WEB_EVENTS,WEB_EVENTS,DQ-RECON,Raw-to-dashboard variance,Reconciliation,Critical,0.002234,0.005,<=,PASS,0,Web Analytics
2026-05-03,RUN-20260503-CRM_LEADS,CRM_LEADS,DQ-UNIQUE,Business key uniqueness,Uniqueness,Critical,0.0,0.0,<=,PASS,0,Revenue Analytics
2026-05-03,RUN-20260503-CRM_LEADS,CRM_LEADS,DQ-COMPLETE,Partition row coverage,Completeness,Critical,1.0,0.9,>=,PASS,0,Revenue Analytics
2026-05-03,RUN-20260503-CRM_LEADS,CRM_LEADS,DQ-VALID,Required type validity,Validity,High,0.0,0.0,<=,PASS,0,Revenue Analytics
2026-05-03,RUN-20260503-CRM_LEADS,CRM_LEADS,DQ-TAXONOMY,Unknown taxonomy rate,Consistency,High,0.0,0.01,<=,PASS,0,Revenue Analytics
2026-05-03,RUN-20260503-CRM_LEADS,CRM_LEADS,DQ-FRESH,Freshness lag,Timeliness,High,137.0,240.0,<=,PASS,0,Revenue Analytics
2026-05-03,RUN-20260503-CRM_LEADS,CRM_LEADS,DQ-RECON,Raw-to-dashboard variance,Reconciliation,Critical,0.002547,0.005,<=,PASS,0,Revenue Analytics
2026-05-03,RUN-20260503-COMMERCE_ORDERS,COMMERCE_ORDERS,DQ-UNIQUE,Business key uniqueness,Uniqueness,Critical,0.0,0.0,<=,PASS,0,Analytics Engineering
2026-05-03,RUN-20260503-COMMERCE_ORDERS,COMMERCE_ORDERS,DQ-COMPLETE,Partition row coverage,Completeness,Critical,1.0,0.9,>=,PASS,0,Analytics Engineering
2026-05-03,RUN-20260503-COMMERCE_ORDERS,COMMERCE_ORDERS,DQ-VALID,Required type validity,Validity,High,0.0,0.0,<=,PASS,0,Analytics Engineering
2026-05-03,RUN-20260503-COMMERCE_ORDERS,COMMERCE_ORDERS,DQ-TAXONOMY,Unknown taxonomy rate,Consistency,High,0.0,0.01,<=,PASS,0,Analytics Engineering
2026-05-03,RUN-20260503-COMMERCE_ORDERS,COMMERCE_ORDERS,DQ-FRESH,Freshness lag,Timeliness,High,181.0,240.0,<=,PASS,0,Analytics Engineering
2026-05-03,RUN-20260503-COMMERCE_ORDERS,COMMERCE_ORDERS,DQ-RECON,Raw-to-dashboard variance,Reconciliation,Critical,0.002844,0.005,<=,PASS,0,Analytics Engineering
2026-05-03,RUN-20260503-CAMPAIGN_SPEND,CAMPAIGN_SPEND,DQ-UNIQUE,Business key uniqueness,Uniqueness,Critical,0.0,0.0,<=,PASS,0,Marketing Operations
2026-05-03,RUN-20260503-CAMPAIGN_SPEND,CAMPAIGN_SPEND,DQ-COMPLETE,Partition row coverage,Completeness,Critical,1.0,0.9,>=,PASS,0,Marketing Operations
2026-05-03,RUN-20260503-CAMPAIGN_SPEND,CAMPAIGN_SPEND,DQ-VALID,Required type validity,Validity,High,0.0,0.0,<=,PASS,0,Marketing Operations
2026-05-03,RUN-20260503-CAMPAIGN_SPEND,CAMPAIGN_SPEND,DQ-TAXONOMY,Unknown taxonomy rate,Consistency,High,0.0,0.01,<=,PASS,0,Marketing Operations
2026-05-03,RUN-20260503-CAMPAIGN_SPEND,CAMPAIGN_SPEND,DQ-FRESH,Freshness lag,Timeliness,High,72.0,240.0,<=,PASS,0,Marketing Operations
2026-05-03,RUN-20260503-CAMPAIGN_SPEND,CAMPAIGN_SPEND,DQ-RECON,Raw-to-dashboard variance,Reconciliation,Critical,0.000763,0.005,<=,PASS,0,Marketing Operations
2026-05-04,RUN-20260504-WEB_EVENTS,WEB_EVENTS,DQ-UNIQUE,Business key uniqueness,Uniqueness,Critical,0.0,0.0,<=,PASS,0,Web Analytics
2026-05-04,RUN-20260504-WEB_EVENTS,WEB_EVENTS,DQ-COMPLETE,Partition row coverage,Completeness,Critical,1.0,0.9,>=,PASS,0,Web Analytics
2026-05-04,RUN-20260504-WEB_EVENTS,WEB_EVENTS,DQ-VALID,Required type validity,Validity,High,0.0,0.0,<=,PASS,0,Web Analytics
2026-05-04,RUN-20260504-WEB_EVENTS,WEB_EVENTS,DQ-TAXONOMY,Unknown taxonomy rate,Consistency,High,0.0,0.01,<=,PASS,0,Web Analytics
2026-05-04,RUN-20260504-WEB_EVENTS,WEB_EVENTS,DQ-FRESH,Freshness lag,Timeliness,High,138.0,240.0,<=,PASS,0,Web Analytics
2026-05-04,RUN-20260504-WEB_EVENTS,WEB_EVENTS,DQ-RECON,Raw-to-dashboard variance,Reconciliation,Critical,0.001491,0.005,<=,PASS,0,Web Analytics
2026-05-04,RUN-20260504-CRM_LEADS,CRM_LEADS,DQ-UNIQUE,Business key uniqueness,Uniqueness,Critical,0.0,0.0,<=,PASS,0,Revenue Analytics
2026-05-04,RUN-20260504-CRM_LEADS,CRM_LEADS,DQ-COMPLETE,Partition row coverage,Completeness,Critical,1.0,0.9,>=,PASS,0,Revenue Analytics
2026-05-04,RUN-20260504-CRM_LEADS,CRM_LEADS,DQ-VALID,Required type validity,Validity,High,0.0,0.0,<=,PASS,0,Revenue Analytics
2026-05-04,RUN-20260504-CRM_LEADS,CRM_LEADS,DQ-TAXONOMY,Unknown taxonomy rate,Consistency,High,0.0,0.01,<=,PASS,0,Revenue Analytics
2026-05-04,RUN-20260504-CRM_LEADS,CRM_LEADS,DQ-FRESH,Freshness lag,Timeliness,High,123.0,240.0,<=,PASS,0,Revenue Analytics
2026-05-04,RUN-20260504-CRM_LEADS,CRM_LEADS,DQ-RECON,Raw-to-dashboard variance,Reconciliation,Critical,0.00114,0.005,<=,PASS,0,Revenue Analytics
2026-05-04,RUN-20260504-COMMERCE_ORDERS,COMMERCE_ORDERS,DQ-UNIQUE,Business key uniqueness,Uniqueness,Critical,0.0,0.0,<=,PASS,0,Analytics Engineering
2026-05-04,RUN-20260504-COMMERCE_ORDERS,COMMERCE_ORDERS,DQ-COMPLETE,Partition row coverage,Completeness,Critical,1.0,0.9,>=,PASS,0,Analytics Engineering
2026-05-04,RUN-20260504-COMMERCE_ORDERS,COMMERCE_ORDERS,DQ-VALID,Required type validity,Validity,High,0.0,0.0,<=,PASS,0,Analytics Engineering
2026-05-04,RUN-20260504-COMMERCE_ORDERS,COMMERCE_ORDERS,DQ-TAXONOMY,Unknown taxonomy rate,Consistency,High,0.0,0.01,<=,PASS,0,Analytics Engineering
2026-05-04,RUN-20260504-COMMERCE_ORDERS,COMMERCE_ORDERS,DQ-FRESH,Freshness lag,Timeliness,High,143.0,240.0,<=,PASS,0,Analytics Engineering
2026-05-04,RUN-20260504-COMMERCE_ORDERS,COMMERCE_ORDERS,DQ-RECON,Raw-to-dashboard variance,Reconciliation,Critical,0.001001,0.005,<=,PASS,0,Analytics Engineering
2026-05-04,RUN-20260504-CAMPAIGN_SPEND,CAMPAIGN_SPEND,DQ-UNIQUE,Business key uniqueness,Uniqueness,Critical,0.0,0.0,<=,PASS,0,Marketing Operations
2026-05-04,RUN-20260504-CAMPAIGN_SPEND,CAMPAIGN_SPEND,DQ-COMPLETE,Partition row coverage,Completeness,Critical,1.0,0.9,>=,PASS,0,Marketing Operations
2026-05-04,RUN-20260504-CAMPAIGN_SPEND,CAMPAIGN_SPEND,DQ-VALID,Required type validity,Validity,High,0.0,0.0,<=,PASS,0,Marketing Operations
2026-05-04,RUN-20260504-CAMPAIGN_SPEND,CAMPAIGN_SPEND,DQ-TAXONOMY,Unknown taxonomy rate,Consistency,High,0.0,0.01,<=,PASS,0,Marketing Operations
2026-05-04,RUN-20260504-CAMPAIGN_SPEND,CAMPAIGN_SPEND,DQ-FRESH,Freshness lag,Timeliness,High,102.0,240.0,<=,PASS,0,Marketing Operations
2026-05-04,RUN-20260504-CAMPAIGN_SPEND,CAMPAIGN_SPEND,DQ-RECON,Raw-to-dashboard variance,Reconciliation,Critical,0.003144,0.005,<=,PASS,0,Marketing Operations
2026-05-05,RUN-20260505-WEB_EVENTS,WEB_EVENTS,DQ-UNIQUE,Business key uniqueness,Uniqueness,Critical,0.0,0.0,<=,PASS,0,Web Analytics
2026-05-05,RUN-20260505-WEB_EVENTS,WEB_EVENTS,DQ-COMPLETE,Partition row coverage,Completeness,Critical,1.0,0.9,>=,PASS,0,Web Analytics
2026-05-05,RUN-20260505-WEB_EVENTS,WEB_EVENTS,DQ-VALID,Required type validity,Validity,High,0.0,0.0,<=,PASS,0,Web Analytics
2026-05-05,RUN-20260505-WEB_EVENTS,WEB_EVENTS,DQ-TAXONOMY,Unknown taxonomy rate,Consistency,High,0.0,0.01,<=,PASS,0,Web Analytics
2026-05-05,RUN-20260505-WEB_EVENTS,WEB_EVENTS,DQ-FRESH,Freshness lag,Timeliness,High,97.0,240.0,<=,PASS,0,Web Analytics
2026-05-05,RUN-20260505-WEB_EVENTS,WEB_EVENTS,DQ-RECON,Raw-to-dashboard variance,Reconciliation,Critical,0.00047,0.005,<=,PASS,0,Web Analytics
2026-05-05,RUN-20260505-CRM_LEADS,CRM_LEADS,DQ-UNIQUE,Business key uniqueness,Uniqueness,Critical,0.0,0.0,<=,PASS,0,Revenue Analytics
2026-05-05,RUN-20260505-CRM_LEADS,CRM_LEADS,DQ-COMPLETE,Partition row coverage,Completeness,Critical,1.0,0.9,>=,PASS,0,Revenue Analytics
2026-05-05,RUN-20260505-CRM_LEADS,CRM_LEADS,DQ-VALID,Required type validity,Validity,High,0.0,0.0,<=,PASS,0,Revenue Analytics
2026-05-05,RUN-20260505-CRM_LEADS,CRM_LEADS,DQ-TAXONOMY,Unknown taxonomy rate,Consistency,High,0.0,0.01,<=,PASS,0,Revenue Analytics
2026-05-05,RUN-20260505-CRM_LEADS,CRM_LEADS,DQ-FRESH,Freshness lag,Timeliness,High,159.0,240.0,<=,PASS,0,Revenue Analytics
2026-05-05,RUN-20260505-CRM_LEADS,CRM_LEADS,DQ-RECON,Raw-to-dashboard variance,Reconciliation,Critical,0.000921,0.005,<=,PASS,0,Revenue Analytics
2026-05-05,RUN-20260505-COMMERCE_ORDERS,COMMERCE_ORDERS,DQ-UNIQUE,Business key uniqueness,Uniqueness,Critical,0.0,0.0,<=,PASS,0,Analytics Engineering
2026-05-05,RUN-20260505-COMMERCE_ORDERS,COMMERCE_ORDERS,DQ-COMPLETE,Partition row coverage,Completeness,Critical,1.0,0.9,>=,PASS,0,Analytics Engineering
2026-05-05,RUN-20260505-COMMERCE_ORDERS,COMMERCE_ORDERS,DQ-VALID,Required type validity,Validity,High,0.0,0.0,<=,PASS,0,Analytics Engineering
2026-05-05,RUN-20260505-COMMERCE_ORDERS,COMMERCE_ORDERS,DQ-TAXONOMY,Unknown taxonomy rate,Consistency,High,0.0,0.01,<=,PASS,0,Analytics Engineering
2026-05-05,RUN-20260505-COMMERCE_ORDERS,COMMERCE_ORDERS,DQ-FRESH,Freshness lag,Timeliness,High,184.0,240.0,<=,PASS,0,Analytics Engineering
2026-05-05,RUN-20260505-COMMERCE_ORDERS,COMMERCE_ORDERS,DQ-RECON,Raw-to-dashboard variance,Reconciliation,Critical,0.001352,0.005,<=,PASS,0,Analytics Engineering
2026-05-05,RUN-20260505-CAMPAIGN_SPEND,CAMPAIGN_SPEND,DQ-UNIQUE,Business key uniqueness,Uniqueness,Critical,0.0,0.0,<=,PASS,0,Marketing Operations
2026-05-05,RUN-20260505-CAMPAIGN_SPEND,CAMPAIGN_SPEND,DQ-COMPLETE,Partition row coverage,Completeness,Critical,1.0,0.9,>=,PASS,0,Marketing Operations
2026-05-05,RUN-20260505-CAMPAIGN_SPEND,CAMPAIGN_SPEND,DQ-VALID,Required type validity,Validity,High,0.0,0.0,<=,PASS,0,Marketing Operations
2026-05-05,RUN-20260505-CAMPAIGN_SPEND,CAMPAIGN_SPEND,DQ-TAXONOMY,Unknown taxonomy rate,Consistency,High,0.0,0.01,<=,PASS,0,Marketing Operations
2026-05-05,RUN-20260505-CAMPAIGN_SPEND,CAMPAIGN_SPEND,DQ-FRESH,Freshness lag,Timeliness,High,82.0,240.0,<=,PASS,0,Marketing Operations
2026-05-05,RUN-20260505-CAMPAIGN_SPEND,CAMPAIGN_SPEND,DQ-RECON,Raw-to-dashboard variance,Reconciliation,Critical,0.000447,0.005,<=,PASS,0,Marketing Operations
2026-05-06,RUN-20260506-WEB_EVENTS,WEB_EVENTS,DQ-UNIQUE,Business key uniqueness,Uniqueness,Critical,0.0,0.0,<=,PASS,0,Web Analytics
2026-05-06,RUN-20260506-WEB_EVENTS,WEB_EVENTS,DQ-COMPLETE,Partition row coverage,Completeness,Critical,1.0,0.9,>=,PASS,0,Web Analytics
2026-05-06,RUN-20260506-WEB_EVENTS,WEB_EVENTS,DQ-VALID,Required type validity,Validity,High,0.0,0.0,<=,PASS,0,Web Analytics
2026-05-06,RUN-20260506-WEB_EVENTS,WEB_EVENTS,DQ-TAXONOMY,Unknown taxonomy rate,Consistency,High,0.0,0.01,<=,PASS,0,Web Analytics
2026-05-06,RUN-20260506-WEB_EVENTS,WEB_EVENTS,DQ-FRESH,Freshness lag,Timeliness,High,139.0,240.0,<=,PASS,0,Web Analytics
2026-05-06,RUN-20260506-WEB_EVENTS,WEB_EVENTS,DQ-RECON,Raw-to-dashboard variance,Reconciliation,Critical,0.000581,0.005,<=,PASS,0,Web Analytics
2026-05-06,RUN-20260506-CRM_LEADS,CRM_LEADS,DQ-UNIQUE,Business key uniqueness,Uniqueness,Critical,0.0,0.0,<=,PASS,0,Revenue Analytics
2026-05-06,RUN-20260506-CRM_LEADS,CRM_LEADS,DQ-COMPLETE,Partition row coverage,Completeness,Critical,1.0,0.9,>=,PASS,0,Revenue Analytics
2026-05-06,RUN-20260506-CRM_LEADS,CRM_LEADS,DQ-VALID,Required type validity,Validity,High,0.0,0.0,<=,PASS,0,Revenue Analytics
2026-05-06,RUN-20260506-CRM_LEADS,CRM_LEADS,DQ-TAXONOMY,Unknown taxonomy rate,Consistency,High,0.0,0.01,<=,PASS,0,Revenue Analytics
2026-05-06,RUN-20260506-CRM_LEADS,CRM_LEADS,DQ-FRESH,Freshness lag,Timeliness,High,161.0,240.0,<=,PASS,0,Revenue Analytics
2026-05-06,RUN-20260506-CRM_LEADS,CRM_LEADS,DQ-RECON,Raw-to-dashboard variance,Reconciliation,Critical,0.002412,0.005,<=,PASS,0,Revenue Analytics
2026-05-06,RUN-20260506-COMMERCE_ORDERS,COMMERCE_ORDERS,DQ-UNIQUE,Business key uniqueness,Uniqueness,Critical,0.0,0.0,<=,PASS,0,Analytics Engineering
2026-05-06,RUN-20260506-COMMERCE_ORDERS,COMMERCE_ORDERS,DQ-COMPLETE,Partition row coverage,Completeness,Critical,1.0,0.9,>=,PASS,0,Analytics Engineering
2026-05-06,RUN-20260506-COMMERCE_ORDERS,COMMERCE_ORDERS,DQ-VALID,Required type validity,Validity,High,0.0,0.0,<=,PASS,0,Analytics Engineering
2026-05-06,RUN-20260506-COMMERCE_ORDERS,COMMERCE_ORDERS,DQ-TAXONOMY,Unknown taxonomy rate,Consistency,High,0.0,0.01,<=,PASS,0,Analytics Engineering
2026-05-06,RUN-20260506-COMMERCE_ORDERS,COMMERCE_ORDERS,DQ-FRESH,Freshness lag,Timeliness,High,62.0,240.0,<=,PASS,0,Analytics Engineering
2026-05-06,RUN-20260506-COMMERCE_ORDERS,COMMERCE_ORDERS,DQ-RECON,Raw-to-dashboard variance,Reconciliation,Critical,0.000964,0.005,<=,PASS,0,Analytics Engineering
2026-05-06,RUN-20260506-CAMPAIGN_SPEND,CAMPAIGN_SPEND,DQ-UNIQUE,Business key uniqueness,Uniqueness,Critical,0.0,0.0,<=,PASS,0,Marketing Operations
2026-05-06,RUN-20260506-CAMPAIGN_SPEND,CAMPAIGN_SPEND,DQ-COMPLETE,Partition row coverage,Completeness,Critical,1.0,0.9,>=,PASS,0,Marketing Operations
2026-05-06,RUN-20260506-CAMPAIGN_SPEND,CAMPAIGN_SPEND,DQ-VALID,Required type validity,Validity,High,0.0,0.0,<=,PASS,0,Marketing Operations
2026-05-06,RUN-20260506-CAMPAIGN_SPEND,CAMPAIGN_SPEND,DQ-TAXONOMY,Unknown taxonomy rate,Consistency,High,0.0,0.01,<=,PASS,0,Marketing Operations
2026-05-06,RUN-20260506-CAMPAIGN_SPEND,CAMPAIGN_SPEND,DQ-FRESH,Freshness lag,Timeliness,High,145.0,240.0,<=,PASS,0,Marketing Operations
2026-05-06,RUN-20260506-CAMPAIGN_SPEND,CAMPAIGN_SPEND,DQ-RECON,Raw-to-dashboard variance,Reconciliation,Critical,0.002141,0.005,<=,PASS,0,Marketing Operations
2026-05-07,RUN-20260507-WEB_EVENTS,WEB_EVENTS,DQ-UNIQUE,Business key uniqueness,Uniqueness,Critical,0.0,0.0,<=,PASS,0,Web Analytics
2026-05-07,RUN-20260507-WEB_EVENTS,WEB_EVENTS,DQ-COMPLETE,Partition row coverage,Completeness,Critical,1.0,0.9,>=,PASS,0,Web Analytics
2026-05-07,RUN-20260507-WEB_EVENTS,WEB_EVENTS,DQ-VALID,Required type validity,Validity,High,0.0,0.0,<=,PASS,0,Web Analytics
2026-05-07,RUN-20260507-WEB_EVENTS,WEB_EVENTS,DQ-TAXONOMY,Unknown taxonomy rate,Consistency,High,0.0,0.01,<=,PASS,0,Web Analytics
2026-05-07,RUN-20260507-WEB_EVENTS,WEB_EVENTS,DQ-FRESH,Freshness lag,Timeliness,High,65.0,240.0,<=,PASS,0,Web Analytics
2026-05-07,RUN-20260507-WEB_EVENTS,WEB_EVENTS,DQ-RECON,Raw-to-dashboard variance,Reconciliation,Critical,0.001487,0.005,<=,PASS,0,Web Analytics
2026-05-07,RUN-20260507-CRM_LEADS,CRM_LEADS,DQ-UNIQUE,Business key uniqueness,Uniqueness,Critical,0.0,0.0,<=,PASS,0,Revenue Analytics
2026-05-07,RUN-20260507-CRM_LEADS,CRM_LEADS,DQ-COMPLETE,Partition row coverage,Completeness,Critical,1.0,0.9,>=,PASS,0,Revenue Analytics
2026-05-07,RUN-20260507-CRM_LEADS,CRM_LEADS,DQ-VALID,Required type validity,Validity,High,0.0,0.0,<=,PASS,0,Revenue Analytics
2026-05-07,RUN-20260507-CRM_LEADS,CRM_LEADS,DQ-TAXONOMY,Unknown taxonomy rate,Consistency,High,0.0,0.01,<=,PASS,0,Revenue Analytics
2026-05-07,RUN-20260507-CRM_LEADS,CRM_LEADS,DQ-FRESH,Freshness lag,Timeliness,High,155.0,240.0,<=,PASS,0,Revenue Analytics
2026-05-07,RUN-20260507-CRM_LEADS,CRM_LEADS,DQ-RECON,Raw-to-dashboard variance,Reconciliation,Critical,0.0008,0.005,<=,PASS,0,Revenue Analytics
2026-05-07,RUN-20260507-COMMERCE_ORDERS,COMMERCE_ORDERS,DQ-UNIQUE,Business key uniqueness,Uniqueness,Critical,0.0,0.0,<=,PASS,0,Analytics Engineering
2026-05-07,RUN-20260507-COMMERCE_ORDERS,COMMERCE_ORDERS,DQ-COMPLETE,Partition row coverage,Completeness,Critical,1.0,0.9,>=,PASS,0,Analytics Engineering
2026-05-07,RUN-20260507-COMMERCE_ORDERS,COMMERCE_ORDERS,DQ-VALID,Required type validity,Validity,High,0.0,0.0,<=,PASS,0,Analytics Engineering
2026-05-07,RUN-20260507-COMMERCE_ORDERS,COMMERCE_ORDERS,DQ-TAXONOMY,Unknown taxonomy rate,Consistency,High,0.0,0.01,<=,PASS,0,Analytics Engineering
2026-05-07,RUN-20260507-COMMERCE_ORDERS,COMMERCE_ORDERS,DQ-FRESH,Freshness lag,Timeliness,High,141.0,240.0,<=,PASS,0,Analytics Engineering
2026-05-07,RUN-20260507-COMMERCE_ORDERS,COMMERCE_ORDERS,DQ-RECON,Raw-to-dashboard variance,Reconciliation,Critical,0.002022,0.005,<=,PASS,0,Analytics Engineering
2026-05-07,RUN-20260507-CAMPAIGN_SPEND,CAMPAIGN_SPEND,DQ-UNIQUE,Business key uniqueness,Uniqueness,Critical,0.0,0.0,<=,PASS,0,Marketing Operations
2026-05-07,RUN-20260507-CAMPAIGN_SPEND,CAMPAIGN_SPEND,DQ-COMPLETE,Partition row coverage,Completeness,Critical,1.0,0.9,>=,PASS,0,Marketing Operations
2026-05-07,RUN-20260507-CAMPAIGN_SPEND,CAMPAIGN_SPEND,DQ-VALID,Required type validity,Validity,High,0.0,0.0,<=,PASS,0,Marketing Operations
2026-05-07,RUN-20260507-CAMPAIGN_SPEND,CAMPAIGN_SPEND,DQ-TAXONOMY,Unknown taxonomy rate,Consistency,High,0.0,0.01,<=,PASS,0,Marketing Operations
2026-05-07,RUN-20260507-CAMPAIGN_SPEND,CAMPAIGN_SPEND,DQ-FRESH,Freshness lag,Timeliness,High,86.0,240.0,<=,PASS,0,Marketing Operations
2026-05-07,RUN-20260507-CAMPAIGN_SPEND,CAMPAIGN_SPEND,DQ-RECON,Raw-to-dashboard variance,Reconciliation,Critical,0.000907,0.005,<=,PASS,0,Marketing Operations
2026-05-08,RUN-20260508-WEB_EVENTS,WEB_EVENTS,DQ-UNIQUE,Business key uniqueness,Uniqueness,Critical,0.0,0.0,<=,PASS,0,Web Analytics
2026-05-08,RUN-20260508-WEB_EVENTS,WEB_EVENTS,DQ-COMPLETE,Partition row coverage,Completeness,Critical,1.0,0.9,>=,PASS,0,Web Analytics
2026-05-08,RUN-20260508-WEB_EVENTS,WEB_EVENTS,DQ-VALID,Required type validity,Validity,High,0.0,0.0,<=,PASS,0,Web Analytics
2026-05-08,RUN-20260508-WEB_EVENTS,WEB_EVENTS,DQ-TAXONOMY,Unknown taxonomy rate,Consistency,High,0.0,0.01,<=,PASS,0,Web Analytics
2026-05-08,RUN-20260508-WEB_EVENTS,WEB_EVENTS,DQ-FRESH,Freshness lag,Timeliness,High,110.0,240.0,<=,PASS,0,Web Analytics
2026-05-08,RUN-20260508-WEB_EVENTS,WEB_EVENTS,DQ-RECON,Raw-to-dashboard variance,Reconciliation,Critical,0.002448,0.005,<=,PASS,0,Web Analytics
2026-05-08,RUN-20260508-CRM_LEADS,CRM_LEADS,DQ-UNIQUE,Business key uniqueness,Uniqueness,Critical,0.0,0.0,<=,PASS,0,Revenue Analytics
2026-05-08,RUN-20260508-CRM_LEADS,CRM_LEADS,DQ-COMPLETE,Partition row coverage,Completeness,Critical,1.0,0.9,>=,PASS,0,Revenue Analytics
2026-05-08,RUN-20260508-CRM_LEADS,CRM_LEADS,DQ-VALID,Required type validity,Validity,High,0.0,0.0,<=,PASS,0,Revenue Analytics
2026-05-08,RUN-20260508-CRM_LEADS,CRM_LEADS,DQ-TAXONOMY,Unknown taxonomy rate,Consistency,High,0.0,0.01,<=,PASS,0,Revenue Analytics
2026-05-08,RUN-20260508-CRM_LEADS,CRM_LEADS,DQ-FRESH,Freshness lag,Timeliness,High,57.0,240.0,<=,PASS,0,Revenue Analytics
2026-05-08,RUN-20260508-CRM_LEADS,CRM_LEADS,DQ-RECON,Raw-to-dashboard variance,Reconciliation,Critical,0.000433,0.005,<=,PASS,0,Revenue Analytics
2026-05-08,RUN-20260508-COMMERCE_ORDERS,COMMERCE_ORDERS,DQ-UNIQUE,Business key uniqueness,Uniqueness,Critical,0.0,0.0,<=,PASS,0,Analytics Engineering
2026-05-08,RUN-20260508-COMMERCE_ORDERS,COMMERCE_ORDERS,DQ-COMPLETE,Partition row coverage,Completeness,Critical,1.0,0.9,>=,PASS,0,Analytics Engineering
2026-05-08,RUN-20260508-COMMERCE_ORDERS,COMMERCE_ORDERS,DQ-VALID,Required type validity,Validity,High,0.0,0.0,<=,PASS,0,Analytics Engineering
2026-05-08,RUN-20260508-COMMERCE_ORDERS,COMMERCE_ORDERS,DQ-TAXONOMY,Unknown taxonomy rate,Consistency,High,0.0,0.01,<=,PASS,0,Analytics Engineering
2026-05-08,RUN-20260508-COMMERCE_ORDERS,COMMERCE_ORDERS,DQ-FRESH,Freshness lag,Timeliness,High,165.0,240.0,<=,PASS,0,Analytics Engineering
2026-05-08,RUN-20260508-COMMERCE_ORDERS,COMMERCE_ORDERS,DQ-RECON,Raw-to-dashboard variance,Reconciliation,Critical,0.00208,0.005,<=,PASS,0,Analytics Engineering
2026-05-08,RUN-20260508-CAMPAIGN_SPEND,CAMPAIGN_SPEND,DQ-UNIQUE,Business key uniqueness,Uniqueness,Critical,0.0,0.0,<=,PASS,0,Marketing Operations
2026-05-08,RUN-20260508-CAMPAIGN_SPEND,CAMPAIGN_SPEND,DQ-COMPLETE,Partition row coverage,Completeness,Critical,1.0,0.9,>=,PASS,0,Marketing Operations
2026-05-08,RUN-20260508-CAMPAIGN_SPEND,CAMPAIGN_SPEND,DQ-VALID,Required type validity,Validity,High,0.0,0.0,<=,PASS,0,Marketing Operations
2026-05-08,RUN-20260508-CAMPAIGN_SPEND,CAMPAIGN_SPEND,DQ-TAXONOMY,Unknown taxonomy rate,Consistency,High,0.13,0.01,<=,WARN,13,Marketing Operations
2026-05-08,RUN-20260508-CAMPAIGN_SPEND,CAMPAIGN_SPEND,DQ-FRESH,Freshness lag,Timeliness,High,105.0,240.0,<=,PASS,0,Marketing Operations
2026-05-08,RUN-20260508-CAMPAIGN_SPEND,CAMPAIGN_SPEND,DQ-RECON,Raw-to-dashboard variance,Reconciliation,Critical,0.012,0.005,<=,FAIL,1,Marketing Operations
2026-05-09,RUN-20260509-WEB_EVENTS,WEB_EVENTS,DQ-UNIQUE,Business key uniqueness,Uniqueness,Critical,0.0,0.0,<=,PASS,0,Web Analytics
2026-05-09,RUN-20260509-WEB_EVENTS,WEB_EVENTS,DQ-COMPLETE,Partition row coverage,Completeness,Critical,1.0,0.9,>=,PASS,0,Web Analytics
2026-05-09,RUN-20260509-WEB_EVENTS,WEB_EVENTS,DQ-VALID,Required type validity,Validity,High,0.0,0.0,<=,PASS,0,Web Analytics
2026-05-09,RUN-20260509-WEB_EVENTS,WEB_EVENTS,DQ-TAXONOMY,Unknown taxonomy rate,Consistency,High,0.0,0.01,<=,PASS,0,Web Analytics
2026-05-09,RUN-20260509-WEB_EVENTS,WEB_EVENTS,DQ-FRESH,Freshness lag,Timeliness,High,142.0,240.0,<=,PASS,0,Web Analytics
2026-05-09,RUN-20260509-WEB_EVENTS,WEB_EVENTS,DQ-RECON,Raw-to-dashboard variance,Reconciliation,Critical,0.002427,0.005,<=,PASS,0,Web Analytics
2026-05-09,RUN-20260509-CRM_LEADS,CRM_LEADS,DQ-UNIQUE,Business key uniqueness,Uniqueness,Critical,0.0,0.0,<=,PASS,0,Revenue Analytics
2026-05-09,RUN-20260509-CRM_LEADS,CRM_LEADS,DQ-COMPLETE,Partition row coverage,Completeness,Critical,1.0,0.9,>=,PASS,0,Revenue Analytics
2026-05-09,RUN-20260509-CRM_LEADS,CRM_LEADS,DQ-VALID,Required type validity,Validity,High,0.0,0.0,<=,PASS,0,Revenue Analytics
2026-05-09,RUN-20260509-CRM_LEADS,CRM_LEADS,DQ-TAXONOMY,Unknown taxonomy rate,Consistency,High,0.0,0.01,<=,PASS,0,Revenue Analytics
2026-05-09,RUN-20260509-CRM_LEADS,CRM_LEADS,DQ-FRESH,Freshness lag,Timeliness,High,174.0,240.0,<=,PASS,0,Revenue Analytics
2026-05-09,RUN-20260509-CRM_LEADS,CRM_LEADS,DQ-RECON,Raw-to-dashboard variance,Reconciliation,Critical,0.002428,0.005,<=,PASS,0,Revenue Analytics
2026-05-09,RUN-20260509-COMMERCE_ORDERS,COMMERCE_ORDERS,DQ-UNIQUE,Business key uniqueness,Uniqueness,Critical,0.0,0.0,<=,PASS,0,Analytics Engineering
2026-05-09,RUN-20260509-COMMERCE_ORDERS,COMMERCE_ORDERS,DQ-COMPLETE,Partition row coverage,Completeness,Critical,1.0,0.9,>=,PASS,0,Analytics Engineering
2026-05-09,RUN-20260509-COMMERCE_ORDERS,COMMERCE_ORDERS,DQ-VALID,Required type validity,Validity,High,0.0,0.0,<=,PASS,0,Analytics Engineering
2026-05-09,RUN-20260509-COMMERCE_ORDERS,COMMERCE_ORDERS,DQ-TAXONOMY,Unknown taxonomy rate,Consistency,High,0.0,0.01,<=,PASS,0,Analytics Engineering
2026-05-09,RUN-20260509-COMMERCE_ORDERS,COMMERCE_ORDERS,DQ-FRESH,Freshness lag,Timeliness,High,168.0,240.0,<=,PASS,0,Analytics Engineering
2026-05-09,RUN-20260509-COMMERCE_ORDERS,COMMERCE_ORDERS,DQ-RECON,Raw-to-dashboard variance,Reconciliation,Critical,0.003081,0.005,<=,PASS,0,Analytics Engineering
2026-05-09,RUN-20260509-CAMPAIGN_SPEND,CAMPAIGN_SPEND,DQ-UNIQUE,Business key uniqueness,Uniqueness,Critical,0.0,0.0,<=,PASS,0,Marketing Operations
2026-05-09,RUN-20260509-CAMPAIGN_SPEND,CAMPAIGN_SPEND,DQ-COMPLETE,Partition row coverage,Completeness,Critical,1.0,0.9,>=,PASS,0,Marketing Operations
2026-05-09,RUN-20260509-CAMPAIGN_SPEND,CAMPAIGN_SPEND,DQ-VALID,Required type validity,Validity,High,0.0,0.0,<=,PASS,0,Marketing Operations
2026-05-09,RUN-20260509-CAMPAIGN_SPEND,CAMPAIGN_SPEND,DQ-TAXONOMY,Unknown taxonomy rate,Consistency,High,0.13,0.01,<=,WARN,13,Marketing Operations
2026-05-09,RUN-20260509-CAMPAIGN_SPEND,CAMPAIGN_SPEND,DQ-FRESH,Freshness lag,Timeliness,High,145.0,240.0,<=,PASS,0,Marketing Operations
2026-05-09,RUN-20260509-CAMPAIGN_SPEND,CAMPAIGN_SPEND,DQ-RECON,Raw-to-dashboard variance,Reconciliation,Critical,0.012,0.005,<=,FAIL,1,Marketing Operations
2026-05-10,RUN-20260510-WEB_EVENTS,WEB_EVENTS,DQ-UNIQUE,Business key uniqueness,Uniqueness,Critical,0.0,0.0,<=,PASS,0,Web Analytics
2026-05-10,RUN-20260510-WEB_EVENTS,WEB_EVENTS,DQ-COMPLETE,Partition row coverage,Completeness,Critical,1.0,0.9,>=,PASS,0,Web Analytics
2026-05-10,RUN-20260510-WEB_EVENTS,WEB_EVENTS,DQ-VALID,Required type validity,Validity,High,0.0,0.0,<=,PASS,0,Web Analytics
2026-05-10,RUN-20260510-WEB_EVENTS,WEB_EVENTS,DQ-TAXONOMY,Unknown taxonomy rate,Consistency,High,0.0,0.01,<=,PASS,0,Web Analytics
2026-05-10,RUN-20260510-WEB_EVENTS,WEB_EVENTS,DQ-FRESH,Freshness lag,Timeliness,High,95.0,240.0,<=,PASS,0,Web Analytics
2026-05-10,RUN-20260510-WEB_EVENTS,WEB_EVENTS,DQ-RECON,Raw-to-dashboard variance,Reconciliation,Critical,0.002238,0.005,<=,PASS,0,Web Analytics
2026-05-10,RUN-20260510-CRM_LEADS,CRM_LEADS,DQ-UNIQUE,Business key uniqueness,Uniqueness,Critical,0.0,0.0,<=,PASS,0,Revenue Analytics
2026-05-10,RUN-20260510-CRM_LEADS,CRM_LEADS,DQ-COMPLETE,Partition row coverage,Completeness,Critical,1.0,0.9,>=,PASS,0,Revenue Analytics
2026-05-10,RUN-20260510-CRM_LEADS,CRM_LEADS,DQ-VALID,Required type validity,Validity,High,0.0,0.0,<=,PASS,0,Revenue Analytics
2026-05-10,RUN-20260510-CRM_LEADS,CRM_LEADS,DQ-TAXONOMY,Unknown taxonomy rate,Consistency,High,0.0,0.01,<=,PASS,0,Revenue Analytics
2026-05-10,RUN-20260510-CRM_LEADS,CRM_LEADS,DQ-FRESH,Freshness lag,Timeliness,High,127.0,240.0,<=,PASS,0,Revenue Analytics
2026-05-10,RUN-20260510-CRM_LEADS,CRM_LEADS,DQ-RECON,Raw-to-dashboard variance,Reconciliation,Critical,0.002656,0.005,<=,PASS,0,Revenue Analytics
2026-05-10,RUN-20260510-COMMERCE_ORDERS,COMMERCE_ORDERS,DQ-UNIQUE,Business key uniqueness,Uniqueness,Critical,0.0,0.0,<=,PASS,0,Analytics Engineering
2026-05-10,RUN-20260510-COMMERCE_ORDERS,COMMERCE_ORDERS,DQ-COMPLETE,Partition row coverage,Completeness,Critical,1.0,0.9,>=,PASS,0,Analytics Engineering
2026-05-10,RUN-20260510-COMMERCE_ORDERS,COMMERCE_ORDERS,DQ-VALID,Required type validity,Validity,High,0.0,0.0,<=,PASS,0,Analytics Engineering
2026-05-10,RUN-20260510-COMMERCE_ORDERS,COMMERCE_ORDERS,DQ-TAXONOMY,Unknown taxonomy rate,Consistency,High,0.0,0.01,<=,PASS,0,Analytics Engineering
2026-05-10,RUN-20260510-COMMERCE_ORDERS,COMMERCE_ORDERS,DQ-FRESH,Freshness lag,Timeliness,High,124.0,240.0,<=,PASS,0,Analytics Engineering
2026-05-10,RUN-20260510-COMMERCE_ORDERS,COMMERCE_ORDERS,DQ-RECON,Raw-to-dashboard variance,Reconciliation,Critical,0.001079,0.005,<=,PASS,0,Analytics Engineering
2026-05-10,RUN-20260510-CAMPAIGN_SPEND,CAMPAIGN_SPEND,DQ-UNIQUE,Business key uniqueness,Uniqueness,Critical,0.0,0.0,<=,PASS,0,Marketing Operations
2026-05-10,RUN-20260510-CAMPAIGN_SPEND,CAMPAIGN_SPEND,DQ-COMPLETE,Partition row coverage,Completeness,Critical,1.0,0.9,>=,PASS,0,Marketing Operations
2026-05-10,RUN-20260510-CAMPAIGN_SPEND,CAMPAIGN_SPEND,DQ-VALID,Required type validity,Validity,High,0.0,0.0,<=,PASS,0,Marketing Operations
2026-05-10,RUN-20260510-CAMPAIGN_SPEND,CAMPAIGN_SPEND,DQ-TAXONOMY,Unknown taxonomy rate,Consistency,High,0.13,0.01,<=,WARN,13,Marketing Operations
2026-05-10,RUN-20260510-CAMPAIGN_SPEND,CAMPAIGN_SPEND,DQ-FRESH,Freshness lag,Timeliness,High,131.0,240.0,<=,PASS,0,Marketing Operations
2026-05-10,RUN-20260510-CAMPAIGN_SPEND,CAMPAIGN_SPEND,DQ-RECON,Raw-to-dashboard variance,Reconciliation,Critical,0.012,0.005,<=,FAIL,1,Marketing Operations
2026-05-11,RUN-20260511-WEB_EVENTS,WEB_EVENTS,DQ-UNIQUE,Business key uniqueness,Uniqueness,Critical,0.0,0.0,<=,PASS,0,Web Analytics
2026-05-11,RUN-20260511-WEB_EVENTS,WEB_EVENTS,DQ-COMPLETE,Partition row coverage,Completeness,Critical,1.0,0.9,>=,PASS,0,Web Analytics
2026-05-11,RUN-20260511-WEB_EVENTS,WEB_EVENTS,DQ-VALID,Required type validity,Validity,High,0.0,0.0,<=,PASS,0,Web Analytics
2026-05-11,RUN-20260511-WEB_EVENTS,WEB_EVENTS,DQ-TAXONOMY,Unknown taxonomy rate,Consistency,High,0.0,0.01,<=,PASS,0,Web Analytics
2026-05-11,RUN-20260511-WEB_EVENTS,WEB_EVENTS,DQ-FRESH,Freshness lag,Timeliness,High,131.0,240.0,<=,PASS,0,Web Analytics
2026-05-11,RUN-20260511-WEB_EVENTS,WEB_EVENTS,DQ-RECON,Raw-to-dashboard variance,Reconciliation,Critical,0.001547,0.005,<=,PASS,0,Web Analytics
2026-05-11,RUN-20260511-CRM_LEADS,CRM_LEADS,DQ-UNIQUE,Business key uniqueness,Uniqueness,Critical,0.0,0.0,<=,PASS,0,Revenue Analytics
2026-05-11,RUN-20260511-CRM_LEADS,CRM_LEADS,DQ-COMPLETE,Partition row coverage,Completeness,Critical,1.0,0.9,>=,PASS,0,Revenue Analytics
2026-05-11,RUN-20260511-CRM_LEADS,CRM_LEADS,DQ-VALID,Required type validity,Validity,High,0.0,0.0,<=,PASS,0,Revenue Analytics
2026-05-11,RUN-20260511-CRM_LEADS,CRM_LEADS,DQ-TAXONOMY,Unknown taxonomy rate,Consistency,High,0.0,0.01,<=,PASS,0,Revenue Analytics
2026-05-11,RUN-20260511-CRM_LEADS,CRM_LEADS,DQ-FRESH,Freshness lag,Timeliness,High,80.0,240.0,<=,PASS,0,Revenue Analytics
2026-05-11,RUN-20260511-CRM_LEADS,CRM_LEADS,DQ-RECON,Raw-to-dashboard variance,Reconciliation,Critical,0.000625,0.005,<=,PASS,0,Revenue Analytics
2026-05-11,RUN-20260511-COMMERCE_ORDERS,COMMERCE_ORDERS,DQ-UNIQUE,Business key uniqueness,Uniqueness,Critical,0.0,0.0,<=,PASS,0,Analytics Engineering
2026-05-11,RUN-20260511-COMMERCE_ORDERS,COMMERCE_ORDERS,DQ-COMPLETE,Partition row coverage,Completeness,Critical,1.0,0.9,>=,PASS,0,Analytics Engineering
2026-05-11,RUN-20260511-COMMERCE_ORDERS,COMMERCE_ORDERS,DQ-VALID,Required type validity,Validity,High,0.0,0.0,<=,PASS,0,Analytics Engineering
2026-05-11,RUN-20260511-COMMERCE_ORDERS,COMMERCE_ORDERS,DQ-TAXONOMY,Unknown taxonomy rate,Consistency,High,0.0,0.01,<=,PASS,0,Analytics Engineering
2026-05-11,RUN-20260511-COMMERCE_ORDERS,COMMERCE_ORDERS,DQ-FRESH,Freshness lag,Timeliness,High,106.0,240.0,<=,PASS,0,Analytics Engineering
2026-05-11,RUN-20260511-COMMERCE_ORDERS,COMMERCE_ORDERS,DQ-RECON,Raw-to-dashboard variance,Reconciliation,Critical,0.002055,0.005,<=,PASS,0,Analytics Engineering
2026-05-11,RUN-20260511-CAMPAIGN_SPEND,CAMPAIGN_SPEND,DQ-UNIQUE,Business key uniqueness,Uniqueness,Critical,0.0,0.0,<=,PASS,0,Marketing Operations
2026-05-11,RUN-20260511-CAMPAIGN_SPEND,CAMPAIGN_SPEND,DQ-COMPLETE,Partition row coverage,Completeness,Critical,1.0,0.9,>=,PASS,0,Marketing Operations
2026-05-11,RUN-20260511-CAMPAIGN_SPEND,CAMPAIGN_SPEND,DQ-VALID,Required type validity,Validity,High,0.0,0.0,<=,PASS,0,Marketing Operations
2026-05-11,RUN-20260511-CAMPAIGN_SPEND,CAMPAIGN_SPEND,DQ-TAXONOMY,Unknown taxonomy rate,Consistency,High,0.0,0.01,<=,PASS,0,Marketing Operations
2026-05-11,RUN-20260511-CAMPAIGN_SPEND,CAMPAIGN_SPEND,DQ-FRESH,Freshness lag,Timeliness,High,147.0,240.0,<=,PASS,0,Marketing Operations
2026-05-11,RUN-20260511-CAMPAIGN_SPEND,CAMPAIGN_SPEND,DQ-RECON,Raw-to-dashboard variance,Reconciliation,Critical,0.001447,0.005,<=,PASS,0,Marketing Operations
2026-05-12,RUN-20260512-WEB_EVENTS,WEB_EVENTS,DQ-UNIQUE,Business key uniqueness,Uniqueness,Critical,0.0,0.0,<=,PASS,0,Web Analytics
2026-05-12,RUN-20260512-WEB_EVENTS,WEB_EVENTS,DQ-COMPLETE,Partition row coverage,Completeness,Critical,1.0,0.9,>=,PASS,0,Web Analytics
2026-05-12,RUN-20260512-WEB_EVENTS,WEB_EVENTS,DQ-VALID,Required type validity,Validity,High,0.0,0.0,<=,PASS,0,Web Analytics
2026-05-12,RUN-20260512-WEB_EVENTS,WEB_EVENTS,DQ-TAXONOMY,Unknown taxonomy rate,Consistency,High,0.0,0.01,<=,PASS,0,Web Analytics
2026-05-12,RUN-20260512-WEB_EVENTS,WEB_EVENTS,DQ-FRESH,Freshness lag,Timeliness,High,181.0,240.0,<=,PASS,0,Web Analytics
2026-05-12,RUN-20260512-WEB_EVENTS,WEB_EVENTS,DQ-RECON,Raw-to-dashboard variance,Reconciliation,Critical,0.000882,0.005,<=,PASS,0,Web Analytics
2026-05-12,RUN-20260512-CRM_LEADS,CRM_LEADS,DQ-UNIQUE,Business key uniqueness,Uniqueness,Critical,0.0,0.0,<=,PASS,0,Revenue Analytics
2026-05-12,RUN-20260512-CRM_LEADS,CRM_LEADS,DQ-COMPLETE,Partition row coverage,Completeness,Critical,1.0,0.9,>=,PASS,0,Revenue Analytics
2026-05-12,RUN-20260512-CRM_LEADS,CRM_LEADS,DQ-VALID,Required type validity,Validity,High,0.0,0.0,<=,PASS,0,Revenue Analytics
2026-05-12,RUN-20260512-CRM_LEADS,CRM_LEADS,DQ-TAXONOMY,Unknown taxonomy rate,Consistency,High,0.0,0.01,<=,PASS,0,Revenue Analytics
2026-05-12,RUN-20260512-CRM_LEADS,CRM_LEADS,DQ-FRESH,Freshness lag,Timeliness,High,154.0,240.0,<=,PASS,0,Revenue Analytics
2026-05-12,RUN-20260512-CRM_LEADS,CRM_LEADS,DQ-RECON,Raw-to-dashboard variance,Reconciliation,Critical,0.001467,0.005,<=,PASS,0,Revenue Analytics
2026-05-12,RUN-20260512-COMMERCE_ORDERS,COMMERCE_ORDERS,DQ-UNIQUE,Business key uniqueness,Uniqueness,Critical,0.0,0.0,<=,PASS,0,Analytics Engineering
2026-05-12,RUN-20260512-COMMERCE_ORDERS,COMMERCE_ORDERS,DQ-COMPLETE,Partition row coverage,Completeness,Critical,1.0,0.9,>=,PASS,0,Analytics Engineering
2026-05-12,RUN-20260512-COMMERCE_ORDERS,COMMERCE_ORDERS,DQ-VALID,Required type validity,Validity,High,0.0,0.0,<=,PASS,0,Analytics Engineering
2026-05-12,RUN-20260512-COMMERCE_ORDERS,COMMERCE_ORDERS,DQ-TAXONOMY,Unknown taxonomy rate,Consistency,High,0.0,0.01,<=,PASS,0,Analytics Engineering
2026-05-12,RUN-20260512-COMMERCE_ORDERS,COMMERCE_ORDERS,DQ-FRESH,Freshness lag,Timeliness,High,61.0,240.0,<=,PASS,0,Analytics Engineering
2026-05-12,RUN-20260512-COMMERCE_ORDERS,COMMERCE_ORDERS,DQ-RECON,Raw-to-dashboard variance,Reconciliation,Critical,0.001722,0.005,<=,PASS,0,Analytics Engineering
2026-05-12,RUN-20260512-CAMPAIGN_SPEND,CAMPAIGN_SPEND,DQ-UNIQUE,Business key uniqueness,Uniqueness,Critical,0.0,0.0,<=,PASS,0,Marketing Operations
2026-05-12,RUN-20260512-CAMPAIGN_SPEND,CAMPAIGN_SPEND,DQ-COMPLETE,Partition row coverage,Completeness,Critical,1.0,0.9,>=,PASS,0,Marketing Operations
2026-05-12,RUN-20260512-CAMPAIGN_SPEND,CAMPAIGN_SPEND,DQ-VALID,Required type validity,Validity,High,0.0,0.0,<=,PASS,0,Marketing Operations
2026-05-12,RUN-20260512-CAMPAIGN_SPEND,CAMPAIGN_SPEND,DQ-TAXONOMY,Unknown taxonomy rate,Consistency,High,0.0,0.01,<=,PASS,0,Marketing Operations
2026-05-12,RUN-20260512-CAMPAIGN_SPEND,CAMPAIGN_SPEND,DQ-FRESH,Freshness lag,Timeliness,High,114.0,240.0,<=,PASS,0,Marketing Operations
2026-05-12,RUN-20260512-CAMPAIGN_SPEND,CAMPAIGN_SPEND,DQ-RECON,Raw-to-dashboard variance,Reconciliation,Critical,0.003138,0.005,<=,PASS,0,Marketing Operations
2026-05-13,RUN-20260513-WEB_EVENTS,WEB_EVENTS,DQ-UNIQUE,Business key uniqueness,Uniqueness,Critical,0.0,0.0,<=,PASS,0,Web Analytics
2026-05-13,RUN-20260513-WEB_EVENTS,WEB_EVENTS,DQ-COMPLETE,Partition row coverage,Completeness,Critical,1.0,0.9,>=,PASS,0,Web Analytics
2026-05-13,RUN-20260513-WEB_EVENTS,WEB_EVENTS,DQ-VALID,Required type validity,Validity,High,0.0,0.0,<=,PASS,0,Web Analytics
2026-05-13,RUN-20260513-WEB_EVENTS,WEB_EVENTS,DQ-TAXONOMY,Unknown taxonomy rate,Consistency,High,0.0,0.01,<=,PASS,0,Web Analytics
2026-05-13,RUN-20260513-WEB_EVENTS,WEB_EVENTS,DQ-FRESH,Freshness lag,Timeliness,High,71.0,240.0,<=,PASS,0,Web Analytics
2026-05-13,RUN-20260513-WEB_EVENTS,WEB_EVENTS,DQ-RECON,Raw-to-dashboard variance,Reconciliation,Critical,0.00232,0.005,<=,PASS,0,Web Analytics
2026-05-13,RUN-20260513-CRM_LEADS,CRM_LEADS,DQ-UNIQUE,Business key uniqueness,Uniqueness,Critical,0.0,0.0,<=,PASS,0,Revenue Analytics
2026-05-13,RUN-20260513-CRM_LEADS,CRM_LEADS,DQ-COMPLETE,Partition row coverage,Completeness,Critical,1.0,0.9,>=,PASS,0,Revenue Analytics
2026-05-13,RUN-20260513-CRM_LEADS,CRM_LEADS,DQ-VALID,Required type validity,Validity,High,0.0,0.0,<=,PASS,0,Revenue Analytics
2026-05-13,RUN-20260513-CRM_LEADS,CRM_LEADS,DQ-TAXONOMY,Unknown taxonomy rate,Consistency,High,0.0,0.01,<=,PASS,0,Revenue Analytics
2026-05-13,RUN-20260513-CRM_LEADS,CRM_LEADS,DQ-FRESH,Freshness lag,Timeliness,High,139.0,240.0,<=,PASS,0,Revenue Analytics
2026-05-13,RUN-20260513-CRM_LEADS,CRM_LEADS,DQ-RECON,Raw-to-dashboard variance,Reconciliation,Critical,0.002432,0.005,<=,PASS,0,Revenue Analytics
2026-05-13,RUN-20260513-COMMERCE_ORDERS,COMMERCE_ORDERS,DQ-UNIQUE,Business key uniqueness,Uniqueness,Critical,0.0,0.0,<=,PASS,0,Analytics Engineering
2026-05-13,RUN-20260513-COMMERCE_ORDERS,COMMERCE_ORDERS,DQ-COMPLETE,Partition row coverage,Completeness,Critical,1.0,0.9,>=,PASS,0,Analytics Engineering
2026-05-13,RUN-20260513-COMMERCE_ORDERS,COMMERCE_ORDERS,DQ-VALID,Required type validity,Validity,High,0.0,0.0,<=,PASS,0,Analytics Engineering
2026-05-13,RUN-20260513-COMMERCE_ORDERS,COMMERCE_ORDERS,DQ-TAXONOMY,Unknown taxonomy rate,Consistency,High,0.0,0.01,<=,PASS,0,Analytics Engineering
2026-05-13,RUN-20260513-COMMERCE_ORDERS,COMMERCE_ORDERS,DQ-FRESH,Freshness lag,Timeliness,High,95.0,240.0,<=,PASS,0,Analytics Engineering
2026-05-13,RUN-20260513-COMMERCE_ORDERS,COMMERCE_ORDERS,DQ-RECON,Raw-to-dashboard variance,Reconciliation,Critical,0.001255,0.005,<=,PASS,0,Analytics Engineering
2026-05-13,RUN-20260513-CAMPAIGN_SPEND,CAMPAIGN_SPEND,DQ-UNIQUE,Business key uniqueness,Uniqueness,Critical,0.0,0.0,<=,PASS,0,Marketing Operations
2026-05-13,RUN-20260513-CAMPAIGN_SPEND,CAMPAIGN_SPEND,DQ-COMPLETE,Partition row coverage,Completeness,Critical,1.0,0.9,>=,PASS,0,Marketing Operations
2026-05-13,RUN-20260513-CAMPAIGN_SPEND,CAMPAIGN_SPEND,DQ-VALID,Required type validity,Validity,High,0.0,0.0,<=,PASS,0,Marketing Operations
2026-05-13,RUN-20260513-CAMPAIGN_SPEND,CAMPAIGN_SPEND,DQ-TAXONOMY,Unknown taxonomy rate,Consistency,High,0.0,0.01,<=,PASS,0,Marketing Operations
2026-05-13,RUN-20260513-CAMPAIGN_SPEND,CAMPAIGN_SPEND,DQ-FRESH,Freshness lag,Timeliness,High,60.0,240.0,<=,PASS,0,Marketing Operations
2026-05-13,RUN-20260513-CAMPAIGN_SPEND,CAMPAIGN_SPEND,DQ-RECON,Raw-to-dashboard variance,Reconciliation,Critical,0.000502,0.005,<=,PASS,0,Marketing Operations
2026-05-14,RUN-20260514-WEB_EVENTS,WEB_EVENTS,DQ-UNIQUE,Business key uniqueness,Uniqueness,Critical,0.0,0.0,<=,PASS,0,Web Analytics
2026-05-14,RUN-20260514-WEB_EVENTS,WEB_EVENTS,DQ-COMPLETE,Partition row coverage,Completeness,Critical,1.0,0.9,>=,PASS,0,Web Analytics
2026-05-14,RUN-20260514-WEB_EVENTS,WEB_EVENTS,DQ-VALID,Required type validity,Validity,High,0.0,0.0,<=,PASS,0,Web Analytics
2026-05-14,RUN-20260514-WEB_EVENTS,WEB_EVENTS,DQ-TAXONOMY,Unknown taxonomy rate,Consistency,High,0.0,0.01,<=,PASS,0,Web Analytics
2026-05-14,RUN-20260514-WEB_EVENTS,WEB_EVENTS,DQ-FRESH,Freshness lag,Timeliness,High,161.0,240.0,<=,PASS,0,Web Analytics
2026-05-14,RUN-20260514-WEB_EVENTS,WEB_EVENTS,DQ-RECON,Raw-to-dashboard variance,Reconciliation,Critical,0.003002,0.005,<=,PASS,0,Web Analytics
2026-05-14,RUN-20260514-CRM_LEADS,CRM_LEADS,DQ-UNIQUE,Business key uniqueness,Uniqueness,Critical,0.0,0.0,<=,PASS,0,Revenue Analytics
2026-05-14,RUN-20260514-CRM_LEADS,CRM_LEADS,DQ-COMPLETE,Partition row coverage,Completeness,Critical,1.0,0.9,>=,PASS,0,Revenue Analytics
2026-05-14,RUN-20260514-CRM_LEADS,CRM_LEADS,DQ-VALID,Required type validity,Validity,High,0.0,0.0,<=,PASS,0,Revenue Analytics
2026-05-14,RUN-20260514-CRM_LEADS,CRM_LEADS,DQ-TAXONOMY,Unknown taxonomy rate,Consistency,High,0.0,0.01,<=,PASS,0,Revenue Analytics
2026-05-14,RUN-20260514-CRM_LEADS,CRM_LEADS,DQ-FRESH,Freshness lag,Timeliness,High,164.0,240.0,<=,PASS,0,Revenue Analytics
2026-05-14,RUN-20260514-CRM_LEADS,CRM_LEADS,DQ-RECON,Raw-to-dashboard variance,Reconciliation,Critical,0.001488,0.005,<=,PASS,0,Revenue Analytics
2026-05-14,RUN-20260514-COMMERCE_ORDERS,COMMERCE_ORDERS,DQ-UNIQUE,Business key uniqueness,Uniqueness,Critical,0.0,0.0,<=,PASS,0,Analytics Engineering
2026-05-14,RUN-20260514-COMMERCE_ORDERS,COMMERCE_ORDERS,DQ-COMPLETE,Partition row coverage,Completeness,Critical,1.0,0.9,>=,PASS,0,Analytics Engineering
2026-05-14,RUN-20260514-COMMERCE_ORDERS,COMMERCE_ORDERS,DQ-VALID,Required type validity,Validity,High,0.0,0.0,<=,PASS,0,Analytics Engineering
2026-05-14,RUN-20260514-COMMERCE_ORDERS,COMMERCE_ORDERS,DQ-TAXONOMY,Unknown taxonomy rate,Consistency,High,0.0,0.01,<=,PASS,0,Analytics Engineering
2026-05-14,RUN-20260514-COMMERCE_ORDERS,COMMERCE_ORDERS,DQ-FRESH,Freshness lag,Timeliness,High,92.0,240.0,<=,PASS,0,Analytics Engineering
2026-05-14,RUN-20260514-COMMERCE_ORDERS,COMMERCE_ORDERS,DQ-RECON,Raw-to-dashboard variance,Reconciliation,Critical,0.001874,0.005,<=,PASS,0,Analytics Engineering
2026-05-14,RUN-20260514-CAMPAIGN_SPEND,CAMPAIGN_SPEND,DQ-UNIQUE,Business key uniqueness,Uniqueness,Critical,0.0,0.0,<=,PASS,0,Marketing Operations
2026-05-14,RUN-20260514-CAMPAIGN_SPEND,CAMPAIGN_SPEND,DQ-COMPLETE,Partition row coverage,Completeness,Critical,1.0,0.9,>=,PASS,0,Marketing Operations
2026-05-14,RUN-20260514-CAMPAIGN_SPEND,CAMPAIGN_SPEND,DQ-VALID,Required type validity,Validity,High,0.0,0.0,<=,PASS,0,Marketing Operations
2026-05-14,RUN-20260514-CAMPAIGN_SPEND,CAMPAIGN_SPEND,DQ-TAXONOMY,Unknown taxonomy rate,Consistency,High,0.0,0.01,<=,PASS,0,Marketing Operations
2026-05-14,RUN-20260514-CAMPAIGN_SPEND,CAMPAIGN_SPEND,DQ-FRESH,Freshness lag,Timeliness,High,78.0,240.0,<=,PASS,0,Marketing Operations
2026-05-14,RUN-20260514-CAMPAIGN_SPEND,CAMPAIGN_SPEND,DQ-RECON,Raw-to-dashboard variance,Reconciliation,Critical,0.002149,0.005,<=,PASS,0,Marketing Operations
2026-05-15,RUN-20260515-WEB_EVENTS,WEB_EVENTS,DQ-UNIQUE,Business key uniqueness,Uniqueness,Critical,0.0,0.0,<=,PASS,0,Web Analytics
2026-05-15,RUN-20260515-WEB_EVENTS,WEB_EVENTS,DQ-COMPLETE,Partition row coverage,Completeness,Critical,1.0,0.9,>=,PASS,0,Web Analytics
2026-05-15,RUN-20260515-WEB_EVENTS,WEB_EVENTS,DQ-VALID,Required type validity,Validity,High,0.0,0.0,<=,PASS,0,Web Analytics
2026-05-15,RUN-20260515-WEB_EVENTS,WEB_EVENTS,DQ-TAXONOMY,Unknown taxonomy rate,Consistency,High,0.0,0.01,<=,PASS,0,Web Analytics
2026-05-15,RUN-20260515-WEB_EVENTS,WEB_EVENTS,DQ-FRESH,Freshness lag,Timeliness,High,168.0,240.0,<=,PASS,0,Web Analytics
2026-05-15,RUN-20260515-WEB_EVENTS,WEB_EVENTS,DQ-RECON,Raw-to-dashboard variance,Reconciliation,Critical,0.002575,0.005,<=,PASS,0,Web Analytics
2026-05-15,RUN-20260515-CRM_LEADS,CRM_LEADS,DQ-UNIQUE,Business key uniqueness,Uniqueness,Critical,0.0,0.0,<=,PASS,0,Revenue Analytics
2026-05-15,RUN-20260515-CRM_LEADS,CRM_LEADS,DQ-COMPLETE,Partition row coverage,Completeness,Critical,1.0,0.9,>=,PASS,0,Revenue Analytics
2026-05-15,RUN-20260515-CRM_LEADS,CRM_LEADS,DQ-VALID,Required type validity,Validity,High,0.0,0.0,<=,PASS,0,Revenue Analytics
2026-05-15,RUN-20260515-CRM_LEADS,CRM_LEADS,DQ-TAXONOMY,Unknown taxonomy rate,Consistency,High,0.0,0.01,<=,PASS,0,Revenue Analytics
2026-05-15,RUN-20260515-CRM_LEADS,CRM_LEADS,DQ-FRESH,Freshness lag,Timeliness,High,78.0,240.0,<=,PASS,0,Revenue Analytics
2026-05-15,RUN-20260515-CRM_LEADS,CRM_LEADS,DQ-RECON,Raw-to-dashboard variance,Reconciliation,Critical,0.002531,0.005,<=,PASS,0,Revenue Analytics
2026-05-15,RUN-20260515-COMMERCE_ORDERS,COMMERCE_ORDERS,DQ-UNIQUE,Business key uniqueness,Uniqueness,Critical,0.0,0.0,<=,PASS,0,Analytics Engineering
2026-05-15,RUN-20260515-COMMERCE_ORDERS,COMMERCE_ORDERS,DQ-COMPLETE,Partition row coverage,Completeness,Critical,1.0,0.9,>=,PASS,0,Analytics Engineering
2026-05-15,RUN-20260515-COMMERCE_ORDERS,COMMERCE_ORDERS,DQ-VALID,Required type validity,Validity,High,0.0,0.0,<=,PASS,0,Analytics Engineering
2026-05-15,RUN-20260515-COMMERCE_ORDERS,COMMERCE_ORDERS,DQ-TAXONOMY,Unknown taxonomy rate,Consistency,High,0.0,0.01,<=,PASS,0,Analytics Engineering
2026-05-15,RUN-20260515-COMMERCE_ORDERS,COMMERCE_ORDERS,DQ-FRESH,Freshness lag,Timeliness,High,130.0,240.0,<=,PASS,0,Analytics Engineering
2026-05-15,RUN-20260515-COMMERCE_ORDERS,COMMERCE_ORDERS,DQ-RECON,Raw-to-dashboard variance,Reconciliation,Critical,0.002754,0.005,<=,PASS,0,Analytics Engineering
2026-05-15,RUN-20260515-CAMPAIGN_SPEND,CAMPAIGN_SPEND,DQ-UNIQUE,Business key uniqueness,Uniqueness,Critical,0.0,0.0,<=,PASS,0,Marketing Operations
2026-05-15,RUN-20260515-CAMPAIGN_SPEND,CAMPAIGN_SPEND,DQ-COMPLETE,Partition row coverage,Completeness,Critical,1.0,0.9,>=,PASS,0,Marketing Operations
2026-05-15,RUN-20260515-CAMPAIGN_SPEND,CAMPAIGN_SPEND,DQ-VALID,Required type validity,Validity,High,0.0,0.0,<=,PASS,0,Marketing Operations
2026-05-15,RUN-20260515-CAMPAIGN_SPEND,CAMPAIGN_SPEND,DQ-TAXONOMY,Unknown taxonomy rate,Consistency,High,0.0,0.01,<=,PASS,0,Marketing Operations
2026-05-15,RUN-20260515-CAMPAIGN_SPEND,CAMPAIGN_SPEND,DQ-FRESH,Freshness lag,Timeliness,High,179.0,240.0,<=,PASS,0,Marketing Operations
2026-05-15,RUN-20260515-CAMPAIGN_SPEND,CAMPAIGN_SPEND,DQ-RECON,Raw-to-dashboard variance,Reconciliation,Critical,0.001391,0.005,<=,PASS,0,Marketing Operations
2026-05-16,RUN-20260516-WEB_EVENTS,WEB_EVENTS,DQ-UNIQUE,Business key uniqueness,Uniqueness,Critical,0.0,0.0,<=,PASS,0,Web Analytics
2026-05-16,RUN-20260516-WEB_EVENTS,WEB_EVENTS,DQ-COMPLETE,Partition row coverage,Completeness,Critical,1.0,0.9,>=,PASS,0,Web Analytics
2026-05-16,RUN-20260516-WEB_EVENTS,WEB_EVENTS,DQ-VALID,Required type validity,Validity,High,0.0,0.0,<=,PASS,0,Web Analytics
2026-05-16,RUN-20260516-WEB_EVENTS,WEB_EVENTS,DQ-TAXONOMY,Unknown taxonomy rate,Consistency,High,0.0,0.01,<=,PASS,0,Web Analytics
2026-05-16,RUN-20260516-WEB_EVENTS,WEB_EVENTS,DQ-FRESH,Freshness lag,Timeliness,High,111.0,240.0,<=,PASS,0,Web Analytics
2026-05-16,RUN-20260516-WEB_EVENTS,WEB_EVENTS,DQ-RECON,Raw-to-dashboard variance,Reconciliation,Critical,0.000774,0.005,<=,PASS,0,Web Analytics
2026-05-16,RUN-20260516-CRM_LEADS,CRM_LEADS,DQ-UNIQUE,Business key uniqueness,Uniqueness,Critical,0.0,0.0,<=,PASS,0,Revenue Analytics
2026-05-16,RUN-20260516-CRM_LEADS,CRM_LEADS,DQ-COMPLETE,Partition row coverage,Completeness,Critical,1.0,0.9,>=,PASS,0,Revenue Analytics
2026-05-16,RUN-20260516-CRM_LEADS,CRM_LEADS,DQ-VALID,Required type validity,Validity,High,0.0,0.0,<=,PASS,0,Revenue Analytics
2026-05-16,RUN-20260516-CRM_LEADS,CRM_LEADS,DQ-TAXONOMY,Unknown taxonomy rate,Consistency,High,0.0,0.01,<=,PASS,0,Revenue Analytics
2026-05-16,RUN-20260516-CRM_LEADS,CRM_LEADS,DQ-FRESH,Freshness lag,Timeliness,High,169.0,240.0,<=,PASS,0,Revenue Analytics
2026-05-16,RUN-20260516-CRM_LEADS,CRM_LEADS,DQ-RECON,Raw-to-dashboard variance,Reconciliation,Critical,0.003177,0.005,<=,PASS,0,Revenue Analytics
2026-05-16,RUN-20260516-COMMERCE_ORDERS,COMMERCE_ORDERS,DQ-UNIQUE,Business key uniqueness,Uniqueness,Critical,0.0,0.0,<=,PASS,0,Analytics Engineering
2026-05-16,RUN-20260516-COMMERCE_ORDERS,COMMERCE_ORDERS,DQ-COMPLETE,Partition row coverage,Completeness,Critical,1.0,0.9,>=,PASS,0,Analytics Engineering
2026-05-16,RUN-20260516-COMMERCE_ORDERS,COMMERCE_ORDERS,DQ-VALID,Required type validity,Validity,High,0.0,0.0,<=,PASS,0,Analytics Engineering
2026-05-16,RUN-20260516-COMMERCE_ORDERS,COMMERCE_ORDERS,DQ-TAXONOMY,Unknown taxonomy rate,Consistency,High,0.0,0.01,<=,PASS,0,Analytics Engineering
2026-05-16,RUN-20260516-COMMERCE_ORDERS,COMMERCE_ORDERS,DQ-FRESH,Freshness lag,Timeliness,High,140.0,240.0,<=,PASS,0,Analytics Engineering
2026-05-16,RUN-20260516-COMMERCE_ORDERS,COMMERCE_ORDERS,DQ-RECON,Raw-to-dashboard variance,Reconciliation,Critical,0.000739,0.005,<=,PASS,0,Analytics Engineering
2026-05-16,RUN-20260516-CAMPAIGN_SPEND,CAMPAIGN_SPEND,DQ-UNIQUE,Business key uniqueness,Uniqueness,Critical,0.0,0.0,<=,PASS,0,Marketing Operations
2026-05-16,RUN-20260516-CAMPAIGN_SPEND,CAMPAIGN_SPEND,DQ-COMPLETE,Partition row coverage,Completeness,Critical,1.0,0.9,>=,PASS,0,Marketing Operations
2026-05-16,RUN-20260516-CAMPAIGN_SPEND,CAMPAIGN_SPEND,DQ-VALID,Required type validity,Validity,High,0.0,0.0,<=,PASS,0,Marketing Operations
2026-05-16,RUN-20260516-CAMPAIGN_SPEND,CAMPAIGN_SPEND,DQ-TAXONOMY,Unknown taxonomy rate,Consistency,High,0.0,0.01,<=,PASS,0,Marketing Operations
2026-05-16,RUN-20260516-CAMPAIGN_SPEND,CAMPAIGN_SPEND,DQ-FRESH,Freshness lag,Timeliness,High,131.0,240.0,<=,PASS,0,Marketing Operations
2026-05-16,RUN-20260516-CAMPAIGN_SPEND,CAMPAIGN_SPEND,DQ-RECON,Raw-to-dashboard variance,Reconciliation,Critical,0.000927,0.005,<=,PASS,0,Marketing Operations
2026-05-17,RUN-20260517-WEB_EVENTS,WEB_EVENTS,DQ-UNIQUE,Business key uniqueness,Uniqueness,Critical,0.0,0.0,<=,PASS,0,Web Analytics
2026-05-17,RUN-20260517-WEB_EVENTS,WEB_EVENTS,DQ-COMPLETE,Partition row coverage,Completeness,Critical,1.0,0.9,>=,PASS,0,Web Analytics
2026-05-17,RUN-20260517-WEB_EVENTS,WEB_EVENTS,DQ-VALID,Required type validity,Validity,High,0.0,0.0,<=,PASS,0,Web Analytics
2026-05-17,RUN-20260517-WEB_EVENTS,WEB_EVENTS,DQ-TAXONOMY,Unknown taxonomy rate,Consistency,High,0.0,0.01,<=,PASS,0,Web Analytics
2026-05-17,RUN-20260517-WEB_EVENTS,WEB_EVENTS,DQ-FRESH,Freshness lag,Timeliness,High,85.0,240.0,<=,PASS,0,Web Analytics
2026-05-17,RUN-20260517-WEB_EVENTS,WEB_EVENTS,DQ-RECON,Raw-to-dashboard variance,Reconciliation,Critical,0.001299,0.005,<=,PASS,0,Web Analytics
2026-05-17,RUN-20260517-CRM_LEADS,CRM_LEADS,DQ-UNIQUE,Business key uniqueness,Uniqueness,Critical,0.0,0.0,<=,PASS,0,Revenue Analytics
2026-05-17,RUN-20260517-CRM_LEADS,CRM_LEADS,DQ-COMPLETE,Partition row coverage,Completeness,Critical,1.0,0.9,>=,PASS,0,Revenue Analytics
2026-05-17,RUN-20260517-CRM_LEADS,CRM_LEADS,DQ-VALID,Required type validity,Validity,High,0.0,0.0,<=,PASS,0,Revenue Analytics
2026-05-17,RUN-20260517-CRM_LEADS,CRM_LEADS,DQ-TAXONOMY,Unknown taxonomy rate,Consistency,High,0.0,0.01,<=,PASS,0,Revenue Analytics
2026-05-17,RUN-20260517-CRM_LEADS,CRM_LEADS,DQ-FRESH,Freshness lag,Timeliness,High,107.0,240.0,<=,PASS,0,Revenue Analytics
2026-05-17,RUN-20260517-CRM_LEADS,CRM_LEADS,DQ-RECON,Raw-to-dashboard variance,Reconciliation,Critical,0.001113,0.005,<=,PASS,0,Revenue Analytics
2026-05-17,RUN-20260517-COMMERCE_ORDERS,COMMERCE_ORDERS,DQ-UNIQUE,Business key uniqueness,Uniqueness,Critical,0.0,0.0,<=,PASS,0,Analytics Engineering
2026-05-17,RUN-20260517-COMMERCE_ORDERS,COMMERCE_ORDERS,DQ-COMPLETE,Partition row coverage,Completeness,Critical,1.0,0.9,>=,PASS,0,Analytics Engineering
2026-05-17,RUN-20260517-COMMERCE_ORDERS,COMMERCE_ORDERS,DQ-VALID,Required type validity,Validity,High,0.0,0.0,<=,PASS,0,Analytics Engineering
2026-05-17,RUN-20260517-COMMERCE_ORDERS,COMMERCE_ORDERS,DQ-TAXONOMY,Unknown taxonomy rate,Consistency,High,0.0,0.01,<=,PASS,0,Analytics Engineering
2026-05-17,RUN-20260517-COMMERCE_ORDERS,COMMERCE_ORDERS,DQ-FRESH,Freshness lag,Timeliness,High,116.0,240.0,<=,PASS,0,Analytics Engineering
2026-05-17,RUN-20260517-COMMERCE_ORDERS,COMMERCE_ORDERS,DQ-RECON,Raw-to-dashboard variance,Reconciliation,Critical,0.00128,0.005,<=,PASS,0,Analytics Engineering
2026-05-17,RUN-20260517-CAMPAIGN_SPEND,CAMPAIGN_SPEND,DQ-UNIQUE,Business key uniqueness,Uniqueness,Critical,0.0,0.0,<=,PASS,0,Marketing Operations
2026-05-17,RUN-20260517-CAMPAIGN_SPEND,CAMPAIGN_SPEND,DQ-COMPLETE,Partition row coverage,Completeness,Critical,1.0,0.9,>=,PASS,0,Marketing Operations
2026-05-17,RUN-20260517-CAMPAIGN_SPEND,CAMPAIGN_SPEND,DQ-VALID,Required type validity,Validity,High,0.0,0.0,<=,PASS,0,Marketing Operations
2026-05-17,RUN-20260517-CAMPAIGN_SPEND,CAMPAIGN_SPEND,DQ-TAXONOMY,Unknown taxonomy rate,Consistency,High,0.0,0.01,<=,PASS,0,Marketing Operations
2026-05-17,RUN-20260517-CAMPAIGN_SPEND,CAMPAIGN_SPEND,DQ-FRESH,Freshness lag,Timeliness,High,146.0,240.0,<=,PASS,0,Marketing Operations
2026-05-17,RUN-20260517-CAMPAIGN_SPEND,CAMPAIGN_SPEND,DQ-RECON,Raw-to-dashboard variance,Reconciliation,Critical,0.003147,0.005,<=,PASS,0,Marketing Operations
2026-05-18,RUN-20260518-WEB_EVENTS,WEB_EVENTS,DQ-UNIQUE,Business key uniqueness,Uniqueness,Critical,0.0,0.0,<=,PASS,0,Web Analytics
2026-05-18,RUN-20260518-WEB_EVENTS,WEB_EVENTS,DQ-COMPLETE,Partition row coverage,Completeness,Critical,1.0,0.9,>=,PASS,0,Web Analytics
2026-05-18,RUN-20260518-WEB_EVENTS,WEB_EVENTS,DQ-VALID,Required type validity,Validity,High,0.0,0.0,<=,PASS,0,Web Analytics
2026-05-18,RUN-20260518-WEB_EVENTS,WEB_EVENTS,DQ-TAXONOMY,Unknown taxonomy rate,Consistency,High,0.0,0.01,<=,PASS,0,Web Analytics
2026-05-18,RUN-20260518-WEB_EVENTS,WEB_EVENTS,DQ-FRESH,Freshness lag,Timeliness,High,68.0,240.0,<=,PASS,0,Web Analytics
2026-05-18,RUN-20260518-WEB_EVENTS,WEB_EVENTS,DQ-RECON,Raw-to-dashboard variance,Reconciliation,Critical,0.000481,0.005,<=,PASS,0,Web Analytics
2026-05-18,RUN-20260518-CRM_LEADS,CRM_LEADS,DQ-UNIQUE,Business key uniqueness,Uniqueness,Critical,0.0,0.0,<=,PASS,0,Revenue Analytics
2026-05-18,RUN-20260518-CRM_LEADS,CRM_LEADS,DQ-COMPLETE,Partition row coverage,Completeness,Critical,1.0,0.9,>=,PASS,0,Revenue Analytics
2026-05-18,RUN-20260518-CRM_LEADS,CRM_LEADS,DQ-VALID,Required type validity,Validity,High,0.0,0.0,<=,PASS,0,Revenue Analytics
2026-05-18,RUN-20260518-CRM_LEADS,CRM_LEADS,DQ-TAXONOMY,Unknown taxonomy rate,Consistency,High,0.0,0.01,<=,PASS,0,Revenue Analytics
2026-05-18,RUN-20260518-CRM_LEADS,CRM_LEADS,DQ-FRESH,Freshness lag,Timeliness,High,85.0,240.0,<=,PASS,0,Revenue Analytics
2026-05-18,RUN-20260518-CRM_LEADS,CRM_LEADS,DQ-RECON,Raw-to-dashboard variance,Reconciliation,Critical,0.002995,0.005,<=,PASS,0,Revenue Analytics
2026-05-18,RUN-20260518-COMMERCE_ORDERS,COMMERCE_ORDERS,DQ-UNIQUE,Business key uniqueness,Uniqueness,Critical,0.0,0.0,<=,PASS,0,Analytics Engineering
2026-05-18,RUN-20260518-COMMERCE_ORDERS,COMMERCE_ORDERS,DQ-COMPLETE,Partition row coverage,Completeness,Critical,1.0,0.9,>=,PASS,0,Analytics Engineering
2026-05-18,RUN-20260518-COMMERCE_ORDERS,COMMERCE_ORDERS,DQ-VALID,Required type validity,Validity,High,0.0,0.0,<=,PASS,0,Analytics Engineering
2026-05-18,RUN-20260518-COMMERCE_ORDERS,COMMERCE_ORDERS,DQ-TAXONOMY,Unknown taxonomy rate,Consistency,High,0.0,0.01,<=,PASS,0,Analytics Engineering
2026-05-18,RUN-20260518-COMMERCE_ORDERS,COMMERCE_ORDERS,DQ-FRESH,Freshness lag,Timeliness,High,179.0,240.0,<=,PASS,0,Analytics Engineering
2026-05-18,RUN-20260518-COMMERCE_ORDERS,COMMERCE_ORDERS,DQ-RECON,Raw-to-dashboard variance,Reconciliation,Critical,0.003025,0.005,<=,PASS,0,Analytics Engineering
2026-05-18,RUN-20260518-CAMPAIGN_SPEND,CAMPAIGN_SPEND,DQ-UNIQUE,Business key uniqueness,Uniqueness,Critical,0.0,0.0,<=,PASS,0,Marketing Operations
2026-05-18,RUN-20260518-CAMPAIGN_SPEND,CAMPAIGN_SPEND,DQ-COMPLETE,Partition row coverage,Completeness,Critical,1.0,0.9,>=,PASS,0,Marketing Operations
2026-05-18,RUN-20260518-CAMPAIGN_SPEND,CAMPAIGN_SPEND,DQ-VALID,Required type validity,Validity,High,0.0,0.0,<=,PASS,0,Marketing Operations
2026-05-18,RUN-20260518-CAMPAIGN_SPEND,CAMPAIGN_SPEND,DQ-TAXONOMY,Unknown taxonomy rate,Consistency,High,0.0,0.01,<=,PASS,0,Marketing Operations
2026-05-18,RUN-20260518-CAMPAIGN_SPEND,CAMPAIGN_SPEND,DQ-FRESH,Freshness lag,Timeliness,High,144.0,240.0,<=,PASS,0,Marketing Operations
2026-05-18,RUN-20260518-CAMPAIGN_SPEND,CAMPAIGN_SPEND,DQ-RECON,Raw-to-dashboard variance,Reconciliation,Critical,0.003161,0.005,<=,PASS,0,Marketing Operations
2026-05-19,RUN-20260519-WEB_EVENTS,WEB_EVENTS,DQ-UNIQUE,Business key uniqueness,Uniqueness,Critical,0.0,0.0,<=,PASS,0,Web Analytics
2026-05-19,RUN-20260519-WEB_EVENTS,WEB_EVENTS,DQ-COMPLETE,Partition row coverage,Completeness,Critical,1.0,0.9,>=,PASS,0,Web Analytics
2026-05-19,RUN-20260519-WEB_EVENTS,WEB_EVENTS,DQ-VALID,Required type validity,Validity,High,0.0,0.0,<=,PASS,0,Web Analytics
2026-05-19,RUN-20260519-WEB_EVENTS,WEB_EVENTS,DQ-TAXONOMY,Unknown taxonomy rate,Consistency,High,0.0,0.01,<=,PASS,0,Web Analytics
2026-05-19,RUN-20260519-WEB_EVENTS,WEB_EVENTS,DQ-FRESH,Freshness lag,Timeliness,High,179.0,240.0,<=,PASS,0,Web Analytics
2026-05-19,RUN-20260519-WEB_EVENTS,WEB_EVENTS,DQ-RECON,Raw-to-dashboard variance,Reconciliation,Critical,0.002342,0.005,<=,PASS,0,Web Analytics
2026-05-19,RUN-20260519-CRM_LEADS,CRM_LEADS,DQ-UNIQUE,Business key uniqueness,Uniqueness,Critical,0.0,0.0,<=,PASS,0,Revenue Analytics
2026-05-19,RUN-20260519-CRM_LEADS,CRM_LEADS,DQ-COMPLETE,Partition row coverage,Completeness,Critical,1.0,0.9,>=,PASS,0,Revenue Analytics
2026-05-19,RUN-20260519-CRM_LEADS,CRM_LEADS,DQ-VALID,Required type validity,Validity,High,0.0,0.0,<=,PASS,0,Revenue Analytics
2026-05-19,RUN-20260519-CRM_LEADS,CRM_LEADS,DQ-TAXONOMY,Unknown taxonomy rate,Consistency,High,0.0,0.01,<=,PASS,0,Revenue Analytics
2026-05-19,RUN-20260519-CRM_LEADS,CRM_LEADS,DQ-FRESH,Freshness lag,Timeliness,High,92.0,240.0,<=,PASS,0,Revenue Analytics
2026-05-19,RUN-20260519-CRM_LEADS,CRM_LEADS,DQ-RECON,Raw-to-dashboard variance,Reconciliation,Critical,0.001647,0.005,<=,PASS,0,Revenue Analytics
2026-05-19,RUN-20260519-COMMERCE_ORDERS,COMMERCE_ORDERS,DQ-UNIQUE,Business key uniqueness,Uniqueness,Critical,0.0,0.0,<=,PASS,0,Analytics Engineering
2026-05-19,RUN-20260519-COMMERCE_ORDERS,COMMERCE_ORDERS,DQ-COMPLETE,Partition row coverage,Completeness,Critical,1.0,0.9,>=,PASS,0,Analytics Engineering
2026-05-19,RUN-20260519-COMMERCE_ORDERS,COMMERCE_ORDERS,DQ-VALID,Required type validity,Validity,High,0.0,0.0,<=,PASS,0,Analytics Engineering
2026-05-19,RUN-20260519-COMMERCE_ORDERS,COMMERCE_ORDERS,DQ-TAXONOMY,Unknown taxonomy rate,Consistency,High,0.0,0.01,<=,PASS,0,Analytics Engineering
2026-05-19,RUN-20260519-COMMERCE_ORDERS,COMMERCE_ORDERS,DQ-FRESH,Freshness lag,Timeliness,High,81.0,240.0,<=,PASS,0,Analytics Engineering
2026-05-19,RUN-20260519-COMMERCE_ORDERS,COMMERCE_ORDERS,DQ-RECON,Raw-to-dashboard variance,Reconciliation,Critical,0.001686,0.005,<=,PASS,0,Analytics Engineering
2026-05-19,RUN-20260519-CAMPAIGN_SPEND,CAMPAIGN_SPEND,DQ-UNIQUE,Business key uniqueness,Uniqueness,Critical,0.0,0.0,<=,PASS,0,Marketing Operations
2026-05-19,RUN-20260519-CAMPAIGN_SPEND,CAMPAIGN_SPEND,DQ-COMPLETE,Partition row coverage,Completeness,Critical,1.0,0.9,>=,PASS,0,Marketing Operations
2026-05-19,RUN-20260519-CAMPAIGN_SPEND,CAMPAIGN_SPEND,DQ-VALID,Required type validity,Validity,High,0.0,0.0,<=,PASS,0,Marketing Operations
2026-05-19,RUN-20260519-CAMPAIGN_SPEND,CAMPAIGN_SPEND,DQ-TAXONOMY,Unknown taxonomy rate,Consistency,High,0.0,0.01,<=,PASS,0,Marketing Operations
2026-05-19,RUN-20260519-CAMPAIGN_SPEND,CAMPAIGN_SPEND,DQ-FRESH,Freshness lag,Timeliness,High,179.0,240.0,<=,PASS,0,Marketing Operations
2026-05-19,RUN-20260519-CAMPAIGN_SPEND,CAMPAIGN_SPEND,DQ-RECON,Raw-to-dashboard variance,Reconciliation,Critical,0.002889,0.005,<=,PASS,0,Marketing Operations
2026-05-20,RUN-20260520-WEB_EVENTS,WEB_EVENTS,DQ-UNIQUE,Business key uniqueness,Uniqueness,Critical,0.0,0.0,<=,PASS,0,Web Analytics
2026-05-20,RUN-20260520-WEB_EVENTS,WEB_EVENTS,DQ-COMPLETE,Partition row coverage,Completeness,Critical,1.0,0.9,>=,PASS,0,Web Analytics
2026-05-20,RUN-20260520-WEB_EVENTS,WEB_EVENTS,DQ-VALID,Required type validity,Validity,High,0.0,0.0,<=,PASS,0,Web Analytics
2026-05-20,RUN-20260520-WEB_EVENTS,WEB_EVENTS,DQ-TAXONOMY,Unknown taxonomy rate,Consistency,High,0.0,0.01,<=,PASS,0,Web Analytics
2026-05-20,RUN-20260520-WEB_EVENTS,WEB_EVENTS,DQ-FRESH,Freshness lag,Timeliness,High,176.0,240.0,<=,PASS,0,Web Analytics
2026-05-20,RUN-20260520-WEB_EVENTS,WEB_EVENTS,DQ-RECON,Raw-to-dashboard variance,Reconciliation,Critical,0.002542,0.005,<=,PASS,0,Web Analytics
2026-05-20,RUN-20260520-CRM_LEADS,CRM_LEADS,DQ-UNIQUE,Business key uniqueness,Uniqueness,Critical,0.0,0.0,<=,PASS,0,Revenue Analytics
2026-05-20,RUN-20260520-CRM_LEADS,CRM_LEADS,DQ-COMPLETE,Partition row coverage,Completeness,Critical,1.0,0.9,>=,PASS,0,Revenue Analytics
2026-05-20,RUN-20260520-CRM_LEADS,CRM_LEADS,DQ-VALID,Required type validity,Validity,High,0.0,0.0,<=,PASS,0,Revenue Analytics
2026-05-20,RUN-20260520-CRM_LEADS,CRM_LEADS,DQ-TAXONOMY,Unknown taxonomy rate,Consistency,High,0.0,0.01,<=,PASS,0,Revenue Analytics
2026-05-20,RUN-20260520-CRM_LEADS,CRM_LEADS,DQ-FRESH,Freshness lag,Timeliness,High,110.0,240.0,<=,PASS,0,Revenue Analytics
2026-05-20,RUN-20260520-CRM_LEADS,CRM_LEADS,DQ-RECON,Raw-to-dashboard variance,Reconciliation,Critical,0.001818,0.005,<=,PASS,0,Revenue Analytics
2026-05-20,RUN-20260520-COMMERCE_ORDERS,COMMERCE_ORDERS,DQ-UNIQUE,Business key uniqueness,Uniqueness,Critical,0.0,0.0,<=,PASS,0,Analytics Engineering
2026-05-20,RUN-20260520-COMMERCE_ORDERS,COMMERCE_ORDERS,DQ-COMPLETE,Partition row coverage,Completeness,Critical,1.0,0.9,>=,PASS,0,Analytics Engineering
2026-05-20,RUN-20260520-COMMERCE_ORDERS,COMMERCE_ORDERS,DQ-VALID,Required type validity,Validity,High,0.0,0.0,<=,PASS,0,Analytics Engineering
2026-05-20,RUN-20260520-COMMERCE_ORDERS,COMMERCE_ORDERS,DQ-TAXONOMY,Unknown taxonomy rate,Consistency,High,0.0,0.01,<=,PASS,0,Analytics Engineering
2026-05-20,RUN-20260520-COMMERCE_ORDERS,COMMERCE_ORDERS,DQ-FRESH,Freshness lag,Timeliness,High,60.0,240.0,<=,PASS,0,Analytics Engineering
2026-05-20,RUN-20260520-COMMERCE_ORDERS,COMMERCE_ORDERS,DQ-RECON,Raw-to-dashboard variance,Reconciliation,Critical,0.001035,0.005,<=,PASS,0,Analytics Engineering
2026-05-20,RUN-20260520-CAMPAIGN_SPEND,CAMPAIGN_SPEND,DQ-UNIQUE,Business key uniqueness,Uniqueness,Critical,0.0,0.0,<=,PASS,0,Marketing Operations
2026-05-20,RUN-20260520-CAMPAIGN_SPEND,CAMPAIGN_SPEND,DQ-COMPLETE,Partition row coverage,Completeness,Critical,1.0,0.9,>=,PASS,0,Marketing Operations
2026-05-20,RUN-20260520-CAMPAIGN_SPEND,CAMPAIGN_SPEND,DQ-VALID,Required type validity,Validity,High,0.0,0.0,<=,PASS,0,Marketing Operations
2026-05-20,RUN-20260520-CAMPAIGN_SPEND,CAMPAIGN_SPEND,DQ-TAXONOMY,Unknown taxonomy rate,Consistency,High,0.0,0.01,<=,PASS,0,Marketing Operations
2026-05-20,RUN-20260520-CAMPAIGN_SPEND,CAMPAIGN_SPEND,DQ-FRESH,Freshness lag,Timeliness,High,75.0,240.0,<=,PASS,0,Marketing Operations
2026-05-20,RUN-20260520-CAMPAIGN_SPEND,CAMPAIGN_SPEND,DQ-RECON,Raw-to-dashboard variance,Reconciliation,Critical,0.00195,0.005,<=,PASS,0,Marketing Operations
2026-05-21,RUN-20260521-WEB_EVENTS,WEB_EVENTS,DQ-UNIQUE,Business key uniqueness,Uniqueness,Critical,0.0,0.0,<=,PASS,0,Web Analytics
2026-05-21,RUN-20260521-WEB_EVENTS,WEB_EVENTS,DQ-COMPLETE,Partition row coverage,Completeness,Critical,1.0,0.9,>=,PASS,0,Web Analytics
2026-05-21,RUN-20260521-WEB_EVENTS,WEB_EVENTS,DQ-VALID,Required type validity,Validity,High,0.0,0.0,<=,PASS,0,Web Analytics
2026-05-21,RUN-20260521-WEB_EVENTS,WEB_EVENTS,DQ-TAXONOMY,Unknown taxonomy rate,Consistency,High,0.0,0.01,<=,PASS,0,Web Analytics
2026-05-21,RUN-20260521-WEB_EVENTS,WEB_EVENTS,DQ-FRESH,Freshness lag,Timeliness,High,65.0,240.0,<=,PASS,0,Web Analytics
2026-05-21,RUN-20260521-WEB_EVENTS,WEB_EVENTS,DQ-RECON,Raw-to-dashboard variance,Reconciliation,Critical,0.002186,0.005,<=,PASS,0,Web Analytics
2026-05-21,RUN-20260521-CRM_LEADS,CRM_LEADS,DQ-UNIQUE,Business key uniqueness,Uniqueness,Critical,0.0,0.0,<=,PASS,0,Revenue Analytics
2026-05-21,RUN-20260521-CRM_LEADS,CRM_LEADS,DQ-COMPLETE,Partition row coverage,Completeness,Critical,1.0,0.9,>=,PASS,0,Revenue Analytics
2026-05-21,RUN-20260521-CRM_LEADS,CRM_LEADS,DQ-VALID,Required type validity,Validity,High,0.0,0.0,<=,PASS,0,Revenue Analytics
2026-05-21,RUN-20260521-CRM_LEADS,CRM_LEADS,DQ-TAXONOMY,Unknown taxonomy rate,Consistency,High,0.0,0.01,<=,PASS,0,Revenue Analytics
2026-05-21,RUN-20260521-CRM_LEADS,CRM_LEADS,DQ-FRESH,Freshness lag,Timeliness,High,150.0,240.0,<=,PASS,0,Revenue Analytics
2026-05-21,RUN-20260521-CRM_LEADS,CRM_LEADS,DQ-RECON,Raw-to-dashboard variance,Reconciliation,Critical,0.002107,0.005,<=,PASS,0,Revenue Analytics
2026-05-21,RUN-20260521-COMMERCE_ORDERS,COMMERCE_ORDERS,DQ-UNIQUE,Business key uniqueness,Uniqueness,Critical,0.0,0.0,<=,PASS,0,Analytics Engineering
2026-05-21,RUN-20260521-COMMERCE_ORDERS,COMMERCE_ORDERS,DQ-COMPLETE,Partition row coverage,Completeness,Critical,1.0,0.9,>=,PASS,0,Analytics Engineering
2026-05-21,RUN-20260521-COMMERCE_ORDERS,COMMERCE_ORDERS,DQ-VALID,Required type validity,Validity,High,0.0,0.0,<=,PASS,0,Analytics Engineering
2026-05-21,RUN-20260521-COMMERCE_ORDERS,COMMERCE_ORDERS,DQ-TAXONOMY,Unknown taxonomy rate,Consistency,High,0.0,0.01,<=,PASS,0,Analytics Engineering
2026-05-21,RUN-20260521-COMMERCE_ORDERS,COMMERCE_ORDERS,DQ-FRESH,Freshness lag,Timeliness,High,184.0,240.0,<=,PASS,0,Analytics Engineering
2026-05-21,RUN-20260521-COMMERCE_ORDERS,COMMERCE_ORDERS,DQ-RECON,Raw-to-dashboard variance,Reconciliation,Critical,0.00119,0.005,<=,PASS,0,Analytics Engineering
2026-05-21,RUN-20260521-CAMPAIGN_SPEND,CAMPAIGN_SPEND,DQ-UNIQUE,Business key uniqueness,Uniqueness,Critical,0.0,0.0,<=,PASS,0,Marketing Operations
2026-05-21,RUN-20260521-CAMPAIGN_SPEND,CAMPAIGN_SPEND,DQ-COMPLETE,Partition row coverage,Completeness,Critical,1.0,0.9,>=,PASS,0,Marketing Operations
2026-05-21,RUN-20260521-CAMPAIGN_SPEND,CAMPAIGN_SPEND,DQ-VALID,Required type validity,Validity,High,0.0,0.0,<=,PASS,0,Marketing Operations
2026-05-21,RUN-20260521-CAMPAIGN_SPEND,CAMPAIGN_SPEND,DQ-TAXONOMY,Unknown taxonomy rate,Consistency,High,0.0,0.01,<=,PASS,0,Marketing Operations
2026-05-21,RUN-20260521-CAMPAIGN_SPEND,CAMPAIGN_SPEND,DQ-FRESH,Freshness lag,Timeliness,High,128.0,240.0,<=,PASS,0,Marketing Operations
2026-05-21,RUN-20260521-CAMPAIGN_SPEND,CAMPAIGN_SPEND,DQ-RECON,Raw-to-dashboard variance,Reconciliation,Critical,0.001368,0.005,<=,PASS,0,Marketing Operations
2026-05-22,RUN-20260522-WEB_EVENTS,WEB_EVENTS,DQ-UNIQUE,Business key uniqueness,Uniqueness,Critical,0.0,0.0,<=,PASS,0,Web Analytics
2026-05-22,RUN-20260522-WEB_EVENTS,WEB_EVENTS,DQ-COMPLETE,Partition row coverage,Completeness,Critical,1.0,0.9,>=,PASS,0,Web Analytics
2026-05-22,RUN-20260522-WEB_EVENTS,WEB_EVENTS,DQ-VALID,Required type validity,Validity,High,0.0,0.0,<=,PASS,0,Web Analytics
2026-05-22,RUN-20260522-WEB_EVENTS,WEB_EVENTS,DQ-TAXONOMY,Unknown taxonomy rate,Consistency,High,0.0,0.01,<=,PASS,0,Web Analytics
2026-05-22,RUN-20260522-WEB_EVENTS,WEB_EVENTS,DQ-FRESH,Freshness lag,Timeliness,High,144.0,240.0,<=,PASS,0,Web Analytics
2026-05-22,RUN-20260522-WEB_EVENTS,WEB_EVENTS,DQ-RECON,Raw-to-dashboard variance,Reconciliation,Critical,0.000404,0.005,<=,PASS,0,Web Analytics
2026-05-22,RUN-20260522-CRM_LEADS,CRM_LEADS,DQ-UNIQUE,Business key uniqueness,Uniqueness,Critical,0.0,0.0,<=,PASS,0,Revenue Analytics
2026-05-22,RUN-20260522-CRM_LEADS,CRM_LEADS,DQ-COMPLETE,Partition row coverage,Completeness,Critical,1.0,0.9,>=,PASS,0,Revenue Analytics
2026-05-22,RUN-20260522-CRM_LEADS,CRM_LEADS,DQ-VALID,Required type validity,Validity,High,0.0,0.0,<=,PASS,0,Revenue Analytics
2026-05-22,RUN-20260522-CRM_LEADS,CRM_LEADS,DQ-TAXONOMY,Unknown taxonomy rate,Consistency,High,0.0,0.01,<=,PASS,0,Revenue Analytics
2026-05-22,RUN-20260522-CRM_LEADS,CRM_LEADS,DQ-FRESH,Freshness lag,Timeliness,High,172.0,240.0,<=,PASS,0,Revenue Analytics
2026-05-22,RUN-20260522-CRM_LEADS,CRM_LEADS,DQ-RECON,Raw-to-dashboard variance,Reconciliation,Critical,0.002615,0.005,<=,PASS,0,Revenue Analytics
2026-05-22,RUN-20260522-COMMERCE_ORDERS,COMMERCE_ORDERS,DQ-UNIQUE,Business key uniqueness,Uniqueness,Critical,0.0,0.0,<=,PASS,0,Analytics Engineering
2026-05-22,RUN-20260522-COMMERCE_ORDERS,COMMERCE_ORDERS,DQ-COMPLETE,Partition row coverage,Completeness,Critical,1.0,0.9,>=,PASS,0,Analytics Engineering
2026-05-22,RUN-20260522-COMMERCE_ORDERS,COMMERCE_ORDERS,DQ-VALID,Required type validity,Validity,High,0.0,0.0,<=,PASS,0,Analytics Engineering
2026-05-22,RUN-20260522-COMMERCE_ORDERS,COMMERCE_ORDERS,DQ-TAXONOMY,Unknown taxonomy rate,Consistency,High,0.0,0.01,<=,PASS,0,Analytics Engineering
2026-05-22,RUN-20260522-COMMERCE_ORDERS,COMMERCE_ORDERS,DQ-FRESH,Freshness lag,Timeliness,High,174.0,240.0,<=,PASS,0,Analytics Engineering
2026-05-22,RUN-20260522-COMMERCE_ORDERS,COMMERCE_ORDERS,DQ-RECON,Raw-to-dashboard variance,Reconciliation,Critical,0.00207,0.005,<=,PASS,0,Analytics Engineering
2026-05-22,RUN-20260522-CAMPAIGN_SPEND,CAMPAIGN_SPEND,DQ-UNIQUE,Business key uniqueness,Uniqueness,Critical,0.0,0.0,<=,PASS,0,Marketing Operations
2026-05-22,RUN-20260522-CAMPAIGN_SPEND,CAMPAIGN_SPEND,DQ-COMPLETE,Partition row coverage,Completeness,Critical,1.0,0.9,>=,PASS,0,Marketing Operations
2026-05-22,RUN-20260522-CAMPAIGN_SPEND,CAMPAIGN_SPEND,DQ-VALID,Required type validity,Validity,High,0.0,0.0,<=,PASS,0,Marketing Operations
2026-05-22,RUN-20260522-CAMPAIGN_SPEND,CAMPAIGN_SPEND,DQ-TAXONOMY,Unknown taxonomy rate,Consistency,High,0.0,0.01,<=,PASS,0,Marketing Operations
2026-05-22,RUN-20260522-CAMPAIGN_SPEND,CAMPAIGN_SPEND,DQ-FRESH,Freshness lag,Timeliness,High,96.0,240.0,<=,PASS,0,Marketing Operations
2026-05-22,RUN-20260522-CAMPAIGN_SPEND,CAMPAIGN_SPEND,DQ-RECON,Raw-to-dashboard variance,Reconciliation,Critical,0.00205,0.005,<=,PASS,0,Marketing Operations
2026-05-23,RUN-20260523-WEB_EVENTS,WEB_EVENTS,DQ-UNIQUE,Business key uniqueness,Uniqueness,Critical,0.0,0.0,<=,PASS,0,Web Analytics
2026-05-23,RUN-20260523-WEB_EVENTS,WEB_EVENTS,DQ-COMPLETE,Partition row coverage,Completeness,Critical,1.0,0.9,>=,PASS,0,Web Analytics
2026-05-23,RUN-20260523-WEB_EVENTS,WEB_EVENTS,DQ-VALID,Required type validity,Validity,High,0.0,0.0,<=,PASS,0,Web Analytics
2026-05-23,RUN-20260523-WEB_EVENTS,WEB_EVENTS,DQ-TAXONOMY,Unknown taxonomy rate,Consistency,High,0.0,0.01,<=,PASS,0,Web Analytics
2026-05-23,RUN-20260523-WEB_EVENTS,WEB_EVENTS,DQ-FRESH,Freshness lag,Timeliness,High,81.0,240.0,<=,PASS,0,Web Analytics
2026-05-23,RUN-20260523-WEB_EVENTS,WEB_EVENTS,DQ-RECON,Raw-to-dashboard variance,Reconciliation,Critical,0.00177,0.005,<=,PASS,0,Web Analytics
2026-05-23,RUN-20260523-CRM_LEADS,CRM_LEADS,DQ-UNIQUE,Business key uniqueness,Uniqueness,Critical,0.0,0.0,<=,PASS,0,Revenue Analytics
2026-05-23,RUN-20260523-CRM_LEADS,CRM_LEADS,DQ-COMPLETE,Partition row coverage,Completeness,Critical,1.0,0.9,>=,PASS,0,Revenue Analytics
2026-05-23,RUN-20260523-CRM_LEADS,CRM_LEADS,DQ-VALID,Required type validity,Validity,High,0.0,0.0,<=,PASS,0,Revenue Analytics
2026-05-23,RUN-20260523-CRM_LEADS,CRM_LEADS,DQ-TAXONOMY,Unknown taxonomy rate,Consistency,High,0.0,0.01,<=,PASS,0,Revenue Analytics
2026-05-23,RUN-20260523-CRM_LEADS,CRM_LEADS,DQ-FRESH,Freshness lag,Timeliness,High,78.0,240.0,<=,PASS,0,Revenue Analytics
2026-05-23,RUN-20260523-CRM_LEADS,CRM_LEADS,DQ-RECON,Raw-to-dashboard variance,Reconciliation,Critical,0.00144,0.005,<=,PASS,0,Revenue Analytics
2026-05-23,RUN-20260523-COMMERCE_ORDERS,COMMERCE_ORDERS,DQ-UNIQUE,Business key uniqueness,Uniqueness,Critical,0.0,0.0,<=,PASS,0,Analytics Engineering
2026-05-23,RUN-20260523-COMMERCE_ORDERS,COMMERCE_ORDERS,DQ-COMPLETE,Partition row coverage,Completeness,Critical,1.0,0.9,>=,PASS,0,Analytics Engineering
2026-05-23,RUN-20260523-COMMERCE_ORDERS,COMMERCE_ORDERS,DQ-VALID,Required type validity,Validity,High,0.0,0.0,<=,PASS,0,Analytics Engineering
2026-05-23,RUN-20260523-COMMERCE_ORDERS,COMMERCE_ORDERS,DQ-TAXONOMY,Unknown taxonomy rate,Consistency,High,0.0,0.01,<=,PASS,0,Analytics Engineering
2026-05-23,RUN-20260523-COMMERCE_ORDERS,COMMERCE_ORDERS,DQ-FRESH,Freshness lag,Timeliness,High,132.0,240.0,<=,PASS,0,Analytics Engineering
2026-05-23,RUN-20260523-COMMERCE_ORDERS,COMMERCE_ORDERS,DQ-RECON,Raw-to-dashboard variance,Reconciliation,Critical,0.002654,0.005,<=,PASS,0,Analytics Engineering
2026-05-23,RUN-20260523-CAMPAIGN_SPEND,CAMPAIGN_SPEND,DQ-UNIQUE,Business key uniqueness,Uniqueness,Critical,0.0,0.0,<=,PASS,0,Marketing Operations
2026-05-23,RUN-20260523-CAMPAIGN_SPEND,CAMPAIGN_SPEND,DQ-COMPLETE,Partition row coverage,Completeness,Critical,1.0,0.9,>=,PASS,0,Marketing Operations
2026-05-23,RUN-20260523-CAMPAIGN_SPEND,CAMPAIGN_SPEND,DQ-VALID,Required type validity,Validity,High,0.0,0.0,<=,PASS,0,Marketing Operations
2026-05-23,RUN-20260523-CAMPAIGN_SPEND,CAMPAIGN_SPEND,DQ-TAXONOMY,Unknown taxonomy rate,Consistency,High,0.0,0.01,<=,PASS,0,Marketing Operations
2026-05-23,RUN-20260523-CAMPAIGN_SPEND,CAMPAIGN_SPEND,DQ-FRESH,Freshness lag,Timeliness,High,144.0,240.0,<=,PASS,0,Marketing Operations
2026-05-23,RUN-20260523-CAMPAIGN_SPEND,CAMPAIGN_SPEND,DQ-RECON,Raw-to-dashboard variance,Reconciliation,Critical,0.000444,0.005,<=,PASS,0,Marketing Operations
2026-05-24,RUN-20260524-WEB_EVENTS,WEB_EVENTS,DQ-UNIQUE,Business key uniqueness,Uniqueness,Critical,0.0,0.0,<=,PASS,0,Web Analytics
2026-05-24,RUN-20260524-WEB_EVENTS,WEB_EVENTS,DQ-COMPLETE,Partition row coverage,Completeness,Critical,1.0,0.9,>=,PASS,0,Web Analytics
2026-05-24,RUN-20260524-WEB_EVENTS,WEB_EVENTS,DQ-VALID,Required type validity,Validity,High,0.0,0.0,<=,PASS,0,Web Analytics
2026-05-24,RUN-20260524-WEB_EVENTS,WEB_EVENTS,DQ-TAXONOMY,Unknown taxonomy rate,Consistency,High,0.0,0.01,<=,PASS,0,Web Analytics
2026-05-24,RUN-20260524-WEB_EVENTS,WEB_EVENTS,DQ-FRESH,Freshness lag,Timeliness,High,138.0,240.0,<=,PASS,0,Web Analytics
2026-05-24,RUN-20260524-WEB_EVENTS,WEB_EVENTS,DQ-RECON,Raw-to-dashboard variance,Reconciliation,Critical,0.000996,0.005,<=,PASS,0,Web Analytics
2026-05-24,RUN-20260524-CRM_LEADS,CRM_LEADS,DQ-UNIQUE,Business key uniqueness,Uniqueness,Critical,0.0,0.0,<=,PASS,0,Revenue Analytics
2026-05-24,RUN-20260524-CRM_LEADS,CRM_LEADS,DQ-COMPLETE,Partition row coverage,Completeness,Critical,1.0,0.9,>=,PASS,0,Revenue Analytics
2026-05-24,RUN-20260524-CRM_LEADS,CRM_LEADS,DQ-VALID,Required type validity,Validity,High,0.0,0.0,<=,PASS,0,Revenue Analytics
2026-05-24,RUN-20260524-CRM_LEADS,CRM_LEADS,DQ-TAXONOMY,Unknown taxonomy rate,Consistency,High,0.0,0.01,<=,PASS,0,Revenue Analytics
2026-05-24,RUN-20260524-CRM_LEADS,CRM_LEADS,DQ-FRESH,Freshness lag,Timeliness,High,155.0,240.0,<=,PASS,0,Revenue Analytics
2026-05-24,RUN-20260524-CRM_LEADS,CRM_LEADS,DQ-RECON,Raw-to-dashboard variance,Reconciliation,Critical,0.000929,0.005,<=,PASS,0,Revenue Analytics
2026-05-24,RUN-20260524-COMMERCE_ORDERS,COMMERCE_ORDERS,DQ-UNIQUE,Business key uniqueness,Uniqueness,Critical,0.0,0.0,<=,PASS,0,Analytics Engineering
2026-05-24,RUN-20260524-COMMERCE_ORDERS,COMMERCE_ORDERS,DQ-COMPLETE,Partition row coverage,Completeness,Critical,1.0,0.9,>=,PASS,0,Analytics Engineering
2026-05-24,RUN-20260524-COMMERCE_ORDERS,COMMERCE_ORDERS,DQ-VALID,Required type validity,Validity,High,0.0,0.0,<=,PASS,0,Analytics Engineering
2026-05-24,RUN-20260524-COMMERCE_ORDERS,COMMERCE_ORDERS,DQ-TAXONOMY,Unknown taxonomy rate,Consistency,High,0.0,0.01,<=,PASS,0,Analytics Engineering
2026-05-24,RUN-20260524-COMMERCE_ORDERS,COMMERCE_ORDERS,DQ-FRESH,Freshness lag,Timeliness,High,137.0,240.0,<=,PASS,0,Analytics Engineering
2026-05-24,RUN-20260524-COMMERCE_ORDERS,COMMERCE_ORDERS,DQ-RECON,Raw-to-dashboard variance,Reconciliation,Critical,0.001377,0.005,<=,PASS,0,Analytics Engineering
2026-05-24,RUN-20260524-CAMPAIGN_SPEND,CAMPAIGN_SPEND,DQ-UNIQUE,Business key uniqueness,Uniqueness,Critical,0.0,0.0,<=,PASS,0,Marketing Operations
2026-05-24,RUN-20260524-CAMPAIGN_SPEND,CAMPAIGN_SPEND,DQ-COMPLETE,Partition row coverage,Completeness,Critical,1.0,0.9,>=,PASS,0,Marketing Operations
2026-05-24,RUN-20260524-CAMPAIGN_SPEND,CAMPAIGN_SPEND,DQ-VALID,Required type validity,Validity,High,0.0,0.0,<=,PASS,0,Marketing Operations
2026-05-24,RUN-20260524-CAMPAIGN_SPEND,CAMPAIGN_SPEND,DQ-TAXONOMY,Unknown taxonomy rate,Consistency,High,0.0,0.01,<=,PASS,0,Marketing Operations
2026-05-24,RUN-20260524-CAMPAIGN_SPEND,CAMPAIGN_SPEND,DQ-FRESH,Freshness lag,Timeliness,High,73.0,240.0,<=,PASS,0,Marketing Operations
2026-05-24,RUN-20260524-CAMPAIGN_SPEND,CAMPAIGN_SPEND,DQ-RECON,Raw-to-dashboard variance,Reconciliation,Critical,0.00131,0.005,<=,PASS,0,Marketing Operations
2026-05-25,RUN-20260525-WEB_EVENTS,WEB_EVENTS,DQ-UNIQUE,Business key uniqueness,Uniqueness,Critical,0.0,0.0,<=,PASS,0,Web Analytics
2026-05-25,RUN-20260525-WEB_EVENTS,WEB_EVENTS,DQ-COMPLETE,Partition row coverage,Completeness,Critical,1.0,0.9,>=,PASS,0,Web Analytics
2026-05-25,RUN-20260525-WEB_EVENTS,WEB_EVENTS,DQ-VALID,Required type validity,Validity,High,0.0,0.0,<=,PASS,0,Web Analytics
2026-05-25,RUN-20260525-WEB_EVENTS,WEB_EVENTS,DQ-TAXONOMY,Unknown taxonomy rate,Consistency,High,0.0,0.01,<=,PASS,0,Web Analytics
2026-05-25,RUN-20260525-WEB_EVENTS,WEB_EVENTS,DQ-FRESH,Freshness lag,Timeliness,High,139.0,240.0,<=,PASS,0,Web Analytics
2026-05-25,RUN-20260525-WEB_EVENTS,WEB_EVENTS,DQ-RECON,Raw-to-dashboard variance,Reconciliation,Critical,0.001868,0.005,<=,PASS,0,Web Analytics
2026-05-25,RUN-20260525-CRM_LEADS,CRM_LEADS,DQ-UNIQUE,Business key uniqueness,Uniqueness,Critical,0.0,0.0,<=,PASS,0,Revenue Analytics
2026-05-25,RUN-20260525-CRM_LEADS,CRM_LEADS,DQ-COMPLETE,Partition row coverage,Completeness,Critical,1.0,0.9,>=,PASS,0,Revenue Analytics
2026-05-25,RUN-20260525-CRM_LEADS,CRM_LEADS,DQ-VALID,Required type validity,Validity,High,0.0,0.0,<=,PASS,0,Revenue Analytics
2026-05-25,RUN-20260525-CRM_LEADS,CRM_LEADS,DQ-TAXONOMY,Unknown taxonomy rate,Consistency,High,0.0,0.01,<=,PASS,0,Revenue Analytics
2026-05-25,RUN-20260525-CRM_LEADS,CRM_LEADS,DQ-FRESH,Freshness lag,Timeliness,High,162.0,240.0,<=,PASS,0,Revenue Analytics
2026-05-25,RUN-20260525-CRM_LEADS,CRM_LEADS,DQ-RECON,Raw-to-dashboard variance,Reconciliation,Critical,0.001586,0.005,<=,PASS,0,Revenue Analytics
2026-05-25,RUN-20260525-COMMERCE_ORDERS,COMMERCE_ORDERS,DQ-UNIQUE,Business key uniqueness,Uniqueness,Critical,0.0,0.0,<=,PASS,0,Analytics Engineering
2026-05-25,RUN-20260525-COMMERCE_ORDERS,COMMERCE_ORDERS,DQ-COMPLETE,Partition row coverage,Completeness,Critical,1.0,0.9,>=,PASS,0,Analytics Engineering
2026-05-25,RUN-20260525-COMMERCE_ORDERS,COMMERCE_ORDERS,DQ-VALID,Required type validity,Validity,High,0.0,0.0,<=,PASS,0,Analytics Engineering
2026-05-25,RUN-20260525-COMMERCE_ORDERS,COMMERCE_ORDERS,DQ-TAXONOMY,Unknown taxonomy rate,Consistency,High,0.0,0.01,<=,PASS,0,Analytics Engineering
2026-05-25,RUN-20260525-COMMERCE_ORDERS,COMMERCE_ORDERS,DQ-FRESH,Freshness lag,Timeliness,High,103.0,240.0,<=,PASS,0,Analytics Engineering
2026-05-25,RUN-20260525-COMMERCE_ORDERS,COMMERCE_ORDERS,DQ-RECON,Raw-to-dashboard variance,Reconciliation,Critical,0.002581,0.005,<=,PASS,0,Analytics Engineering
2026-05-25,RUN-20260525-CAMPAIGN_SPEND,CAMPAIGN_SPEND,DQ-UNIQUE,Business key uniqueness,Uniqueness,Critical,0.0,0.0,<=,PASS,0,Marketing Operations
2026-05-25,RUN-20260525-CAMPAIGN_SPEND,CAMPAIGN_SPEND,DQ-COMPLETE,Partition row coverage,Completeness,Critical,1.0,0.9,>=,PASS,0,Marketing Operations
2026-05-25,RUN-20260525-CAMPAIGN_SPEND,CAMPAIGN_SPEND,DQ-VALID,Required type validity,Validity,High,0.0,0.0,<=,PASS,0,Marketing Operations
2026-05-25,RUN-20260525-CAMPAIGN_SPEND,CAMPAIGN_SPEND,DQ-TAXONOMY,Unknown taxonomy rate,Consistency,High,0.0,0.01,<=,PASS,0,Marketing Operations
2026-05-25,RUN-20260525-CAMPAIGN_SPEND,CAMPAIGN_SPEND,DQ-FRESH,Freshness lag,Timeliness,High,163.0,240.0,<=,PASS,0,Marketing Operations
2026-05-25,RUN-20260525-CAMPAIGN_SPEND,CAMPAIGN_SPEND,DQ-RECON,Raw-to-dashboard variance,Reconciliation,Critical,0.001812,0.005,<=,PASS,0,Marketing Operations
2026-05-26,RUN-20260526-WEB_EVENTS,WEB_EVENTS,DQ-UNIQUE,Business key uniqueness,Uniqueness,Critical,0.0,0.0,<=,PASS,0,Web Analytics
2026-05-26,RUN-20260526-WEB_EVENTS,WEB_EVENTS,DQ-COMPLETE,Partition row coverage,Completeness,Critical,1.0,0.9,>=,PASS,0,Web Analytics
2026-05-26,RUN-20260526-WEB_EVENTS,WEB_EVENTS,DQ-VALID,Required type validity,Validity,High,0.0,0.0,<=,PASS,0,Web Analytics
2026-05-26,RUN-20260526-WEB_EVENTS,WEB_EVENTS,DQ-TAXONOMY,Unknown taxonomy rate,Consistency,High,0.0,0.01,<=,PASS,0,Web Analytics
2026-05-26,RUN-20260526-WEB_EVENTS,WEB_EVENTS,DQ-FRESH,Freshness lag,Timeliness,High,134.0,240.0,<=,PASS,0,Web Analytics
2026-05-26,RUN-20260526-WEB_EVENTS,WEB_EVENTS,DQ-RECON,Raw-to-dashboard variance,Reconciliation,Critical,0.002035,0.005,<=,PASS,0,Web Analytics
2026-05-26,RUN-20260526-CRM_LEADS,CRM_LEADS,DQ-UNIQUE,Business key uniqueness,Uniqueness,Critical,0.0,0.0,<=,PASS,0,Revenue Analytics
2026-05-26,RUN-20260526-CRM_LEADS,CRM_LEADS,DQ-COMPLETE,Partition row coverage,Completeness,Critical,1.0,0.9,>=,PASS,0,Revenue Analytics
2026-05-26,RUN-20260526-CRM_LEADS,CRM_LEADS,DQ-VALID,Required type validity,Validity,High,0.0,0.0,<=,PASS,0,Revenue Analytics
2026-05-26,RUN-20260526-CRM_LEADS,CRM_LEADS,DQ-TAXONOMY,Unknown taxonomy rate,Consistency,High,0.0,0.01,<=,PASS,0,Revenue Analytics
2026-05-26,RUN-20260526-CRM_LEADS,CRM_LEADS,DQ-FRESH,Freshness lag,Timeliness,High,103.0,240.0,<=,PASS,0,Revenue Analytics
2026-05-26,RUN-20260526-CRM_LEADS,CRM_LEADS,DQ-RECON,Raw-to-dashboard variance,Reconciliation,Critical,0.003117,0.005,<=,PASS,0,Revenue Analytics
2026-05-26,RUN-20260526-COMMERCE_ORDERS,COMMERCE_ORDERS,DQ-UNIQUE,Business key uniqueness,Uniqueness,Critical,0.0,0.0,<=,PASS,0,Analytics Engineering
2026-05-26,RUN-20260526-COMMERCE_ORDERS,COMMERCE_ORDERS,DQ-COMPLETE,Partition row coverage,Completeness,Critical,1.0,0.9,>=,PASS,0,Analytics Engineering
2026-05-26,RUN-20260526-COMMERCE_ORDERS,COMMERCE_ORDERS,DQ-VALID,Required type validity,Validity,High,0.0,0.0,<=,PASS,0,Analytics Engineering
2026-05-26,RUN-20260526-COMMERCE_ORDERS,COMMERCE_ORDERS,DQ-TAXONOMY,Unknown taxonomy rate,Consistency,High,0.0,0.01,<=,PASS,0,Analytics Engineering
2026-05-26,RUN-20260526-COMMERCE_ORDERS,COMMERCE_ORDERS,DQ-FRESH,Freshness lag,Timeliness,High,120.0,240.0,<=,PASS,0,Analytics Engineering
2026-05-26,RUN-20260526-COMMERCE_ORDERS,COMMERCE_ORDERS,DQ-RECON,Raw-to-dashboard variance,Reconciliation,Critical,0.001716,0.005,<=,PASS,0,Analytics Engineering
2026-05-26,RUN-20260526-CAMPAIGN_SPEND,CAMPAIGN_SPEND,DQ-UNIQUE,Business key uniqueness,Uniqueness,Critical,0.0,0.0,<=,PASS,0,Marketing Operations
2026-05-26,RUN-20260526-CAMPAIGN_SPEND,CAMPAIGN_SPEND,DQ-COMPLETE,Partition row coverage,Completeness,Critical,1.0,0.9,>=,PASS,0,Marketing Operations
2026-05-26,RUN-20260526-CAMPAIGN_SPEND,CAMPAIGN_SPEND,DQ-VALID,Required type validity,Validity,High,0.0,0.0,<=,PASS,0,Marketing Operations
2026-05-26,RUN-20260526-CAMPAIGN_SPEND,CAMPAIGN_SPEND,DQ-TAXONOMY,Unknown taxonomy rate,Consistency,High,0.0,0.01,<=,PASS,0,Marketing Operations
2026-05-26,RUN-20260526-CAMPAIGN_SPEND,CAMPAIGN_SPEND,DQ-FRESH,Freshness lag,Timeliness,High,109.0,240.0,<=,PASS,0,Marketing Operations
2026-05-26,RUN-20260526-CAMPAIGN_SPEND,CAMPAIGN_SPEND,DQ-RECON,Raw-to-dashboard variance,Reconciliation,Critical,0.002343,0.005,<=,PASS,0,Marketing Operations
2026-05-27,RUN-20260527-WEB_EVENTS,WEB_EVENTS,DQ-UNIQUE,Business key uniqueness,Uniqueness,Critical,0.0,0.0,<=,PASS,0,Web Analytics
2026-05-27,RUN-20260527-WEB_EVENTS,WEB_EVENTS,DQ-COMPLETE,Partition row coverage,Completeness,Critical,1.0,0.9,>=,PASS,0,Web Analytics
2026-05-27,RUN-20260527-WEB_EVENTS,WEB_EVENTS,DQ-VALID,Required type validity,Validity,High,0.0,0.0,<=,PASS,0,Web Analytics
2026-05-27,RUN-20260527-WEB_EVENTS,WEB_EVENTS,DQ-TAXONOMY,Unknown taxonomy rate,Consistency,High,0.0,0.01,<=,PASS,0,Web Analytics
2026-05-27,RUN-20260527-WEB_EVENTS,WEB_EVENTS,DQ-FRESH,Freshness lag,Timeliness,High,134.0,240.0,<=,PASS,0,Web Analytics
2026-05-27,RUN-20260527-WEB_EVENTS,WEB_EVENTS,DQ-RECON,Raw-to-dashboard variance,Reconciliation,Critical,0.002325,0.005,<=,PASS,0,Web Analytics
2026-05-27,RUN-20260527-CRM_LEADS,CRM_LEADS,DQ-UNIQUE,Business key uniqueness,Uniqueness,Critical,0.0,0.0,<=,PASS,0,Revenue Analytics
2026-05-27,RUN-20260527-CRM_LEADS,CRM_LEADS,DQ-COMPLETE,Partition row coverage,Completeness,Critical,1.0,0.9,>=,PASS,0,Revenue Analytics
2026-05-27,RUN-20260527-CRM_LEADS,CRM_LEADS,DQ-VALID,Required type validity,Validity,High,0.0,0.0,<=,PASS,0,Revenue Analytics
2026-05-27,RUN-20260527-CRM_LEADS,CRM_LEADS,DQ-TAXONOMY,Unknown taxonomy rate,Consistency,High,0.0,0.01,<=,PASS,0,Revenue Analytics
2026-05-27,RUN-20260527-CRM_LEADS,CRM_LEADS,DQ-FRESH,Freshness lag,Timeliness,High,61.0,240.0,<=,PASS,0,Revenue Analytics
2026-05-27,RUN-20260527-CRM_LEADS,CRM_LEADS,DQ-RECON,Raw-to-dashboard variance,Reconciliation,Critical,0.001806,0.005,<=,PASS,0,Revenue Analytics
2026-05-27,RUN-20260527-COMMERCE_ORDERS,COMMERCE_ORDERS,DQ-UNIQUE,Business key uniqueness,Uniqueness,Critical,0.0,0.0,<=,PASS,0,Analytics Engineering
2026-05-27,RUN-20260527-COMMERCE_ORDERS,COMMERCE_ORDERS,DQ-COMPLETE,Partition row coverage,Completeness,Critical,1.0,0.9,>=,PASS,0,Analytics Engineering
2026-05-27,RUN-20260527-COMMERCE_ORDERS,COMMERCE_ORDERS,DQ-VALID,Required type validity,Validity,High,0.0,0.0,<=,PASS,0,Analytics Engineering
2026-05-27,RUN-20260527-COMMERCE_ORDERS,COMMERCE_ORDERS,DQ-TAXONOMY,Unknown taxonomy rate,Consistency,High,0.0,0.01,<=,PASS,0,Analytics Engineering
2026-05-27,RUN-20260527-COMMERCE_ORDERS,COMMERCE_ORDERS,DQ-FRESH,Freshness lag,Timeliness,High,177.0,240.0,<=,PASS,0,Analytics Engineering
2026-05-27,RUN-20260527-COMMERCE_ORDERS,COMMERCE_ORDERS,DQ-RECON,Raw-to-dashboard variance,Reconciliation,Critical,0.002464,0.005,<=,PASS,0,Analytics Engineering
2026-05-27,RUN-20260527-CAMPAIGN_SPEND,CAMPAIGN_SPEND,DQ-UNIQUE,Business key uniqueness,Uniqueness,Critical,0.0,0.0,<=,PASS,0,Marketing Operations
2026-05-27,RUN-20260527-CAMPAIGN_SPEND,CAMPAIGN_SPEND,DQ-COMPLETE,Partition row coverage,Completeness,Critical,1.0,0.9,>=,PASS,0,Marketing Operations
2026-05-27,RUN-20260527-CAMPAIGN_SPEND,CAMPAIGN_SPEND,DQ-VALID,Required type validity,Validity,High,0.0,0.0,<=,PASS,0,Marketing Operations
2026-05-27,RUN-20260527-CAMPAIGN_SPEND,CAMPAIGN_SPEND,DQ-TAXONOMY,Unknown taxonomy rate,Consistency,High,0.0,0.01,<=,PASS,0,Marketing Operations
2026-05-27,RUN-20260527-CAMPAIGN_SPEND,CAMPAIGN_SPEND,DQ-FRESH,Freshness lag,Timeliness,High,135.0,240.0,<=,PASS,0,Marketing Operations
2026-05-27,RUN-20260527-CAMPAIGN_SPEND,CAMPAIGN_SPEND,DQ-RECON,Raw-to-dashboard variance,Reconciliation,Critical,0.002408,0.005,<=,PASS,0,Marketing Operations
2026-05-28,RUN-20260528-WEB_EVENTS,WEB_EVENTS,DQ-UNIQUE,Business key uniqueness,Uniqueness,Critical,0.0,0.0,<=,PASS,0,Web Analytics
2026-05-28,RUN-20260528-WEB_EVENTS,WEB_EVENTS,DQ-COMPLETE,Partition row coverage,Completeness,Critical,1.0,0.9,>=,PASS,0,Web Analytics
2026-05-28,RUN-20260528-WEB_EVENTS,WEB_EVENTS,DQ-VALID,Required type validity,Validity,High,0.0,0.0,<=,PASS,0,Web Analytics
2026-05-28,RUN-20260528-WEB_EVENTS,WEB_EVENTS,DQ-TAXONOMY,Unknown taxonomy rate,Consistency,High,0.0,0.01,<=,PASS,0,Web Analytics
2026-05-28,RUN-20260528-WEB_EVENTS,WEB_EVENTS,DQ-FRESH,Freshness lag,Timeliness,High,58.0,240.0,<=,PASS,0,Web Analytics
2026-05-28,RUN-20260528-WEB_EVENTS,WEB_EVENTS,DQ-RECON,Raw-to-dashboard variance,Reconciliation,Critical,0.001393,0.005,<=,PASS,0,Web Analytics
2026-05-28,RUN-20260528-CRM_LEADS,CRM_LEADS,DQ-UNIQUE,Business key uniqueness,Uniqueness,Critical,0.0,0.0,<=,PASS,0,Revenue Analytics
2026-05-28,RUN-20260528-CRM_LEADS,CRM_LEADS,DQ-COMPLETE,Partition row coverage,Completeness,Critical,1.0,0.9,>=,PASS,0,Revenue Analytics
2026-05-28,RUN-20260528-CRM_LEADS,CRM_LEADS,DQ-VALID,Required type validity,Validity,High,0.0,0.0,<=,PASS,0,Revenue Analytics
2026-05-28,RUN-20260528-CRM_LEADS,CRM_LEADS,DQ-TAXONOMY,Unknown taxonomy rate,Consistency,High,0.0,0.01,<=,PASS,0,Revenue Analytics
2026-05-28,RUN-20260528-CRM_LEADS,CRM_LEADS,DQ-FRESH,Freshness lag,Timeliness,High,179.0,240.0,<=,PASS,0,Revenue Analytics
2026-05-28,RUN-20260528-CRM_LEADS,CRM_LEADS,DQ-RECON,Raw-to-dashboard variance,Reconciliation,Critical,0.002432,0.005,<=,PASS,0,Revenue Analytics
2026-05-28,RUN-20260528-COMMERCE_ORDERS,COMMERCE_ORDERS,DQ-UNIQUE,Business key uniqueness,Uniqueness,Critical,0.0,0.0,<=,PASS,0,Analytics Engineering
2026-05-28,RUN-20260528-COMMERCE_ORDERS,COMMERCE_ORDERS,DQ-COMPLETE,Partition row coverage,Completeness,Critical,1.0,0.9,>=,PASS,0,Analytics Engineering
2026-05-28,RUN-20260528-COMMERCE_ORDERS,COMMERCE_ORDERS,DQ-VALID,Required type validity,Validity,High,0.0,0.0,<=,PASS,0,Analytics Engineering
2026-05-28,RUN-20260528-COMMERCE_ORDERS,COMMERCE_ORDERS,DQ-TAXONOMY,Unknown taxonomy rate,Consistency,High,0.0,0.01,<=,PASS,0,Analytics Engineering
2026-05-28,RUN-20260528-COMMERCE_ORDERS,COMMERCE_ORDERS,DQ-FRESH,Freshness lag,Timeliness,High,148.0,240.0,<=,PASS,0,Analytics Engineering
2026-05-28,RUN-20260528-COMMERCE_ORDERS,COMMERCE_ORDERS,DQ-RECON,Raw-to-dashboard variance,Reconciliation,Critical,0.000597,0.005,<=,PASS,0,Analytics Engineering
2026-05-28,RUN-20260528-CAMPAIGN_SPEND,CAMPAIGN_SPEND,DQ-UNIQUE,Business key uniqueness,Uniqueness,Critical,0.0,0.0,<=,PASS,0,Marketing Operations
2026-05-28,RUN-20260528-CAMPAIGN_SPEND,CAMPAIGN_SPEND,DQ-COMPLETE,Partition row coverage,Completeness,Critical,1.0,0.9,>=,PASS,0,Marketing Operations
2026-05-28,RUN-20260528-CAMPAIGN_SPEND,CAMPAIGN_SPEND,DQ-VALID,Required type validity,Validity,High,0.0,0.0,<=,PASS,0,Marketing Operations
2026-05-28,RUN-20260528-CAMPAIGN_SPEND,CAMPAIGN_SPEND,DQ-TAXONOMY,Unknown taxonomy rate,Consistency,High,0.0,0.01,<=,PASS,0,Marketing Operations
2026-05-28,RUN-20260528-CAMPAIGN_SPEND,CAMPAIGN_SPEND,DQ-FRESH,Freshness lag,Timeliness,High,182.0,240.0,<=,PASS,0,Marketing Operations
2026-05-28,RUN-20260528-CAMPAIGN_SPEND,CAMPAIGN_SPEND,DQ-RECON,Raw-to-dashboard variance,Reconciliation,Critical,0.002059,0.005,<=,PASS,0,Marketing Operations
2026-05-29,RUN-20260529-WEB_EVENTS,WEB_EVENTS,DQ-UNIQUE,Business key uniqueness,Uniqueness,Critical,0.0,0.0,<=,PASS,0,Web Analytics
2026-05-29,RUN-20260529-WEB_EVENTS,WEB_EVENTS,DQ-COMPLETE,Partition row coverage,Completeness,Critical,1.0,0.9,>=,PASS,0,Web Analytics
2026-05-29,RUN-20260529-WEB_EVENTS,WEB_EVENTS,DQ-VALID,Required type validity,Validity,High,0.0,0.0,<=,PASS,0,Web Analytics
2026-05-29,RUN-20260529-WEB_EVENTS,WEB_EVENTS,DQ-TAXONOMY,Unknown taxonomy rate,Consistency,High,0.0,0.01,<=,PASS,0,Web Analytics
2026-05-29,RUN-20260529-WEB_EVENTS,WEB_EVENTS,DQ-FRESH,Freshness lag,Timeliness,High,106.0,240.0,<=,PASS,0,Web Analytics
2026-05-29,RUN-20260529-WEB_EVENTS,WEB_EVENTS,DQ-RECON,Raw-to-dashboard variance,Reconciliation,Critical,0.001854,0.005,<=,PASS,0,Web Analytics
2026-05-29,RUN-20260529-CRM_LEADS,CRM_LEADS,DQ-UNIQUE,Business key uniqueness,Uniqueness,Critical,0.0,0.0,<=,PASS,0,Revenue Analytics
2026-05-29,RUN-20260529-CRM_LEADS,CRM_LEADS,DQ-COMPLETE,Partition row coverage,Completeness,Critical,1.0,0.9,>=,PASS,0,Revenue Analytics
2026-05-29,RUN-20260529-CRM_LEADS,CRM_LEADS,DQ-VALID,Required type validity,Validity,High,0.0,0.0,<=,PASS,0,Revenue Analytics
2026-05-29,RUN-20260529-CRM_LEADS,CRM_LEADS,DQ-TAXONOMY,Unknown taxonomy rate,Consistency,High,0.0,0.01,<=,PASS,0,Revenue Analytics
2026-05-29,RUN-20260529-CRM_LEADS,CRM_LEADS,DQ-FRESH,Freshness lag,Timeliness,High,184.0,240.0,<=,PASS,0,Revenue Analytics
2026-05-29,RUN-20260529-CRM_LEADS,CRM_LEADS,DQ-RECON,Raw-to-dashboard variance,Reconciliation,Critical,0.002663,0.005,<=,PASS,0,Revenue Analytics
2026-05-29,RUN-20260529-COMMERCE_ORDERS,COMMERCE_ORDERS,DQ-UNIQUE,Business key uniqueness,Uniqueness,Critical,0.0,0.0,<=,PASS,0,Analytics Engineering
2026-05-29,RUN-20260529-COMMERCE_ORDERS,COMMERCE_ORDERS,DQ-COMPLETE,Partition row coverage,Completeness,Critical,1.0,0.9,>=,PASS,0,Analytics Engineering
2026-05-29,RUN-20260529-COMMERCE_ORDERS,COMMERCE_ORDERS,DQ-VALID,Required type validity,Validity,High,0.0,0.0,<=,PASS,0,Analytics Engineering
2026-05-29,RUN-20260529-COMMERCE_ORDERS,COMMERCE_ORDERS,DQ-TAXONOMY,Unknown taxonomy rate,Consistency,High,0.0,0.01,<=,PASS,0,Analytics Engineering
2026-05-29,RUN-20260529-COMMERCE_ORDERS,COMMERCE_ORDERS,DQ-FRESH,Freshness lag,Timeliness,High,140.0,240.0,<=,PASS,0,Analytics Engineering
2026-05-29,RUN-20260529-COMMERCE_ORDERS,COMMERCE_ORDERS,DQ-RECON,Raw-to-dashboard variance,Reconciliation,Critical,0.002447,0.005,<=,PASS,0,Analytics Engineering
2026-05-29,RUN-20260529-CAMPAIGN_SPEND,CAMPAIGN_SPEND,DQ-UNIQUE,Business key uniqueness,Uniqueness,Critical,0.0,0.0,<=,PASS,0,Marketing Operations
2026-05-29,RUN-20260529-CAMPAIGN_SPEND,CAMPAIGN_SPEND,DQ-COMPLETE,Partition row coverage,Completeness,Critical,1.0,0.9,>=,PASS,0,Marketing Operations
2026-05-29,RUN-20260529-CAMPAIGN_SPEND,CAMPAIGN_SPEND,DQ-VALID,Required type validity,Validity,High,0.0,0.0,<=,PASS,0,Marketing Operations
2026-05-29,RUN-20260529-CAMPAIGN_SPEND,CAMPAIGN_SPEND,DQ-TAXONOMY,Unknown taxonomy rate,Consistency,High,0.0,0.01,<=,PASS,0,Marketing Operations
2026-05-29,RUN-20260529-CAMPAIGN_SPEND,CAMPAIGN_SPEND,DQ-FRESH,Freshness lag,Timeliness,High,101.0,240.0,<=,PASS,0,Marketing Operations
2026-05-29,RUN-20260529-CAMPAIGN_SPEND,CAMPAIGN_SPEND,DQ-RECON,Raw-to-dashboard variance,Reconciliation,Critical,0.000697,0.005,<=,PASS,0,Marketing Operations
2026-05-30,RUN-20260530-WEB_EVENTS,WEB_EVENTS,DQ-UNIQUE,Business key uniqueness,Uniqueness,Critical,0.0,0.0,<=,PASS,0,Web Analytics
2026-05-30,RUN-20260530-WEB_EVENTS,WEB_EVENTS,DQ-COMPLETE,Partition row coverage,Completeness,Critical,1.0,0.9,>=,PASS,0,Web Analytics
2026-05-30,RUN-20260530-WEB_EVENTS,WEB_EVENTS,DQ-VALID,Required type validity,Validity,High,0.0,0.0,<=,PASS,0,Web Analytics
2026-05-30,RUN-20260530-WEB_EVENTS,WEB_EVENTS,DQ-TAXONOMY,Unknown taxonomy rate,Consistency,High,0.0,0.01,<=,PASS,0,Web Analytics
2026-05-30,RUN-20260530-WEB_EVENTS,WEB_EVENTS,DQ-FRESH,Freshness lag,Timeliness,High,81.0,240.0,<=,PASS,0,Web Analytics
2026-05-30,RUN-20260530-WEB_EVENTS,WEB_EVENTS,DQ-RECON,Raw-to-dashboard variance,Reconciliation,Critical,0.002013,0.005,<=,PASS,0,Web Analytics
2026-05-30,RUN-20260530-CRM_LEADS,CRM_LEADS,DQ-UNIQUE,Business key uniqueness,Uniqueness,Critical,0.0,0.0,<=,PASS,0,Revenue Analytics
2026-05-30,RUN-20260530-CRM_LEADS,CRM_LEADS,DQ-COMPLETE,Partition row coverage,Completeness,Critical,1.0,0.9,>=,PASS,0,Revenue Analytics
2026-05-30,RUN-20260530-CRM_LEADS,CRM_LEADS,DQ-VALID,Required type validity,Validity,High,0.0,0.0,<=,PASS,0,Revenue Analytics
2026-05-30,RUN-20260530-CRM_LEADS,CRM_LEADS,DQ-TAXONOMY,Unknown taxonomy rate,Consistency,High,0.0,0.01,<=,PASS,0,Revenue Analytics
2026-05-30,RUN-20260530-CRM_LEADS,CRM_LEADS,DQ-FRESH,Freshness lag,Timeliness,High,136.0,240.0,<=,PASS,0,Revenue Analytics
2026-05-30,RUN-20260530-CRM_LEADS,CRM_LEADS,DQ-RECON,Raw-to-dashboard variance,Reconciliation,Critical,0.001103,0.005,<=,PASS,0,Revenue Analytics
2026-05-30,RUN-20260530-COMMERCE_ORDERS,COMMERCE_ORDERS,DQ-UNIQUE,Business key uniqueness,Uniqueness,Critical,0.0,0.0,<=,PASS,0,Analytics Engineering
2026-05-30,RUN-20260530-COMMERCE_ORDERS,COMMERCE_ORDERS,DQ-COMPLETE,Partition row coverage,Completeness,Critical,1.0,0.9,>=,PASS,0,Analytics Engineering
2026-05-30,RUN-20260530-COMMERCE_ORDERS,COMMERCE_ORDERS,DQ-VALID,Required type validity,Validity,High,0.0,0.0,<=,PASS,0,Analytics Engineering
2026-05-30,RUN-20260530-COMMERCE_ORDERS,COMMERCE_ORDERS,DQ-TAXONOMY,Unknown taxonomy rate,Consistency,High,0.0,0.01,<=,PASS,0,Analytics Engineering
2026-05-30,RUN-20260530-COMMERCE_ORDERS,COMMERCE_ORDERS,DQ-FRESH,Freshness lag,Timeliness,High,61.0,240.0,<=,PASS,0,Analytics Engineering
2026-05-30,RUN-20260530-COMMERCE_ORDERS,COMMERCE_ORDERS,DQ-RECON,Raw-to-dashboard variance,Reconciliation,Critical,0.000913,0.005,<=,PASS,0,Analytics Engineering
2026-05-30,RUN-20260530-CAMPAIGN_SPEND,CAMPAIGN_SPEND,DQ-UNIQUE,Business key uniqueness,Uniqueness,Critical,0.0,0.0,<=,PASS,0,Marketing Operations
2026-05-30,RUN-20260530-CAMPAIGN_SPEND,CAMPAIGN_SPEND,DQ-COMPLETE,Partition row coverage,Completeness,Critical,1.0,0.9,>=,PASS,0,Marketing Operations
2026-05-30,RUN-20260530-CAMPAIGN_SPEND,CAMPAIGN_SPEND,DQ-VALID,Required type validity,Validity,High,0.0,0.0,<=,PASS,0,Marketing Operations
2026-05-30,RUN-20260530-CAMPAIGN_SPEND,CAMPAIGN_SPEND,DQ-TAXONOMY,Unknown taxonomy rate,Consistency,High,0.0,0.01,<=,PASS,0,Marketing Operations
2026-05-30,RUN-20260530-CAMPAIGN_SPEND,CAMPAIGN_SPEND,DQ-FRESH,Freshness lag,Timeliness,High,112.0,240.0,<=,PASS,0,Marketing Operations
2026-05-30,RUN-20260530-CAMPAIGN_SPEND,CAMPAIGN_SPEND,DQ-RECON,Raw-to-dashboard variance,Reconciliation,Critical,0.002824,0.005,<=,PASS,0,Marketing Operations
2026-05-31,RUN-20260531-WEB_EVENTS,WEB_EVENTS,DQ-UNIQUE,Business key uniqueness,Uniqueness,Critical,0.0,0.0,<=,PASS,0,Web Analytics
2026-05-31,RUN-20260531-WEB_EVENTS,WEB_EVENTS,DQ-COMPLETE,Partition row coverage,Completeness,Critical,1.0,0.9,>=,PASS,0,Web Analytics
2026-05-31,RUN-20260531-WEB_EVENTS,WEB_EVENTS,DQ-VALID,Required type validity,Validity,High,0.0,0.0,<=,PASS,0,Web Analytics
2026-05-31,RUN-20260531-WEB_EVENTS,WEB_EVENTS,DQ-TAXONOMY,Unknown taxonomy rate,Consistency,High,0.0,0.01,<=,PASS,0,Web Analytics
2026-05-31,RUN-20260531-WEB_EVENTS,WEB_EVENTS,DQ-FRESH,Freshness lag,Timeliness,High,157.0,240.0,<=,PASS,0,Web Analytics
2026-05-31,RUN-20260531-WEB_EVENTS,WEB_EVENTS,DQ-RECON,Raw-to-dashboard variance,Reconciliation,Critical,0.000437,0.005,<=,PASS,0,Web Analytics
2026-05-31,RUN-20260531-CRM_LEADS,CRM_LEADS,DQ-UNIQUE,Business key uniqueness,Uniqueness,Critical,0.0,0.0,<=,PASS,0,Revenue Analytics
2026-05-31,RUN-20260531-CRM_LEADS,CRM_LEADS,DQ-COMPLETE,Partition row coverage,Completeness,Critical,1.0,0.9,>=,PASS,0,Revenue Analytics
2026-05-31,RUN-20260531-CRM_LEADS,CRM_LEADS,DQ-VALID,Required type validity,Validity,High,0.0,0.0,<=,PASS,0,Revenue Analytics
2026-05-31,RUN-20260531-CRM_LEADS,CRM_LEADS,DQ-TAXONOMY,Unknown taxonomy rate,Consistency,High,0.0,0.01,<=,PASS,0,Revenue Analytics
2026-05-31,RUN-20260531-CRM_LEADS,CRM_LEADS,DQ-FRESH,Freshness lag,Timeliness,High,61.0,240.0,<=,PASS,0,Revenue Analytics
2026-05-31,RUN-20260531-CRM_LEADS,CRM_LEADS,DQ-RECON,Raw-to-dashboard variance,Reconciliation,Critical,0.003052,0.005,<=,PASS,0,Revenue Analytics
2026-05-31,RUN-20260531-COMMERCE_ORDERS,COMMERCE_ORDERS,DQ-UNIQUE,Business key uniqueness,Uniqueness,Critical,0.0,0.0,<=,PASS,0,Analytics Engineering
2026-05-31,RUN-20260531-COMMERCE_ORDERS,COMMERCE_ORDERS,DQ-COMPLETE,Partition row coverage,Completeness,Critical,1.0,0.9,>=,PASS,0,Analytics Engineering
2026-05-31,RUN-20260531-COMMERCE_ORDERS,COMMERCE_ORDERS,DQ-VALID,Required type validity,Validity,High,0.0,0.0,<=,PASS,0,Analytics Engineering
2026-05-31,RUN-20260531-COMMERCE_ORDERS,COMMERCE_ORDERS,DQ-TAXONOMY,Unknown taxonomy rate,Consistency,High,0.0,0.01,<=,PASS,0,Analytics Engineering
2026-05-31,RUN-20260531-COMMERCE_ORDERS,COMMERCE_ORDERS,DQ-FRESH,Freshness lag,Timeliness,High,170.0,240.0,<=,PASS,0,Analytics Engineering
2026-05-31,RUN-20260531-COMMERCE_ORDERS,COMMERCE_ORDERS,DQ-RECON,Raw-to-dashboard variance,Reconciliation,Critical,0.002689,0.005,<=,PASS,0,Analytics Engineering
2026-05-31,RUN-20260531-CAMPAIGN_SPEND,CAMPAIGN_SPEND,DQ-UNIQUE,Business key uniqueness,Uniqueness,Critical,0.0,0.0,<=,PASS,0,Marketing Operations
2026-05-31,RUN-20260531-CAMPAIGN_SPEND,CAMPAIGN_SPEND,DQ-COMPLETE,Partition row coverage,Completeness,Critical,1.0,0.9,>=,PASS,0,Marketing Operations
2026-05-31,RUN-20260531-CAMPAIGN_SPEND,CAMPAIGN_SPEND,DQ-VALID,Required type validity,Validity,High,0.0,0.0,<=,PASS,0,Marketing Operations
2026-05-31,RUN-20260531-CAMPAIGN_SPEND,CAMPAIGN_SPEND,DQ-TAXONOMY,Unknown taxonomy rate,Consistency,High,0.0,0.01,<=,PASS,0,Marketing Operations
2026-05-31,RUN-20260531-CAMPAIGN_SPEND,CAMPAIGN_SPEND,DQ-FRESH,Freshness lag,Timeliness,High,136.0,240.0,<=,PASS,0,Marketing Operations
2026-05-31,RUN-20260531-CAMPAIGN_SPEND,CAMPAIGN_SPEND,DQ-RECON,Raw-to-dashboard variance,Reconciliation,Critical,0.002289,0.005,<=,PASS,0,Marketing Operations
2026-06-01,RUN-20260601-WEB_EVENTS,WEB_EVENTS,DQ-UNIQUE,Business key uniqueness,Uniqueness,Critical,0.0,0.0,<=,PASS,0,Web Analytics
2026-06-01,RUN-20260601-WEB_EVENTS,WEB_EVENTS,DQ-COMPLETE,Partition row coverage,Completeness,Critical,1.0,0.9,>=,PASS,0,Web Analytics
2026-06-01,RUN-20260601-WEB_EVENTS,WEB_EVENTS,DQ-VALID,Required type validity,Validity,High,0.0,0.0,<=,PASS,0,Web Analytics
2026-06-01,RUN-20260601-WEB_EVENTS,WEB_EVENTS,DQ-TAXONOMY,Unknown taxonomy rate,Consistency,High,0.0,0.01,<=,PASS,0,Web Analytics
2026-06-01,RUN-20260601-WEB_EVENTS,WEB_EVENTS,DQ-FRESH,Freshness lag,Timeliness,High,132.0,240.0,<=,PASS,0,Web Analytics
2026-06-01,RUN-20260601-WEB_EVENTS,WEB_EVENTS,DQ-RECON,Raw-to-dashboard variance,Reconciliation,Critical,0.000587,0.005,<=,PASS,0,Web Analytics
2026-06-01,RUN-20260601-CRM_LEADS,CRM_LEADS,DQ-UNIQUE,Business key uniqueness,Uniqueness,Critical,0.0,0.0,<=,PASS,0,Revenue Analytics
2026-06-01,RUN-20260601-CRM_LEADS,CRM_LEADS,DQ-COMPLETE,Partition row coverage,Completeness,Critical,1.0,0.9,>=,PASS,0,Revenue Analytics
2026-06-01,RUN-20260601-CRM_LEADS,CRM_LEADS,DQ-VALID,Required type validity,Validity,High,0.0,0.0,<=,PASS,0,Revenue Analytics
2026-06-01,RUN-20260601-CRM_LEADS,CRM_LEADS,DQ-TAXONOMY,Unknown taxonomy rate,Consistency,High,0.0,0.01,<=,PASS,0,Revenue Analytics
2026-06-01,RUN-20260601-CRM_LEADS,CRM_LEADS,DQ-FRESH,Freshness lag,Timeliness,High,67.0,240.0,<=,PASS,0,Revenue Analytics
2026-06-01,RUN-20260601-CRM_LEADS,CRM_LEADS,DQ-RECON,Raw-to-dashboard variance,Reconciliation,Critical,0.0005,0.005,<=,PASS,0,Revenue Analytics
2026-06-01,RUN-20260601-COMMERCE_ORDERS,COMMERCE_ORDERS,DQ-UNIQUE,Business key uniqueness,Uniqueness,Critical,0.0,0.0,<=,PASS,0,Analytics Engineering
2026-06-01,RUN-20260601-COMMERCE_ORDERS,COMMERCE_ORDERS,DQ-COMPLETE,Partition row coverage,Completeness,Critical,1.0,0.9,>=,PASS,0,Analytics Engineering
2026-06-01,RUN-20260601-COMMERCE_ORDERS,COMMERCE_ORDERS,DQ-VALID,Required type validity,Validity,High,0.0,0.0,<=,PASS,0,Analytics Engineering
2026-06-01,RUN-20260601-COMMERCE_ORDERS,COMMERCE_ORDERS,DQ-TAXONOMY,Unknown taxonomy rate,Consistency,High,0.0,0.01,<=,PASS,0,Analytics Engineering
2026-06-01,RUN-20260601-COMMERCE_ORDERS,COMMERCE_ORDERS,DQ-FRESH,Freshness lag,Timeliness,High,182.0,240.0,<=,PASS,0,Analytics Engineering
2026-06-01,RUN-20260601-COMMERCE_ORDERS,COMMERCE_ORDERS,DQ-RECON,Raw-to-dashboard variance,Reconciliation,Critical,0.002886,0.005,<=,PASS,0,Analytics Engineering
2026-06-01,RUN-20260601-CAMPAIGN_SPEND,CAMPAIGN_SPEND,DQ-UNIQUE,Business key uniqueness,Uniqueness,Critical,0.0,0.0,<=,PASS,0,Marketing Operations
2026-06-01,RUN-20260601-CAMPAIGN_SPEND,CAMPAIGN_SPEND,DQ-COMPLETE,Partition row coverage,Completeness,Critical,1.0,0.9,>=,PASS,0,Marketing Operations
2026-06-01,RUN-20260601-CAMPAIGN_SPEND,CAMPAIGN_SPEND,DQ-VALID,Required type validity,Validity,High,0.0,0.0,<=,PASS,0,Marketing Operations
2026-06-01,RUN-20260601-CAMPAIGN_SPEND,CAMPAIGN_SPEND,DQ-TAXONOMY,Unknown taxonomy rate,Consistency,High,0.0,0.01,<=,PASS,0,Marketing Operations
2026-06-01,RUN-20260601-CAMPAIGN_SPEND,CAMPAIGN_SPEND,DQ-FRESH,Freshness lag,Timeliness,High,81.0,240.0,<=,PASS,0,Marketing Operations
2026-06-01,RUN-20260601-CAMPAIGN_SPEND,CAMPAIGN_SPEND,DQ-RECON,Raw-to-dashboard variance,Reconciliation,Critical,0.002428,0.005,<=,PASS,0,Marketing Operations
2026-06-02,RUN-20260602-WEB_EVENTS,WEB_EVENTS,DQ-UNIQUE,Business key uniqueness,Uniqueness,Critical,0.0,0.0,<=,PASS,0,Web Analytics
2026-06-02,RUN-20260602-WEB_EVENTS,WEB_EVENTS,DQ-COMPLETE,Partition row coverage,Completeness,Critical,1.0,0.9,>=,PASS,0,Web Analytics
2026-06-02,RUN-20260602-WEB_EVENTS,WEB_EVENTS,DQ-VALID,Required type validity,Validity,High,0.0,0.0,<=,PASS,0,Web Analytics
2026-06-02,RUN-20260602-WEB_EVENTS,WEB_EVENTS,DQ-TAXONOMY,Unknown taxonomy rate,Consistency,High,0.0,0.01,<=,PASS,0,Web Analytics
2026-06-02,RUN-20260602-WEB_EVENTS,WEB_EVENTS,DQ-FRESH,Freshness lag,Timeliness,High,163.0,240.0,<=,PASS,0,Web Analytics
2026-06-02,RUN-20260602-WEB_EVENTS,WEB_EVENTS,DQ-RECON,Raw-to-dashboard variance,Reconciliation,Critical,0.002289,0.005,<=,PASS,0,Web Analytics
2026-06-02,RUN-20260602-CRM_LEADS,CRM_LEADS,DQ-UNIQUE,Business key uniqueness,Uniqueness,Critical,0.0,0.0,<=,PASS,0,Revenue Analytics
2026-06-02,RUN-20260602-CRM_LEADS,CRM_LEADS,DQ-COMPLETE,Partition row coverage,Completeness,Critical,1.0,0.9,>=,PASS,0,Revenue Analytics
2026-06-02,RUN-20260602-CRM_LEADS,CRM_LEADS,DQ-VALID,Required type validity,Validity,High,0.0,0.0,<=,PASS,0,Revenue Analytics
2026-06-02,RUN-20260602-CRM_LEADS,CRM_LEADS,DQ-TAXONOMY,Unknown taxonomy rate,Consistency,High,0.0,0.01,<=,PASS,0,Revenue Analytics
2026-06-02,RUN-20260602-CRM_LEADS,CRM_LEADS,DQ-FRESH,Freshness lag,Timeliness,High,81.0,240.0,<=,PASS,0,Revenue Analytics
2026-06-02,RUN-20260602-CRM_LEADS,CRM_LEADS,DQ-RECON,Raw-to-dashboard variance,Reconciliation,Critical,0.001729,0.005,<=,PASS,0,Revenue Analytics
2026-06-02,RUN-20260602-COMMERCE_ORDERS,COMMERCE_ORDERS,DQ-UNIQUE,Business key uniqueness,Uniqueness,Critical,0.0,0.0,<=,PASS,0,Analytics Engineering
2026-06-02,RUN-20260602-COMMERCE_ORDERS,COMMERCE_ORDERS,DQ-COMPLETE,Partition row coverage,Completeness,Critical,1.0,0.9,>=,PASS,0,Analytics Engineering
2026-06-02,RUN-20260602-COMMERCE_ORDERS,COMMERCE_ORDERS,DQ-VALID,Required type validity,Validity,High,0.0,0.0,<=,PASS,0,Analytics Engineering
2026-06-02,RUN-20260602-COMMERCE_ORDERS,COMMERCE_ORDERS,DQ-TAXONOMY,Unknown taxonomy rate,Consistency,High,0.0,0.01,<=,PASS,0,Analytics Engineering
2026-06-02,RUN-20260602-COMMERCE_ORDERS,COMMERCE_ORDERS,DQ-FRESH,Freshness lag,Timeliness,High,77.0,240.0,<=,PASS,0,Analytics Engineering
2026-06-02,RUN-20260602-COMMERCE_ORDERS,COMMERCE_ORDERS,DQ-RECON,Raw-to-dashboard variance,Reconciliation,Critical,0.001044,0.005,<=,PASS,0,Analytics Engineering
2026-06-02,RUN-20260602-CAMPAIGN_SPEND,CAMPAIGN_SPEND,DQ-UNIQUE,Business key uniqueness,Uniqueness,Critical,0.0,0.0,<=,PASS,0,Marketing Operations
2026-06-02,RUN-20260602-CAMPAIGN_SPEND,CAMPAIGN_SPEND,DQ-COMPLETE,Partition row coverage,Completeness,Critical,1.0,0.9,>=,PASS,0,Marketing Operations
2026-06-02,RUN-20260602-CAMPAIGN_SPEND,CAMPAIGN_SPEND,DQ-VALID,Required type validity,Validity,High,0.0,0.0,<=,PASS,0,Marketing Operations
2026-06-02,RUN-20260602-CAMPAIGN_SPEND,CAMPAIGN_SPEND,DQ-TAXONOMY,Unknown taxonomy rate,Consistency,High,0.0,0.01,<=,PASS,0,Marketing Operations
2026-06-02,RUN-20260602-CAMPAIGN_SPEND,CAMPAIGN_SPEND,DQ-FRESH,Freshness lag,Timeliness,High,162.0,240.0,<=,PASS,0,Marketing Operations
2026-06-02,RUN-20260602-CAMPAIGN_SPEND,CAMPAIGN_SPEND,DQ-RECON,Raw-to-dashboard variance,Reconciliation,Critical,0.001522,0.005,<=,PASS,0,Marketing Operations
2026-06-03,RUN-20260603-WEB_EVENTS,WEB_EVENTS,DQ-UNIQUE,Business key uniqueness,Uniqueness,Critical,0.0,0.0,<=,PASS,0,Web Analytics
2026-06-03,RUN-20260603-WEB_EVENTS,WEB_EVENTS,DQ-COMPLETE,Partition row coverage,Completeness,Critical,1.0,0.9,>=,PASS,0,Web Analytics
2026-06-03,RUN-20260603-WEB_EVENTS,WEB_EVENTS,DQ-VALID,Required type validity,Validity,High,0.0,0.0,<=,PASS,0,Web Analytics
2026-06-03,RUN-20260603-WEB_EVENTS,WEB_EVENTS,DQ-TAXONOMY,Unknown taxonomy rate,Consistency,High,0.0,0.01,<=,PASS,0,Web Analytics
2026-06-03,RUN-20260603-WEB_EVENTS,WEB_EVENTS,DQ-FRESH,Freshness lag,Timeliness,High,57.0,240.0,<=,PASS,0,Web Analytics
2026-06-03,RUN-20260603-WEB_EVENTS,WEB_EVENTS,DQ-RECON,Raw-to-dashboard variance,Reconciliation,Critical,0.000575,0.005,<=,PASS,0,Web Analytics
2026-06-03,RUN-20260603-CRM_LEADS,CRM_LEADS,DQ-UNIQUE,Business key uniqueness,Uniqueness,Critical,0.0,0.0,<=,PASS,0,Revenue Analytics
2026-06-03,RUN-20260603-CRM_LEADS,CRM_LEADS,DQ-COMPLETE,Partition row coverage,Completeness,Critical,0.58,0.9,>=,FAIL,42,Revenue Analytics
2026-06-03,RUN-20260603-CRM_LEADS,CRM_LEADS,DQ-VALID,Required type validity,Validity,High,0.0,0.0,<=,PASS,0,Revenue Analytics
2026-06-03,RUN-20260603-CRM_LEADS,CRM_LEADS,DQ-TAXONOMY,Unknown taxonomy rate,Consistency,High,0.0,0.01,<=,PASS,0,Revenue Analytics
2026-06-03,RUN-20260603-CRM_LEADS,CRM_LEADS,DQ-FRESH,Freshness lag,Timeliness,High,520.0,240.0,<=,WARN,1,Revenue Analytics
2026-06-03,RUN-20260603-CRM_LEADS,CRM_LEADS,DQ-RECON,Raw-to-dashboard variance,Reconciliation,Critical,0.421,0.005,<=,FAIL,1,Revenue Analytics
2026-06-03,RUN-20260603-COMMERCE_ORDERS,COMMERCE_ORDERS,DQ-UNIQUE,Business key uniqueness,Uniqueness,Critical,0.0,0.0,<=,PASS,0,Analytics Engineering
2026-06-03,RUN-20260603-COMMERCE_ORDERS,COMMERCE_ORDERS,DQ-COMPLETE,Partition row coverage,Completeness,Critical,1.0,0.9,>=,PASS,0,Analytics Engineering
2026-06-03,RUN-20260603-COMMERCE_ORDERS,COMMERCE_ORDERS,DQ-VALID,Required type validity,Validity,High,0.0,0.0,<=,PASS,0,Analytics Engineering
2026-06-03,RUN-20260603-COMMERCE_ORDERS,COMMERCE_ORDERS,DQ-TAXONOMY,Unknown taxonomy rate,Consistency,High,0.0,0.01,<=,PASS,0,Analytics Engineering
2026-06-03,RUN-20260603-COMMERCE_ORDERS,COMMERCE_ORDERS,DQ-FRESH,Freshness lag,Timeliness,High,117.0,240.0,<=,PASS,0,Analytics Engineering
2026-06-03,RUN-20260603-COMMERCE_ORDERS,COMMERCE_ORDERS,DQ-RECON,Raw-to-dashboard variance,Reconciliation,Critical,0.00127,0.005,<=,PASS,0,Analytics Engineering
2026-06-03,RUN-20260603-CAMPAIGN_SPEND,CAMPAIGN_SPEND,DQ-UNIQUE,Business key uniqueness,Uniqueness,Critical,0.0,0.0,<=,PASS,0,Marketing Operations
2026-06-03,RUN-20260603-CAMPAIGN_SPEND,CAMPAIGN_SPEND,DQ-COMPLETE,Partition row coverage,Completeness,Critical,1.0,0.9,>=,PASS,0,Marketing Operations
2026-06-03,RUN-20260603-CAMPAIGN_SPEND,CAMPAIGN_SPEND,DQ-VALID,Required type validity,Validity,High,0.0,0.0,<=,PASS,0,Marketing Operations
2026-06-03,RUN-20260603-CAMPAIGN_SPEND,CAMPAIGN_SPEND,DQ-TAXONOMY,Unknown taxonomy rate,Consistency,High,0.0,0.01,<=,PASS,0,Marketing Operations
2026-06-03,RUN-20260603-CAMPAIGN_SPEND,CAMPAIGN_SPEND,DQ-FRESH,Freshness lag,Timeliness,High,149.0,240.0,<=,PASS,0,Marketing Operations
2026-06-03,RUN-20260603-CAMPAIGN_SPEND,CAMPAIGN_SPEND,DQ-RECON,Raw-to-dashboard variance,Reconciliation,Critical,0.001018,0.005,<=,PASS,0,Marketing Operations
2026-06-04,RUN-20260604-WEB_EVENTS,WEB_EVENTS,DQ-UNIQUE,Business key uniqueness,Uniqueness,Critical,0.0,0.0,<=,PASS,0,Web Analytics
2026-06-04,RUN-20260604-WEB_EVENTS,WEB_EVENTS,DQ-COMPLETE,Partition row coverage,Completeness,Critical,1.0,0.9,>=,PASS,0,Web Analytics
2026-06-04,RUN-20260604-WEB_EVENTS,WEB_EVENTS,DQ-VALID,Required type validity,Validity,High,0.0,0.0,<=,PASS,0,Web Analytics
2026-06-04,RUN-20260604-WEB_EVENTS,WEB_EVENTS,DQ-TAXONOMY,Unknown taxonomy rate,Consistency,High,0.0,0.01,<=,PASS,0,Web Analytics
2026-06-04,RUN-20260604-WEB_EVENTS,WEB_EVENTS,DQ-FRESH,Freshness lag,Timeliness,High,71.0,240.0,<=,PASS,0,Web Analytics
2026-06-04,RUN-20260604-WEB_EVENTS,WEB_EVENTS,DQ-RECON,Raw-to-dashboard variance,Reconciliation,Critical,0.002782,0.005,<=,PASS,0,Web Analytics
2026-06-04,RUN-20260604-CRM_LEADS,CRM_LEADS,DQ-UNIQUE,Business key uniqueness,Uniqueness,Critical,0.0,0.0,<=,PASS,0,Revenue Analytics
2026-06-04,RUN-20260604-CRM_LEADS,CRM_LEADS,DQ-COMPLETE,Partition row coverage,Completeness,Critical,1.0,0.9,>=,PASS,0,Revenue Analytics
2026-06-04,RUN-20260604-CRM_LEADS,CRM_LEADS,DQ-VALID,Required type validity,Validity,High,0.0,0.0,<=,PASS,0,Revenue Analytics
2026-06-04,RUN-20260604-CRM_LEADS,CRM_LEADS,DQ-TAXONOMY,Unknown taxonomy rate,Consistency,High,0.0,0.01,<=,PASS,0,Revenue Analytics
2026-06-04,RUN-20260604-CRM_LEADS,CRM_LEADS,DQ-FRESH,Freshness lag,Timeliness,High,118.0,240.0,<=,PASS,0,Revenue Analytics
2026-06-04,RUN-20260604-CRM_LEADS,CRM_LEADS,DQ-RECON,Raw-to-dashboard variance,Reconciliation,Critical,0.002552,0.005,<=,PASS,0,Revenue Analytics
2026-06-04,RUN-20260604-COMMERCE_ORDERS,COMMERCE_ORDERS,DQ-UNIQUE,Business key uniqueness,Uniqueness,Critical,0.0,0.0,<=,PASS,0,Analytics Engineering
2026-06-04,RUN-20260604-COMMERCE_ORDERS,COMMERCE_ORDERS,DQ-COMPLETE,Partition row coverage,Completeness,Critical,1.0,0.9,>=,PASS,0,Analytics Engineering
2026-06-04,RUN-20260604-COMMERCE_ORDERS,COMMERCE_ORDERS,DQ-VALID,Required type validity,Validity,High,0.0,0.0,<=,PASS,0,Analytics Engineering
2026-06-04,RUN-20260604-COMMERCE_ORDERS,COMMERCE_ORDERS,DQ-TAXONOMY,Unknown taxonomy rate,Consistency,High,0.0,0.01,<=,PASS,0,Analytics Engineering
2026-06-04,RUN-20260604-COMMERCE_ORDERS,COMMERCE_ORDERS,DQ-FRESH,Freshness lag,Timeliness,High,64.0,240.0,<=,PASS,0,Analytics Engineering
2026-06-04,RUN-20260604-COMMERCE_ORDERS,COMMERCE_ORDERS,DQ-RECON,Raw-to-dashboard variance,Reconciliation,Critical,0.000899,0.005,<=,PASS,0,Analytics Engineering
2026-06-04,RUN-20260604-CAMPAIGN_SPEND,CAMPAIGN_SPEND,DQ-UNIQUE,Business key uniqueness,Uniqueness,Critical,0.0,0.0,<=,PASS,0,Marketing Operations
2026-06-04,RUN-20260604-CAMPAIGN_SPEND,CAMPAIGN_SPEND,DQ-COMPLETE,Partition row coverage,Completeness,Critical,1.0,0.9,>=,PASS,0,Marketing Operations
2026-06-04,RUN-20260604-CAMPAIGN_SPEND,CAMPAIGN_SPEND,DQ-VALID,Required type validity,Validity,High,0.0,0.0,<=,PASS,0,Marketing Operations
2026-06-04,RUN-20260604-CAMPAIGN_SPEND,CAMPAIGN_SPEND,DQ-TAXONOMY,Unknown taxonomy rate,Consistency,High,0.0,0.01,<=,PASS,0,Marketing Operations
2026-06-04,RUN-20260604-CAMPAIGN_SPEND,CAMPAIGN_SPEND,DQ-FRESH,Freshness lag,Timeliness,High,93.0,240.0,<=,PASS,0,Marketing Operations
2026-06-04,RUN-20260604-CAMPAIGN_SPEND,CAMPAIGN_SPEND,DQ-RECON,Raw-to-dashboard variance,Reconciliation,Critical,0.00131,0.005,<=,PASS,0,Marketing Operations
2026-06-05,RUN-20260605-WEB_EVENTS,WEB_EVENTS,DQ-UNIQUE,Business key uniqueness,Uniqueness,Critical,0.0,0.0,<=,PASS,0,Web Analytics
2026-06-05,RUN-20260605-WEB_EVENTS,WEB_EVENTS,DQ-COMPLETE,Partition row coverage,Completeness,Critical,1.0,0.9,>=,PASS,0,Web Analytics
2026-06-05,RUN-20260605-WEB_EVENTS,WEB_EVENTS,DQ-VALID,Required type validity,Validity,High,0.0,0.0,<=,PASS,0,Web Analytics
2026-06-05,RUN-20260605-WEB_EVENTS,WEB_EVENTS,DQ-TAXONOMY,Unknown taxonomy rate,Consistency,High,0.0,0.01,<=,PASS,0,Web Analytics
2026-06-05,RUN-20260605-WEB_EVENTS,WEB_EVENTS,DQ-FRESH,Freshness lag,Timeliness,High,142.0,240.0,<=,PASS,0,Web Analytics
2026-06-05,RUN-20260605-WEB_EVENTS,WEB_EVENTS,DQ-RECON,Raw-to-dashboard variance,Reconciliation,Critical,0.003189,0.005,<=,PASS,0,Web Analytics
2026-06-05,RUN-20260605-CRM_LEADS,CRM_LEADS,DQ-UNIQUE,Business key uniqueness,Uniqueness,Critical,0.0,0.0,<=,PASS,0,Revenue Analytics
2026-06-05,RUN-20260605-CRM_LEADS,CRM_LEADS,DQ-COMPLETE,Partition row coverage,Completeness,Critical,1.0,0.9,>=,PASS,0,Revenue Analytics
2026-06-05,RUN-20260605-CRM_LEADS,CRM_LEADS,DQ-VALID,Required type validity,Validity,High,0.0,0.0,<=,PASS,0,Revenue Analytics
2026-06-05,RUN-20260605-CRM_LEADS,CRM_LEADS,DQ-TAXONOMY,Unknown taxonomy rate,Consistency,High,0.0,0.01,<=,PASS,0,Revenue Analytics
2026-06-05,RUN-20260605-CRM_LEADS,CRM_LEADS,DQ-FRESH,Freshness lag,Timeliness,High,106.0,240.0,<=,PASS,0,Revenue Analytics
2026-06-05,RUN-20260605-CRM_LEADS,CRM_LEADS,DQ-RECON,Raw-to-dashboard variance,Reconciliation,Critical,0.000743,0.005,<=,PASS,0,Revenue Analytics
2026-06-05,RUN-20260605-COMMERCE_ORDERS,COMMERCE_ORDERS,DQ-UNIQUE,Business key uniqueness,Uniqueness,Critical,0.0,0.0,<=,PASS,0,Analytics Engineering
2026-06-05,RUN-20260605-COMMERCE_ORDERS,COMMERCE_ORDERS,DQ-COMPLETE,Partition row coverage,Completeness,Critical,1.0,0.9,>=,PASS,0,Analytics Engineering
2026-06-05,RUN-20260605-COMMERCE_ORDERS,COMMERCE_ORDERS,DQ-VALID,Required type validity,Validity,High,0.0,0.0,<=,PASS,0,Analytics Engineering
2026-06-05,RUN-20260605-COMMERCE_ORDERS,COMMERCE_ORDERS,DQ-TAXONOMY,Unknown taxonomy rate,Consistency,High,0.0,0.01,<=,PASS,0,Analytics Engineering
2026-06-05,RUN-20260605-COMMERCE_ORDERS,COMMERCE_ORDERS,DQ-FRESH,Freshness lag,Timeliness,High,71.0,240.0,<=,PASS,0,Analytics Engineering
2026-06-05,RUN-20260605-COMMERCE_ORDERS,COMMERCE_ORDERS,DQ-RECON,Raw-to-dashboard variance,Reconciliation,Critical,0.001068,0.005,<=,PASS,0,Analytics Engineering
2026-06-05,RUN-20260605-CAMPAIGN_SPEND,CAMPAIGN_SPEND,DQ-UNIQUE,Business key uniqueness,Uniqueness,Critical,0.0,0.0,<=,PASS,0,Marketing Operations
2026-06-05,RUN-20260605-CAMPAIGN_SPEND,CAMPAIGN_SPEND,DQ-COMPLETE,Partition row coverage,Completeness,Critical,1.0,0.9,>=,PASS,0,Marketing Operations
2026-06-05,RUN-20260605-CAMPAIGN_SPEND,CAMPAIGN_SPEND,DQ-VALID,Required type validity,Validity,High,0.0,0.0,<=,PASS,0,Marketing Operations
2026-06-05,RUN-20260605-CAMPAIGN_SPEND,CAMPAIGN_SPEND,DQ-TAXONOMY,Unknown taxonomy rate,Consistency,High,0.0,0.01,<=,PASS,0,Marketing Operations
2026-06-05,RUN-20260605-CAMPAIGN_SPEND,CAMPAIGN_SPEND,DQ-FRESH,Freshness lag,Timeliness,High,155.0,240.0,<=,PASS,0,Marketing Operations
2026-06-05,RUN-20260605-CAMPAIGN_SPEND,CAMPAIGN_SPEND,DQ-RECON,Raw-to-dashboard variance,Reconciliation,Critical,0.00205,0.005,<=,PASS,0,Marketing Operations
2026-06-06,RUN-20260606-WEB_EVENTS,WEB_EVENTS,DQ-UNIQUE,Business key uniqueness,Uniqueness,Critical,0.0,0.0,<=,PASS,0,Web Analytics
2026-06-06,RUN-20260606-WEB_EVENTS,WEB_EVENTS,DQ-COMPLETE,Partition row coverage,Completeness,Critical,1.0,0.9,>=,PASS,0,Web Analytics
2026-06-06,RUN-20260606-WEB_EVENTS,WEB_EVENTS,DQ-VALID,Required type validity,Validity,High,0.0,0.0,<=,PASS,0,Web Analytics
2026-06-06,RUN-20260606-WEB_EVENTS,WEB_EVENTS,DQ-TAXONOMY,Unknown taxonomy rate,Consistency,High,0.0,0.01,<=,PASS,0,Web Analytics
2026-06-06,RUN-20260606-WEB_EVENTS,WEB_EVENTS,DQ-FRESH,Freshness lag,Timeliness,High,65.0,240.0,<=,PASS,0,Web Analytics
2026-06-06,RUN-20260606-WEB_EVENTS,WEB_EVENTS,DQ-RECON,Raw-to-dashboard variance,Reconciliation,Critical,0.001828,0.005,<=,PASS,0,Web Analytics
2026-06-06,RUN-20260606-CRM_LEADS,CRM_LEADS,DQ-UNIQUE,Business key uniqueness,Uniqueness,Critical,0.0,0.0,<=,PASS,0,Revenue Analytics
2026-06-06,RUN-20260606-CRM_LEADS,CRM_LEADS,DQ-COMPLETE,Partition row coverage,Completeness,Critical,1.0,0.9,>=,PASS,0,Revenue Analytics
2026-06-06,RUN-20260606-CRM_LEADS,CRM_LEADS,DQ-VALID,Required type validity,Validity,High,0.0,0.0,<=,PASS,0,Revenue Analytics
2026-06-06,RUN-20260606-CRM_LEADS,CRM_LEADS,DQ-TAXONOMY,Unknown taxonomy rate,Consistency,High,0.0,0.01,<=,PASS,0,Revenue Analytics
2026-06-06,RUN-20260606-CRM_LEADS,CRM_LEADS,DQ-FRESH,Freshness lag,Timeliness,High,177.0,240.0,<=,PASS,0,Revenue Analytics
2026-06-06,RUN-20260606-CRM_LEADS,CRM_LEADS,DQ-RECON,Raw-to-dashboard variance,Reconciliation,Critical,0.003111,0.005,<=,PASS,0,Revenue Analytics
2026-06-06,RUN-20260606-COMMERCE_ORDERS,COMMERCE_ORDERS,DQ-UNIQUE,Business key uniqueness,Uniqueness,Critical,0.0,0.0,<=,PASS,0,Analytics Engineering
2026-06-06,RUN-20260606-COMMERCE_ORDERS,COMMERCE_ORDERS,DQ-COMPLETE,Partition row coverage,Completeness,Critical,1.0,0.9,>=,PASS,0,Analytics Engineering
2026-06-06,RUN-20260606-COMMERCE_ORDERS,COMMERCE_ORDERS,DQ-VALID,Required type validity,Validity,High,0.0,0.0,<=,PASS,0,Analytics Engineering
2026-06-06,RUN-20260606-COMMERCE_ORDERS,COMMERCE_ORDERS,DQ-TAXONOMY,Unknown taxonomy rate,Consistency,High,0.0,0.01,<=,PASS,0,Analytics Engineering
2026-06-06,RUN-20260606-COMMERCE_ORDERS,COMMERCE_ORDERS,DQ-FRESH,Freshness lag,Timeliness,High,84.0,240.0,<=,PASS,0,Analytics Engineering
2026-06-06,RUN-20260606-COMMERCE_ORDERS,COMMERCE_ORDERS,DQ-RECON,Raw-to-dashboard variance,Reconciliation,Critical,0.002425,0.005,<=,PASS,0,Analytics Engineering
2026-06-06,RUN-20260606-CAMPAIGN_SPEND,CAMPAIGN_SPEND,DQ-UNIQUE,Business key uniqueness,Uniqueness,Critical,0.0,0.0,<=,PASS,0,Marketing Operations
2026-06-06,RUN-20260606-CAMPAIGN_SPEND,CAMPAIGN_SPEND,DQ-COMPLETE,Partition row coverage,Completeness,Critical,1.0,0.9,>=,PASS,0,Marketing Operations
2026-06-06,RUN-20260606-CAMPAIGN_SPEND,CAMPAIGN_SPEND,DQ-VALID,Required type validity,Validity,High,0.0,0.0,<=,PASS,0,Marketing Operations
2026-06-06,RUN-20260606-CAMPAIGN_SPEND,CAMPAIGN_SPEND,DQ-TAXONOMY,Unknown taxonomy rate,Consistency,High,0.0,0.01,<=,PASS,0,Marketing Operations
2026-06-06,RUN-20260606-CAMPAIGN_SPEND,CAMPAIGN_SPEND,DQ-FRESH,Freshness lag,Timeliness,High,174.0,240.0,<=,PASS,0,Marketing Operations
2026-06-06,RUN-20260606-CAMPAIGN_SPEND,CAMPAIGN_SPEND,DQ-RECON,Raw-to-dashboard variance,Reconciliation,Critical,0.001011,0.005,<=,PASS,0,Marketing Operations
2026-06-07,RUN-20260607-WEB_EVENTS,WEB_EVENTS,DQ-UNIQUE,Business key uniqueness,Uniqueness,Critical,0.0,0.0,<=,PASS,0,Web Analytics
2026-06-07,RUN-20260607-WEB_EVENTS,WEB_EVENTS,DQ-COMPLETE,Partition row coverage,Completeness,Critical,1.0,0.9,>=,PASS,0,Web Analytics
2026-06-07,RUN-20260607-WEB_EVENTS,WEB_EVENTS,DQ-VALID,Required type validity,Validity,High,0.0,0.0,<=,PASS,0,Web Analytics
2026-06-07,RUN-20260607-WEB_EVENTS,WEB_EVENTS,DQ-TAXONOMY,Unknown taxonomy rate,Consistency,High,0.0,0.01,<=,PASS,0,Web Analytics
2026-06-07,RUN-20260607-WEB_EVENTS,WEB_EVENTS,DQ-FRESH,Freshness lag,Timeliness,High,62.0,240.0,<=,PASS,0,Web Analytics
2026-06-07,RUN-20260607-WEB_EVENTS,WEB_EVENTS,DQ-RECON,Raw-to-dashboard variance,Reconciliation,Critical,0.001654,0.005,<=,PASS,0,Web Analytics
2026-06-07,RUN-20260607-CRM_LEADS,CRM_LEADS,DQ-UNIQUE,Business key uniqueness,Uniqueness,Critical,0.0,0.0,<=,PASS,0,Revenue Analytics
2026-06-07,RUN-20260607-CRM_LEADS,CRM_LEADS,DQ-COMPLETE,Partition row coverage,Completeness,Critical,1.0,0.9,>=,PASS,0,Revenue Analytics
2026-06-07,RUN-20260607-CRM_LEADS,CRM_LEADS,DQ-VALID,Required type validity,Validity,High,0.0,0.0,<=,PASS,0,Revenue Analytics
2026-06-07,RUN-20260607-CRM_LEADS,CRM_LEADS,DQ-TAXONOMY,Unknown taxonomy rate,Consistency,High,0.0,0.01,<=,PASS,0,Revenue Analytics
2026-06-07,RUN-20260607-CRM_LEADS,CRM_LEADS,DQ-FRESH,Freshness lag,Timeliness,High,95.0,240.0,<=,PASS,0,Revenue Analytics
2026-06-07,RUN-20260607-CRM_LEADS,CRM_LEADS,DQ-RECON,Raw-to-dashboard variance,Reconciliation,Critical,0.002351,0.005,<=,PASS,0,Revenue Analytics
2026-06-07,RUN-20260607-COMMERCE_ORDERS,COMMERCE_ORDERS,DQ-UNIQUE,Business key uniqueness,Uniqueness,Critical,0.0,0.0,<=,PASS,0,Analytics Engineering
2026-06-07,RUN-20260607-COMMERCE_ORDERS,COMMERCE_ORDERS,DQ-COMPLETE,Partition row coverage,Completeness,Critical,1.0,0.9,>=,PASS,0,Analytics Engineering
2026-06-07,RUN-20260607-COMMERCE_ORDERS,COMMERCE_ORDERS,DQ-VALID,Required type validity,Validity,High,0.0,0.0,<=,PASS,0,Analytics Engineering
2026-06-07,RUN-20260607-COMMERCE_ORDERS,COMMERCE_ORDERS,DQ-TAXONOMY,Unknown taxonomy rate,Consistency,High,0.0,0.01,<=,PASS,0,Analytics Engineering
2026-06-07,RUN-20260607-COMMERCE_ORDERS,COMMERCE_ORDERS,DQ-FRESH,Freshness lag,Timeliness,High,108.0,240.0,<=,PASS,0,Analytics Engineering
2026-06-07,RUN-20260607-COMMERCE_ORDERS,COMMERCE_ORDERS,DQ-RECON,Raw-to-dashboard variance,Reconciliation,Critical,0.001173,0.005,<=,PASS,0,Analytics Engineering
2026-06-07,RUN-20260607-CAMPAIGN_SPEND,CAMPAIGN_SPEND,DQ-UNIQUE,Business key uniqueness,Uniqueness,Critical,0.0,0.0,<=,PASS,0,Marketing Operations
2026-06-07,RUN-20260607-CAMPAIGN_SPEND,CAMPAIGN_SPEND,DQ-COMPLETE,Partition row coverage,Completeness,Critical,1.0,0.9,>=,PASS,0,Marketing Operations
2026-06-07,RUN-20260607-CAMPAIGN_SPEND,CAMPAIGN_SPEND,DQ-VALID,Required type validity,Validity,High,0.0,0.0,<=,PASS,0,Marketing Operations
2026-06-07,RUN-20260607-CAMPAIGN_SPEND,CAMPAIGN_SPEND,DQ-TAXONOMY,Unknown taxonomy rate,Consistency,High,0.0,0.01,<=,PASS,0,Marketing Operations
2026-06-07,RUN-20260607-CAMPAIGN_SPEND,CAMPAIGN_SPEND,DQ-FRESH,Freshness lag,Timeliness,High,56.0,240.0,<=,PASS,0,Marketing Operations
2026-06-07,RUN-20260607-CAMPAIGN_SPEND,CAMPAIGN_SPEND,DQ-RECON,Raw-to-dashboard variance,Reconciliation,Critical,0.001009,0.005,<=,PASS,0,Marketing Operations
2026-06-08,RUN-20260608-WEB_EVENTS,WEB_EVENTS,DQ-UNIQUE,Business key uniqueness,Uniqueness,Critical,0.0,0.0,<=,PASS,0,Web Analytics
2026-06-08,RUN-20260608-WEB_EVENTS,WEB_EVENTS,DQ-COMPLETE,Partition row coverage,Completeness,Critical,1.0,0.9,>=,PASS,0,Web Analytics
2026-06-08,RUN-20260608-WEB_EVENTS,WEB_EVENTS,DQ-VALID,Required type validity,Validity,High,0.0,0.0,<=,PASS,0,Web Analytics
2026-06-08,RUN-20260608-WEB_EVENTS,WEB_EVENTS,DQ-TAXONOMY,Unknown taxonomy rate,Consistency,High,0.0,0.01,<=,PASS,0,Web Analytics
2026-06-08,RUN-20260608-WEB_EVENTS,WEB_EVENTS,DQ-FRESH,Freshness lag,Timeliness,High,124.0,240.0,<=,PASS,0,Web Analytics
2026-06-08,RUN-20260608-WEB_EVENTS,WEB_EVENTS,DQ-RECON,Raw-to-dashboard variance,Reconciliation,Critical,0.001976,0.005,<=,PASS,0,Web Analytics
2026-06-08,RUN-20260608-CRM_LEADS,CRM_LEADS,DQ-UNIQUE,Business key uniqueness,Uniqueness,Critical,0.0,0.0,<=,PASS,0,Revenue Analytics
2026-06-08,RUN-20260608-CRM_LEADS,CRM_LEADS,DQ-COMPLETE,Partition row coverage,Completeness,Critical,1.0,0.9,>=,PASS,0,Revenue Analytics
2026-06-08,RUN-20260608-CRM_LEADS,CRM_LEADS,DQ-VALID,Required type validity,Validity,High,0.0,0.0,<=,PASS,0,Revenue Analytics
2026-06-08,RUN-20260608-CRM_LEADS,CRM_LEADS,DQ-TAXONOMY,Unknown taxonomy rate,Consistency,High,0.0,0.01,<=,PASS,0,Revenue Analytics
2026-06-08,RUN-20260608-CRM_LEADS,CRM_LEADS,DQ-FRESH,Freshness lag,Timeliness,High,160.0,240.0,<=,PASS,0,Revenue Analytics
2026-06-08,RUN-20260608-CRM_LEADS,CRM_LEADS,DQ-RECON,Raw-to-dashboard variance,Reconciliation,Critical,0.001199,0.005,<=,PASS,0,Revenue Analytics
2026-06-08,RUN-20260608-COMMERCE_ORDERS,COMMERCE_ORDERS,DQ-UNIQUE,Business key uniqueness,Uniqueness,Critical,0.0,0.0,<=,PASS,0,Analytics Engineering
2026-06-08,RUN-20260608-COMMERCE_ORDERS,COMMERCE_ORDERS,DQ-COMPLETE,Partition row coverage,Completeness,Critical,1.0,0.9,>=,PASS,0,Analytics Engineering
2026-06-08,RUN-20260608-COMMERCE_ORDERS,COMMERCE_ORDERS,DQ-VALID,Required type validity,Validity,High,0.0,0.0,<=,PASS,0,Analytics Engineering
2026-06-08,RUN-20260608-COMMERCE_ORDERS,COMMERCE_ORDERS,DQ-TAXONOMY,Unknown taxonomy rate,Consistency,High,0.0,0.01,<=,PASS,0,Analytics Engineering
2026-06-08,RUN-20260608-COMMERCE_ORDERS,COMMERCE_ORDERS,DQ-FRESH,Freshness lag,Timeliness,High,134.0,240.0,<=,PASS,0,Analytics Engineering
2026-06-08,RUN-20260608-COMMERCE_ORDERS,COMMERCE_ORDERS,DQ-RECON,Raw-to-dashboard variance,Reconciliation,Critical,0.000735,0.005,<=,PASS,0,Analytics Engineering
2026-06-08,RUN-20260608-CAMPAIGN_SPEND,CAMPAIGN_SPEND,DQ-UNIQUE,Business key uniqueness,Uniqueness,Critical,0.0,0.0,<=,PASS,0,Marketing Operations
2026-06-08,RUN-20260608-CAMPAIGN_SPEND,CAMPAIGN_SPEND,DQ-COMPLETE,Partition row coverage,Completeness,Critical,1.0,0.9,>=,PASS,0,Marketing Operations
2026-06-08,RUN-20260608-CAMPAIGN_SPEND,CAMPAIGN_SPEND,DQ-VALID,Required type validity,Validity,High,0.0,0.0,<=,PASS,0,Marketing Operations
2026-06-08,RUN-20260608-CAMPAIGN_SPEND,CAMPAIGN_SPEND,DQ-TAXONOMY,Unknown taxonomy rate,Consistency,High,0.0,0.01,<=,PASS,0,Marketing Operations
2026-06-08,RUN-20260608-CAMPAIGN_SPEND,CAMPAIGN_SPEND,DQ-FRESH,Freshness lag,Timeliness,High,83.0,240.0,<=,PASS,0,Marketing Operations
2026-06-08,RUN-20260608-CAMPAIGN_SPEND,CAMPAIGN_SPEND,DQ-RECON,Raw-to-dashboard variance,Reconciliation,Critical,0.002982,0.005,<=,PASS,0,Marketing Operations
2026-06-09,RUN-20260609-WEB_EVENTS,WEB_EVENTS,DQ-UNIQUE,Business key uniqueness,Uniqueness,Critical,0.0,0.0,<=,PASS,0,Web Analytics
2026-06-09,RUN-20260609-WEB_EVENTS,WEB_EVENTS,DQ-COMPLETE,Partition row coverage,Completeness,Critical,1.0,0.9,>=,PASS,0,Web Analytics
2026-06-09,RUN-20260609-WEB_EVENTS,WEB_EVENTS,DQ-VALID,Required type validity,Validity,High,0.0,0.0,<=,PASS,0,Web Analytics
2026-06-09,RUN-20260609-WEB_EVENTS,WEB_EVENTS,DQ-TAXONOMY,Unknown taxonomy rate,Consistency,High,0.0,0.01,<=,PASS,0,Web Analytics
2026-06-09,RUN-20260609-WEB_EVENTS,WEB_EVENTS,DQ-FRESH,Freshness lag,Timeliness,High,146.0,240.0,<=,PASS,0,Web Analytics
2026-06-09,RUN-20260609-WEB_EVENTS,WEB_EVENTS,DQ-RECON,Raw-to-dashboard variance,Reconciliation,Critical,0.001052,0.005,<=,PASS,0,Web Analytics
2026-06-09,RUN-20260609-CRM_LEADS,CRM_LEADS,DQ-UNIQUE,Business key uniqueness,Uniqueness,Critical,0.0,0.0,<=,PASS,0,Revenue Analytics
2026-06-09,RUN-20260609-CRM_LEADS,CRM_LEADS,DQ-COMPLETE,Partition row coverage,Completeness,Critical,1.0,0.9,>=,PASS,0,Revenue Analytics
2026-06-09,RUN-20260609-CRM_LEADS,CRM_LEADS,DQ-VALID,Required type validity,Validity,High,0.0,0.0,<=,PASS,0,Revenue Analytics
2026-06-09,RUN-20260609-CRM_LEADS,CRM_LEADS,DQ-TAXONOMY,Unknown taxonomy rate,Consistency,High,0.0,0.01,<=,PASS,0,Revenue Analytics
2026-06-09,RUN-20260609-CRM_LEADS,CRM_LEADS,DQ-FRESH,Freshness lag,Timeliness,High,95.0,240.0,<=,PASS,0,Revenue Analytics
2026-06-09,RUN-20260609-CRM_LEADS,CRM_LEADS,DQ-RECON,Raw-to-dashboard variance,Reconciliation,Critical,0.001561,0.005,<=,PASS,0,Revenue Analytics
2026-06-09,RUN-20260609-COMMERCE_ORDERS,COMMERCE_ORDERS,DQ-UNIQUE,Business key uniqueness,Uniqueness,Critical,0.0,0.0,<=,PASS,0,Analytics Engineering
2026-06-09,RUN-20260609-COMMERCE_ORDERS,COMMERCE_ORDERS,DQ-COMPLETE,Partition row coverage,Completeness,Critical,1.0,0.9,>=,PASS,0,Analytics Engineering
2026-06-09,RUN-20260609-COMMERCE_ORDERS,COMMERCE_ORDERS,DQ-VALID,Required type validity,Validity,High,0.0,0.0,<=,PASS,0,Analytics Engineering
2026-06-09,RUN-20260609-COMMERCE_ORDERS,COMMERCE_ORDERS,DQ-TAXONOMY,Unknown taxonomy rate,Consistency,High,0.0,0.01,<=,PASS,0,Analytics Engineering
2026-06-09,RUN-20260609-COMMERCE_ORDERS,COMMERCE_ORDERS,DQ-FRESH,Freshness lag,Timeliness,High,162.0,240.0,<=,PASS,0,Analytics Engineering
2026-06-09,RUN-20260609-COMMERCE_ORDERS,COMMERCE_ORDERS,DQ-RECON,Raw-to-dashboard variance,Reconciliation,Critical,0.001432,0.005,<=,PASS,0,Analytics Engineering
2026-06-09,RUN-20260609-CAMPAIGN_SPEND,CAMPAIGN_SPEND,DQ-UNIQUE,Business key uniqueness,Uniqueness,Critical,0.0,0.0,<=,PASS,0,Marketing Operations
2026-06-09,RUN-20260609-CAMPAIGN_SPEND,CAMPAIGN_SPEND,DQ-COMPLETE,Partition row coverage,Completeness,Critical,1.0,0.9,>=,PASS,0,Marketing Operations
2026-06-09,RUN-20260609-CAMPAIGN_SPEND,CAMPAIGN_SPEND,DQ-VALID,Required type validity,Validity,High,0.0,0.0,<=,PASS,0,Marketing Operations
2026-06-09,RUN-20260609-CAMPAIGN_SPEND,CAMPAIGN_SPEND,DQ-TAXONOMY,Unknown taxonomy rate,Consistency,High,0.0,0.01,<=,PASS,0,Marketing Operations
2026-06-09,RUN-20260609-CAMPAIGN_SPEND,CAMPAIGN_SPEND,DQ-FRESH,Freshness lag,Timeliness,High,140.0,240.0,<=,PASS,0,Marketing Operations
2026-06-09,RUN-20260609-CAMPAIGN_SPEND,CAMPAIGN_SPEND,DQ-RECON,Raw-to-dashboard variance,Reconciliation,Critical,0.000773,0.005,<=,PASS,0,Marketing Operations
2026-06-10,RUN-20260610-WEB_EVENTS,WEB_EVENTS,DQ-UNIQUE,Business key uniqueness,Uniqueness,Critical,0.0,0.0,<=,PASS,0,Web Analytics
2026-06-10,RUN-20260610-WEB_EVENTS,WEB_EVENTS,DQ-COMPLETE,Partition row coverage,Completeness,Critical,1.0,0.9,>=,PASS,0,Web Analytics
2026-06-10,RUN-20260610-WEB_EVENTS,WEB_EVENTS,DQ-VALID,Required type validity,Validity,High,0.0,0.0,<=,PASS,0,Web Analytics
2026-06-10,RUN-20260610-WEB_EVENTS,WEB_EVENTS,DQ-TAXONOMY,Unknown taxonomy rate,Consistency,High,0.0,0.01,<=,PASS,0,Web Analytics
2026-06-10,RUN-20260610-WEB_EVENTS,WEB_EVENTS,DQ-FRESH,Freshness lag,Timeliness,High,172.0,240.0,<=,PASS,0,Web Analytics
2026-06-10,RUN-20260610-WEB_EVENTS,WEB_EVENTS,DQ-RECON,Raw-to-dashboard variance,Reconciliation,Critical,0.001526,0.005,<=,PASS,0,Web Analytics
2026-06-10,RUN-20260610-CRM_LEADS,CRM_LEADS,DQ-UNIQUE,Business key uniqueness,Uniqueness,Critical,0.0,0.0,<=,PASS,0,Revenue Analytics
2026-06-10,RUN-20260610-CRM_LEADS,CRM_LEADS,DQ-COMPLETE,Partition row coverage,Completeness,Critical,1.0,0.9,>=,PASS,0,Revenue Analytics
2026-06-10,RUN-20260610-CRM_LEADS,CRM_LEADS,DQ-VALID,Required type validity,Validity,High,0.0,0.0,<=,PASS,0,Revenue Analytics
2026-06-10,RUN-20260610-CRM_LEADS,CRM_LEADS,DQ-TAXONOMY,Unknown taxonomy rate,Consistency,High,0.0,0.01,<=,PASS,0,Revenue Analytics
2026-06-10,RUN-20260610-CRM_LEADS,CRM_LEADS,DQ-FRESH,Freshness lag,Timeliness,High,117.0,240.0,<=,PASS,0,Revenue Analytics
2026-06-10,RUN-20260610-CRM_LEADS,CRM_LEADS,DQ-RECON,Raw-to-dashboard variance,Reconciliation,Critical,0.001772,0.005,<=,PASS,0,Revenue Analytics
2026-06-10,RUN-20260610-COMMERCE_ORDERS,COMMERCE_ORDERS,DQ-UNIQUE,Business key uniqueness,Uniqueness,Critical,0.0,0.0,<=,PASS,0,Analytics Engineering
2026-06-10,RUN-20260610-COMMERCE_ORDERS,COMMERCE_ORDERS,DQ-COMPLETE,Partition row coverage,Completeness,Critical,1.0,0.9,>=,PASS,0,Analytics Engineering
2026-06-10,RUN-20260610-COMMERCE_ORDERS,COMMERCE_ORDERS,DQ-VALID,Required type validity,Validity,High,0.0,0.0,<=,PASS,0,Analytics Engineering
2026-06-10,RUN-20260610-COMMERCE_ORDERS,COMMERCE_ORDERS,DQ-TAXONOMY,Unknown taxonomy rate,Consistency,High,0.0,0.01,<=,PASS,0,Analytics Engineering
2026-06-10,RUN-20260610-COMMERCE_ORDERS,COMMERCE_ORDERS,DQ-FRESH,Freshness lag,Timeliness,High,74.0,240.0,<=,PASS,0,Analytics Engineering
2026-06-10,RUN-20260610-COMMERCE_ORDERS,COMMERCE_ORDERS,DQ-RECON,Raw-to-dashboard variance,Reconciliation,Critical,0.000816,0.005,<=,PASS,0,Analytics Engineering
2026-06-10,RUN-20260610-CAMPAIGN_SPEND,CAMPAIGN_SPEND,DQ-UNIQUE,Business key uniqueness,Uniqueness,Critical,0.0,0.0,<=,PASS,0,Marketing Operations
2026-06-10,RUN-20260610-CAMPAIGN_SPEND,CAMPAIGN_SPEND,DQ-COMPLETE,Partition row coverage,Completeness,Critical,1.0,0.9,>=,PASS,0,Marketing Operations
2026-06-10,RUN-20260610-CAMPAIGN_SPEND,CAMPAIGN_SPEND,DQ-VALID,Required type validity,Validity,High,0.0,0.0,<=,PASS,0,Marketing Operations
2026-06-10,RUN-20260610-CAMPAIGN_SPEND,CAMPAIGN_SPEND,DQ-TAXONOMY,Unknown taxonomy rate,Consistency,High,0.0,0.01,<=,PASS,0,Marketing Operations
2026-06-10,RUN-20260610-CAMPAIGN_SPEND,CAMPAIGN_SPEND,DQ-FRESH,Freshness lag,Timeliness,High,144.0,240.0,<=,PASS,0,Marketing Operations
2026-06-10,RUN-20260610-CAMPAIGN_SPEND,CAMPAIGN_SPEND,DQ-RECON,Raw-to-dashboard variance,Reconciliation,Critical,0.002861,0.005,<=,PASS,0,Marketing Operations
2026-06-11,RUN-20260611-WEB_EVENTS,WEB_EVENTS,DQ-UNIQUE,Business key uniqueness,Uniqueness,Critical,0.0,0.0,<=,PASS,0,Web Analytics
2026-06-11,RUN-20260611-WEB_EVENTS,WEB_EVENTS,DQ-COMPLETE,Partition row coverage,Completeness,Critical,1.0,0.9,>=,PASS,0,Web Analytics
2026-06-11,RUN-20260611-WEB_EVENTS,WEB_EVENTS,DQ-VALID,Required type validity,Validity,High,0.0,0.0,<=,PASS,0,Web Analytics
2026-06-11,RUN-20260611-WEB_EVENTS,WEB_EVENTS,DQ-TAXONOMY,Unknown taxonomy rate,Consistency,High,0.0,0.01,<=,PASS,0,Web Analytics
2026-06-11,RUN-20260611-WEB_EVENTS,WEB_EVENTS,DQ-FRESH,Freshness lag,Timeliness,High,85.0,240.0,<=,PASS,0,Web Analytics
2026-06-11,RUN-20260611-WEB_EVENTS,WEB_EVENTS,DQ-RECON,Raw-to-dashboard variance,Reconciliation,Critical,0.001618,0.005,<=,PASS,0,Web Analytics
2026-06-11,RUN-20260611-CRM_LEADS,CRM_LEADS,DQ-UNIQUE,Business key uniqueness,Uniqueness,Critical,0.0,0.0,<=,PASS,0,Revenue Analytics
2026-06-11,RUN-20260611-CRM_LEADS,CRM_LEADS,DQ-COMPLETE,Partition row coverage,Completeness,Critical,1.0,0.9,>=,PASS,0,Revenue Analytics
2026-06-11,RUN-20260611-CRM_LEADS,CRM_LEADS,DQ-VALID,Required type validity,Validity,High,0.0,0.0,<=,PASS,0,Revenue Analytics
2026-06-11,RUN-20260611-CRM_LEADS,CRM_LEADS,DQ-TAXONOMY,Unknown taxonomy rate,Consistency,High,0.0,0.01,<=,PASS,0,Revenue Analytics
2026-06-11,RUN-20260611-CRM_LEADS,CRM_LEADS,DQ-FRESH,Freshness lag,Timeliness,High,114.0,240.0,<=,PASS,0,Revenue Analytics
2026-06-11,RUN-20260611-CRM_LEADS,CRM_LEADS,DQ-RECON,Raw-to-dashboard variance,Reconciliation,Critical,0.001664,0.005,<=,PASS,0,Revenue Analytics
2026-06-11,RUN-20260611-COMMERCE_ORDERS,COMMERCE_ORDERS,DQ-UNIQUE,Business key uniqueness,Uniqueness,Critical,0.0,0.0,<=,PASS,0,Analytics Engineering
2026-06-11,RUN-20260611-COMMERCE_ORDERS,COMMERCE_ORDERS,DQ-COMPLETE,Partition row coverage,Completeness,Critical,1.0,0.9,>=,PASS,0,Analytics Engineering
2026-06-11,RUN-20260611-COMMERCE_ORDERS,COMMERCE_ORDERS,DQ-VALID,Required type validity,Validity,High,0.0,0.0,<=,PASS,0,Analytics Engineering
2026-06-11,RUN-20260611-COMMERCE_ORDERS,COMMERCE_ORDERS,DQ-TAXONOMY,Unknown taxonomy rate,Consistency,High,0.0,0.01,<=,PASS,0,Analytics Engineering
2026-06-11,RUN-20260611-COMMERCE_ORDERS,COMMERCE_ORDERS,DQ-FRESH,Freshness lag,Timeliness,High,155.0,240.0,<=,PASS,0,Analytics Engineering
2026-06-11,RUN-20260611-COMMERCE_ORDERS,COMMERCE_ORDERS,DQ-RECON,Raw-to-dashboard variance,Reconciliation,Critical,0.00073,0.005,<=,PASS,0,Analytics Engineering
2026-06-11,RUN-20260611-CAMPAIGN_SPEND,CAMPAIGN_SPEND,DQ-UNIQUE,Business key uniqueness,Uniqueness,Critical,0.0,0.0,<=,PASS,0,Marketing Operations
2026-06-11,RUN-20260611-CAMPAIGN_SPEND,CAMPAIGN_SPEND,DQ-COMPLETE,Partition row coverage,Completeness,Critical,1.0,0.9,>=,PASS,0,Marketing Operations
2026-06-11,RUN-20260611-CAMPAIGN_SPEND,CAMPAIGN_SPEND,DQ-VALID,Required type validity,Validity,High,0.0,0.0,<=,PASS,0,Marketing Operations
2026-06-11,RUN-20260611-CAMPAIGN_SPEND,CAMPAIGN_SPEND,DQ-TAXONOMY,Unknown taxonomy rate,Consistency,High,0.0,0.01,<=,PASS,0,Marketing Operations
2026-06-11,RUN-20260611-CAMPAIGN_SPEND,CAMPAIGN_SPEND,DQ-FRESH,Freshness lag,Timeliness,High,55.0,240.0,<=,PASS,0,Marketing Operations
2026-06-11,RUN-20260611-CAMPAIGN_SPEND,CAMPAIGN_SPEND,DQ-RECON,Raw-to-dashboard variance,Reconciliation,Critical,0.000681,0.005,<=,PASS,0,Marketing Operations
2026-06-12,RUN-20260612-WEB_EVENTS,WEB_EVENTS,DQ-UNIQUE,Business key uniqueness,Uniqueness,Critical,0.0,0.0,<=,PASS,0,Web Analytics
2026-06-12,RUN-20260612-WEB_EVENTS,WEB_EVENTS,DQ-COMPLETE,Partition row coverage,Completeness,Critical,1.0,0.9,>=,PASS,0,Web Analytics
2026-06-12,RUN-20260612-WEB_EVENTS,WEB_EVENTS,DQ-VALID,Required type validity,Validity,High,0.0,0.0,<=,PASS,0,Web Analytics
2026-06-12,RUN-20260612-WEB_EVENTS,WEB_EVENTS,DQ-TAXONOMY,Unknown taxonomy rate,Consistency,High,0.0,0.01,<=,PASS,0,Web Analytics
2026-06-12,RUN-20260612-WEB_EVENTS,WEB_EVENTS,DQ-FRESH,Freshness lag,Timeliness,High,169.0,240.0,<=,PASS,0,Web Analytics
2026-06-12,RUN-20260612-WEB_EVENTS,WEB_EVENTS,DQ-RECON,Raw-to-dashboard variance,Reconciliation,Critical,0.000725,0.005,<=,PASS,0,Web Analytics
2026-06-12,RUN-20260612-CRM_LEADS,CRM_LEADS,DQ-UNIQUE,Business key uniqueness,Uniqueness,Critical,0.0,0.0,<=,PASS,0,Revenue Analytics
2026-06-12,RUN-20260612-CRM_LEADS,CRM_LEADS,DQ-COMPLETE,Partition row coverage,Completeness,Critical,1.0,0.9,>=,PASS,0,Revenue Analytics
2026-06-12,RUN-20260612-CRM_LEADS,CRM_LEADS,DQ-VALID,Required type validity,Validity,High,0.0,0.0,<=,PASS,0,Revenue Analytics
2026-06-12,RUN-20260612-CRM_LEADS,CRM_LEADS,DQ-TAXONOMY,Unknown taxonomy rate,Consistency,High,0.0,0.01,<=,PASS,0,Revenue Analytics
2026-06-12,RUN-20260612-CRM_LEADS,CRM_LEADS,DQ-FRESH,Freshness lag,Timeliness,High,82.0,240.0,<=,PASS,0,Revenue Analytics
2026-06-12,RUN-20260612-CRM_LEADS,CRM_LEADS,DQ-RECON,Raw-to-dashboard variance,Reconciliation,Critical,0.001614,0.005,<=,PASS,0,Revenue Analytics
2026-06-12,RUN-20260612-COMMERCE_ORDERS,COMMERCE_ORDERS,DQ-UNIQUE,Business key uniqueness,Uniqueness,Critical,0.0,0.0,<=,PASS,0,Analytics Engineering
2026-06-12,RUN-20260612-COMMERCE_ORDERS,COMMERCE_ORDERS,DQ-COMPLETE,Partition row coverage,Completeness,Critical,1.0,0.9,>=,PASS,0,Analytics Engineering
2026-06-12,RUN-20260612-COMMERCE_ORDERS,COMMERCE_ORDERS,DQ-VALID,Required type validity,Validity,High,0.0,0.0,<=,PASS,0,Analytics Engineering
2026-06-12,RUN-20260612-COMMERCE_ORDERS,COMMERCE_ORDERS,DQ-TAXONOMY,Unknown taxonomy rate,Consistency,High,0.0,0.01,<=,PASS,0,Analytics Engineering
2026-06-12,RUN-20260612-COMMERCE_ORDERS,COMMERCE_ORDERS,DQ-FRESH,Freshness lag,Timeliness,High,120.0,240.0,<=,PASS,0,Analytics Engineering
2026-06-12,RUN-20260612-COMMERCE_ORDERS,COMMERCE_ORDERS,DQ-RECON,Raw-to-dashboard variance,Reconciliation,Critical,0.00277,0.005,<=,PASS,0,Analytics Engineering
2026-06-12,RUN-20260612-CAMPAIGN_SPEND,CAMPAIGN_SPEND,DQ-UNIQUE,Business key uniqueness,Uniqueness,Critical,0.0,0.0,<=,PASS,0,Marketing Operations
2026-06-12,RUN-20260612-CAMPAIGN_SPEND,CAMPAIGN_SPEND,DQ-COMPLETE,Partition row coverage,Completeness,Critical,1.0,0.9,>=,PASS,0,Marketing Operations
2026-06-12,RUN-20260612-CAMPAIGN_SPEND,CAMPAIGN_SPEND,DQ-VALID,Required type validity,Validity,High,0.0,0.0,<=,PASS,0,Marketing Operations
2026-06-12,RUN-20260612-CAMPAIGN_SPEND,CAMPAIGN_SPEND,DQ-TAXONOMY,Unknown taxonomy rate,Consistency,High,0.0,0.01,<=,PASS,0,Marketing Operations
2026-06-12,RUN-20260612-CAMPAIGN_SPEND,CAMPAIGN_SPEND,DQ-FRESH,Freshness lag,Timeliness,High,172.0,240.0,<=,PASS,0,Marketing Operations
2026-06-12,RUN-20260612-CAMPAIGN_SPEND,CAMPAIGN_SPEND,DQ-RECON,Raw-to-dashboard variance,Reconciliation,Critical,0.002353,0.005,<=,PASS,0,Marketing Operations
2026-06-13,RUN-20260613-WEB_EVENTS,WEB_EVENTS,DQ-UNIQUE,Business key uniqueness,Uniqueness,Critical,0.0,0.0,<=,PASS,0,Web Analytics
2026-06-13,RUN-20260613-WEB_EVENTS,WEB_EVENTS,DQ-COMPLETE,Partition row coverage,Completeness,Critical,1.0,0.9,>=,PASS,0,Web Analytics
2026-06-13,RUN-20260613-WEB_EVENTS,WEB_EVENTS,DQ-VALID,Required type validity,Validity,High,0.0,0.0,<=,PASS,0,Web Analytics
2026-06-13,RUN-20260613-WEB_EVENTS,WEB_EVENTS,DQ-TAXONOMY,Unknown taxonomy rate,Consistency,High,0.0,0.01,<=,PASS,0,Web Analytics
2026-06-13,RUN-20260613-WEB_EVENTS,WEB_EVENTS,DQ-FRESH,Freshness lag,Timeliness,High,154.0,240.0,<=,PASS,0,Web Analytics
2026-06-13,RUN-20260613-WEB_EVENTS,WEB_EVENTS,DQ-RECON,Raw-to-dashboard variance,Reconciliation,Critical,0.002742,0.005,<=,PASS,0,Web Analytics
2026-06-13,RUN-20260613-CRM_LEADS,CRM_LEADS,DQ-UNIQUE,Business key uniqueness,Uniqueness,Critical,0.0,0.0,<=,PASS,0,Revenue Analytics
2026-06-13,RUN-20260613-CRM_LEADS,CRM_LEADS,DQ-COMPLETE,Partition row coverage,Completeness,Critical,1.0,0.9,>=,PASS,0,Revenue Analytics
2026-06-13,RUN-20260613-CRM_LEADS,CRM_LEADS,DQ-VALID,Required type validity,Validity,High,0.0,0.0,<=,PASS,0,Revenue Analytics
2026-06-13,RUN-20260613-CRM_LEADS,CRM_LEADS,DQ-TAXONOMY,Unknown taxonomy rate,Consistency,High,0.0,0.01,<=,PASS,0,Revenue Analytics
2026-06-13,RUN-20260613-CRM_LEADS,CRM_LEADS,DQ-FRESH,Freshness lag,Timeliness,High,96.0,240.0,<=,PASS,0,Revenue Analytics
2026-06-13,RUN-20260613-CRM_LEADS,CRM_LEADS,DQ-RECON,Raw-to-dashboard variance,Reconciliation,Critical,0.002311,0.005,<=,PASS,0,Revenue Analytics
2026-06-13,RUN-20260613-COMMERCE_ORDERS,COMMERCE_ORDERS,DQ-UNIQUE,Business key uniqueness,Uniqueness,Critical,0.0,0.0,<=,PASS,0,Analytics Engineering
2026-06-13,RUN-20260613-COMMERCE_ORDERS,COMMERCE_ORDERS,DQ-COMPLETE,Partition row coverage,Completeness,Critical,1.0,0.9,>=,PASS,0,Analytics Engineering
2026-06-13,RUN-20260613-COMMERCE_ORDERS,COMMERCE_ORDERS,DQ-VALID,Required type validity,Validity,High,0.0,0.0,<=,PASS,0,Analytics Engineering
2026-06-13,RUN-20260613-COMMERCE_ORDERS,COMMERCE_ORDERS,DQ-TAXONOMY,Unknown taxonomy rate,Consistency,High,0.0,0.01,<=,PASS,0,Analytics Engineering
2026-06-13,RUN-20260613-COMMERCE_ORDERS,COMMERCE_ORDERS,DQ-FRESH,Freshness lag,Timeliness,High,63.0,240.0,<=,PASS,0,Analytics Engineering
2026-06-13,RUN-20260613-COMMERCE_ORDERS,COMMERCE_ORDERS,DQ-RECON,Raw-to-dashboard variance,Reconciliation,Critical,0.001455,0.005,<=,PASS,0,Analytics Engineering
2026-06-13,RUN-20260613-CAMPAIGN_SPEND,CAMPAIGN_SPEND,DQ-UNIQUE,Business key uniqueness,Uniqueness,Critical,0.0,0.0,<=,PASS,0,Marketing Operations
2026-06-13,RUN-20260613-CAMPAIGN_SPEND,CAMPAIGN_SPEND,DQ-COMPLETE,Partition row coverage,Completeness,Critical,1.0,0.9,>=,PASS,0,Marketing Operations
2026-06-13,RUN-20260613-CAMPAIGN_SPEND,CAMPAIGN_SPEND,DQ-VALID,Required type validity,Validity,High,0.0,0.0,<=,PASS,0,Marketing Operations
2026-06-13,RUN-20260613-CAMPAIGN_SPEND,CAMPAIGN_SPEND,DQ-TAXONOMY,Unknown taxonomy rate,Consistency,High,0.0,0.01,<=,PASS,0,Marketing Operations
2026-06-13,RUN-20260613-CAMPAIGN_SPEND,CAMPAIGN_SPEND,DQ-FRESH,Freshness lag,Timeliness,High,103.0,240.0,<=,PASS,0,Marketing Operations
2026-06-13,RUN-20260613-CAMPAIGN_SPEND,CAMPAIGN_SPEND,DQ-RECON,Raw-to-dashboard variance,Reconciliation,Critical,0.002878,0.005,<=,PASS,0,Marketing Operations
2026-06-14,RUN-20260614-WEB_EVENTS,WEB_EVENTS,DQ-UNIQUE,Business key uniqueness,Uniqueness,Critical,0.0,0.0,<=,PASS,0,Web Analytics
2026-06-14,RUN-20260614-WEB_EVENTS,WEB_EVENTS,DQ-COMPLETE,Partition row coverage,Completeness,Critical,1.0,0.9,>=,PASS,0,Web Analytics
2026-06-14,RUN-20260614-WEB_EVENTS,WEB_EVENTS,DQ-VALID,Required type validity,Validity,High,0.0,0.0,<=,PASS,0,Web Analytics
2026-06-14,RUN-20260614-WEB_EVENTS,WEB_EVENTS,DQ-TAXONOMY,Unknown taxonomy rate,Consistency,High,0.0,0.01,<=,PASS,0,Web Analytics
2026-06-14,RUN-20260614-WEB_EVENTS,WEB_EVENTS,DQ-FRESH,Freshness lag,Timeliness,High,114.0,240.0,<=,PASS,0,Web Analytics
2026-06-14,RUN-20260614-WEB_EVENTS,WEB_EVENTS,DQ-RECON,Raw-to-dashboard variance,Reconciliation,Critical,0.001689,0.005,<=,PASS,0,Web Analytics
2026-06-14,RUN-20260614-CRM_LEADS,CRM_LEADS,DQ-UNIQUE,Business key uniqueness,Uniqueness,Critical,0.0,0.0,<=,PASS,0,Revenue Analytics
2026-06-14,RUN-20260614-CRM_LEADS,CRM_LEADS,DQ-COMPLETE,Partition row coverage,Completeness,Critical,1.0,0.9,>=,PASS,0,Revenue Analytics
2026-06-14,RUN-20260614-CRM_LEADS,CRM_LEADS,DQ-VALID,Required type validity,Validity,High,0.0,0.0,<=,PASS,0,Revenue Analytics
2026-06-14,RUN-20260614-CRM_LEADS,CRM_LEADS,DQ-TAXONOMY,Unknown taxonomy rate,Consistency,High,0.0,0.01,<=,PASS,0,Revenue Analytics
2026-06-14,RUN-20260614-CRM_LEADS,CRM_LEADS,DQ-FRESH,Freshness lag,Timeliness,High,142.0,240.0,<=,PASS,0,Revenue Analytics
2026-06-14,RUN-20260614-CRM_LEADS,CRM_LEADS,DQ-RECON,Raw-to-dashboard variance,Reconciliation,Critical,0.002885,0.005,<=,PASS,0,Revenue Analytics
2026-06-14,RUN-20260614-COMMERCE_ORDERS,COMMERCE_ORDERS,DQ-UNIQUE,Business key uniqueness,Uniqueness,Critical,0.0,0.0,<=,PASS,0,Analytics Engineering
2026-06-14,RUN-20260614-COMMERCE_ORDERS,COMMERCE_ORDERS,DQ-COMPLETE,Partition row coverage,Completeness,Critical,1.0,0.9,>=,PASS,0,Analytics Engineering
2026-06-14,RUN-20260614-COMMERCE_ORDERS,COMMERCE_ORDERS,DQ-VALID,Required type validity,Validity,High,0.0,0.0,<=,PASS,0,Analytics Engineering
2026-06-14,RUN-20260614-COMMERCE_ORDERS,COMMERCE_ORDERS,DQ-TAXONOMY,Unknown taxonomy rate,Consistency,High,0.0,0.01,<=,PASS,0,Analytics Engineering
2026-06-14,RUN-20260614-COMMERCE_ORDERS,COMMERCE_ORDERS,DQ-FRESH,Freshness lag,Timeliness,High,76.0,240.0,<=,PASS,0,Analytics Engineering
2026-06-14,RUN-20260614-COMMERCE_ORDERS,COMMERCE_ORDERS,DQ-RECON,Raw-to-dashboard variance,Reconciliation,Critical,0.000643,0.005,<=,PASS,0,Analytics Engineering
2026-06-14,RUN-20260614-CAMPAIGN_SPEND,CAMPAIGN_SPEND,DQ-UNIQUE,Business key uniqueness,Uniqueness,Critical,0.0,0.0,<=,PASS,0,Marketing Operations
2026-06-14,RUN-20260614-CAMPAIGN_SPEND,CAMPAIGN_SPEND,DQ-COMPLETE,Partition row coverage,Completeness,Critical,1.0,0.9,>=,PASS,0,Marketing Operations
2026-06-14,RUN-20260614-CAMPAIGN_SPEND,CAMPAIGN_SPEND,DQ-VALID,Required type validity,Validity,High,0.0,0.0,<=,PASS,0,Marketing Operations
2026-06-14,RUN-20260614-CAMPAIGN_SPEND,CAMPAIGN_SPEND,DQ-TAXONOMY,Unknown taxonomy rate,Consistency,High,0.0,0.01,<=,PASS,0,Marketing Operations
2026-06-14,RUN-20260614-CAMPAIGN_SPEND,CAMPAIGN_SPEND,DQ-FRESH,Freshness lag,Timeliness,High,104.0,240.0,<=,PASS,0,Marketing Operations
2026-06-14,RUN-20260614-CAMPAIGN_SPEND,CAMPAIGN_SPEND,DQ-RECON,Raw-to-dashboard variance,Reconciliation,Critical,0.002867,0.005,<=,PASS,0,Marketing Operations
2026-06-15,RUN-20260615-WEB_EVENTS,WEB_EVENTS,DQ-UNIQUE,Business key uniqueness,Uniqueness,Critical,0.0,0.0,<=,PASS,0,Web Analytics
2026-06-15,RUN-20260615-WEB_EVENTS,WEB_EVENTS,DQ-COMPLETE,Partition row coverage,Completeness,Critical,1.0,0.9,>=,PASS,0,Web Analytics
2026-06-15,RUN-20260615-WEB_EVENTS,WEB_EVENTS,DQ-VALID,Required type validity,Validity,High,0.0,0.0,<=,PASS,0,Web Analytics
2026-06-15,RUN-20260615-WEB_EVENTS,WEB_EVENTS,DQ-TAXONOMY,Unknown taxonomy rate,Consistency,High,0.0,0.01,<=,PASS,0,Web Analytics
2026-06-15,RUN-20260615-WEB_EVENTS,WEB_EVENTS,DQ-FRESH,Freshness lag,Timeliness,High,182.0,240.0,<=,PASS,0,Web Analytics
2026-06-15,RUN-20260615-WEB_EVENTS,WEB_EVENTS,DQ-RECON,Raw-to-dashboard variance,Reconciliation,Critical,0.001112,0.005,<=,PASS,0,Web Analytics
2026-06-15,RUN-20260615-CRM_LEADS,CRM_LEADS,DQ-UNIQUE,Business key uniqueness,Uniqueness,Critical,0.0,0.0,<=,PASS,0,Revenue Analytics
2026-06-15,RUN-20260615-CRM_LEADS,CRM_LEADS,DQ-COMPLETE,Partition row coverage,Completeness,Critical,1.0,0.9,>=,PASS,0,Revenue Analytics
2026-06-15,RUN-20260615-CRM_LEADS,CRM_LEADS,DQ-VALID,Required type validity,Validity,High,0.0,0.0,<=,PASS,0,Revenue Analytics
2026-06-15,RUN-20260615-CRM_LEADS,CRM_LEADS,DQ-TAXONOMY,Unknown taxonomy rate,Consistency,High,0.0,0.01,<=,PASS,0,Revenue Analytics
2026-06-15,RUN-20260615-CRM_LEADS,CRM_LEADS,DQ-FRESH,Freshness lag,Timeliness,High,101.0,240.0,<=,PASS,0,Revenue Analytics
2026-06-15,RUN-20260615-CRM_LEADS,CRM_LEADS,DQ-RECON,Raw-to-dashboard variance,Reconciliation,Critical,0.001981,0.005,<=,PASS,0,Revenue Analytics
2026-06-15,RUN-20260615-COMMERCE_ORDERS,COMMERCE_ORDERS,DQ-UNIQUE,Business key uniqueness,Uniqueness,Critical,0.0,0.0,<=,PASS,0,Analytics Engineering
2026-06-15,RUN-20260615-COMMERCE_ORDERS,COMMERCE_ORDERS,DQ-COMPLETE,Partition row coverage,Completeness,Critical,1.0,0.9,>=,PASS,0,Analytics Engineering
2026-06-15,RUN-20260615-COMMERCE_ORDERS,COMMERCE_ORDERS,DQ-VALID,Required type validity,Validity,High,0.0,0.0,<=,PASS,0,Analytics Engineering
2026-06-15,RUN-20260615-COMMERCE_ORDERS,COMMERCE_ORDERS,DQ-TAXONOMY,Unknown taxonomy rate,Consistency,High,0.0,0.01,<=,PASS,0,Analytics Engineering
2026-06-15,RUN-20260615-COMMERCE_ORDERS,COMMERCE_ORDERS,DQ-FRESH,Freshness lag,Timeliness,High,161.0,240.0,<=,PASS,0,Analytics Engineering
2026-06-15,RUN-20260615-COMMERCE_ORDERS,COMMERCE_ORDERS,DQ-RECON,Raw-to-dashboard variance,Reconciliation,Critical,0.001152,0.005,<=,PASS,0,Analytics Engineering
2026-06-15,RUN-20260615-CAMPAIGN_SPEND,CAMPAIGN_SPEND,DQ-UNIQUE,Business key uniqueness,Uniqueness,Critical,0.0,0.0,<=,PASS,0,Marketing Operations
2026-06-15,RUN-20260615-CAMPAIGN_SPEND,CAMPAIGN_SPEND,DQ-COMPLETE,Partition row coverage,Completeness,Critical,1.0,0.9,>=,PASS,0,Marketing Operations
2026-06-15,RUN-20260615-CAMPAIGN_SPEND,CAMPAIGN_SPEND,DQ-VALID,Required type validity,Validity,High,0.0,0.0,<=,PASS,0,Marketing Operations
2026-06-15,RUN-20260615-CAMPAIGN_SPEND,CAMPAIGN_SPEND,DQ-TAXONOMY,Unknown taxonomy rate,Consistency,High,0.0,0.01,<=,PASS,0,Marketing Operations
2026-06-15,RUN-20260615-CAMPAIGN_SPEND,CAMPAIGN_SPEND,DQ-FRESH,Freshness lag,Timeliness,High,174.0,240.0,<=,PASS,0,Marketing Operations
2026-06-15,RUN-20260615-CAMPAIGN_SPEND,CAMPAIGN_SPEND,DQ-RECON,Raw-to-dashboard variance,Reconciliation,Critical,0.002668,0.005,<=,PASS,0,Marketing Operations
2026-06-16,RUN-20260616-WEB_EVENTS,WEB_EVENTS,DQ-UNIQUE,Business key uniqueness,Uniqueness,Critical,0.0,0.0,<=,PASS,0,Web Analytics
2026-06-16,RUN-20260616-WEB_EVENTS,WEB_EVENTS,DQ-COMPLETE,Partition row coverage,Completeness,Critical,1.0,0.9,>=,PASS,0,Web Analytics
2026-06-16,RUN-20260616-WEB_EVENTS,WEB_EVENTS,DQ-VALID,Required type validity,Validity,High,0.0,0.0,<=,PASS,0,Web Analytics
2026-06-16,RUN-20260616-WEB_EVENTS,WEB_EVENTS,DQ-TAXONOMY,Unknown taxonomy rate,Consistency,High,0.0,0.01,<=,PASS,0,Web Analytics
2026-06-16,RUN-20260616-WEB_EVENTS,WEB_EVENTS,DQ-FRESH,Freshness lag,Timeliness,High,182.0,240.0,<=,PASS,0,Web Analytics
2026-06-16,RUN-20260616-WEB_EVENTS,WEB_EVENTS,DQ-RECON,Raw-to-dashboard variance,Reconciliation,Critical,0.001799,0.005,<=,PASS,0,Web Analytics
2026-06-16,RUN-20260616-CRM_LEADS,CRM_LEADS,DQ-UNIQUE,Business key uniqueness,Uniqueness,Critical,0.0,0.0,<=,PASS,0,Revenue Analytics
2026-06-16,RUN-20260616-CRM_LEADS,CRM_LEADS,DQ-COMPLETE,Partition row coverage,Completeness,Critical,1.0,0.9,>=,PASS,0,Revenue Analytics
2026-06-16,RUN-20260616-CRM_LEADS,CRM_LEADS,DQ-VALID,Required type validity,Validity,High,0.0,0.0,<=,PASS,0,Revenue Analytics
2026-06-16,RUN-20260616-CRM_LEADS,CRM_LEADS,DQ-TAXONOMY,Unknown taxonomy rate,Consistency,High,0.0,0.01,<=,PASS,0,Revenue Analytics
2026-06-16,RUN-20260616-CRM_LEADS,CRM_LEADS,DQ-FRESH,Freshness lag,Timeliness,High,174.0,240.0,<=,PASS,0,Revenue Analytics
2026-06-16,RUN-20260616-CRM_LEADS,CRM_LEADS,DQ-RECON,Raw-to-dashboard variance,Reconciliation,Critical,0.00129,0.005,<=,PASS,0,Revenue Analytics
2026-06-16,RUN-20260616-COMMERCE_ORDERS,COMMERCE_ORDERS,DQ-UNIQUE,Business key uniqueness,Uniqueness,Critical,0.0,0.0,<=,PASS,0,Analytics Engineering
2026-06-16,RUN-20260616-COMMERCE_ORDERS,COMMERCE_ORDERS,DQ-COMPLETE,Partition row coverage,Completeness,Critical,1.0,0.9,>=,PASS,0,Analytics Engineering
2026-06-16,RUN-20260616-COMMERCE_ORDERS,COMMERCE_ORDERS,DQ-VALID,Required type validity,Validity,High,0.0,0.0,<=,PASS,0,Analytics Engineering
2026-06-16,RUN-20260616-COMMERCE_ORDERS,COMMERCE_ORDERS,DQ-TAXONOMY,Unknown taxonomy rate,Consistency,High,0.0,0.01,<=,PASS,0,Analytics Engineering
2026-06-16,RUN-20260616-COMMERCE_ORDERS,COMMERCE_ORDERS,DQ-FRESH,Freshness lag,Timeliness,High,91.0,240.0,<=,PASS,0,Analytics Engineering
2026-06-16,RUN-20260616-COMMERCE_ORDERS,COMMERCE_ORDERS,DQ-RECON,Raw-to-dashboard variance,Reconciliation,Critical,0.002754,0.005,<=,PASS,0,Analytics Engineering
2026-06-16,RUN-20260616-CAMPAIGN_SPEND,CAMPAIGN_SPEND,DQ-UNIQUE,Business key uniqueness,Uniqueness,Critical,0.0,0.0,<=,PASS,0,Marketing Operations
2026-06-16,RUN-20260616-CAMPAIGN_SPEND,CAMPAIGN_SPEND,DQ-COMPLETE,Partition row coverage,Completeness,Critical,1.0,0.9,>=,PASS,0,Marketing Operations
2026-06-16,RUN-20260616-CAMPAIGN_SPEND,CAMPAIGN_SPEND,DQ-VALID,Required type validity,Validity,High,0.0,0.0,<=,PASS,0,Marketing Operations
2026-06-16,RUN-20260616-CAMPAIGN_SPEND,CAMPAIGN_SPEND,DQ-TAXONOMY,Unknown taxonomy rate,Consistency,High,0.0,0.01,<=,PASS,0,Marketing Operations
2026-06-16,RUN-20260616-CAMPAIGN_SPEND,CAMPAIGN_SPEND,DQ-FRESH,Freshness lag,Timeliness,High,68.0,240.0,<=,PASS,0,Marketing Operations
2026-06-16,RUN-20260616-CAMPAIGN_SPEND,CAMPAIGN_SPEND,DQ-RECON,Raw-to-dashboard variance,Reconciliation,Critical,0.003145,0.005,<=,PASS,0,Marketing Operations
2026-06-17,RUN-20260617-WEB_EVENTS,WEB_EVENTS,DQ-UNIQUE,Business key uniqueness,Uniqueness,Critical,0.0,0.0,<=,PASS,0,Web Analytics
2026-06-17,RUN-20260617-WEB_EVENTS,WEB_EVENTS,DQ-COMPLETE,Partition row coverage,Completeness,Critical,1.0,0.9,>=,PASS,0,Web Analytics
2026-06-17,RUN-20260617-WEB_EVENTS,WEB_EVENTS,DQ-VALID,Required type validity,Validity,High,0.0,0.0,<=,PASS,0,Web Analytics
2026-06-17,RUN-20260617-WEB_EVENTS,WEB_EVENTS,DQ-TAXONOMY,Unknown taxonomy rate,Consistency,High,0.0,0.01,<=,PASS,0,Web Analytics
2026-06-17,RUN-20260617-WEB_EVENTS,WEB_EVENTS,DQ-FRESH,Freshness lag,Timeliness,High,158.0,240.0,<=,PASS,0,Web Analytics
2026-06-17,RUN-20260617-WEB_EVENTS,WEB_EVENTS,DQ-RECON,Raw-to-dashboard variance,Reconciliation,Critical,0.001097,0.005,<=,PASS,0,Web Analytics
2026-06-17,RUN-20260617-CRM_LEADS,CRM_LEADS,DQ-UNIQUE,Business key uniqueness,Uniqueness,Critical,0.0,0.0,<=,PASS,0,Revenue Analytics
2026-06-17,RUN-20260617-CRM_LEADS,CRM_LEADS,DQ-COMPLETE,Partition row coverage,Completeness,Critical,1.0,0.9,>=,PASS,0,Revenue Analytics
2026-06-17,RUN-20260617-CRM_LEADS,CRM_LEADS,DQ-VALID,Required type validity,Validity,High,0.0,0.0,<=,PASS,0,Revenue Analytics
2026-06-17,RUN-20260617-CRM_LEADS,CRM_LEADS,DQ-TAXONOMY,Unknown taxonomy rate,Consistency,High,0.0,0.01,<=,PASS,0,Revenue Analytics
2026-06-17,RUN-20260617-CRM_LEADS,CRM_LEADS,DQ-FRESH,Freshness lag,Timeliness,High,121.0,240.0,<=,PASS,0,Revenue Analytics
2026-06-17,RUN-20260617-CRM_LEADS,CRM_LEADS,DQ-RECON,Raw-to-dashboard variance,Reconciliation,Critical,0.002096,0.005,<=,PASS,0,Revenue Analytics
2026-06-17,RUN-20260617-COMMERCE_ORDERS,COMMERCE_ORDERS,DQ-UNIQUE,Business key uniqueness,Uniqueness,Critical,0.0,0.0,<=,PASS,0,Analytics Engineering
2026-06-17,RUN-20260617-COMMERCE_ORDERS,COMMERCE_ORDERS,DQ-COMPLETE,Partition row coverage,Completeness,Critical,1.0,0.9,>=,PASS,0,Analytics Engineering
2026-06-17,RUN-20260617-COMMERCE_ORDERS,COMMERCE_ORDERS,DQ-VALID,Required type validity,Validity,High,4.0,0.0,<=,WARN,4,Analytics Engineering
2026-06-17,RUN-20260617-COMMERCE_ORDERS,COMMERCE_ORDERS,DQ-TAXONOMY,Unknown taxonomy rate,Consistency,High,0.0,0.01,<=,PASS,0,Analytics Engineering
2026-06-17,RUN-20260617-COMMERCE_ORDERS,COMMERCE_ORDERS,DQ-FRESH,Freshness lag,Timeliness,High,56.0,240.0,<=,PASS,0,Analytics Engineering
2026-06-17,RUN-20260617-COMMERCE_ORDERS,COMMERCE_ORDERS,DQ-RECON,Raw-to-dashboard variance,Reconciliation,Critical,0.021,0.005,<=,FAIL,1,Analytics Engineering
2026-06-17,RUN-20260617-CAMPAIGN_SPEND,CAMPAIGN_SPEND,DQ-UNIQUE,Business key uniqueness,Uniqueness,Critical,0.0,0.0,<=,PASS,0,Marketing Operations
2026-06-17,RUN-20260617-CAMPAIGN_SPEND,CAMPAIGN_SPEND,DQ-COMPLETE,Partition row coverage,Completeness,Critical,1.0,0.9,>=,PASS,0,Marketing Operations
2026-06-17,RUN-20260617-CAMPAIGN_SPEND,CAMPAIGN_SPEND,DQ-VALID,Required type validity,Validity,High,0.0,0.0,<=,PASS,0,Marketing Operations
2026-06-17,RUN-20260617-CAMPAIGN_SPEND,CAMPAIGN_SPEND,DQ-TAXONOMY,Unknown taxonomy rate,Consistency,High,0.0,0.01,<=,PASS,0,Marketing Operations
2026-06-17,RUN-20260617-CAMPAIGN_SPEND,CAMPAIGN_SPEND,DQ-FRESH,Freshness lag,Timeliness,High,126.0,240.0,<=,PASS,0,Marketing Operations
2026-06-17,RUN-20260617-CAMPAIGN_SPEND,CAMPAIGN_SPEND,DQ-RECON,Raw-to-dashboard variance,Reconciliation,Critical,0.000944,0.005,<=,PASS,0,Marketing Operations
2026-06-18,RUN-20260618-WEB_EVENTS,WEB_EVENTS,DQ-UNIQUE,Business key uniqueness,Uniqueness,Critical,0.0,0.0,<=,PASS,0,Web Analytics
2026-06-18,RUN-20260618-WEB_EVENTS,WEB_EVENTS,DQ-COMPLETE,Partition row coverage,Completeness,Critical,1.0,0.9,>=,PASS,0,Web Analytics
2026-06-18,RUN-20260618-WEB_EVENTS,WEB_EVENTS,DQ-VALID,Required type validity,Validity,High,0.0,0.0,<=,PASS,0,Web Analytics
2026-06-18,RUN-20260618-WEB_EVENTS,WEB_EVENTS,DQ-TAXONOMY,Unknown taxonomy rate,Consistency,High,0.0,0.01,<=,PASS,0,Web Analytics
2026-06-18,RUN-20260618-WEB_EVENTS,WEB_EVENTS,DQ-FRESH,Freshness lag,Timeliness,High,149.0,240.0,<=,PASS,0,Web Analytics
2026-06-18,RUN-20260618-WEB_EVENTS,WEB_EVENTS,DQ-RECON,Raw-to-dashboard variance,Reconciliation,Critical,0.000919,0.005,<=,PASS,0,Web Analytics
2026-06-18,RUN-20260618-CRM_LEADS,CRM_LEADS,DQ-UNIQUE,Business key uniqueness,Uniqueness,Critical,0.0,0.0,<=,PASS,0,Revenue Analytics
2026-06-18,RUN-20260618-CRM_LEADS,CRM_LEADS,DQ-COMPLETE,Partition row coverage,Completeness,Critical,1.0,0.9,>=,PASS,0,Revenue Analytics
2026-06-18,RUN-20260618-CRM_LEADS,CRM_LEADS,DQ-VALID,Required type validity,Validity,High,0.0,0.0,<=,PASS,0,Revenue Analytics
2026-06-18,RUN-20260618-CRM_LEADS,CRM_LEADS,DQ-TAXONOMY,Unknown taxonomy rate,Consistency,High,0.0,0.01,<=,PASS,0,Revenue Analytics
2026-06-18,RUN-20260618-CRM_LEADS,CRM_LEADS,DQ-FRESH,Freshness lag,Timeliness,High,157.0,240.0,<=,PASS,0,Revenue Analytics
2026-06-18,RUN-20260618-CRM_LEADS,CRM_LEADS,DQ-RECON,Raw-to-dashboard variance,Reconciliation,Critical,0.001578,0.005,<=,PASS,0,Revenue Analytics
2026-06-18,RUN-20260618-COMMERCE_ORDERS,COMMERCE_ORDERS,DQ-UNIQUE,Business key uniqueness,Uniqueness,Critical,0.0,0.0,<=,PASS,0,Analytics Engineering
2026-06-18,RUN-20260618-COMMERCE_ORDERS,COMMERCE_ORDERS,DQ-COMPLETE,Partition row coverage,Completeness,Critical,1.0,0.9,>=,PASS,0,Analytics Engineering
2026-06-18,RUN-20260618-COMMERCE_ORDERS,COMMERCE_ORDERS,DQ-VALID,Required type validity,Validity,High,4.0,0.0,<=,WARN,4,Analytics Engineering
2026-06-18,RUN-20260618-COMMERCE_ORDERS,COMMERCE_ORDERS,DQ-TAXONOMY,Unknown taxonomy rate,Consistency,High,0.0,0.01,<=,PASS,0,Analytics Engineering
2026-06-18,RUN-20260618-COMMERCE_ORDERS,COMMERCE_ORDERS,DQ-FRESH,Freshness lag,Timeliness,High,154.0,240.0,<=,PASS,0,Analytics Engineering
2026-06-18,RUN-20260618-COMMERCE_ORDERS,COMMERCE_ORDERS,DQ-RECON,Raw-to-dashboard variance,Reconciliation,Critical,0.021,0.005,<=,FAIL,1,Analytics Engineering
2026-06-18,RUN-20260618-CAMPAIGN_SPEND,CAMPAIGN_SPEND,DQ-UNIQUE,Business key uniqueness,Uniqueness,Critical,0.0,0.0,<=,PASS,0,Marketing Operations
2026-06-18,RUN-20260618-CAMPAIGN_SPEND,CAMPAIGN_SPEND,DQ-COMPLETE,Partition row coverage,Completeness,Critical,1.0,0.9,>=,PASS,0,Marketing Operations
2026-06-18,RUN-20260618-CAMPAIGN_SPEND,CAMPAIGN_SPEND,DQ-VALID,Required type validity,Validity,High,0.0,0.0,<=,PASS,0,Marketing Operations
2026-06-18,RUN-20260618-CAMPAIGN_SPEND,CAMPAIGN_SPEND,DQ-TAXONOMY,Unknown taxonomy rate,Consistency,High,0.0,0.01,<=,PASS,0,Marketing Operations
2026-06-18,RUN-20260618-CAMPAIGN_SPEND,CAMPAIGN_SPEND,DQ-FRESH,Freshness lag,Timeliness,High,132.0,240.0,<=,PASS,0,Marketing Operations
2026-06-18,RUN-20260618-CAMPAIGN_SPEND,CAMPAIGN_SPEND,DQ-RECON,Raw-to-dashboard variance,Reconciliation,Critical,0.001919,0.005,<=,PASS,0,Marketing Operations
2026-06-19,RUN-20260619-WEB_EVENTS,WEB_EVENTS,DQ-UNIQUE,Business key uniqueness,Uniqueness,Critical,0.0,0.0,<=,PASS,0,Web Analytics
2026-06-19,RUN-20260619-WEB_EVENTS,WEB_EVENTS,DQ-COMPLETE,Partition row coverage,Completeness,Critical,1.0,0.9,>=,PASS,0,Web Analytics
2026-06-19,RUN-20260619-WEB_EVENTS,WEB_EVENTS,DQ-VALID,Required type validity,Validity,High,0.0,0.0,<=,PASS,0,Web Analytics
2026-06-19,RUN-20260619-WEB_EVENTS,WEB_EVENTS,DQ-TAXONOMY,Unknown taxonomy rate,Consistency,High,0.0,0.01,<=,PASS,0,Web Analytics
2026-06-19,RUN-20260619-WEB_EVENTS,WEB_EVENTS,DQ-FRESH,Freshness lag,Timeliness,High,155.0,240.0,<=,PASS,0,Web Analytics
2026-06-19,RUN-20260619-WEB_EVENTS,WEB_EVENTS,DQ-RECON,Raw-to-dashboard variance,Reconciliation,Critical,0.001868,0.005,<=,PASS,0,Web Analytics
2026-06-19,RUN-20260619-CRM_LEADS,CRM_LEADS,DQ-UNIQUE,Business key uniqueness,Uniqueness,Critical,0.0,0.0,<=,PASS,0,Revenue Analytics
2026-06-19,RUN-20260619-CRM_LEADS,CRM_LEADS,DQ-COMPLETE,Partition row coverage,Completeness,Critical,1.0,0.9,>=,PASS,0,Revenue Analytics
2026-06-19,RUN-20260619-CRM_LEADS,CRM_LEADS,DQ-VALID,Required type validity,Validity,High,0.0,0.0,<=,PASS,0,Revenue Analytics
2026-06-19,RUN-20260619-CRM_LEADS,CRM_LEADS,DQ-TAXONOMY,Unknown taxonomy rate,Consistency,High,0.0,0.01,<=,PASS,0,Revenue Analytics
2026-06-19,RUN-20260619-CRM_LEADS,CRM_LEADS,DQ-FRESH,Freshness lag,Timeliness,High,55.0,240.0,<=,PASS,0,Revenue Analytics
2026-06-19,RUN-20260619-CRM_LEADS,CRM_LEADS,DQ-RECON,Raw-to-dashboard variance,Reconciliation,Critical,0.003199,0.005,<=,PASS,0,Revenue Analytics
2026-06-19,RUN-20260619-COMMERCE_ORDERS,COMMERCE_ORDERS,DQ-UNIQUE,Business key uniqueness,Uniqueness,Critical,0.0,0.0,<=,PASS,0,Analytics Engineering
2026-06-19,RUN-20260619-COMMERCE_ORDERS,COMMERCE_ORDERS,DQ-COMPLETE,Partition row coverage,Completeness,Critical,1.0,0.9,>=,PASS,0,Analytics Engineering
2026-06-19,RUN-20260619-COMMERCE_ORDERS,COMMERCE_ORDERS,DQ-VALID,Required type validity,Validity,High,0.0,0.0,<=,PASS,0,Analytics Engineering
2026-06-19,RUN-20260619-COMMERCE_ORDERS,COMMERCE_ORDERS,DQ-TAXONOMY,Unknown taxonomy rate,Consistency,High,0.0,0.01,<=,PASS,0,Analytics Engineering
2026-06-19,RUN-20260619-COMMERCE_ORDERS,COMMERCE_ORDERS,DQ-FRESH,Freshness lag,Timeliness,High,57.0,240.0,<=,PASS,0,Analytics Engineering
2026-06-19,RUN-20260619-COMMERCE_ORDERS,COMMERCE_ORDERS,DQ-RECON,Raw-to-dashboard variance,Reconciliation,Critical,0.001227,0.005,<=,PASS,0,Analytics Engineering
2026-06-19,RUN-20260619-CAMPAIGN_SPEND,CAMPAIGN_SPEND,DQ-UNIQUE,Business key uniqueness,Uniqueness,Critical,0.0,0.0,<=,PASS,0,Marketing Operations
2026-06-19,RUN-20260619-CAMPAIGN_SPEND,CAMPAIGN_SPEND,DQ-COMPLETE,Partition row coverage,Completeness,Critical,1.0,0.9,>=,PASS,0,Marketing Operations
2026-06-19,RUN-20260619-CAMPAIGN_SPEND,CAMPAIGN_SPEND,DQ-VALID,Required type validity,Validity,High,0.0,0.0,<=,PASS,0,Marketing Operations
2026-06-19,RUN-20260619-CAMPAIGN_SPEND,CAMPAIGN_SPEND,DQ-TAXONOMY,Unknown taxonomy rate,Consistency,High,0.0,0.01,<=,PASS,0,Marketing Operations
2026-06-19,RUN-20260619-CAMPAIGN_SPEND,CAMPAIGN_SPEND,DQ-FRESH,Freshness lag,Timeliness,High,152.0,240.0,<=,PASS,0,Marketing Operations
2026-06-19,RUN-20260619-CAMPAIGN_SPEND,CAMPAIGN_SPEND,DQ-RECON,Raw-to-dashboard variance,Reconciliation,Critical,0.000576,0.005,<=,PASS,0,Marketing Operations
2026-06-20,RUN-20260620-WEB_EVENTS,WEB_EVENTS,DQ-UNIQUE,Business key uniqueness,Uniqueness,Critical,0.0,0.0,<=,PASS,0,Web Analytics
2026-06-20,RUN-20260620-WEB_EVENTS,WEB_EVENTS,DQ-COMPLETE,Partition row coverage,Completeness,Critical,1.0,0.9,>=,PASS,0,Web Analytics
2026-06-20,RUN-20260620-WEB_EVENTS,WEB_EVENTS,DQ-VALID,Required type validity,Validity,High,0.0,0.0,<=,PASS,0,Web Analytics
2026-06-20,RUN-20260620-WEB_EVENTS,WEB_EVENTS,DQ-TAXONOMY,Unknown taxonomy rate,Consistency,High,0.0,0.01,<=,PASS,0,Web Analytics
2026-06-20,RUN-20260620-WEB_EVENTS,WEB_EVENTS,DQ-FRESH,Freshness lag,Timeliness,High,170.0,240.0,<=,PASS,0,Web Analytics
2026-06-20,RUN-20260620-WEB_EVENTS,WEB_EVENTS,DQ-RECON,Raw-to-dashboard variance,Reconciliation,Critical,0.000783,0.005,<=,PASS,0,Web Analytics
2026-06-20,RUN-20260620-CRM_LEADS,CRM_LEADS,DQ-UNIQUE,Business key uniqueness,Uniqueness,Critical,0.0,0.0,<=,PASS,0,Revenue Analytics
2026-06-20,RUN-20260620-CRM_LEADS,CRM_LEADS,DQ-COMPLETE,Partition row coverage,Completeness,Critical,1.0,0.9,>=,PASS,0,Revenue Analytics
2026-06-20,RUN-20260620-CRM_LEADS,CRM_LEADS,DQ-VALID,Required type validity,Validity,High,0.0,0.0,<=,PASS,0,Revenue Analytics
2026-06-20,RUN-20260620-CRM_LEADS,CRM_LEADS,DQ-TAXONOMY,Unknown taxonomy rate,Consistency,High,0.0,0.01,<=,PASS,0,Revenue Analytics
2026-06-20,RUN-20260620-CRM_LEADS,CRM_LEADS,DQ-FRESH,Freshness lag,Timeliness,High,183.0,240.0,<=,PASS,0,Revenue Analytics
2026-06-20,RUN-20260620-CRM_LEADS,CRM_LEADS,DQ-RECON,Raw-to-dashboard variance,Reconciliation,Critical,0.001937,0.005,<=,PASS,0,Revenue Analytics
2026-06-20,RUN-20260620-COMMERCE_ORDERS,COMMERCE_ORDERS,DQ-UNIQUE,Business key uniqueness,Uniqueness,Critical,0.0,0.0,<=,PASS,0,Analytics Engineering
2026-06-20,RUN-20260620-COMMERCE_ORDERS,COMMERCE_ORDERS,DQ-COMPLETE,Partition row coverage,Completeness,Critical,1.0,0.9,>=,PASS,0,Analytics Engineering
2026-06-20,RUN-20260620-COMMERCE_ORDERS,COMMERCE_ORDERS,DQ-VALID,Required type validity,Validity,High,0.0,0.0,<=,PASS,0,Analytics Engineering
2026-06-20,RUN-20260620-COMMERCE_ORDERS,COMMERCE_ORDERS,DQ-TAXONOMY,Unknown taxonomy rate,Consistency,High,0.0,0.01,<=,PASS,0,Analytics Engineering
2026-06-20,RUN-20260620-COMMERCE_ORDERS,COMMERCE_ORDERS,DQ-FRESH,Freshness lag,Timeliness,High,62.0,240.0,<=,PASS,0,Analytics Engineering
2026-06-20,RUN-20260620-COMMERCE_ORDERS,COMMERCE_ORDERS,DQ-RECON,Raw-to-dashboard variance,Reconciliation,Critical,0.002732,0.005,<=,PASS,0,Analytics Engineering
2026-06-20,RUN-20260620-CAMPAIGN_SPEND,CAMPAIGN_SPEND,DQ-UNIQUE,Business key uniqueness,Uniqueness,Critical,0.0,0.0,<=,PASS,0,Marketing Operations
2026-06-20,RUN-20260620-CAMPAIGN_SPEND,CAMPAIGN_SPEND,DQ-COMPLETE,Partition row coverage,Completeness,Critical,1.0,0.9,>=,PASS,0,Marketing Operations
2026-06-20,RUN-20260620-CAMPAIGN_SPEND,CAMPAIGN_SPEND,DQ-VALID,Required type validity,Validity,High,0.0,0.0,<=,PASS,0,Marketing Operations
2026-06-20,RUN-20260620-CAMPAIGN_SPEND,CAMPAIGN_SPEND,DQ-TAXONOMY,Unknown taxonomy rate,Consistency,High,0.0,0.01,<=,PASS,0,Marketing Operations
2026-06-20,RUN-20260620-CAMPAIGN_SPEND,CAMPAIGN_SPEND,DQ-FRESH,Freshness lag,Timeliness,High,179.0,240.0,<=,PASS,0,Marketing Operations
2026-06-20,RUN-20260620-CAMPAIGN_SPEND,CAMPAIGN_SPEND,DQ-RECON,Raw-to-dashboard variance,Reconciliation,Critical,0.002668,0.005,<=,PASS,0,Marketing Operations
2026-06-21,RUN-20260621-WEB_EVENTS,WEB_EVENTS,DQ-UNIQUE,Business key uniqueness,Uniqueness,Critical,0.0,0.0,<=,PASS,0,Web Analytics
2026-06-21,RUN-20260621-WEB_EVENTS,WEB_EVENTS,DQ-COMPLETE,Partition row coverage,Completeness,Critical,1.0,0.9,>=,PASS,0,Web Analytics
2026-06-21,RUN-20260621-WEB_EVENTS,WEB_EVENTS,DQ-VALID,Required type validity,Validity,High,0.0,0.0,<=,PASS,0,Web Analytics
2026-06-21,RUN-20260621-WEB_EVENTS,WEB_EVENTS,DQ-TAXONOMY,Unknown taxonomy rate,Consistency,High,0.0,0.01,<=,PASS,0,Web Analytics
2026-06-21,RUN-20260621-WEB_EVENTS,WEB_EVENTS,DQ-FRESH,Freshness lag,Timeliness,High,75.0,240.0,<=,PASS,0,Web Analytics
2026-06-21,RUN-20260621-WEB_EVENTS,WEB_EVENTS,DQ-RECON,Raw-to-dashboard variance,Reconciliation,Critical,0.000413,0.005,<=,PASS,0,Web Analytics
2026-06-21,RUN-20260621-CRM_LEADS,CRM_LEADS,DQ-UNIQUE,Business key uniqueness,Uniqueness,Critical,0.0,0.0,<=,PASS,0,Revenue Analytics
2026-06-21,RUN-20260621-CRM_LEADS,CRM_LEADS,DQ-COMPLETE,Partition row coverage,Completeness,Critical,1.0,0.9,>=,PASS,0,Revenue Analytics
2026-06-21,RUN-20260621-CRM_LEADS,CRM_LEADS,DQ-VALID,Required type validity,Validity,High,0.0,0.0,<=,PASS,0,Revenue Analytics
2026-06-21,RUN-20260621-CRM_LEADS,CRM_LEADS,DQ-TAXONOMY,Unknown taxonomy rate,Consistency,High,0.0,0.01,<=,PASS,0,Revenue Analytics
2026-06-21,RUN-20260621-CRM_LEADS,CRM_LEADS,DQ-FRESH,Freshness lag,Timeliness,High,140.0,240.0,<=,PASS,0,Revenue Analytics
2026-06-21,RUN-20260621-CRM_LEADS,CRM_LEADS,DQ-RECON,Raw-to-dashboard variance,Reconciliation,Critical,0.002801,0.005,<=,PASS,0,Revenue Analytics
2026-06-21,RUN-20260621-COMMERCE_ORDERS,COMMERCE_ORDERS,DQ-UNIQUE,Business key uniqueness,Uniqueness,Critical,0.0,0.0,<=,PASS,0,Analytics Engineering
2026-06-21,RUN-20260621-COMMERCE_ORDERS,COMMERCE_ORDERS,DQ-COMPLETE,Partition row coverage,Completeness,Critical,1.0,0.9,>=,PASS,0,Analytics Engineering
2026-06-21,RUN-20260621-COMMERCE_ORDERS,COMMERCE_ORDERS,DQ-VALID,Required type validity,Validity,High,0.0,0.0,<=,PASS,0,Analytics Engineering
2026-06-21,RUN-20260621-COMMERCE_ORDERS,COMMERCE_ORDERS,DQ-TAXONOMY,Unknown taxonomy rate,Consistency,High,0.0,0.01,<=,PASS,0,Analytics Engineering
2026-06-21,RUN-20260621-COMMERCE_ORDERS,COMMERCE_ORDERS,DQ-FRESH,Freshness lag,Timeliness,High,152.0,240.0,<=,PASS,0,Analytics Engineering
2026-06-21,RUN-20260621-COMMERCE_ORDERS,COMMERCE_ORDERS,DQ-RECON,Raw-to-dashboard variance,Reconciliation,Critical,0.003114,0.005,<=,PASS,0,Analytics Engineering
2026-06-21,RUN-20260621-CAMPAIGN_SPEND,CAMPAIGN_SPEND,DQ-UNIQUE,Business key uniqueness,Uniqueness,Critical,0.0,0.0,<=,PASS,0,Marketing Operations
2026-06-21,RUN-20260621-CAMPAIGN_SPEND,CAMPAIGN_SPEND,DQ-COMPLETE,Partition row coverage,Completeness,Critical,1.0,0.9,>=,PASS,0,Marketing Operations
2026-06-21,RUN-20260621-CAMPAIGN_SPEND,CAMPAIGN_SPEND,DQ-VALID,Required type validity,Validity,High,0.0,0.0,<=,PASS,0,Marketing Operations
2026-06-21,RUN-20260621-CAMPAIGN_SPEND,CAMPAIGN_SPEND,DQ-TAXONOMY,Unknown taxonomy rate,Consistency,High,0.0,0.01,<=,PASS,0,Marketing Operations
2026-06-21,RUN-20260621-CAMPAIGN_SPEND,CAMPAIGN_SPEND,DQ-FRESH,Freshness lag,Timeliness,High,115.0,240.0,<=,PASS,0,Marketing Operations
2026-06-21,RUN-20260621-CAMPAIGN_SPEND,CAMPAIGN_SPEND,DQ-RECON,Raw-to-dashboard variance,Reconciliation,Critical,0.00316,0.005,<=,PASS,0,Marketing Operations
2026-06-22,RUN-20260622-WEB_EVENTS,WEB_EVENTS,DQ-UNIQUE,Business key uniqueness,Uniqueness,Critical,0.0,0.0,<=,PASS,0,Web Analytics
2026-06-22,RUN-20260622-WEB_EVENTS,WEB_EVENTS,DQ-COMPLETE,Partition row coverage,Completeness,Critical,1.0,0.9,>=,PASS,0,Web Analytics
2026-06-22,RUN-20260622-WEB_EVENTS,WEB_EVENTS,DQ-VALID,Required type validity,Validity,High,0.0,0.0,<=,PASS,0,Web Analytics
2026-06-22,RUN-20260622-WEB_EVENTS,WEB_EVENTS,DQ-TAXONOMY,Unknown taxonomy rate,Consistency,High,0.0,0.01,<=,PASS,0,Web Analytics
2026-06-22,RUN-20260622-WEB_EVENTS,WEB_EVENTS,DQ-FRESH,Freshness lag,Timeliness,High,146.0,240.0,<=,PASS,0,Web Analytics
2026-06-22,RUN-20260622-WEB_EVENTS,WEB_EVENTS,DQ-RECON,Raw-to-dashboard variance,Reconciliation,Critical,0.001619,0.005,<=,PASS,0,Web Analytics
2026-06-22,RUN-20260622-CRM_LEADS,CRM_LEADS,DQ-UNIQUE,Business key uniqueness,Uniqueness,Critical,0.0,0.0,<=,PASS,0,Revenue Analytics
2026-06-22,RUN-20260622-CRM_LEADS,CRM_LEADS,DQ-COMPLETE,Partition row coverage,Completeness,Critical,1.0,0.9,>=,PASS,0,Revenue Analytics
2026-06-22,RUN-20260622-CRM_LEADS,CRM_LEADS,DQ-VALID,Required type validity,Validity,High,0.0,0.0,<=,PASS,0,Revenue Analytics
2026-06-22,RUN-20260622-CRM_LEADS,CRM_LEADS,DQ-TAXONOMY,Unknown taxonomy rate,Consistency,High,0.0,0.01,<=,PASS,0,Revenue Analytics
2026-06-22,RUN-20260622-CRM_LEADS,CRM_LEADS,DQ-FRESH,Freshness lag,Timeliness,High,153.0,240.0,<=,PASS,0,Revenue Analytics
2026-06-22,RUN-20260622-CRM_LEADS,CRM_LEADS,DQ-RECON,Raw-to-dashboard variance,Reconciliation,Critical,0.00178,0.005,<=,PASS,0,Revenue Analytics
2026-06-22,RUN-20260622-COMMERCE_ORDERS,COMMERCE_ORDERS,DQ-UNIQUE,Business key uniqueness,Uniqueness,Critical,0.0,0.0,<=,PASS,0,Analytics Engineering
2026-06-22,RUN-20260622-COMMERCE_ORDERS,COMMERCE_ORDERS,DQ-COMPLETE,Partition row coverage,Completeness,Critical,1.0,0.9,>=,PASS,0,Analytics Engineering
2026-06-22,RUN-20260622-COMMERCE_ORDERS,COMMERCE_ORDERS,DQ-VALID,Required type validity,Validity,High,0.0,0.0,<=,PASS,0,Analytics Engineering
2026-06-22,RUN-20260622-COMMERCE_ORDERS,COMMERCE_ORDERS,DQ-TAXONOMY,Unknown taxonomy rate,Consistency,High,0.0,0.01,<=,PASS,0,Analytics Engineering
2026-06-22,RUN-20260622-COMMERCE_ORDERS,COMMERCE_ORDERS,DQ-FRESH,Freshness lag,Timeliness,High,147.0,240.0,<=,PASS,0,Analytics Engineering
2026-06-22,RUN-20260622-COMMERCE_ORDERS,COMMERCE_ORDERS,DQ-RECON,Raw-to-dashboard variance,Reconciliation,Critical,0.000812,0.005,<=,PASS,0,Analytics Engineering
2026-06-22,RUN-20260622-CAMPAIGN_SPEND,CAMPAIGN_SPEND,DQ-UNIQUE,Business key uniqueness,Uniqueness,Critical,0.0,0.0,<=,PASS,0,Marketing Operations
2026-06-22,RUN-20260622-CAMPAIGN_SPEND,CAMPAIGN_SPEND,DQ-COMPLETE,Partition row coverage,Completeness,Critical,1.0,0.9,>=,PASS,0,Marketing Operations
2026-06-22,RUN-20260622-CAMPAIGN_SPEND,CAMPAIGN_SPEND,DQ-VALID,Required type validity,Validity,High,0.0,0.0,<=,PASS,0,Marketing Operations
2026-06-22,RUN-20260622-CAMPAIGN_SPEND,CAMPAIGN_SPEND,DQ-TAXONOMY,Unknown taxonomy rate,Consistency,High,0.0,0.01,<=,PASS,0,Marketing Operations
2026-06-22,RUN-20260622-CAMPAIGN_SPEND,CAMPAIGN_SPEND,DQ-FRESH,Freshness lag,Timeliness,High,131.0,240.0,<=,PASS,0,Marketing Operations
2026-06-22,RUN-20260622-CAMPAIGN_SPEND,CAMPAIGN_SPEND,DQ-RECON,Raw-to-dashboard variance,Reconciliation,Critical,0.000782,0.005,<=,PASS,0,Marketing Operations
2026-06-23,RUN-20260623-WEB_EVENTS,WEB_EVENTS,DQ-UNIQUE,Business key uniqueness,Uniqueness,Critical,0.0,0.0,<=,PASS,0,Web Analytics
2026-06-23,RUN-20260623-WEB_EVENTS,WEB_EVENTS,DQ-COMPLETE,Partition row coverage,Completeness,Critical,1.0,0.9,>=,PASS,0,Web Analytics
2026-06-23,RUN-20260623-WEB_EVENTS,WEB_EVENTS,DQ-VALID,Required type validity,Validity,High,0.0,0.0,<=,PASS,0,Web Analytics
2026-06-23,RUN-20260623-WEB_EVENTS,WEB_EVENTS,DQ-TAXONOMY,Unknown taxonomy rate,Consistency,High,0.0,0.01,<=,PASS,0,Web Analytics
2026-06-23,RUN-20260623-WEB_EVENTS,WEB_EVENTS,DQ-FRESH,Freshness lag,Timeliness,High,131.0,240.0,<=,PASS,0,Web Analytics
2026-06-23,RUN-20260623-WEB_EVENTS,WEB_EVENTS,DQ-RECON,Raw-to-dashboard variance,Reconciliation,Critical,0.000682,0.005,<=,PASS,0,Web Analytics
2026-06-23,RUN-20260623-CRM_LEADS,CRM_LEADS,DQ-UNIQUE,Business key uniqueness,Uniqueness,Critical,0.0,0.0,<=,PASS,0,Revenue Analytics
2026-06-23,RUN-20260623-CRM_LEADS,CRM_LEADS,DQ-COMPLETE,Partition row coverage,Completeness,Critical,1.0,0.9,>=,PASS,0,Revenue Analytics
2026-06-23,RUN-20260623-CRM_LEADS,CRM_LEADS,DQ-VALID,Required type validity,Validity,High,0.0,0.0,<=,PASS,0,Revenue Analytics
2026-06-23,RUN-20260623-CRM_LEADS,CRM_LEADS,DQ-TAXONOMY,Unknown taxonomy rate,Consistency,High,0.0,0.01,<=,PASS,0,Revenue Analytics
2026-06-23,RUN-20260623-CRM_LEADS,CRM_LEADS,DQ-FRESH,Freshness lag,Timeliness,High,166.0,240.0,<=,PASS,0,Revenue Analytics
2026-06-23,RUN-20260623-CRM_LEADS,CRM_LEADS,DQ-RECON,Raw-to-dashboard variance,Reconciliation,Critical,0.001047,0.005,<=,PASS,0,Revenue Analytics
2026-06-23,RUN-20260623-COMMERCE_ORDERS,COMMERCE_ORDERS,DQ-UNIQUE,Business key uniqueness,Uniqueness,Critical,0.0,0.0,<=,PASS,0,Analytics Engineering
2026-06-23,RUN-20260623-COMMERCE_ORDERS,COMMERCE_ORDERS,DQ-COMPLETE,Partition row coverage,Completeness,Critical,1.0,0.9,>=,PASS,0,Analytics Engineering
2026-06-23,RUN-20260623-COMMERCE_ORDERS,COMMERCE_ORDERS,DQ-VALID,Required type validity,Validity,High,0.0,0.0,<=,PASS,0,Analytics Engineering
2026-06-23,RUN-20260623-COMMERCE_ORDERS,COMMERCE_ORDERS,DQ-TAXONOMY,Unknown taxonomy rate,Consistency,High,0.0,0.01,<=,PASS,0,Analytics Engineering
2026-06-23,RUN-20260623-COMMERCE_ORDERS,COMMERCE_ORDERS,DQ-FRESH,Freshness lag,Timeliness,High,108.0,240.0,<=,PASS,0,Analytics Engineering
2026-06-23,RUN-20260623-COMMERCE_ORDERS,COMMERCE_ORDERS,DQ-RECON,Raw-to-dashboard variance,Reconciliation,Critical,0.001206,0.005,<=,PASS,0,Analytics Engineering
2026-06-23,RUN-20260623-CAMPAIGN_SPEND,CAMPAIGN_SPEND,DQ-UNIQUE,Business key uniqueness,Uniqueness,Critical,0.0,0.0,<=,PASS,0,Marketing Operations
2026-06-23,RUN-20260623-CAMPAIGN_SPEND,CAMPAIGN_SPEND,DQ-COMPLETE,Partition row coverage,Completeness,Critical,1.0,0.9,>=,PASS,0,Marketing Operations
2026-06-23,RUN-20260623-CAMPAIGN_SPEND,CAMPAIGN_SPEND,DQ-VALID,Required type validity,Validity,High,0.0,0.0,<=,PASS,0,Marketing Operations
2026-06-23,RUN-20260623-CAMPAIGN_SPEND,CAMPAIGN_SPEND,DQ-TAXONOMY,Unknown taxonomy rate,Consistency,High,0.0,0.01,<=,PASS,0,Marketing Operations
2026-06-23,RUN-20260623-CAMPAIGN_SPEND,CAMPAIGN_SPEND,DQ-FRESH,Freshness lag,Timeliness,High,156.0,240.0,<=,PASS,0,Marketing Operations
2026-06-23,RUN-20260623-CAMPAIGN_SPEND,CAMPAIGN_SPEND,DQ-RECON,Raw-to-dashboard variance,Reconciliation,Critical,0.002366,0.005,<=,PASS,0,Marketing Operations
2026-06-24,RUN-20260624-WEB_EVENTS,WEB_EVENTS,DQ-UNIQUE,Business key uniqueness,Uniqueness,Critical,0.0,0.0,<=,PASS,0,Web Analytics
2026-06-24,RUN-20260624-WEB_EVENTS,WEB_EVENTS,DQ-COMPLETE,Partition row coverage,Completeness,Critical,1.0,0.9,>=,PASS,0,Web Analytics
2026-06-24,RUN-20260624-WEB_EVENTS,WEB_EVENTS,DQ-VALID,Required type validity,Validity,High,0.0,0.0,<=,PASS,0,Web Analytics
2026-06-24,RUN-20260624-WEB_EVENTS,WEB_EVENTS,DQ-TAXONOMY,Unknown taxonomy rate,Consistency,High,0.0,0.01,<=,PASS,0,Web Analytics
2026-06-24,RUN-20260624-WEB_EVENTS,WEB_EVENTS,DQ-FRESH,Freshness lag,Timeliness,High,155.0,240.0,<=,PASS,0,Web Analytics
2026-06-24,RUN-20260624-WEB_EVENTS,WEB_EVENTS,DQ-RECON,Raw-to-dashboard variance,Reconciliation,Critical,0.001582,0.005,<=,PASS,0,Web Analytics
2026-06-24,RUN-20260624-CRM_LEADS,CRM_LEADS,DQ-UNIQUE,Business key uniqueness,Uniqueness,Critical,0.0,0.0,<=,PASS,0,Revenue Analytics
2026-06-24,RUN-20260624-CRM_LEADS,CRM_LEADS,DQ-COMPLETE,Partition row coverage,Completeness,Critical,1.0,0.9,>=,PASS,0,Revenue Analytics
2026-06-24,RUN-20260624-CRM_LEADS,CRM_LEADS,DQ-VALID,Required type validity,Validity,High,0.0,0.0,<=,PASS,0,Revenue Analytics
2026-06-24,RUN-20260624-CRM_LEADS,CRM_LEADS,DQ-TAXONOMY,Unknown taxonomy rate,Consistency,High,0.0,0.01,<=,PASS,0,Revenue Analytics
2026-06-24,RUN-20260624-CRM_LEADS,CRM_LEADS,DQ-FRESH,Freshness lag,Timeliness,High,55.0,240.0,<=,PASS,0,Revenue Analytics
2026-06-24,RUN-20260624-CRM_LEADS,CRM_LEADS,DQ-RECON,Raw-to-dashboard variance,Reconciliation,Critical,0.001625,0.005,<=,PASS,0,Revenue Analytics
2026-06-24,RUN-20260624-COMMERCE_ORDERS,COMMERCE_ORDERS,DQ-UNIQUE,Business key uniqueness,Uniqueness,Critical,0.0,0.0,<=,PASS,0,Analytics Engineering
2026-06-24,RUN-20260624-COMMERCE_ORDERS,COMMERCE_ORDERS,DQ-COMPLETE,Partition row coverage,Completeness,Critical,1.0,0.9,>=,PASS,0,Analytics Engineering
2026-06-24,RUN-20260624-COMMERCE_ORDERS,COMMERCE_ORDERS,DQ-VALID,Required type validity,Validity,High,0.0,0.0,<=,PASS,0,Analytics Engineering
2026-06-24,RUN-20260624-COMMERCE_ORDERS,COMMERCE_ORDERS,DQ-TAXONOMY,Unknown taxonomy rate,Consistency,High,0.0,0.01,<=,PASS,0,Analytics Engineering
2026-06-24,RUN-20260624-COMMERCE_ORDERS,COMMERCE_ORDERS,DQ-FRESH,Freshness lag,Timeliness,High,114.0,240.0,<=,PASS,0,Analytics Engineering
2026-06-24,RUN-20260624-COMMERCE_ORDERS,COMMERCE_ORDERS,DQ-RECON,Raw-to-dashboard variance,Reconciliation,Critical,0.002576,0.005,<=,PASS,0,Analytics Engineering
2026-06-24,RUN-20260624-CAMPAIGN_SPEND,CAMPAIGN_SPEND,DQ-UNIQUE,Business key uniqueness,Uniqueness,Critical,0.0,0.0,<=,PASS,0,Marketing Operations
2026-06-24,RUN-20260624-CAMPAIGN_SPEND,CAMPAIGN_SPEND,DQ-COMPLETE,Partition row coverage,Completeness,Critical,1.0,0.9,>=,PASS,0,Marketing Operations
2026-06-24,RUN-20260624-CAMPAIGN_SPEND,CAMPAIGN_SPEND,DQ-VALID,Required type validity,Validity,High,0.0,0.0,<=,PASS,0,Marketing Operations
2026-06-24,RUN-20260624-CAMPAIGN_SPEND,CAMPAIGN_SPEND,DQ-TAXONOMY,Unknown taxonomy rate,Consistency,High,0.0,0.01,<=,PASS,0,Marketing Operations
2026-06-24,RUN-20260624-CAMPAIGN_SPEND,CAMPAIGN_SPEND,DQ-FRESH,Freshness lag,Timeliness,High,106.0,240.0,<=,PASS,0,Marketing Operations
2026-06-24,RUN-20260624-CAMPAIGN_SPEND,CAMPAIGN_SPEND,DQ-RECON,Raw-to-dashboard variance,Reconciliation,Critical,0.001162,0.005,<=,PASS,0,Marketing Operations
2026-06-25,RUN-20260625-WEB_EVENTS,WEB_EVENTS,DQ-UNIQUE,Business key uniqueness,Uniqueness,Critical,0.0,0.0,<=,PASS,0,Web Analytics
2026-06-25,RUN-20260625-WEB_EVENTS,WEB_EVENTS,DQ-COMPLETE,Partition row coverage,Completeness,Critical,1.0,0.9,>=,PASS,0,Web Analytics
2026-06-25,RUN-20260625-WEB_EVENTS,WEB_EVENTS,DQ-VALID,Required type validity,Validity,High,0.0,0.0,<=,PASS,0,Web Analytics
2026-06-25,RUN-20260625-WEB_EVENTS,WEB_EVENTS,DQ-TAXONOMY,Unknown taxonomy rate,Consistency,High,0.0,0.01,<=,PASS,0,Web Analytics
2026-06-25,RUN-20260625-WEB_EVENTS,WEB_EVENTS,DQ-FRESH,Freshness lag,Timeliness,High,108.0,240.0,<=,PASS,0,Web Analytics
2026-06-25,RUN-20260625-WEB_EVENTS,WEB_EVENTS,DQ-RECON,Raw-to-dashboard variance,Reconciliation,Critical,0.002945,0.005,<=,PASS,0,Web Analytics
2026-06-25,RUN-20260625-CRM_LEADS,CRM_LEADS,DQ-UNIQUE,Business key uniqueness,Uniqueness,Critical,0.0,0.0,<=,PASS,0,Revenue Analytics
2026-06-25,RUN-20260625-CRM_LEADS,CRM_LEADS,DQ-COMPLETE,Partition row coverage,Completeness,Critical,1.0,0.9,>=,PASS,0,Revenue Analytics
2026-06-25,RUN-20260625-CRM_LEADS,CRM_LEADS,DQ-VALID,Required type validity,Validity,High,0.0,0.0,<=,PASS,0,Revenue Analytics
2026-06-25,RUN-20260625-CRM_LEADS,CRM_LEADS,DQ-TAXONOMY,Unknown taxonomy rate,Consistency,High,0.0,0.01,<=,PASS,0,Revenue Analytics
2026-06-25,RUN-20260625-CRM_LEADS,CRM_LEADS,DQ-FRESH,Freshness lag,Timeliness,High,62.0,240.0,<=,PASS,0,Revenue Analytics
2026-06-25,RUN-20260625-CRM_LEADS,CRM_LEADS,DQ-RECON,Raw-to-dashboard variance,Reconciliation,Critical,0.00114,0.005,<=,PASS,0,Revenue Analytics
2026-06-25,RUN-20260625-COMMERCE_ORDERS,COMMERCE_ORDERS,DQ-UNIQUE,Business key uniqueness,Uniqueness,Critical,0.0,0.0,<=,PASS,0,Analytics Engineering
2026-06-25,RUN-20260625-COMMERCE_ORDERS,COMMERCE_ORDERS,DQ-COMPLETE,Partition row coverage,Completeness,Critical,1.0,0.9,>=,PASS,0,Analytics Engineering
2026-06-25,RUN-20260625-COMMERCE_ORDERS,COMMERCE_ORDERS,DQ-VALID,Required type validity,Validity,High,0.0,0.0,<=,PASS,0,Analytics Engineering
2026-06-25,RUN-20260625-COMMERCE_ORDERS,COMMERCE_ORDERS,DQ-TAXONOMY,Unknown taxonomy rate,Consistency,High,0.0,0.01,<=,PASS,0,Analytics Engineering
2026-06-25,RUN-20260625-COMMERCE_ORDERS,COMMERCE_ORDERS,DQ-FRESH,Freshness lag,Timeliness,High,74.0,240.0,<=,PASS,0,Analytics Engineering
2026-06-25,RUN-20260625-COMMERCE_ORDERS,COMMERCE_ORDERS,DQ-RECON,Raw-to-dashboard variance,Reconciliation,Critical,0.000987,0.005,<=,PASS,0,Analytics Engineering
2026-06-25,RUN-20260625-CAMPAIGN_SPEND,CAMPAIGN_SPEND,DQ-UNIQUE,Business key uniqueness,Uniqueness,Critical,0.0,0.0,<=,PASS,0,Marketing Operations
2026-06-25,RUN-20260625-CAMPAIGN_SPEND,CAMPAIGN_SPEND,DQ-COMPLETE,Partition row coverage,Completeness,Critical,1.0,0.9,>=,PASS,0,Marketing Operations
2026-06-25,RUN-20260625-CAMPAIGN_SPEND,CAMPAIGN_SPEND,DQ-VALID,Required type validity,Validity,High,0.0,0.0,<=,PASS,0,Marketing Operations
2026-06-25,RUN-20260625-CAMPAIGN_SPEND,CAMPAIGN_SPEND,DQ-TAXONOMY,Unknown taxonomy rate,Consistency,High,0.0,0.01,<=,PASS,0,Marketing Operations
2026-06-25,RUN-20260625-CAMPAIGN_SPEND,CAMPAIGN_SPEND,DQ-FRESH,Freshness lag,Timeliness,High,82.0,240.0,<=,PASS,0,Marketing Operations
2026-06-25,RUN-20260625-CAMPAIGN_SPEND,CAMPAIGN_SPEND,DQ-RECON,Raw-to-dashboard variance,Reconciliation,Critical,0.002758,0.005,<=,PASS,0,Marketing Operations
2026-06-26,RUN-20260626-WEB_EVENTS,WEB_EVENTS,DQ-UNIQUE,Business key uniqueness,Uniqueness,Critical,0.0,0.0,<=,PASS,0,Web Analytics
2026-06-26,RUN-20260626-WEB_EVENTS,WEB_EVENTS,DQ-COMPLETE,Partition row coverage,Completeness,Critical,1.0,0.9,>=,PASS,0,Web Analytics
2026-06-26,RUN-20260626-WEB_EVENTS,WEB_EVENTS,DQ-VALID,Required type validity,Validity,High,0.0,0.0,<=,PASS,0,Web Analytics
2026-06-26,RUN-20260626-WEB_EVENTS,WEB_EVENTS,DQ-TAXONOMY,Unknown taxonomy rate,Consistency,High,0.0,0.01,<=,PASS,0,Web Analytics
2026-06-26,RUN-20260626-WEB_EVENTS,WEB_EVENTS,DQ-FRESH,Freshness lag,Timeliness,High,166.0,240.0,<=,PASS,0,Web Analytics
2026-06-26,RUN-20260626-WEB_EVENTS,WEB_EVENTS,DQ-RECON,Raw-to-dashboard variance,Reconciliation,Critical,0.000874,0.005,<=,PASS,0,Web Analytics
2026-06-26,RUN-20260626-CRM_LEADS,CRM_LEADS,DQ-UNIQUE,Business key uniqueness,Uniqueness,Critical,0.0,0.0,<=,PASS,0,Revenue Analytics
2026-06-26,RUN-20260626-CRM_LEADS,CRM_LEADS,DQ-COMPLETE,Partition row coverage,Completeness,Critical,1.0,0.9,>=,PASS,0,Revenue Analytics
2026-06-26,RUN-20260626-CRM_LEADS,CRM_LEADS,DQ-VALID,Required type validity,Validity,High,0.0,0.0,<=,PASS,0,Revenue Analytics
2026-06-26,RUN-20260626-CRM_LEADS,CRM_LEADS,DQ-TAXONOMY,Unknown taxonomy rate,Consistency,High,0.0,0.01,<=,PASS,0,Revenue Analytics
2026-06-26,RUN-20260626-CRM_LEADS,CRM_LEADS,DQ-FRESH,Freshness lag,Timeliness,High,91.0,240.0,<=,PASS,0,Revenue Analytics
2026-06-26,RUN-20260626-CRM_LEADS,CRM_LEADS,DQ-RECON,Raw-to-dashboard variance,Reconciliation,Critical,0.002027,0.005,<=,PASS,0,Revenue Analytics
2026-06-26,RUN-20260626-COMMERCE_ORDERS,COMMERCE_ORDERS,DQ-UNIQUE,Business key uniqueness,Uniqueness,Critical,0.0,0.0,<=,PASS,0,Analytics Engineering
2026-06-26,RUN-20260626-COMMERCE_ORDERS,COMMERCE_ORDERS,DQ-COMPLETE,Partition row coverage,Completeness,Critical,1.0,0.9,>=,PASS,0,Analytics Engineering
2026-06-26,RUN-20260626-COMMERCE_ORDERS,COMMERCE_ORDERS,DQ-VALID,Required type validity,Validity,High,0.0,0.0,<=,PASS,0,Analytics Engineering
2026-06-26,RUN-20260626-COMMERCE_ORDERS,COMMERCE_ORDERS,DQ-TAXONOMY,Unknown taxonomy rate,Consistency,High,0.0,0.01,<=,PASS,0,Analytics Engineering
2026-06-26,RUN-20260626-COMMERCE_ORDERS,COMMERCE_ORDERS,DQ-FRESH,Freshness lag,Timeliness,High,88.0,240.0,<=,PASS,0,Analytics Engineering
2026-06-26,RUN-20260626-COMMERCE_ORDERS,COMMERCE_ORDERS,DQ-RECON,Raw-to-dashboard variance,Reconciliation,Critical,0.001009,0.005,<=,PASS,0,Analytics Engineering
2026-06-26,RUN-20260626-CAMPAIGN_SPEND,CAMPAIGN_SPEND,DQ-UNIQUE,Business key uniqueness,Uniqueness,Critical,0.0,0.0,<=,PASS,0,Marketing Operations
2026-06-26,RUN-20260626-CAMPAIGN_SPEND,CAMPAIGN_SPEND,DQ-COMPLETE,Partition row coverage,Completeness,Critical,1.0,0.9,>=,PASS,0,Marketing Operations
2026-06-26,RUN-20260626-CAMPAIGN_SPEND,CAMPAIGN_SPEND,DQ-VALID,Required type validity,Validity,High,0.0,0.0,<=,PASS,0,Marketing Operations
2026-06-26,RUN-20260626-CAMPAIGN_SPEND,CAMPAIGN_SPEND,DQ-TAXONOMY,Unknown taxonomy rate,Consistency,High,0.0,0.01,<=,PASS,0,Marketing Operations
2026-06-26,RUN-20260626-CAMPAIGN_SPEND,CAMPAIGN_SPEND,DQ-FRESH,Freshness lag,Timeliness,High,98.0,240.0,<=,PASS,0,Marketing Operations
2026-06-26,RUN-20260626-CAMPAIGN_SPEND,CAMPAIGN_SPEND,DQ-RECON,Raw-to-dashboard variance,Reconciliation,Critical,0.001667,0.005,<=,PASS,0,Marketing Operations
2026-06-27,RUN-20260627-WEB_EVENTS,WEB_EVENTS,DQ-UNIQUE,Business key uniqueness,Uniqueness,Critical,0.0,0.0,<=,PASS,0,Web Analytics
2026-06-27,RUN-20260627-WEB_EVENTS,WEB_EVENTS,DQ-COMPLETE,Partition row coverage,Completeness,Critical,1.0,0.9,>=,PASS,0,Web Analytics
2026-06-27,RUN-20260627-WEB_EVENTS,WEB_EVENTS,DQ-VALID,Required type validity,Validity,High,0.0,0.0,<=,PASS,0,Web Analytics
2026-06-27,RUN-20260627-WEB_EVENTS,WEB_EVENTS,DQ-TAXONOMY,Unknown taxonomy rate,Consistency,High,0.0,0.01,<=,PASS,0,Web Analytics
2026-06-27,RUN-20260627-WEB_EVENTS,WEB_EVENTS,DQ-FRESH,Freshness lag,Timeliness,High,167.0,240.0,<=,PASS,0,Web Analytics
2026-06-27,RUN-20260627-WEB_EVENTS,WEB_EVENTS,DQ-RECON,Raw-to-dashboard variance,Reconciliation,Critical,0.00067,0.005,<=,PASS,0,Web Analytics
2026-06-27,RUN-20260627-CRM_LEADS,CRM_LEADS,DQ-UNIQUE,Business key uniqueness,Uniqueness,Critical,0.0,0.0,<=,PASS,0,Revenue Analytics
2026-06-27,RUN-20260627-CRM_LEADS,CRM_LEADS,DQ-COMPLETE,Partition row coverage,Completeness,Critical,1.0,0.9,>=,PASS,0,Revenue Analytics
2026-06-27,RUN-20260627-CRM_LEADS,CRM_LEADS,DQ-VALID,Required type validity,Validity,High,0.0,0.0,<=,PASS,0,Revenue Analytics
2026-06-27,RUN-20260627-CRM_LEADS,CRM_LEADS,DQ-TAXONOMY,Unknown taxonomy rate,Consistency,High,0.0,0.01,<=,PASS,0,Revenue Analytics
2026-06-27,RUN-20260627-CRM_LEADS,CRM_LEADS,DQ-FRESH,Freshness lag,Timeliness,High,106.0,240.0,<=,PASS,0,Revenue Analytics
2026-06-27,RUN-20260627-CRM_LEADS,CRM_LEADS,DQ-RECON,Raw-to-dashboard variance,Reconciliation,Critical,0.00306,0.005,<=,PASS,0,Revenue Analytics
2026-06-27,RUN-20260627-COMMERCE_ORDERS,COMMERCE_ORDERS,DQ-UNIQUE,Business key uniqueness,Uniqueness,Critical,0.0,0.0,<=,PASS,0,Analytics Engineering
2026-06-27,RUN-20260627-COMMERCE_ORDERS,COMMERCE_ORDERS,DQ-COMPLETE,Partition row coverage,Completeness,Critical,1.0,0.9,>=,PASS,0,Analytics Engineering
2026-06-27,RUN-20260627-COMMERCE_ORDERS,COMMERCE_ORDERS,DQ-VALID,Required type validity,Validity,High,0.0,0.0,<=,PASS,0,Analytics Engineering
2026-06-27,RUN-20260627-COMMERCE_ORDERS,COMMERCE_ORDERS,DQ-TAXONOMY,Unknown taxonomy rate,Consistency,High,0.0,0.01,<=,PASS,0,Analytics Engineering
2026-06-27,RUN-20260627-COMMERCE_ORDERS,COMMERCE_ORDERS,DQ-FRESH,Freshness lag,Timeliness,High,108.0,240.0,<=,PASS,0,Analytics Engineering
2026-06-27,RUN-20260627-COMMERCE_ORDERS,COMMERCE_ORDERS,DQ-RECON,Raw-to-dashboard variance,Reconciliation,Critical,0.000922,0.005,<=,PASS,0,Analytics Engineering
2026-06-27,RUN-20260627-CAMPAIGN_SPEND,CAMPAIGN_SPEND,DQ-UNIQUE,Business key uniqueness,Uniqueness,Critical,0.0,0.0,<=,PASS,0,Marketing Operations
2026-06-27,RUN-20260627-CAMPAIGN_SPEND,CAMPAIGN_SPEND,DQ-COMPLETE,Partition row coverage,Completeness,Critical,1.0,0.9,>=,PASS,0,Marketing Operations
2026-06-27,RUN-20260627-CAMPAIGN_SPEND,CAMPAIGN_SPEND,DQ-VALID,Required type validity,Validity,High,0.0,0.0,<=,PASS,0,Marketing Operations
2026-06-27,RUN-20260627-CAMPAIGN_SPEND,CAMPAIGN_SPEND,DQ-TAXONOMY,Unknown taxonomy rate,Consistency,High,0.0,0.01,<=,PASS,0,Marketing Operations
2026-06-27,RUN-20260627-CAMPAIGN_SPEND,CAMPAIGN_SPEND,DQ-FRESH,Freshness lag,Timeliness,High,61.0,240.0,<=,PASS,0,Marketing Operations
2026-06-27,RUN-20260627-CAMPAIGN_SPEND,CAMPAIGN_SPEND,DQ-RECON,Raw-to-dashboard variance,Reconciliation,Critical,0.003166,0.005,<=,PASS,0,Marketing Operations
2026-06-28,RUN-20260628-WEB_EVENTS,WEB_EVENTS,DQ-UNIQUE,Business key uniqueness,Uniqueness,Critical,0.0,0.0,<=,PASS,0,Web Analytics
2026-06-28,RUN-20260628-WEB_EVENTS,WEB_EVENTS,DQ-COMPLETE,Partition row coverage,Completeness,Critical,1.0,0.9,>=,PASS,0,Web Analytics
2026-06-28,RUN-20260628-WEB_EVENTS,WEB_EVENTS,DQ-VALID,Required type validity,Validity,High,0.0,0.0,<=,PASS,0,Web Analytics
2026-06-28,RUN-20260628-WEB_EVENTS,WEB_EVENTS,DQ-TAXONOMY,Unknown taxonomy rate,Consistency,High,0.0,0.01,<=,PASS,0,Web Analytics
2026-06-28,RUN-20260628-WEB_EVENTS,WEB_EVENTS,DQ-FRESH,Freshness lag,Timeliness,High,118.0,240.0,<=,PASS,0,Web Analytics
2026-06-28,RUN-20260628-WEB_EVENTS,WEB_EVENTS,DQ-RECON,Raw-to-dashboard variance,Reconciliation,Critical,0.000432,0.005,<=,PASS,0,Web Analytics
2026-06-28,RUN-20260628-CRM_LEADS,CRM_LEADS,DQ-UNIQUE,Business key uniqueness,Uniqueness,Critical,0.0,0.0,<=,PASS,0,Revenue Analytics
2026-06-28,RUN-20260628-CRM_LEADS,CRM_LEADS,DQ-COMPLETE,Partition row coverage,Completeness,Critical,1.0,0.9,>=,PASS,0,Revenue Analytics
2026-06-28,RUN-20260628-CRM_LEADS,CRM_LEADS,DQ-VALID,Required type validity,Validity,High,0.0,0.0,<=,PASS,0,Revenue Analytics
2026-06-28,RUN-20260628-CRM_LEADS,CRM_LEADS,DQ-TAXONOMY,Unknown taxonomy rate,Consistency,High,0.0,0.01,<=,PASS,0,Revenue Analytics
2026-06-28,RUN-20260628-CRM_LEADS,CRM_LEADS,DQ-FRESH,Freshness lag,Timeliness,High,180.0,240.0,<=,PASS,0,Revenue Analytics
2026-06-28,RUN-20260628-CRM_LEADS,CRM_LEADS,DQ-RECON,Raw-to-dashboard variance,Reconciliation,Critical,0.002476,0.005,<=,PASS,0,Revenue Analytics
2026-06-28,RUN-20260628-COMMERCE_ORDERS,COMMERCE_ORDERS,DQ-UNIQUE,Business key uniqueness,Uniqueness,Critical,0.0,0.0,<=,PASS,0,Analytics Engineering
2026-06-28,RUN-20260628-COMMERCE_ORDERS,COMMERCE_ORDERS,DQ-COMPLETE,Partition row coverage,Completeness,Critical,1.0,0.9,>=,PASS,0,Analytics Engineering
2026-06-28,RUN-20260628-COMMERCE_ORDERS,COMMERCE_ORDERS,DQ-VALID,Required type validity,Validity,High,0.0,0.0,<=,PASS,0,Analytics Engineering
2026-06-28,RUN-20260628-COMMERCE_ORDERS,COMMERCE_ORDERS,DQ-TAXONOMY,Unknown taxonomy rate,Consistency,High,0.0,0.01,<=,PASS,0,Analytics Engineering
2026-06-28,RUN-20260628-COMMERCE_ORDERS,COMMERCE_ORDERS,DQ-FRESH,Freshness lag,Timeliness,High,82.0,240.0,<=,PASS,0,Analytics Engineering
2026-06-28,RUN-20260628-COMMERCE_ORDERS,COMMERCE_ORDERS,DQ-RECON,Raw-to-dashboard variance,Reconciliation,Critical,0.001708,0.005,<=,PASS,0,Analytics Engineering
2026-06-28,RUN-20260628-CAMPAIGN_SPEND,CAMPAIGN_SPEND,DQ-UNIQUE,Business key uniqueness,Uniqueness,Critical,0.0,0.0,<=,PASS,0,Marketing Operations
2026-06-28,RUN-20260628-CAMPAIGN_SPEND,CAMPAIGN_SPEND,DQ-COMPLETE,Partition row coverage,Completeness,Critical,1.0,0.9,>=,PASS,0,Marketing Operations
2026-06-28,RUN-20260628-CAMPAIGN_SPEND,CAMPAIGN_SPEND,DQ-VALID,Required type validity,Validity,High,0.0,0.0,<=,PASS,0,Marketing Operations
2026-06-28,RUN-20260628-CAMPAIGN_SPEND,CAMPAIGN_SPEND,DQ-TAXONOMY,Unknown taxonomy rate,Consistency,High,0.02,0.01,<=,WARN,2,Marketing Operations
2026-06-28,RUN-20260628-CAMPAIGN_SPEND,CAMPAIGN_SPEND,DQ-FRESH,Freshness lag,Timeliness,High,176.0,240.0,<=,PASS,0,Marketing Operations
2026-06-28,RUN-20260628-CAMPAIGN_SPEND,CAMPAIGN_SPEND,DQ-RECON,Raw-to-dashboard variance,Reconciliation,Critical,0.002521,0.005,<=,PASS,0,Marketing Operations
2026-06-29,RUN-20260629-WEB_EVENTS,WEB_EVENTS,DQ-UNIQUE,Business key uniqueness,Uniqueness,Critical,0.0,0.0,<=,PASS,0,Web Analytics
2026-06-29,RUN-20260629-WEB_EVENTS,WEB_EVENTS,DQ-COMPLETE,Partition row coverage,Completeness,Critical,1.0,0.9,>=,PASS,0,Web Analytics
2026-06-29,RUN-20260629-WEB_EVENTS,WEB_EVENTS,DQ-VALID,Required type validity,Validity,High,0.0,0.0,<=,PASS,0,Web Analytics
2026-06-29,RUN-20260629-WEB_EVENTS,WEB_EVENTS,DQ-TAXONOMY,Unknown taxonomy rate,Consistency,High,0.0,0.01,<=,PASS,0,Web Analytics
2026-06-29,RUN-20260629-WEB_EVENTS,WEB_EVENTS,DQ-FRESH,Freshness lag,Timeliness,High,152.0,240.0,<=,PASS,0,Web Analytics
2026-06-29,RUN-20260629-WEB_EVENTS,WEB_EVENTS,DQ-RECON,Raw-to-dashboard variance,Reconciliation,Critical,0.00082,0.005,<=,PASS,0,Web Analytics
2026-06-29,RUN-20260629-CRM_LEADS,CRM_LEADS,DQ-UNIQUE,Business key uniqueness,Uniqueness,Critical,0.0,0.0,<=,PASS,0,Revenue Analytics
2026-06-29,RUN-20260629-CRM_LEADS,CRM_LEADS,DQ-COMPLETE,Partition row coverage,Completeness,Critical,1.0,0.9,>=,PASS,0,Revenue Analytics
2026-06-29,RUN-20260629-CRM_LEADS,CRM_LEADS,DQ-VALID,Required type validity,Validity,High,0.0,0.0,<=,PASS,0,Revenue Analytics
2026-06-29,RUN-20260629-CRM_LEADS,CRM_LEADS,DQ-TAXONOMY,Unknown taxonomy rate,Consistency,High,0.0,0.01,<=,PASS,0,Revenue Analytics
2026-06-29,RUN-20260629-CRM_LEADS,CRM_LEADS,DQ-FRESH,Freshness lag,Timeliness,High,178.0,240.0,<=,PASS,0,Revenue Analytics
2026-06-29,RUN-20260629-CRM_LEADS,CRM_LEADS,DQ-RECON,Raw-to-dashboard variance,Reconciliation,Critical,0.001862,0.005,<=,PASS,0,Revenue Analytics
2026-06-29,RUN-20260629-COMMERCE_ORDERS,COMMERCE_ORDERS,DQ-UNIQUE,Business key uniqueness,Uniqueness,Critical,0.0,0.0,<=,PASS,0,Analytics Engineering
2026-06-29,RUN-20260629-COMMERCE_ORDERS,COMMERCE_ORDERS,DQ-COMPLETE,Partition row coverage,Completeness,Critical,1.0,0.9,>=,PASS,0,Analytics Engineering
2026-06-29,RUN-20260629-COMMERCE_ORDERS,COMMERCE_ORDERS,DQ-VALID,Required type validity,Validity,High,0.0,0.0,<=,PASS,0,Analytics Engineering
2026-06-29,RUN-20260629-COMMERCE_ORDERS,COMMERCE_ORDERS,DQ-TAXONOMY,Unknown taxonomy rate,Consistency,High,0.0,0.01,<=,PASS,0,Analytics Engineering
2026-06-29,RUN-20260629-COMMERCE_ORDERS,COMMERCE_ORDERS,DQ-FRESH,Freshness lag,Timeliness,High,90.0,240.0,<=,PASS,0,Analytics Engineering
2026-06-29,RUN-20260629-COMMERCE_ORDERS,COMMERCE_ORDERS,DQ-RECON,Raw-to-dashboard variance,Reconciliation,Critical,0.00318,0.005,<=,PASS,0,Analytics Engineering
2026-06-29,RUN-20260629-CAMPAIGN_SPEND,CAMPAIGN_SPEND,DQ-UNIQUE,Business key uniqueness,Uniqueness,Critical,0.0,0.0,<=,PASS,0,Marketing Operations
2026-06-29,RUN-20260629-CAMPAIGN_SPEND,CAMPAIGN_SPEND,DQ-COMPLETE,Partition row coverage,Completeness,Critical,1.0,0.9,>=,PASS,0,Marketing Operations
2026-06-29,RUN-20260629-CAMPAIGN_SPEND,CAMPAIGN_SPEND,DQ-VALID,Required type validity,Validity,High,0.0,0.0,<=,PASS,0,Marketing Operations
2026-06-29,RUN-20260629-CAMPAIGN_SPEND,CAMPAIGN_SPEND,DQ-TAXONOMY,Unknown taxonomy rate,Consistency,High,0.02,0.01,<=,WARN,2,Marketing Operations
2026-06-29,RUN-20260629-CAMPAIGN_SPEND,CAMPAIGN_SPEND,DQ-FRESH,Freshness lag,Timeliness,High,178.0,240.0,<=,PASS,0,Marketing Operations
2026-06-29,RUN-20260629-CAMPAIGN_SPEND,CAMPAIGN_SPEND,DQ-RECON,Raw-to-dashboard variance,Reconciliation,Critical,0.001424,0.005,<=,PASS,0,Marketing Operations
2026-06-30,RUN-20260630-WEB_EVENTS,WEB_EVENTS,DQ-UNIQUE,Business key uniqueness,Uniqueness,Critical,0.0,0.0,<=,PASS,0,Web Analytics
2026-06-30,RUN-20260630-WEB_EVENTS,WEB_EVENTS,DQ-COMPLETE,Partition row coverage,Completeness,Critical,1.0,0.9,>=,PASS,0,Web Analytics
2026-06-30,RUN-20260630-WEB_EVENTS,WEB_EVENTS,DQ-VALID,Required type validity,Validity,High,0.0,0.0,<=,PASS,0,Web Analytics
2026-06-30,RUN-20260630-WEB_EVENTS,WEB_EVENTS,DQ-TAXONOMY,Unknown taxonomy rate,Consistency,High,0.0,0.01,<=,PASS,0,Web Analytics
2026-06-30,RUN-20260630-WEB_EVENTS,WEB_EVENTS,DQ-FRESH,Freshness lag,Timeliness,High,77.0,240.0,<=,PASS,0,Web Analytics
2026-06-30,RUN-20260630-WEB_EVENTS,WEB_EVENTS,DQ-RECON,Raw-to-dashboard variance,Reconciliation,Critical,0.000831,0.005,<=,PASS,0,Web Analytics
2026-06-30,RUN-20260630-CRM_LEADS,CRM_LEADS,DQ-UNIQUE,Business key uniqueness,Uniqueness,Critical,0.0,0.0,<=,PASS,0,Revenue Analytics
2026-06-30,RUN-20260630-CRM_LEADS,CRM_LEADS,DQ-COMPLETE,Partition row coverage,Completeness,Critical,1.0,0.9,>=,PASS,0,Revenue Analytics
2026-06-30,RUN-20260630-CRM_LEADS,CRM_LEADS,DQ-VALID,Required type validity,Validity,High,0.0,0.0,<=,PASS,0,Revenue Analytics
2026-06-30,RUN-20260630-CRM_LEADS,CRM_LEADS,DQ-TAXONOMY,Unknown taxonomy rate,Consistency,High,0.0,0.01,<=,PASS,0,Revenue Analytics
2026-06-30,RUN-20260630-CRM_LEADS,CRM_LEADS,DQ-FRESH,Freshness lag,Timeliness,High,133.0,240.0,<=,PASS,0,Revenue Analytics
2026-06-30,RUN-20260630-CRM_LEADS,CRM_LEADS,DQ-RECON,Raw-to-dashboard variance,Reconciliation,Critical,0.00215,0.005,<=,PASS,0,Revenue Analytics
2026-06-30,RUN-20260630-COMMERCE_ORDERS,COMMERCE_ORDERS,DQ-UNIQUE,Business key uniqueness,Uniqueness,Critical,0.0,0.0,<=,PASS,0,Analytics Engineering
2026-06-30,RUN-20260630-COMMERCE_ORDERS,COMMERCE_ORDERS,DQ-COMPLETE,Partition row coverage,Completeness,Critical,1.0,0.9,>=,PASS,0,Analytics Engineering
2026-06-30,RUN-20260630-COMMERCE_ORDERS,COMMERCE_ORDERS,DQ-VALID,Required type validity,Validity,High,0.0,0.0,<=,PASS,0,Analytics Engineering
2026-06-30,RUN-20260630-COMMERCE_ORDERS,COMMERCE_ORDERS,DQ-TAXONOMY,Unknown taxonomy rate,Consistency,High,0.0,0.01,<=,PASS,0,Analytics Engineering
2026-06-30,RUN-20260630-COMMERCE_ORDERS,COMMERCE_ORDERS,DQ-FRESH,Freshness lag,Timeliness,High,153.0,240.0,<=,PASS,0,Analytics Engineering
2026-06-30,RUN-20260630-COMMERCE_ORDERS,COMMERCE_ORDERS,DQ-RECON,Raw-to-dashboard variance,Reconciliation,Critical,0.001072,0.005,<=,PASS,0,Analytics Engineering
2026-06-30,RUN-20260630-CAMPAIGN_SPEND,CAMPAIGN_SPEND,DQ-UNIQUE,Business key uniqueness,Uniqueness,Critical,0.0,0.0,<=,PASS,0,Marketing Operations
2026-06-30,RUN-20260630-CAMPAIGN_SPEND,CAMPAIGN_SPEND,DQ-COMPLETE,Partition row coverage,Completeness,Critical,1.0,0.9,>=,PASS,0,Marketing Operations
2026-06-30,RUN-20260630-CAMPAIGN_SPEND,CAMPAIGN_SPEND,DQ-VALID,Required type validity,Validity,High,0.0,0.0,<=,PASS,0,Marketing Operations
2026-06-30,RUN-20260630-CAMPAIGN_SPEND,CAMPAIGN_SPEND,DQ-TAXONOMY,Unknown taxonomy rate,Consistency,High,0.02,0.01,<=,WARN,2,Marketing Operations
2026-06-30,RUN-20260630-CAMPAIGN_SPEND,CAMPAIGN_SPEND,DQ-FRESH,Freshness lag,Timeliness,High,169.0,240.0,<=,PASS,0,Marketing Operations
2026-06-30,RUN-20260630-CAMPAIGN_SPEND,CAMPAIGN_SPEND,DQ-RECON,Raw-to-dashboard variance,Reconciliation,Critical,0.000845,0.005,<=,PASS,0,Marketing Operations
