run_id,run_date,account_id,connector_id,environment,status,http_status,records_received,records_accepted,records_rejected,latency_ms,retry_count,error_code
SYNC-ACCT-001-CRM-20250814,2025-08-14,ACCT-001,CRM,Production,SUCCESS,200,1509,1501,8,655,0,
SYNC-ACCT-001-CRM-20250817,2025-08-17,ACCT-001,CRM,Production,SUCCESS,200,942,942,0,2064,0,
SYNC-ACCT-001-CRM-20250820,2025-08-20,ACCT-001,CRM,Production,SUCCESS,200,1175,1170,5,1928,0,
SYNC-ACCT-001-CRM-20250823,2025-08-23,ACCT-001,CRM,Production,SUCCESS,200,1409,1405,4,2909,0,
SYNC-ACCT-001-CRM-20250826,2025-08-26,ACCT-001,CRM,Production,SUCCESS,200,1287,1284,3,1891,0,
SYNC-ACCT-001-CRM-20250829,2025-08-29,ACCT-001,CRM,Production,SUCCESS,200,1407,1399,8,763,0,
SYNC-ACCT-001-CRM-20250901,2025-09-01,ACCT-001,CRM,Production,SUCCESS,200,1266,1262,4,2918,0,
SYNC-ACCT-001-CRM-20250904,2025-09-04,ACCT-001,CRM,Production,SUCCESS,200,1324,1319,5,2541,0,
SYNC-ACCT-001-CRM-20250907,2025-09-07,ACCT-001,CRM,Production,SUCCESS,200,1529,1527,2,3333,0,
SYNC-ACCT-001-CRM-20250910,2025-09-10,ACCT-001,CRM,Production,SUCCESS,200,1356,1347,9,3359,0,
SYNC-ACCT-001-CRM-20250913,2025-09-13,ACCT-001,CRM,Production,SUCCESS,200,975,968,7,2601,0,
SYNC-ACCT-001-CRM-20250916,2025-09-16,ACCT-001,CRM,Production,SUCCESS,200,1675,1668,7,1864,0,
SYNC-ACCT-001-CRM-20250919,2025-09-19,ACCT-001,CRM,Production,SUCCESS,200,1080,1072,8,1215,0,
SYNC-ACCT-001-CRM-20250922,2025-09-22,ACCT-001,CRM,Production,SUCCESS,200,1535,1530,5,2793,0,
SYNC-ACCT-001-CRM-20250925,2025-09-25,ACCT-001,CRM,Production,SUCCESS,200,1434,1432,2,3187,0,
SYNC-ACCT-001-CRM-20250928,2025-09-28,ACCT-001,CRM,Production,SUCCESS,200,1495,1483,12,970,0,
SYNC-ACCT-001-CRM-20251001,2025-10-01,ACCT-001,CRM,Production,SUCCESS,200,1180,1176,4,965,0,
SYNC-ACCT-001-CRM-20251004,2025-10-04,ACCT-001,CRM,Production,SUCCESS,200,1300,1300,0,1720,0,
SYNC-ACCT-001-CRM-20251007,2025-10-07,ACCT-001,CRM,Production,SUCCESS,200,1652,1640,12,2755,0,
SYNC-ACCT-001-CRM-20251010,2025-10-10,ACCT-001,CRM,Production,SUCCESS,200,1060,1055,5,2068,0,
SYNC-ACCT-001-CRM-20251013,2025-10-13,ACCT-001,CRM,Production,SUCCESS,200,1210,1205,5,1590,0,
SYNC-ACCT-001-CRM-20251016,2025-10-16,ACCT-001,CRM,Production,SUCCESS,200,750,750,0,1769,0,
SYNC-ACCT-001-CRM-20251019,2025-10-19,ACCT-001,CRM,Production,SUCCESS,200,1041,1037,4,509,0,
SYNC-ACCT-001-CRM-20251022,2025-10-22,ACCT-001,CRM,Production,SUCCESS,200,938,938,0,794,0,
SYNC-ACCT-001-CRM-20251025,2025-10-25,ACCT-001,CRM,Production,SUCCESS,200,1508,1506,2,2310,0,
SYNC-ACCT-001-CRM-20251028,2025-10-28,ACCT-001,CRM,Production,SUCCESS,200,1526,1521,5,600,0,
SYNC-ACCT-001-CRM-20251031,2025-10-31,ACCT-001,CRM,Production,SUCCESS,200,1541,1535,6,1275,0,
SYNC-ACCT-001-CRM-20251103,2025-11-03,ACCT-001,CRM,Production,SUCCESS,200,1138,1137,1,3244,0,
SYNC-ACCT-001-CRM-20251106,2025-11-06,ACCT-001,CRM,Production,SUCCESS,200,1204,1197,7,1761,0,
SYNC-ACCT-001-CRM-20251109,2025-11-09,ACCT-001,CRM,Production,SUCCESS,200,1268,1267,1,1206,0,
SYNC-ACCT-001-CRM-20251112,2025-11-12,ACCT-001,CRM,Production,SUCCESS,200,1223,1218,5,3166,0,
SYNC-ACCT-001-CRM-20251115,2025-11-15,ACCT-001,CRM,Production,SUCCESS,200,1235,1230,5,774,0,
SYNC-ACCT-001-CRM-20251118,2025-11-18,ACCT-001,CRM,Production,SUCCESS,200,1657,1644,13,2107,0,
SYNC-ACCT-001-CRM-20251121,2025-11-21,ACCT-001,CRM,Production,SUCCESS,200,774,771,3,3204,0,
SYNC-ACCT-001-CRM-20251124,2025-11-24,ACCT-001,CRM,Production,SUCCESS,200,931,924,7,1572,0,
SYNC-ACCT-001-CRM-20251127,2025-11-27,ACCT-001,CRM,Production,SUCCESS,200,913,910,3,2411,0,
SYNC-ACCT-001-CRM-20251130,2025-11-30,ACCT-001,CRM,Production,SUCCESS,200,1193,1183,10,1070,0,
SYNC-ACCT-001-CRM-20251203,2025-12-03,ACCT-001,CRM,Production,SUCCESS,200,1421,1412,9,1809,0,
SYNC-ACCT-001-CRM-20251206,2025-12-06,ACCT-001,CRM,Production,SUCCESS,200,1147,1143,4,3063,0,
SYNC-ACCT-001-CRM-20251209,2025-12-09,ACCT-001,CRM,Production,SUCCESS,200,1145,1143,2,1700,0,
SYNC-ACCT-001-CRM-20251212,2025-12-12,ACCT-001,CRM,Production,SUCCESS,200,1118,1115,3,602,0,
SYNC-ACCT-001-CRM-20251215,2025-12-15,ACCT-001,CRM,Production,SUCCESS,200,1378,1372,6,2172,0,
SYNC-ACCT-001-CRM-20251218,2025-12-18,ACCT-001,CRM,Production,SUCCESS,200,1255,1254,1,2455,0,
SYNC-ACCT-001-CRM-20251221,2025-12-21,ACCT-001,CRM,Production,SUCCESS,200,850,845,5,1747,0,
SYNC-ACCT-001-CRM-20251224,2025-12-24,ACCT-001,CRM,Production,SUCCESS,200,1259,1249,10,1472,0,
SYNC-ACCT-001-CRM-20251227,2025-12-27,ACCT-001,CRM,Production,SUCCESS,200,1286,1276,10,1350,0,
SYNC-ACCT-001-CRM-20251230,2025-12-30,ACCT-001,CRM,Production,SUCCESS,200,1498,1496,2,2961,0,
SYNC-ACCT-001-CRM-20260102,2026-01-02,ACCT-001,CRM,Production,SUCCESS,200,1221,1213,8,526,0,
SYNC-ACCT-001-CRM-20260105,2026-01-05,ACCT-001,CRM,Production,SUCCESS,200,825,819,6,856,0,
SYNC-ACCT-001-CRM-20260108,2026-01-08,ACCT-001,CRM,Production,SUCCESS,200,989,986,3,1546,0,
SYNC-ACCT-001-CRM-20260111,2026-01-11,ACCT-001,CRM,Production,SUCCESS,200,924,921,3,595,0,
SYNC-ACCT-001-CRM-20260114,2026-01-14,ACCT-001,CRM,Production,SUCCESS,200,1060,1059,1,2364,0,
SYNC-ACCT-001-CRM-20260117,2026-01-17,ACCT-001,CRM,Production,SUCCESS,200,1042,1038,4,1479,0,
SYNC-ACCT-001-CRM-20260120,2026-01-20,ACCT-001,CRM,Production,SUCCESS,200,1251,1246,5,1820,0,
SYNC-ACCT-001-CRM-20260123,2026-01-23,ACCT-001,CRM,Production,SUCCESS,200,1390,1386,4,1656,0,
SYNC-ACCT-001-CRM-20260126,2026-01-26,ACCT-001,CRM,Production,SUCCESS,200,1483,1481,2,1104,0,
SYNC-ACCT-001-CRM-20260129,2026-01-29,ACCT-001,CRM,Production,SUCCESS,200,1451,1445,6,2266,0,
SYNC-ACCT-001-CRM-20260201,2026-02-01,ACCT-001,CRM,Production,SUCCESS,200,1532,1520,12,2131,0,
SYNC-ACCT-001-CRM-20260204,2026-02-04,ACCT-001,CRM,Production,SUCCESS,200,1508,1505,3,1802,0,
SYNC-ACCT-001-CRM-20260207,2026-02-07,ACCT-001,CRM,Production,SUCCESS,200,1359,1356,3,1870,0,
SYNC-ACCT-001-CRM-20260210,2026-02-10,ACCT-001,CRM,Production,SUCCESS,200,1482,1477,5,2127,0,
SYNC-ACCT-001-CRM-20260213,2026-02-13,ACCT-001,CRM,Production,SUCCESS,200,1545,1537,8,1713,0,
SYNC-ACCT-001-CRM-20260216,2026-02-16,ACCT-001,CRM,Production,SUCCESS,200,1446,1441,5,610,0,
SYNC-ACCT-001-CRM-20260219,2026-02-19,ACCT-001,CRM,Production,SUCCESS,200,845,839,6,708,0,
SYNC-ACCT-001-CRM-20260222,2026-02-22,ACCT-001,CRM,Production,SUCCESS,200,1441,1435,6,2184,0,
SYNC-ACCT-001-CRM-20260225,2026-02-25,ACCT-001,CRM,Production,SUCCESS,200,1316,1307,9,1028,0,
SYNC-ACCT-001-CRM-20260228,2026-02-28,ACCT-001,CRM,Production,SUCCESS,200,1139,1133,6,2089,0,
SYNC-ACCT-001-CRM-20260303,2026-03-03,ACCT-001,CRM,Production,SUCCESS,200,1270,1265,5,1995,0,
SYNC-ACCT-001-CRM-20260306,2026-03-06,ACCT-001,CRM,Production,SUCCESS,200,1539,1535,4,2286,0,
SYNC-ACCT-001-CRM-20260309,2026-03-09,ACCT-001,CRM,Production,SUCCESS,200,987,982,5,1749,0,
SYNC-ACCT-001-CRM-20260312,2026-03-12,ACCT-001,CRM,Production,SUCCESS,200,1287,1282,5,2191,0,
SYNC-ACCT-001-CRM-20260315,2026-03-15,ACCT-001,CRM,Production,SUCCESS,200,1165,1161,4,1708,0,
SYNC-ACCT-001-CRM-20260318,2026-03-18,ACCT-001,CRM,Production,SUCCESS,200,1082,1077,5,2636,0,
SYNC-ACCT-001-CRM-20260321,2026-03-21,ACCT-001,CRM,Production,SUCCESS,200,871,869,2,2518,0,
SYNC-ACCT-001-CRM-20260324,2026-03-24,ACCT-001,CRM,Production,SUCCESS,200,1048,1043,5,2834,0,
SYNC-ACCT-001-CRM-20260327,2026-03-27,ACCT-001,CRM,Production,SUCCESS,200,1078,1071,7,2464,0,
SYNC-ACCT-001-CRM-20260330,2026-03-30,ACCT-001,CRM,Production,SUCCESS,200,1143,1139,4,2999,0,
SYNC-ACCT-001-CRM-20260402,2026-04-02,ACCT-001,CRM,Production,SUCCESS,200,1257,1247,10,862,0,
SYNC-ACCT-001-CRM-20260405,2026-04-05,ACCT-001,CRM,Production,SUCCESS,200,1481,1479,2,2047,0,
SYNC-ACCT-001-CRM-20260408,2026-04-08,ACCT-001,CRM,Production,SUCCESS,200,1205,1203,2,2280,0,
SYNC-ACCT-001-CRM-20260411,2026-04-11,ACCT-001,CRM,Production,SUCCESS,200,1652,1647,5,789,0,
SYNC-ACCT-001-CRM-20260414,2026-04-14,ACCT-001,CRM,Production,SUCCESS,200,1483,1477,6,2836,0,
SYNC-ACCT-001-CRM-20260417,2026-04-17,ACCT-001,CRM,Production,SUCCESS,200,1236,1231,5,1449,0,
SYNC-ACCT-001-CRM-20260420,2026-04-20,ACCT-001,CRM,Production,SUCCESS,200,1495,1488,7,2758,0,
SYNC-ACCT-001-CRM-20260423,2026-04-23,ACCT-001,CRM,Production,SUCCESS,200,1319,1314,5,3059,0,
SYNC-ACCT-001-CRM-20260426,2026-04-26,ACCT-001,CRM,Production,SUCCESS,200,1369,1364,5,2906,0,
SYNC-ACCT-001-CRM-20260429,2026-04-29,ACCT-001,CRM,Production,SUCCESS,200,1204,1195,9,1260,0,
SYNC-ACCT-001-CRM-20260502,2026-05-02,ACCT-001,CRM,Production,SUCCESS,200,784,782,2,1624,0,
SYNC-ACCT-001-CRM-20260505,2026-05-05,ACCT-001,CRM,Production,SUCCESS,200,888,885,3,3163,0,
SYNC-ACCT-001-CRM-20260508,2026-05-08,ACCT-001,CRM,Production,SUCCESS,200,1011,1008,3,630,0,
SYNC-ACCT-001-CRM-20260511,2026-05-11,ACCT-001,CRM,Production,SUCCESS,200,1305,1299,6,1646,0,
SYNC-ACCT-001-CRM-20260514,2026-05-14,ACCT-001,CRM,Production,SUCCESS,200,1362,1358,4,908,0,
SYNC-ACCT-001-CRM-20260517,2026-05-17,ACCT-001,CRM,Production,SUCCESS,200,1411,1404,7,547,0,
SYNC-ACCT-001-CRM-20260520,2026-05-20,ACCT-001,CRM,Production,SUCCESS,200,1336,1329,7,2010,0,
SYNC-ACCT-001-CRM-20260523,2026-05-23,ACCT-001,CRM,Production,SUCCESS,200,1117,1109,8,1598,0,
SYNC-ACCT-001-CRM-20260526,2026-05-26,ACCT-001,CRM,Production,SUCCESS,200,806,801,5,1305,0,
SYNC-ACCT-001-CRM-20260529,2026-05-29,ACCT-001,CRM,Production,SUCCESS,200,1429,1424,5,2673,0,
SYNC-ACCT-001-CRM-20260601,2026-06-01,ACCT-001,CRM,Production,SUCCESS,200,1161,1160,1,819,0,
SYNC-ACCT-001-CRM-20260604,2026-06-04,ACCT-001,CRM,Production,SUCCESS,200,842,842,0,1934,0,
SYNC-ACCT-001-CRM-20260607,2026-06-07,ACCT-001,CRM,Production,SUCCESS,200,1416,1414,2,3192,0,
SYNC-ACCT-001-CRM-20260610,2026-06-10,ACCT-001,CRM,Production,SUCCESS,200,1434,1432,2,2928,0,
SYNC-ACCT-001-CRM-20260613,2026-06-13,ACCT-001,CRM,Production,SUCCESS,200,1217,1207,10,653,0,
SYNC-ACCT-001-CRM-20260616,2026-06-16,ACCT-001,CRM,Production,SUCCESS,200,1402,1401,1,2877,0,
SYNC-ACCT-001-CRM-20260619,2026-06-19,ACCT-001,CRM,Production,SUCCESS,200,829,828,1,1094,0,
SYNC-ACCT-001-CRM-20260622,2026-06-22,ACCT-001,CRM,Production,SUCCESS,200,928,926,2,515,0,
SYNC-ACCT-001-CRM-20260625,2026-06-25,ACCT-001,CRM,Production,SUCCESS,200,1007,1002,5,2395,0,
SYNC-ACCT-001-CRM-20260628,2026-06-28,ACCT-001,CRM,Production,SUCCESS,200,736,730,6,3018,0,
SYNC-ACCT-001-BILLING-20250814,2025-08-14,ACCT-001,BILLING,Production,SUCCESS,200,1480,1474,6,1992,0,
SYNC-ACCT-001-BILLING-20250817,2025-08-17,ACCT-001,BILLING,Production,SUCCESS,200,1042,1034,8,1241,0,
SYNC-ACCT-001-BILLING-20250820,2025-08-20,ACCT-001,BILLING,Production,SUCCESS,200,1583,1573,10,1191,0,
SYNC-ACCT-001-BILLING-20250823,2025-08-23,ACCT-001,BILLING,Production,SUCCESS,200,744,740,4,1048,0,
SYNC-ACCT-001-BILLING-20250826,2025-08-26,ACCT-001,BILLING,Production,SUCCESS,200,1067,1063,4,1579,0,
SYNC-ACCT-001-BILLING-20250829,2025-08-29,ACCT-001,BILLING,Production,SUCCESS,200,1575,1570,5,2313,0,
SYNC-ACCT-001-BILLING-20250901,2025-09-01,ACCT-001,BILLING,Production,SUCCESS,200,974,966,8,3039,0,
SYNC-ACCT-001-BILLING-20250904,2025-09-04,ACCT-001,BILLING,Production,SUCCESS,200,1314,1305,9,2569,0,
SYNC-ACCT-001-BILLING-20250907,2025-09-07,ACCT-001,BILLING,Production,SUCCESS,200,722,716,6,1794,0,
SYNC-ACCT-001-BILLING-20250910,2025-09-10,ACCT-001,BILLING,Production,SUCCESS,200,1533,1526,7,534,0,
SYNC-ACCT-001-BILLING-20250913,2025-09-13,ACCT-001,BILLING,Production,SUCCESS,200,1326,1323,3,1423,0,
SYNC-ACCT-001-BILLING-20250916,2025-09-16,ACCT-001,BILLING,Production,SUCCESS,200,1528,1521,7,1251,0,
SYNC-ACCT-001-BILLING-20250919,2025-09-19,ACCT-001,BILLING,Production,SUCCESS,200,1135,1127,8,3278,0,
SYNC-ACCT-001-BILLING-20250922,2025-09-22,ACCT-001,BILLING,Production,SUCCESS,200,1415,1404,11,2121,0,
SYNC-ACCT-001-BILLING-20250925,2025-09-25,ACCT-001,BILLING,Production,SUCCESS,200,1649,1641,8,1319,0,
SYNC-ACCT-001-BILLING-20250928,2025-09-28,ACCT-001,BILLING,Production,SUCCESS,200,1509,1500,9,578,0,
SYNC-ACCT-001-BILLING-20251001,2025-10-01,ACCT-001,BILLING,Production,SUCCESS,200,1582,1571,11,2728,0,
SYNC-ACCT-001-BILLING-20251004,2025-10-04,ACCT-001,BILLING,Production,SUCCESS,200,1521,1510,11,2558,0,
SYNC-ACCT-001-BILLING-20251007,2025-10-07,ACCT-001,BILLING,Production,SUCCESS,200,917,914,3,2466,0,
SYNC-ACCT-001-BILLING-20251010,2025-10-10,ACCT-001,BILLING,Production,SUCCESS,200,911,910,1,1940,0,
SYNC-ACCT-001-BILLING-20251013,2025-10-13,ACCT-001,BILLING,Production,SUCCESS,200,1538,1527,11,1854,0,
SYNC-ACCT-001-BILLING-20251016,2025-10-16,ACCT-001,BILLING,Production,SUCCESS,200,1179,1172,7,899,0,
SYNC-ACCT-001-BILLING-20251019,2025-10-19,ACCT-001,BILLING,Production,SUCCESS,200,1604,1603,1,3045,0,
SYNC-ACCT-001-BILLING-20251022,2025-10-22,ACCT-001,BILLING,Production,SUCCESS,200,928,922,6,3194,0,
SYNC-ACCT-001-BILLING-20251025,2025-10-25,ACCT-001,BILLING,Production,SUCCESS,200,766,763,3,562,0,
SYNC-ACCT-001-BILLING-20251028,2025-10-28,ACCT-001,BILLING,Production,SUCCESS,200,1666,1661,5,3180,0,
SYNC-ACCT-001-BILLING-20251031,2025-10-31,ACCT-001,BILLING,Production,SUCCESS,200,1463,1452,11,2500,0,
SYNC-ACCT-001-BILLING-20251103,2025-11-03,ACCT-001,BILLING,Production,SUCCESS,200,932,927,5,2411,0,
SYNC-ACCT-001-BILLING-20251106,2025-11-06,ACCT-001,BILLING,Production,SUCCESS,200,1264,1258,6,2036,0,
SYNC-ACCT-001-BILLING-20251109,2025-11-09,ACCT-001,BILLING,Production,SUCCESS,200,1652,1645,7,3354,0,
SYNC-ACCT-001-BILLING-20251112,2025-11-12,ACCT-001,BILLING,Production,SUCCESS,200,960,954,6,850,0,
SYNC-ACCT-001-BILLING-20251115,2025-11-15,ACCT-001,BILLING,Production,SUCCESS,200,1382,1373,9,1519,0,
SYNC-ACCT-001-BILLING-20251118,2025-11-18,ACCT-001,BILLING,Production,SUCCESS,200,1581,1576,5,618,0,
SYNC-ACCT-001-BILLING-20251121,2025-11-21,ACCT-001,BILLING,Production,SUCCESS,200,1167,1164,3,1749,0,
SYNC-ACCT-001-BILLING-20251124,2025-11-24,ACCT-001,BILLING,Production,SUCCESS,200,1434,1424,10,1639,0,
SYNC-ACCT-001-BILLING-20251127,2025-11-27,ACCT-001,BILLING,Production,SUCCESS,200,1433,1427,6,2564,0,
SYNC-ACCT-001-BILLING-20251130,2025-11-30,ACCT-001,BILLING,Production,SUCCESS,200,1168,1164,4,2304,0,
SYNC-ACCT-001-BILLING-20251203,2025-12-03,ACCT-001,BILLING,Production,SUCCESS,200,1505,1494,11,2727,0,
SYNC-ACCT-001-BILLING-20251206,2025-12-06,ACCT-001,BILLING,Production,SUCCESS,200,1131,1130,1,2657,0,
SYNC-ACCT-001-BILLING-20251209,2025-12-09,ACCT-001,BILLING,Production,SUCCESS,200,1093,1090,3,1185,0,
SYNC-ACCT-001-BILLING-20251212,2025-12-12,ACCT-001,BILLING,Production,SUCCESS,200,1669,1659,10,2263,0,
SYNC-ACCT-001-BILLING-20251215,2025-12-15,ACCT-001,BILLING,Production,SUCCESS,200,1578,1568,10,3108,0,
SYNC-ACCT-001-BILLING-20251218,2025-12-18,ACCT-001,BILLING,Production,SUCCESS,200,1096,1093,3,1494,0,
SYNC-ACCT-001-BILLING-20251221,2025-12-21,ACCT-001,BILLING,Production,SUCCESS,200,1590,1584,6,547,0,
SYNC-ACCT-001-BILLING-20251224,2025-12-24,ACCT-001,BILLING,Production,SUCCESS,200,799,795,4,3031,0,
SYNC-ACCT-001-BILLING-20251227,2025-12-27,ACCT-001,BILLING,Production,SUCCESS,200,1403,1399,4,2707,0,
SYNC-ACCT-001-BILLING-20251230,2025-12-30,ACCT-001,BILLING,Production,SUCCESS,200,1569,1567,2,610,0,
SYNC-ACCT-001-BILLING-20260102,2026-01-02,ACCT-001,BILLING,Production,SUCCESS,200,1359,1358,1,1112,0,
SYNC-ACCT-001-BILLING-20260105,2026-01-05,ACCT-001,BILLING,Production,SUCCESS,200,1322,1319,3,762,0,
SYNC-ACCT-001-BILLING-20260108,2026-01-08,ACCT-001,BILLING,Production,SUCCESS,200,1118,1109,9,521,0,
SYNC-ACCT-001-BILLING-20260111,2026-01-11,ACCT-001,BILLING,Production,SUCCESS,200,1057,1053,4,1963,0,
SYNC-ACCT-001-BILLING-20260114,2026-01-14,ACCT-001,BILLING,Production,SUCCESS,200,1147,1138,9,1515,0,
SYNC-ACCT-001-BILLING-20260117,2026-01-17,ACCT-001,BILLING,Production,SUCCESS,200,1435,1435,0,762,0,
SYNC-ACCT-001-BILLING-20260120,2026-01-20,ACCT-001,BILLING,Production,SUCCESS,200,1516,1513,3,1054,0,
SYNC-ACCT-001-BILLING-20260123,2026-01-23,ACCT-001,BILLING,Production,SUCCESS,200,1049,1043,6,568,0,
SYNC-ACCT-001-BILLING-20260126,2026-01-26,ACCT-001,BILLING,Production,SUCCESS,200,1032,1027,5,1588,0,
SYNC-ACCT-001-BILLING-20260129,2026-01-29,ACCT-001,BILLING,Production,SUCCESS,200,1286,1286,0,1139,0,
SYNC-ACCT-001-BILLING-20260201,2026-02-01,ACCT-001,BILLING,Production,SUCCESS,200,1289,1279,10,1010,0,
SYNC-ACCT-001-BILLING-20260204,2026-02-04,ACCT-001,BILLING,Production,SUCCESS,200,1546,1538,8,2169,0,
SYNC-ACCT-001-BILLING-20260207,2026-02-07,ACCT-001,BILLING,Production,SUCCESS,200,1295,1294,1,3178,0,
SYNC-ACCT-001-BILLING-20260210,2026-02-10,ACCT-001,BILLING,Production,SUCCESS,200,1652,1652,0,753,0,
SYNC-ACCT-001-BILLING-20260213,2026-02-13,ACCT-001,BILLING,Production,SUCCESS,200,952,946,6,948,0,
SYNC-ACCT-001-BILLING-20260216,2026-02-16,ACCT-001,BILLING,Production,SUCCESS,200,1142,1137,5,2029,0,
SYNC-ACCT-001-BILLING-20260219,2026-02-19,ACCT-001,BILLING,Production,SUCCESS,200,1150,1143,7,1269,0,
SYNC-ACCT-001-BILLING-20260222,2026-02-22,ACCT-001,BILLING,Production,SUCCESS,200,846,840,6,1421,0,
SYNC-ACCT-001-BILLING-20260225,2026-02-25,ACCT-001,BILLING,Production,SUCCESS,200,1388,1387,1,878,0,
SYNC-ACCT-001-BILLING-20260228,2026-02-28,ACCT-001,BILLING,Production,SUCCESS,200,1217,1217,0,1495,0,
SYNC-ACCT-001-BILLING-20260303,2026-03-03,ACCT-001,BILLING,Production,SUCCESS,200,1077,1077,0,2509,0,
SYNC-ACCT-001-BILLING-20260306,2026-03-06,ACCT-001,BILLING,Production,SUCCESS,200,1233,1230,3,1092,0,
SYNC-ACCT-001-BILLING-20260309,2026-03-09,ACCT-001,BILLING,Production,SUCCESS,200,1520,1519,1,743,0,
SYNC-ACCT-001-BILLING-20260312,2026-03-12,ACCT-001,BILLING,Production,SUCCESS,200,869,862,7,1317,0,
SYNC-ACCT-001-BILLING-20260315,2026-03-15,ACCT-001,BILLING,Production,SUCCESS,200,1080,1078,2,2757,0,
SYNC-ACCT-001-BILLING-20260318,2026-03-18,ACCT-001,BILLING,Production,SUCCESS,200,1500,1496,4,2319,0,
SYNC-ACCT-001-BILLING-20260321,2026-03-21,ACCT-001,BILLING,Production,SUCCESS,200,1411,1406,5,3037,0,
SYNC-ACCT-001-BILLING-20260324,2026-03-24,ACCT-001,BILLING,Production,SUCCESS,200,1618,1614,4,976,0,
SYNC-ACCT-001-BILLING-20260327,2026-03-27,ACCT-001,BILLING,Production,SUCCESS,200,1545,1537,8,2050,0,
SYNC-ACCT-001-BILLING-20260330,2026-03-30,ACCT-001,BILLING,Production,SUCCESS,200,730,725,5,2881,0,
SYNC-ACCT-001-BILLING-20260402,2026-04-02,ACCT-001,BILLING,Production,SUCCESS,200,1085,1081,4,775,0,
SYNC-ACCT-001-BILLING-20260405,2026-04-05,ACCT-001,BILLING,Production,SUCCESS,200,778,777,1,651,0,
SYNC-ACCT-001-BILLING-20260408,2026-04-08,ACCT-001,BILLING,Production,SUCCESS,200,1421,1412,9,1797,0,
SYNC-ACCT-001-BILLING-20260411,2026-04-11,ACCT-001,BILLING,Production,SUCCESS,200,1513,1513,0,1035,0,
SYNC-ACCT-001-BILLING-20260414,2026-04-14,ACCT-001,BILLING,Production,SUCCESS,200,1423,1415,8,2897,0,
SYNC-ACCT-001-BILLING-20260417,2026-04-17,ACCT-001,BILLING,Production,SUCCESS,200,1265,1259,6,2451,0,
SYNC-ACCT-001-BILLING-20260420,2026-04-20,ACCT-001,BILLING,Production,SUCCESS,200,1333,1333,0,2803,0,
SYNC-ACCT-001-BILLING-20260423,2026-04-23,ACCT-001,BILLING,Production,SUCCESS,200,1197,1191,6,2731,0,
SYNC-ACCT-001-BILLING-20260426,2026-04-26,ACCT-001,BILLING,Production,SUCCESS,200,886,885,1,2858,0,
SYNC-ACCT-001-BILLING-20260429,2026-04-29,ACCT-001,BILLING,Production,SUCCESS,200,877,876,1,2325,0,
SYNC-ACCT-001-BILLING-20260502,2026-05-02,ACCT-001,BILLING,Production,SUCCESS,200,1198,1188,10,2973,0,
SYNC-ACCT-001-BILLING-20260505,2026-05-05,ACCT-001,BILLING,Production,SUCCESS,200,1391,1387,4,2423,0,
SYNC-ACCT-001-BILLING-20260508,2026-05-08,ACCT-001,BILLING,Production,SUCCESS,200,1005,1004,1,2775,0,
SYNC-ACCT-001-BILLING-20260511,2026-05-11,ACCT-001,BILLING,Production,SUCCESS,200,985,981,4,888,0,
SYNC-ACCT-001-BILLING-20260514,2026-05-14,ACCT-001,BILLING,Production,SUCCESS,200,1321,1313,8,1582,0,
SYNC-ACCT-001-BILLING-20260517,2026-05-17,ACCT-001,BILLING,Production,SUCCESS,200,1419,1409,10,2058,0,
SYNC-ACCT-001-BILLING-20260520,2026-05-20,ACCT-001,BILLING,Production,SUCCESS,200,1577,1576,1,1277,0,
SYNC-ACCT-001-BILLING-20260523,2026-05-23,ACCT-001,BILLING,Production,SUCCESS,200,1606,1600,6,1985,0,
SYNC-ACCT-001-BILLING-20260526,2026-05-26,ACCT-001,BILLING,Production,SUCCESS,200,1011,1008,3,2113,0,
SYNC-ACCT-001-BILLING-20260529,2026-05-29,ACCT-001,BILLING,Production,SUCCESS,200,1440,1437,3,1457,0,
SYNC-ACCT-001-BILLING-20260601,2026-06-01,ACCT-001,BILLING,Production,SUCCESS,200,1177,1171,6,1407,0,
SYNC-ACCT-001-BILLING-20260604,2026-06-04,ACCT-001,BILLING,Production,SUCCESS,200,1569,1569,0,3391,0,
SYNC-ACCT-001-BILLING-20260607,2026-06-07,ACCT-001,BILLING,Production,SUCCESS,200,1449,1447,2,2027,0,
SYNC-ACCT-001-BILLING-20260610,2026-06-10,ACCT-001,BILLING,Production,SUCCESS,200,766,762,4,2350,0,
SYNC-ACCT-001-BILLING-20260613,2026-06-13,ACCT-001,BILLING,Production,SUCCESS,200,1585,1578,7,1482,0,
SYNC-ACCT-001-BILLING-20260616,2026-06-16,ACCT-001,BILLING,Production,SUCCESS,200,1220,1214,6,2228,0,
SYNC-ACCT-001-BILLING-20260619,2026-06-19,ACCT-001,BILLING,Production,SUCCESS,200,992,991,1,575,0,
SYNC-ACCT-001-BILLING-20260622,2026-06-22,ACCT-001,BILLING,Production,SUCCESS,200,1011,1011,0,884,0,
SYNC-ACCT-001-BILLING-20260625,2026-06-25,ACCT-001,BILLING,Production,SUCCESS,200,1112,1112,0,2595,0,
SYNC-ACCT-001-BILLING-20260628,2026-06-28,ACCT-001,BILLING,Production,SUCCESS,200,1499,1489,10,552,0,
SYNC-ACCT-002-CRM-20250820,2025-08-20,ACCT-002,CRM,Production,SUCCESS,200,1114,1108,6,1150,0,
SYNC-ACCT-002-CRM-20250823,2025-08-23,ACCT-002,CRM,Production,SUCCESS,200,1438,1432,6,2571,0,
SYNC-ACCT-002-CRM-20250826,2025-08-26,ACCT-002,CRM,Production,SUCCESS,200,1216,1209,7,2445,0,
SYNC-ACCT-002-CRM-20250829,2025-08-29,ACCT-002,CRM,Production,SUCCESS,200,1517,1509,8,957,0,
SYNC-ACCT-002-CRM-20250901,2025-09-01,ACCT-002,CRM,Production,SUCCESS,200,918,911,7,1848,0,
SYNC-ACCT-002-CRM-20250904,2025-09-04,ACCT-002,CRM,Production,SUCCESS,200,761,757,4,1893,0,
SYNC-ACCT-002-CRM-20250907,2025-09-07,ACCT-002,CRM,Production,SUCCESS,200,1443,1443,0,1738,0,
SYNC-ACCT-002-CRM-20250910,2025-09-10,ACCT-002,CRM,Production,SUCCESS,200,1088,1082,6,3160,0,
SYNC-ACCT-002-CRM-20250913,2025-09-13,ACCT-002,CRM,Production,SUCCESS,200,1325,1314,11,2661,0,
SYNC-ACCT-002-CRM-20250916,2025-09-16,ACCT-002,CRM,Production,SUCCESS,200,1327,1326,1,816,0,
SYNC-ACCT-002-CRM-20250919,2025-09-19,ACCT-002,CRM,Production,SUCCESS,200,1483,1474,9,3324,0,
SYNC-ACCT-002-CRM-20250922,2025-09-22,ACCT-002,CRM,Production,SUCCESS,200,1519,1510,9,2613,0,
SYNC-ACCT-002-CRM-20250925,2025-09-25,ACCT-002,CRM,Production,SUCCESS,200,1157,1157,0,1359,0,
SYNC-ACCT-002-CRM-20250928,2025-09-28,ACCT-002,CRM,Production,SUCCESS,200,819,816,3,3160,0,
SYNC-ACCT-002-CRM-20251001,2025-10-01,ACCT-002,CRM,Production,SUCCESS,200,1409,1401,8,834,0,
SYNC-ACCT-002-CRM-20251004,2025-10-04,ACCT-002,CRM,Production,SUCCESS,200,1138,1130,8,1230,0,
SYNC-ACCT-002-CRM-20251007,2025-10-07,ACCT-002,CRM,Production,SUCCESS,200,1547,1544,3,3169,0,
SYNC-ACCT-002-CRM-20251010,2025-10-10,ACCT-002,CRM,Production,SUCCESS,200,986,986,0,2819,0,
SYNC-ACCT-002-CRM-20251013,2025-10-13,ACCT-002,CRM,Production,SUCCESS,200,979,973,6,2827,0,
SYNC-ACCT-002-CRM-20251016,2025-10-16,ACCT-002,CRM,Production,SUCCESS,200,1032,1024,8,2250,0,
SYNC-ACCT-002-CRM-20251019,2025-10-19,ACCT-002,CRM,Production,SUCCESS,200,1167,1160,7,655,0,
SYNC-ACCT-002-CRM-20251022,2025-10-22,ACCT-002,CRM,Production,SUCCESS,200,838,836,2,2043,0,
SYNC-ACCT-002-CRM-20251025,2025-10-25,ACCT-002,CRM,Production,SUCCESS,200,868,867,1,2952,0,
SYNC-ACCT-002-CRM-20251028,2025-10-28,ACCT-002,CRM,Production,SUCCESS,200,1370,1363,7,2140,0,
SYNC-ACCT-002-CRM-20251031,2025-10-31,ACCT-002,CRM,Production,SUCCESS,200,1107,1098,9,2039,0,
SYNC-ACCT-002-CRM-20251103,2025-11-03,ACCT-002,CRM,Production,SUCCESS,200,1377,1375,2,2674,0,
SYNC-ACCT-002-CRM-20251106,2025-11-06,ACCT-002,CRM,Production,SUCCESS,200,869,867,2,2533,0,
SYNC-ACCT-002-CRM-20251109,2025-11-09,ACCT-002,CRM,Production,SUCCESS,200,936,933,3,2712,0,
SYNC-ACCT-002-CRM-20251112,2025-11-12,ACCT-002,CRM,Production,SUCCESS,200,1580,1577,3,964,0,
SYNC-ACCT-002-CRM-20251115,2025-11-15,ACCT-002,CRM,Production,SUCCESS,200,879,872,7,3323,0,
SYNC-ACCT-002-CRM-20251118,2025-11-18,ACCT-002,CRM,Production,SUCCESS,200,887,884,3,877,0,
SYNC-ACCT-002-CRM-20251121,2025-11-21,ACCT-002,CRM,Production,SUCCESS,200,1397,1390,7,1471,0,
SYNC-ACCT-002-CRM-20251124,2025-11-24,ACCT-002,CRM,Production,SUCCESS,200,1562,1552,10,1533,0,
SYNC-ACCT-002-CRM-20251127,2025-11-27,ACCT-002,CRM,Production,SUCCESS,200,875,872,3,3116,0,
SYNC-ACCT-002-CRM-20251130,2025-11-30,ACCT-002,CRM,Production,SUCCESS,200,1269,1265,4,2279,0,
SYNC-ACCT-002-CRM-20251203,2025-12-03,ACCT-002,CRM,Production,SUCCESS,200,1673,1661,12,1595,0,
SYNC-ACCT-002-CRM-20251206,2025-12-06,ACCT-002,CRM,Production,SUCCESS,200,1195,1191,4,1411,0,
SYNC-ACCT-002-CRM-20251209,2025-12-09,ACCT-002,CRM,Production,SUCCESS,200,1180,1171,9,1817,0,
SYNC-ACCT-002-CRM-20251212,2025-12-12,ACCT-002,CRM,Production,SUCCESS,200,833,829,4,687,0,
SYNC-ACCT-002-CRM-20251215,2025-12-15,ACCT-002,CRM,Production,SUCCESS,200,1540,1535,5,849,0,
SYNC-ACCT-002-CRM-20251218,2025-12-18,ACCT-002,CRM,Production,SUCCESS,200,1654,1654,0,1599,0,
SYNC-ACCT-002-CRM-20251221,2025-12-21,ACCT-002,CRM,Production,SUCCESS,200,865,861,4,1475,0,
SYNC-ACCT-002-CRM-20251224,2025-12-24,ACCT-002,CRM,Production,SUCCESS,200,1347,1347,0,3381,0,
SYNC-ACCT-002-CRM-20251227,2025-12-27,ACCT-002,CRM,Production,SUCCESS,200,858,852,6,1021,0,
SYNC-ACCT-002-CRM-20251230,2025-12-30,ACCT-002,CRM,Production,SUCCESS,200,1177,1176,1,3394,0,
SYNC-ACCT-002-CRM-20260102,2026-01-02,ACCT-002,CRM,Production,SUCCESS,200,1281,1278,3,791,0,
SYNC-ACCT-002-CRM-20260105,2026-01-05,ACCT-002,CRM,Production,SUCCESS,200,1035,1035,0,1776,0,
SYNC-ACCT-002-CRM-20260108,2026-01-08,ACCT-002,CRM,Production,SUCCESS,200,889,882,7,1741,0,
SYNC-ACCT-002-CRM-20260111,2026-01-11,ACCT-002,CRM,Production,SUCCESS,200,925,919,6,1617,0,
SYNC-ACCT-002-CRM-20260114,2026-01-14,ACCT-002,CRM,Production,SUCCESS,200,1008,1002,6,2718,0,
SYNC-ACCT-002-CRM-20260117,2026-01-17,ACCT-002,CRM,Production,SUCCESS,200,795,795,0,2284,0,
SYNC-ACCT-002-CRM-20260120,2026-01-20,ACCT-002,CRM,Production,SUCCESS,200,889,889,0,2214,0,
SYNC-ACCT-002-CRM-20260123,2026-01-23,ACCT-002,CRM,Production,SUCCESS,200,1579,1566,13,812,0,
SYNC-ACCT-002-CRM-20260126,2026-01-26,ACCT-002,CRM,Production,SUCCESS,200,1398,1395,3,2399,0,
SYNC-ACCT-002-CRM-20260129,2026-01-29,ACCT-002,CRM,Production,SUCCESS,200,1570,1559,11,3185,0,
SYNC-ACCT-002-CRM-20260201,2026-02-01,ACCT-002,CRM,Production,SUCCESS,200,1431,1430,1,3378,0,
SYNC-ACCT-002-CRM-20260204,2026-02-04,ACCT-002,CRM,Production,SUCCESS,200,1040,1033,7,3221,0,
SYNC-ACCT-002-CRM-20260207,2026-02-07,ACCT-002,CRM,Production,SUCCESS,200,1388,1379,9,622,0,
SYNC-ACCT-002-CRM-20260210,2026-02-10,ACCT-002,CRM,Production,SUCCESS,200,978,975,3,1444,0,
SYNC-ACCT-002-CRM-20260213,2026-02-13,ACCT-002,CRM,Production,SUCCESS,200,1641,1630,11,2688,0,
SYNC-ACCT-002-CRM-20260216,2026-02-16,ACCT-002,CRM,Production,SUCCESS,200,1278,1273,5,1712,0,
SYNC-ACCT-002-CRM-20260219,2026-02-19,ACCT-002,CRM,Production,SUCCESS,200,811,810,1,2515,0,
SYNC-ACCT-002-CRM-20260222,2026-02-22,ACCT-002,CRM,Production,SUCCESS,200,1018,1012,6,1315,0,
SYNC-ACCT-002-CRM-20260225,2026-02-25,ACCT-002,CRM,Production,SUCCESS,200,873,866,7,2089,0,
SYNC-ACCT-002-CRM-20260228,2026-02-28,ACCT-002,CRM,Production,SUCCESS,200,1461,1454,7,1794,0,
SYNC-ACCT-002-CRM-20260303,2026-03-03,ACCT-002,CRM,Production,SUCCESS,200,871,864,7,2890,0,
SYNC-ACCT-002-CRM-20260306,2026-03-06,ACCT-002,CRM,Production,SUCCESS,200,1102,1099,3,2584,0,
SYNC-ACCT-002-CRM-20260309,2026-03-09,ACCT-002,CRM,Production,SUCCESS,200,727,725,2,2295,0,
SYNC-ACCT-002-CRM-20260312,2026-03-12,ACCT-002,CRM,Production,SUCCESS,200,1306,1296,10,1993,0,
SYNC-ACCT-002-CRM-20260315,2026-03-15,ACCT-002,CRM,Production,SUCCESS,200,1190,1190,0,2647,0,
SYNC-ACCT-002-CRM-20260318,2026-03-18,ACCT-002,CRM,Production,SUCCESS,200,1333,1329,4,2535,0,
SYNC-ACCT-002-CRM-20260321,2026-03-21,ACCT-002,CRM,Production,SUCCESS,200,741,738,3,1502,0,
SYNC-ACCT-002-CRM-20260324,2026-03-24,ACCT-002,CRM,Production,SUCCESS,200,944,938,6,1027,0,
SYNC-ACCT-002-CRM-20260327,2026-03-27,ACCT-002,CRM,Production,SUCCESS,200,1113,1106,7,1365,0,
SYNC-ACCT-002-CRM-20260330,2026-03-30,ACCT-002,CRM,Production,SUCCESS,200,869,868,1,2565,0,
SYNC-ACCT-002-CRM-20260402,2026-04-02,ACCT-002,CRM,Production,SUCCESS,200,1068,1062,6,832,0,
SYNC-ACCT-002-CRM-20260405,2026-04-05,ACCT-002,CRM,Production,SUCCESS,200,1149,1144,5,1386,0,
SYNC-ACCT-002-CRM-20260408,2026-04-08,ACCT-002,CRM,Production,SUCCESS,200,1625,1621,4,1074,0,
SYNC-ACCT-002-CRM-20260411,2026-04-11,ACCT-002,CRM,Production,SUCCESS,200,1304,1296,8,1991,0,
SYNC-ACCT-002-CRM-20260414,2026-04-14,ACCT-002,CRM,Production,SUCCESS,200,961,956,5,3111,0,
SYNC-ACCT-002-CRM-20260417,2026-04-17,ACCT-002,CRM,Production,SUCCESS,200,1353,1351,2,2267,0,
SYNC-ACCT-002-CRM-20260420,2026-04-20,ACCT-002,CRM,Production,SUCCESS,200,1326,1325,1,2371,0,
SYNC-ACCT-002-CRM-20260423,2026-04-23,ACCT-002,CRM,Production,SUCCESS,200,798,798,0,2370,0,
SYNC-ACCT-002-CRM-20260426,2026-04-26,ACCT-002,CRM,Production,SUCCESS,200,954,950,4,1785,0,
SYNC-ACCT-002-CRM-20260429,2026-04-29,ACCT-002,CRM,Production,SUCCESS,200,1664,1655,9,3128,0,
SYNC-ACCT-002-CRM-20260502,2026-05-02,ACCT-002,CRM,Production,SUCCESS,200,1453,1451,2,913,0,
SYNC-ACCT-002-CRM-20260505,2026-05-05,ACCT-002,CRM,Production,SUCCESS,200,837,834,3,3180,0,
SYNC-ACCT-002-CRM-20260508,2026-05-08,ACCT-002,CRM,Production,SUCCESS,200,1486,1478,8,1201,0,
SYNC-ACCT-002-CRM-20260511,2026-05-11,ACCT-002,CRM,Production,SUCCESS,200,1029,1027,2,1296,0,
SYNC-ACCT-002-CRM-20260514,2026-05-14,ACCT-002,CRM,Production,SUCCESS,200,1555,1551,4,773,0,
SYNC-ACCT-002-CRM-20260517,2026-05-17,ACCT-002,CRM,Production,SUCCESS,200,1067,1063,4,2500,0,
SYNC-ACCT-002-CRM-20260520,2026-05-20,ACCT-002,CRM,Production,SUCCESS,200,992,987,5,2817,0,
SYNC-ACCT-002-CRM-20260523,2026-05-23,ACCT-002,CRM,Production,SUCCESS,200,971,967,4,1434,0,
SYNC-ACCT-002-CRM-20260526,2026-05-26,ACCT-002,CRM,Production,SUCCESS,200,1596,1589,7,3110,0,
SYNC-ACCT-002-CRM-20260529,2026-05-29,ACCT-002,CRM,Production,SUCCESS,200,1605,1601,4,1293,0,
SYNC-ACCT-002-CRM-20260601,2026-06-01,ACCT-002,CRM,Production,SUCCESS,200,1533,1532,1,2622,0,
SYNC-ACCT-002-CRM-20260604,2026-06-04,ACCT-002,CRM,Production,SUCCESS,200,1430,1430,0,1059,0,
SYNC-ACCT-002-CRM-20260607,2026-06-07,ACCT-002,CRM,Production,SUCCESS,200,1592,1589,3,1775,0,
SYNC-ACCT-002-CRM-20260610,2026-06-10,ACCT-002,CRM,Production,SUCCESS,200,1341,1340,1,1527,0,
SYNC-ACCT-002-CRM-20260613,2026-06-13,ACCT-002,CRM,Production,SUCCESS,200,1039,1034,5,701,0,
SYNC-ACCT-002-CRM-20260616,2026-06-16,ACCT-002,CRM,Production,SUCCESS,200,1181,1174,7,2246,0,
SYNC-ACCT-002-CRM-20260619,2026-06-19,ACCT-002,CRM,Production,SUCCESS,200,1003,1002,1,1599,0,
SYNC-ACCT-002-CRM-20260622,2026-06-22,ACCT-002,CRM,Production,SUCCESS,200,1567,1564,3,2585,0,
SYNC-ACCT-002-CRM-20260625,2026-06-25,ACCT-002,CRM,Production,SUCCESS,200,1582,1573,9,2344,0,
SYNC-ACCT-002-CRM-20260628,2026-06-28,ACCT-002,CRM,Production,SUCCESS,200,1540,1540,0,1232,0,
SYNC-ACCT-002-BILLING-20250820,2025-08-20,ACCT-002,BILLING,Production,SUCCESS,200,1176,1176,0,1670,0,
SYNC-ACCT-002-BILLING-20250823,2025-08-23,ACCT-002,BILLING,Production,SUCCESS,200,867,860,7,2259,0,
SYNC-ACCT-002-BILLING-20250826,2025-08-26,ACCT-002,BILLING,Production,SUCCESS,200,1233,1228,5,2024,0,
SYNC-ACCT-002-BILLING-20250829,2025-08-29,ACCT-002,BILLING,Production,SUCCESS,200,1413,1404,9,2371,0,
SYNC-ACCT-002-BILLING-20250901,2025-09-01,ACCT-002,BILLING,Production,SUCCESS,200,1183,1177,6,1411,0,
SYNC-ACCT-002-BILLING-20250904,2025-09-04,ACCT-002,BILLING,Production,SUCCESS,200,1596,1588,8,816,0,
SYNC-ACCT-002-BILLING-20250907,2025-09-07,ACCT-002,BILLING,Production,SUCCESS,200,791,786,5,2692,0,
SYNC-ACCT-002-BILLING-20250910,2025-09-10,ACCT-002,BILLING,Production,SUCCESS,200,1559,1551,8,1880,0,
SYNC-ACCT-002-BILLING-20250913,2025-09-13,ACCT-002,BILLING,Production,SUCCESS,200,1525,1514,11,2310,0,
SYNC-ACCT-002-BILLING-20250916,2025-09-16,ACCT-002,BILLING,Production,SUCCESS,200,1175,1167,8,742,0,
SYNC-ACCT-002-BILLING-20250919,2025-09-19,ACCT-002,BILLING,Production,SUCCESS,200,1612,1599,13,998,0,
SYNC-ACCT-002-BILLING-20250922,2025-09-22,ACCT-002,BILLING,Production,SUCCESS,200,1663,1655,8,2632,0,
SYNC-ACCT-002-BILLING-20250925,2025-09-25,ACCT-002,BILLING,Production,SUCCESS,200,1295,1286,9,3372,0,
SYNC-ACCT-002-BILLING-20250928,2025-09-28,ACCT-002,BILLING,Production,SUCCESS,200,1219,1210,9,2294,0,
SYNC-ACCT-002-BILLING-20251001,2025-10-01,ACCT-002,BILLING,Production,SUCCESS,200,1595,1582,13,3026,0,
SYNC-ACCT-002-BILLING-20251004,2025-10-04,ACCT-002,BILLING,Production,SUCCESS,200,1666,1661,5,988,0,
SYNC-ACCT-002-BILLING-20251007,2025-10-07,ACCT-002,BILLING,Production,SUCCESS,200,1510,1499,11,1982,0,
SYNC-ACCT-002-BILLING-20251010,2025-10-10,ACCT-002,BILLING,Production,SUCCESS,200,1580,1580,0,3381,0,
SYNC-ACCT-002-BILLING-20251013,2025-10-13,ACCT-002,BILLING,Production,SUCCESS,200,1151,1143,8,2107,0,
SYNC-ACCT-002-BILLING-20251016,2025-10-16,ACCT-002,BILLING,Production,SUCCESS,200,1573,1565,8,3015,0,
SYNC-ACCT-002-BILLING-20251019,2025-10-19,ACCT-002,BILLING,Production,SUCCESS,200,1662,1656,6,2470,0,
SYNC-ACCT-002-BILLING-20251022,2025-10-22,ACCT-002,BILLING,Production,SUCCESS,200,805,800,5,3376,0,
SYNC-ACCT-002-BILLING-20251025,2025-10-25,ACCT-002,BILLING,Production,SUCCESS,200,1610,1598,12,809,0,
SYNC-ACCT-002-BILLING-20251028,2025-10-28,ACCT-002,BILLING,Production,SUCCESS,200,1079,1076,3,1662,0,
SYNC-ACCT-002-BILLING-20251031,2025-10-31,ACCT-002,BILLING,Production,SUCCESS,200,1651,1642,9,2950,0,
SYNC-ACCT-002-BILLING-20251103,2025-11-03,ACCT-002,BILLING,Production,SUCCESS,200,776,773,3,2828,0,
SYNC-ACCT-002-BILLING-20251106,2025-11-06,ACCT-002,BILLING,Production,SUCCESS,200,1008,1006,2,539,0,
SYNC-ACCT-002-BILLING-20251109,2025-11-09,ACCT-002,BILLING,Production,SUCCESS,200,1091,1091,0,1330,0,
SYNC-ACCT-002-BILLING-20251112,2025-11-12,ACCT-002,BILLING,Production,SUCCESS,200,950,943,7,1686,0,
SYNC-ACCT-002-BILLING-20251115,2025-11-15,ACCT-002,BILLING,Production,SUCCESS,200,1113,1107,6,3085,0,
SYNC-ACCT-002-BILLING-20251118,2025-11-18,ACCT-002,BILLING,Production,SUCCESS,200,1214,1212,2,1502,0,
SYNC-ACCT-002-BILLING-20251121,2025-11-21,ACCT-002,BILLING,Production,SUCCESS,200,897,893,4,3283,0,
SYNC-ACCT-002-BILLING-20251124,2025-11-24,ACCT-002,BILLING,Production,SUCCESS,200,1656,1654,2,2425,0,
SYNC-ACCT-002-BILLING-20251127,2025-11-27,ACCT-002,BILLING,Production,SUCCESS,200,1134,1133,1,1620,0,
SYNC-ACCT-002-BILLING-20251130,2025-11-30,ACCT-002,BILLING,Production,SUCCESS,200,1042,1039,3,2742,0,
SYNC-ACCT-002-BILLING-20251203,2025-12-03,ACCT-002,BILLING,Production,SUCCESS,200,882,875,7,2284,0,
SYNC-ACCT-002-BILLING-20251206,2025-12-06,ACCT-002,BILLING,Production,SUCCESS,200,1170,1165,5,1242,0,
SYNC-ACCT-002-BILLING-20251209,2025-12-09,ACCT-002,BILLING,Production,SUCCESS,200,1311,1301,10,944,0,
SYNC-ACCT-002-BILLING-20251212,2025-12-12,ACCT-002,BILLING,Production,SUCCESS,200,914,910,4,1016,0,
SYNC-ACCT-002-BILLING-20251215,2025-12-15,ACCT-002,BILLING,Production,SUCCESS,200,1396,1391,5,2467,0,
SYNC-ACCT-002-BILLING-20251218,2025-12-18,ACCT-002,BILLING,Production,SUCCESS,200,844,839,5,2822,0,
SYNC-ACCT-002-BILLING-20251221,2025-12-21,ACCT-002,BILLING,Production,SUCCESS,200,1418,1418,0,1732,0,
SYNC-ACCT-002-BILLING-20251224,2025-12-24,ACCT-002,BILLING,Production,SUCCESS,200,1365,1354,11,2444,0,
SYNC-ACCT-002-BILLING-20251227,2025-12-27,ACCT-002,BILLING,Production,SUCCESS,200,899,893,6,1361,0,
SYNC-ACCT-002-BILLING-20251230,2025-12-30,ACCT-002,BILLING,Production,SUCCESS,200,1638,1634,4,2403,0,
SYNC-ACCT-002-BILLING-20260102,2026-01-02,ACCT-002,BILLING,Production,SUCCESS,200,852,852,0,811,0,
SYNC-ACCT-002-BILLING-20260105,2026-01-05,ACCT-002,BILLING,Production,SUCCESS,200,1264,1258,6,825,0,
SYNC-ACCT-002-BILLING-20260108,2026-01-08,ACCT-002,BILLING,Production,SUCCESS,200,891,889,2,1961,0,
SYNC-ACCT-002-BILLING-20260111,2026-01-11,ACCT-002,BILLING,Production,SUCCESS,200,832,827,5,686,0,
SYNC-ACCT-002-BILLING-20260114,2026-01-14,ACCT-002,BILLING,Production,SUCCESS,200,989,986,3,3324,0,
SYNC-ACCT-002-BILLING-20260117,2026-01-17,ACCT-002,BILLING,Production,SUCCESS,200,1021,1017,4,2269,0,
SYNC-ACCT-002-BILLING-20260120,2026-01-20,ACCT-002,BILLING,Production,SUCCESS,200,869,869,0,2524,0,
SYNC-ACCT-002-BILLING-20260123,2026-01-23,ACCT-002,BILLING,Production,SUCCESS,200,1268,1264,4,1670,0,
SYNC-ACCT-002-BILLING-20260126,2026-01-26,ACCT-002,BILLING,Production,SUCCESS,200,1555,1549,6,2705,0,
SYNC-ACCT-002-BILLING-20260129,2026-01-29,ACCT-002,BILLING,Production,SUCCESS,200,1304,1297,7,1528,0,
SYNC-ACCT-002-BILLING-20260201,2026-02-01,ACCT-002,BILLING,Production,SUCCESS,200,959,954,5,1485,0,
SYNC-ACCT-002-BILLING-20260204,2026-02-04,ACCT-002,BILLING,Production,SUCCESS,200,1485,1483,2,2761,0,
SYNC-ACCT-002-BILLING-20260207,2026-02-07,ACCT-002,BILLING,Production,SUCCESS,200,953,953,0,1438,0,
SYNC-ACCT-002-BILLING-20260210,2026-02-10,ACCT-002,BILLING,Production,SUCCESS,200,1594,1594,0,1591,0,
SYNC-ACCT-002-BILLING-20260213,2026-02-13,ACCT-002,BILLING,Production,SUCCESS,200,1462,1461,1,1999,0,
SYNC-ACCT-002-BILLING-20260216,2026-02-16,ACCT-002,BILLING,Production,SUCCESS,200,786,780,6,1596,0,
SYNC-ACCT-002-BILLING-20260219,2026-02-19,ACCT-002,BILLING,Production,SUCCESS,200,851,851,0,3136,0,
SYNC-ACCT-002-BILLING-20260222,2026-02-22,ACCT-002,BILLING,Production,SUCCESS,200,1648,1643,5,1155,0,
SYNC-ACCT-002-BILLING-20260225,2026-02-25,ACCT-002,BILLING,Production,SUCCESS,200,779,776,3,1289,0,
SYNC-ACCT-002-BILLING-20260228,2026-02-28,ACCT-002,BILLING,Production,SUCCESS,200,833,832,1,939,0,
SYNC-ACCT-002-BILLING-20260303,2026-03-03,ACCT-002,BILLING,Production,SUCCESS,200,1324,1317,7,3130,0,
SYNC-ACCT-002-BILLING-20260306,2026-03-06,ACCT-002,BILLING,Production,SUCCESS,200,914,910,4,1698,0,
SYNC-ACCT-002-BILLING-20260309,2026-03-09,ACCT-002,BILLING,Production,SUCCESS,200,979,977,2,800,0,
SYNC-ACCT-002-BILLING-20260312,2026-03-12,ACCT-002,BILLING,Production,FAILED,503,1229,0,1229,2617,2,UPSTREAM_UNAVAILABLE
SYNC-ACCT-002-BILLING-20260315,2026-03-15,ACCT-002,BILLING,Production,SUCCESS,200,1197,1195,2,2147,0,
SYNC-ACCT-002-BILLING-20260318,2026-03-18,ACCT-002,BILLING,Production,SUCCESS,200,1494,1491,3,1393,0,
SYNC-ACCT-002-BILLING-20260321,2026-03-21,ACCT-002,BILLING,Production,SUCCESS,200,1165,1156,9,1921,0,
SYNC-ACCT-002-BILLING-20260324,2026-03-24,ACCT-002,BILLING,Production,SUCCESS,200,1065,1062,3,2942,0,
SYNC-ACCT-002-BILLING-20260327,2026-03-27,ACCT-002,BILLING,Production,SUCCESS,200,1251,1248,3,1265,0,
SYNC-ACCT-002-BILLING-20260330,2026-03-30,ACCT-002,BILLING,Production,SUCCESS,200,1491,1479,12,1754,0,
SYNC-ACCT-002-BILLING-20260402,2026-04-02,ACCT-002,BILLING,Production,SUCCESS,200,1519,1507,12,1175,0,
SYNC-ACCT-002-BILLING-20260405,2026-04-05,ACCT-002,BILLING,Production,SUCCESS,200,1302,1298,4,1317,0,
SYNC-ACCT-002-BILLING-20260408,2026-04-08,ACCT-002,BILLING,Production,SUCCESS,200,1401,1398,3,1942,0,
SYNC-ACCT-002-BILLING-20260411,2026-04-11,ACCT-002,BILLING,Production,SUCCESS,200,1088,1086,2,1838,0,
SYNC-ACCT-002-BILLING-20260414,2026-04-14,ACCT-002,BILLING,Production,SUCCESS,200,1509,1505,4,2923,0,
SYNC-ACCT-002-BILLING-20260417,2026-04-17,ACCT-002,BILLING,Production,SUCCESS,200,1530,1521,9,1430,0,
SYNC-ACCT-002-BILLING-20260420,2026-04-20,ACCT-002,BILLING,Production,SUCCESS,200,1651,1638,13,2347,0,
SYNC-ACCT-002-BILLING-20260423,2026-04-23,ACCT-002,BILLING,Production,SUCCESS,200,1640,1629,11,1710,0,
SYNC-ACCT-002-BILLING-20260426,2026-04-26,ACCT-002,BILLING,Production,SUCCESS,200,814,811,3,1754,0,
SYNC-ACCT-002-BILLING-20260429,2026-04-29,ACCT-002,BILLING,Production,SUCCESS,200,1402,1391,11,2342,0,
SYNC-ACCT-002-BILLING-20260502,2026-05-02,ACCT-002,BILLING,Production,SUCCESS,200,1442,1440,2,621,0,
SYNC-ACCT-002-BILLING-20260505,2026-05-05,ACCT-002,BILLING,Production,SUCCESS,200,1114,1112,2,699,0,
SYNC-ACCT-002-BILLING-20260508,2026-05-08,ACCT-002,BILLING,Production,SUCCESS,200,765,762,3,2996,0,
SYNC-ACCT-002-BILLING-20260511,2026-05-11,ACCT-002,BILLING,Production,SUCCESS,200,1358,1349,9,1939,0,
SYNC-ACCT-002-BILLING-20260514,2026-05-14,ACCT-002,BILLING,Production,SUCCESS,200,1382,1382,0,1865,0,
SYNC-ACCT-002-BILLING-20260517,2026-05-17,ACCT-002,BILLING,Production,SUCCESS,200,1607,1606,1,3379,0,
SYNC-ACCT-002-BILLING-20260520,2026-05-20,ACCT-002,BILLING,Production,SUCCESS,200,1403,1394,9,2372,0,
SYNC-ACCT-002-BILLING-20260523,2026-05-23,ACCT-002,BILLING,Production,SUCCESS,200,933,931,2,2353,0,
SYNC-ACCT-002-BILLING-20260526,2026-05-26,ACCT-002,BILLING,Production,SUCCESS,200,1267,1266,1,2551,0,
SYNC-ACCT-002-BILLING-20260529,2026-05-29,ACCT-002,BILLING,Production,SUCCESS,200,1256,1254,2,3237,0,
SYNC-ACCT-002-BILLING-20260601,2026-06-01,ACCT-002,BILLING,Production,SUCCESS,200,1464,1463,1,1570,0,
SYNC-ACCT-002-BILLING-20260604,2026-06-04,ACCT-002,BILLING,Production,SUCCESS,200,827,824,3,856,0,
SYNC-ACCT-002-BILLING-20260607,2026-06-07,ACCT-002,BILLING,Production,SUCCESS,200,1389,1389,0,518,0,
SYNC-ACCT-002-BILLING-20260610,2026-06-10,ACCT-002,BILLING,Production,SUCCESS,200,1022,1017,5,527,0,
SYNC-ACCT-002-BILLING-20260613,2026-06-13,ACCT-002,BILLING,Production,SUCCESS,200,1560,1559,1,3060,0,
SYNC-ACCT-002-BILLING-20260616,2026-06-16,ACCT-002,BILLING,Production,SUCCESS,200,969,963,6,3240,0,
SYNC-ACCT-002-BILLING-20260619,2026-06-19,ACCT-002,BILLING,Production,SUCCESS,200,939,933,6,1526,0,
SYNC-ACCT-002-BILLING-20260622,2026-06-22,ACCT-002,BILLING,Production,SUCCESS,200,1284,1283,1,1760,0,
SYNC-ACCT-002-BILLING-20260625,2026-06-25,ACCT-002,BILLING,Production,SUCCESS,200,1418,1416,2,1377,0,
SYNC-ACCT-002-BILLING-20260628,2026-06-28,ACCT-002,BILLING,Production,SUCCESS,200,906,899,7,2743,0,
SYNC-ACCT-003-CRM-20250823,2025-08-23,ACCT-003,CRM,Production,SUCCESS,200,775,772,3,1369,0,
SYNC-ACCT-003-CRM-20250826,2025-08-26,ACCT-003,CRM,Production,SUCCESS,200,1610,1599,11,1920,0,
SYNC-ACCT-003-CRM-20250829,2025-08-29,ACCT-003,CRM,Production,SUCCESS,200,1264,1258,6,689,0,
SYNC-ACCT-003-CRM-20250901,2025-09-01,ACCT-003,CRM,Production,SUCCESS,200,941,935,6,1115,0,
SYNC-ACCT-003-CRM-20250904,2025-09-04,ACCT-003,CRM,Production,SUCCESS,200,1393,1384,9,1649,0,
SYNC-ACCT-003-CRM-20250907,2025-09-07,ACCT-003,CRM,Production,SUCCESS,200,1679,1669,10,3382,0,
SYNC-ACCT-003-CRM-20250910,2025-09-10,ACCT-003,CRM,Production,SUCCESS,200,1097,1090,7,1783,0,
SYNC-ACCT-003-CRM-20250913,2025-09-13,ACCT-003,CRM,Production,SUCCESS,200,894,894,0,2190,0,
SYNC-ACCT-003-CRM-20250916,2025-09-16,ACCT-003,CRM,Production,SUCCESS,200,859,855,4,932,0,
SYNC-ACCT-003-CRM-20250919,2025-09-19,ACCT-003,CRM,Production,SUCCESS,200,1660,1653,7,1658,0,
SYNC-ACCT-003-CRM-20250922,2025-09-22,ACCT-003,CRM,Production,SUCCESS,200,1363,1360,3,2305,0,
SYNC-ACCT-003-CRM-20250925,2025-09-25,ACCT-003,CRM,Production,SUCCESS,200,1356,1351,5,1934,0,
SYNC-ACCT-003-CRM-20250928,2025-09-28,ACCT-003,CRM,Production,SUCCESS,200,1242,1236,6,1989,0,
SYNC-ACCT-003-CRM-20251001,2025-10-01,ACCT-003,CRM,Production,SUCCESS,200,1243,1233,10,860,0,
SYNC-ACCT-003-CRM-20251004,2025-10-04,ACCT-003,CRM,Production,SUCCESS,200,903,900,3,2014,0,
SYNC-ACCT-003-CRM-20251007,2025-10-07,ACCT-003,CRM,Production,SUCCESS,200,1000,993,7,2377,0,
SYNC-ACCT-003-CRM-20251010,2025-10-10,ACCT-003,CRM,Production,SUCCESS,200,1550,1542,8,1041,0,
SYNC-ACCT-003-CRM-20251013,2025-10-13,ACCT-003,CRM,Production,SUCCESS,200,986,981,5,707,0,
SYNC-ACCT-003-CRM-20251016,2025-10-16,ACCT-003,CRM,Production,SUCCESS,200,748,744,4,1962,0,
SYNC-ACCT-003-CRM-20251019,2025-10-19,ACCT-003,CRM,Production,SUCCESS,200,1596,1593,3,2639,0,
SYNC-ACCT-003-CRM-20251022,2025-10-22,ACCT-003,CRM,Production,SUCCESS,200,1222,1221,1,1736,0,
SYNC-ACCT-003-CRM-20251025,2025-10-25,ACCT-003,CRM,Production,SUCCESS,200,1045,1043,2,1546,0,
SYNC-ACCT-003-CRM-20251028,2025-10-28,ACCT-003,CRM,Production,SUCCESS,200,1116,1112,4,2719,0,
SYNC-ACCT-003-CRM-20251031,2025-10-31,ACCT-003,CRM,Production,SUCCESS,200,1303,1296,7,3001,0,
SYNC-ACCT-003-CRM-20251103,2025-11-03,ACCT-003,CRM,Production,SUCCESS,200,1120,1114,6,936,0,
SYNC-ACCT-003-CRM-20251106,2025-11-06,ACCT-003,CRM,Production,SUCCESS,200,1050,1049,1,1616,0,
SYNC-ACCT-003-CRM-20251109,2025-11-09,ACCT-003,CRM,Production,SUCCESS,200,1448,1437,11,953,0,
SYNC-ACCT-003-CRM-20251112,2025-11-12,ACCT-003,CRM,Production,SUCCESS,200,937,937,0,2560,0,
SYNC-ACCT-003-CRM-20251115,2025-11-15,ACCT-003,CRM,Production,SUCCESS,200,769,764,5,2857,0,
SYNC-ACCT-003-CRM-20251118,2025-11-18,ACCT-003,CRM,Production,SUCCESS,200,1480,1470,10,1651,0,
SYNC-ACCT-003-CRM-20251121,2025-11-21,ACCT-003,CRM,Production,SUCCESS,200,1261,1260,1,3334,0,
SYNC-ACCT-003-CRM-20251124,2025-11-24,ACCT-003,CRM,Production,SUCCESS,200,1295,1285,10,2927,0,
SYNC-ACCT-003-CRM-20251127,2025-11-27,ACCT-003,CRM,Production,SUCCESS,200,730,725,5,2838,0,
SYNC-ACCT-003-CRM-20251130,2025-11-30,ACCT-003,CRM,Production,SUCCESS,200,1566,1560,6,1167,0,
SYNC-ACCT-003-CRM-20251203,2025-12-03,ACCT-003,CRM,Production,SUCCESS,200,1431,1427,4,1726,0,
SYNC-ACCT-003-CRM-20251206,2025-12-06,ACCT-003,CRM,Production,SUCCESS,200,1073,1073,0,3170,0,
SYNC-ACCT-003-CRM-20251209,2025-12-09,ACCT-003,CRM,Production,SUCCESS,200,1123,1117,6,2765,0,
SYNC-ACCT-003-CRM-20251212,2025-12-12,ACCT-003,CRM,Production,SUCCESS,200,1625,1619,6,710,0,
SYNC-ACCT-003-CRM-20251215,2025-12-15,ACCT-003,CRM,Production,SUCCESS,200,1172,1171,1,781,0,
SYNC-ACCT-003-CRM-20251218,2025-12-18,ACCT-003,CRM,Production,SUCCESS,200,802,796,6,1878,0,
SYNC-ACCT-003-CRM-20251221,2025-12-21,ACCT-003,CRM,Production,SUCCESS,200,877,870,7,2280,0,
SYNC-ACCT-003-CRM-20251224,2025-12-24,ACCT-003,CRM,Production,SUCCESS,200,1095,1088,7,3163,0,
SYNC-ACCT-003-CRM-20251227,2025-12-27,ACCT-003,CRM,Production,SUCCESS,200,1201,1197,4,1158,0,
SYNC-ACCT-003-CRM-20251230,2025-12-30,ACCT-003,CRM,Production,SUCCESS,200,1050,1046,4,3360,0,
SYNC-ACCT-003-CRM-20260102,2026-01-02,ACCT-003,CRM,Production,SUCCESS,200,1111,1106,5,2620,0,
SYNC-ACCT-003-CRM-20260105,2026-01-05,ACCT-003,CRM,Production,SUCCESS,200,1402,1400,2,2893,0,
SYNC-ACCT-003-CRM-20260108,2026-01-08,ACCT-003,CRM,Production,FAILED,503,1543,0,1543,960,2,UPSTREAM_UNAVAILABLE
SYNC-ACCT-003-CRM-20260111,2026-01-11,ACCT-003,CRM,Production,SUCCESS,200,1471,1464,7,3069,0,
SYNC-ACCT-003-CRM-20260114,2026-01-14,ACCT-003,CRM,Production,SUCCESS,200,1483,1472,11,3216,0,
SYNC-ACCT-003-CRM-20260117,2026-01-17,ACCT-003,CRM,Production,SUCCESS,200,1210,1209,1,1091,0,
SYNC-ACCT-003-CRM-20260120,2026-01-20,ACCT-003,CRM,Production,SUCCESS,200,1592,1590,2,1067,0,
SYNC-ACCT-003-CRM-20260123,2026-01-23,ACCT-003,CRM,Production,SUCCESS,200,784,779,5,1607,0,
SYNC-ACCT-003-CRM-20260126,2026-01-26,ACCT-003,CRM,Production,SUCCESS,200,1620,1619,1,1803,0,
SYNC-ACCT-003-CRM-20260129,2026-01-29,ACCT-003,CRM,Production,SUCCESS,200,832,825,7,1143,0,
SYNC-ACCT-003-CRM-20260201,2026-02-01,ACCT-003,CRM,Production,SUCCESS,200,1616,1616,0,2228,0,
SYNC-ACCT-003-CRM-20260204,2026-02-04,ACCT-003,CRM,Production,SUCCESS,200,1197,1194,3,1199,0,
SYNC-ACCT-003-CRM-20260207,2026-02-07,ACCT-003,CRM,Production,SUCCESS,200,1449,1439,10,1928,0,
SYNC-ACCT-003-CRM-20260210,2026-02-10,ACCT-003,CRM,Production,SUCCESS,200,953,952,1,3045,0,
SYNC-ACCT-003-CRM-20260213,2026-02-13,ACCT-003,CRM,Production,SUCCESS,200,1290,1280,10,815,0,
SYNC-ACCT-003-CRM-20260216,2026-02-16,ACCT-003,CRM,Production,SUCCESS,200,1272,1271,1,1372,0,
SYNC-ACCT-003-CRM-20260219,2026-02-19,ACCT-003,CRM,Production,SUCCESS,200,1594,1590,4,1924,0,
SYNC-ACCT-003-CRM-20260222,2026-02-22,ACCT-003,CRM,Production,SUCCESS,200,749,749,0,1575,0,
SYNC-ACCT-003-CRM-20260225,2026-02-25,ACCT-003,CRM,Production,SUCCESS,200,1118,1115,3,2254,0,
SYNC-ACCT-003-CRM-20260228,2026-02-28,ACCT-003,CRM,Production,SUCCESS,200,1593,1582,11,1149,0,
SYNC-ACCT-003-CRM-20260303,2026-03-03,ACCT-003,CRM,Production,SUCCESS,200,1049,1047,2,1223,0,
SYNC-ACCT-003-CRM-20260306,2026-03-06,ACCT-003,CRM,Production,SUCCESS,200,856,856,0,3376,0,
SYNC-ACCT-003-CRM-20260309,2026-03-09,ACCT-003,CRM,Production,SUCCESS,200,1647,1636,11,2112,0,
SYNC-ACCT-003-CRM-20260312,2026-03-12,ACCT-003,CRM,Production,SUCCESS,200,1204,1198,6,1863,0,
SYNC-ACCT-003-CRM-20260315,2026-03-15,ACCT-003,CRM,Production,SUCCESS,200,918,917,1,3117,0,
SYNC-ACCT-003-CRM-20260318,2026-03-18,ACCT-003,CRM,Production,SUCCESS,200,1459,1454,5,1022,0,
SYNC-ACCT-003-CRM-20260321,2026-03-21,ACCT-003,CRM,Production,SUCCESS,200,1503,1496,7,523,0,
SYNC-ACCT-003-CRM-20260324,2026-03-24,ACCT-003,CRM,Production,SUCCESS,200,1477,1476,1,1989,0,
SYNC-ACCT-003-CRM-20260327,2026-03-27,ACCT-003,CRM,Production,SUCCESS,200,1042,1039,3,2496,0,
SYNC-ACCT-003-CRM-20260330,2026-03-30,ACCT-003,CRM,Production,SUCCESS,200,1556,1548,8,2797,0,
SYNC-ACCT-003-CRM-20260402,2026-04-02,ACCT-003,CRM,Production,SUCCESS,200,996,995,1,1542,0,
SYNC-ACCT-003-CRM-20260405,2026-04-05,ACCT-003,CRM,Production,SUCCESS,200,1092,1087,5,2388,0,
SYNC-ACCT-003-CRM-20260408,2026-04-08,ACCT-003,CRM,Production,SUCCESS,200,1607,1601,6,3287,0,
SYNC-ACCT-003-CRM-20260411,2026-04-11,ACCT-003,CRM,Production,SUCCESS,200,752,750,2,2678,0,
SYNC-ACCT-003-CRM-20260414,2026-04-14,ACCT-003,CRM,Production,SUCCESS,200,995,989,6,875,0,
SYNC-ACCT-003-CRM-20260417,2026-04-17,ACCT-003,CRM,Production,SUCCESS,200,1452,1451,1,3100,0,
SYNC-ACCT-003-CRM-20260420,2026-04-20,ACCT-003,CRM,Production,SUCCESS,200,953,951,2,2509,0,
SYNC-ACCT-003-CRM-20260423,2026-04-23,ACCT-003,CRM,Production,FAILED,503,985,0,985,3343,2,UPSTREAM_UNAVAILABLE
SYNC-ACCT-003-CRM-20260426,2026-04-26,ACCT-003,CRM,Production,SUCCESS,200,849,846,3,3270,0,
SYNC-ACCT-003-CRM-20260429,2026-04-29,ACCT-003,CRM,Production,SUCCESS,200,1092,1092,0,2451,0,
SYNC-ACCT-003-CRM-20260502,2026-05-02,ACCT-003,CRM,Production,SUCCESS,200,1253,1250,3,519,0,
SYNC-ACCT-003-CRM-20260505,2026-05-05,ACCT-003,CRM,Production,SUCCESS,200,956,956,0,995,0,
SYNC-ACCT-003-CRM-20260508,2026-05-08,ACCT-003,CRM,Production,SUCCESS,200,851,851,0,1488,0,
SYNC-ACCT-003-CRM-20260511,2026-05-11,ACCT-003,CRM,Production,SUCCESS,200,1418,1417,1,631,0,
SYNC-ACCT-003-CRM-20260514,2026-05-14,ACCT-003,CRM,Production,SUCCESS,200,862,860,2,959,0,
SYNC-ACCT-003-CRM-20260517,2026-05-17,ACCT-003,CRM,Production,SUCCESS,200,1222,1213,9,1805,0,
SYNC-ACCT-003-CRM-20260520,2026-05-20,ACCT-003,CRM,Production,SUCCESS,200,1545,1533,12,850,0,
SYNC-ACCT-003-CRM-20260523,2026-05-23,ACCT-003,CRM,Production,SUCCESS,200,1010,1002,8,3297,0,
SYNC-ACCT-003-CRM-20260526,2026-05-26,ACCT-003,CRM,Production,SUCCESS,200,1253,1244,9,1934,0,
SYNC-ACCT-003-CRM-20260529,2026-05-29,ACCT-003,CRM,Production,SUCCESS,200,1579,1572,7,641,0,
SYNC-ACCT-003-CRM-20260601,2026-06-01,ACCT-003,CRM,Production,SUCCESS,200,1368,1366,2,3386,0,
SYNC-ACCT-003-CRM-20260604,2026-06-04,ACCT-003,CRM,Production,SUCCESS,200,1318,1312,6,3243,0,
SYNC-ACCT-003-CRM-20260607,2026-06-07,ACCT-003,CRM,Production,SUCCESS,200,1664,1652,12,939,0,
SYNC-ACCT-003-CRM-20260610,2026-06-10,ACCT-003,CRM,Production,SUCCESS,200,1583,1577,6,2646,0,
SYNC-ACCT-003-CRM-20260613,2026-06-13,ACCT-003,CRM,Production,SUCCESS,200,1115,1107,8,2354,0,
SYNC-ACCT-003-CRM-20260616,2026-06-16,ACCT-003,CRM,Production,SUCCESS,200,1035,1033,2,3278,0,
SYNC-ACCT-003-CRM-20260619,2026-06-19,ACCT-003,CRM,Production,SUCCESS,200,776,774,2,2902,0,
SYNC-ACCT-003-CRM-20260622,2026-06-22,ACCT-003,CRM,Production,SUCCESS,200,1588,1582,6,666,0,
SYNC-ACCT-003-CRM-20260625,2026-06-25,ACCT-003,CRM,Production,SUCCESS,200,870,863,7,575,0,
SYNC-ACCT-003-CRM-20260628,2026-06-28,ACCT-003,CRM,Production,SUCCESS,200,888,882,6,1737,0,
SYNC-ACCT-003-BILLING-20250823,2025-08-23,ACCT-003,BILLING,Production,SUCCESS,200,1227,1221,6,1955,0,
SYNC-ACCT-003-BILLING-20250826,2025-08-26,ACCT-003,BILLING,Production,SUCCESS,200,861,855,6,2850,0,
SYNC-ACCT-003-BILLING-20250829,2025-08-29,ACCT-003,BILLING,Production,SUCCESS,200,817,817,0,2790,0,
SYNC-ACCT-003-BILLING-20250901,2025-09-01,ACCT-003,BILLING,Production,SUCCESS,200,988,986,2,628,0,
SYNC-ACCT-003-BILLING-20250904,2025-09-04,ACCT-003,BILLING,Production,SUCCESS,200,777,771,6,2742,0,
SYNC-ACCT-003-BILLING-20250907,2025-09-07,ACCT-003,BILLING,Production,SUCCESS,200,742,741,1,1740,0,
SYNC-ACCT-003-BILLING-20250910,2025-09-10,ACCT-003,BILLING,Production,SUCCESS,200,1137,1132,5,1457,0,
SYNC-ACCT-003-BILLING-20250913,2025-09-13,ACCT-003,BILLING,Production,SUCCESS,200,1172,1172,0,2586,0,
SYNC-ACCT-003-BILLING-20250916,2025-09-16,ACCT-003,BILLING,Production,SUCCESS,200,1469,1469,0,1457,0,
SYNC-ACCT-003-BILLING-20250919,2025-09-19,ACCT-003,BILLING,Production,SUCCESS,200,1194,1189,5,1205,0,
SYNC-ACCT-003-BILLING-20250922,2025-09-22,ACCT-003,BILLING,Production,SUCCESS,200,1072,1069,3,2065,0,
SYNC-ACCT-003-BILLING-20250925,2025-09-25,ACCT-003,BILLING,Production,SUCCESS,200,1636,1635,1,2169,0,
SYNC-ACCT-003-BILLING-20250928,2025-09-28,ACCT-003,BILLING,Production,SUCCESS,200,1679,1675,4,2537,0,
SYNC-ACCT-003-BILLING-20251001,2025-10-01,ACCT-003,BILLING,Production,SUCCESS,200,918,913,5,1960,0,
SYNC-ACCT-003-BILLING-20251004,2025-10-04,ACCT-003,BILLING,Production,SUCCESS,200,1071,1063,8,1223,0,
SYNC-ACCT-003-BILLING-20251007,2025-10-07,ACCT-003,BILLING,Production,SUCCESS,200,1381,1381,0,1400,0,
SYNC-ACCT-003-BILLING-20251010,2025-10-10,ACCT-003,BILLING,Production,SUCCESS,200,1361,1354,7,1003,0,
SYNC-ACCT-003-BILLING-20251013,2025-10-13,ACCT-003,BILLING,Production,SUCCESS,200,892,887,5,692,0,
SYNC-ACCT-003-BILLING-20251016,2025-10-16,ACCT-003,BILLING,Production,SUCCESS,200,1215,1208,7,1789,0,
SYNC-ACCT-003-BILLING-20251019,2025-10-19,ACCT-003,BILLING,Production,SUCCESS,200,1158,1152,6,2942,0,
SYNC-ACCT-003-BILLING-20251022,2025-10-22,ACCT-003,BILLING,Production,SUCCESS,200,1471,1460,11,3252,0,
SYNC-ACCT-003-BILLING-20251025,2025-10-25,ACCT-003,BILLING,Production,SUCCESS,200,1204,1196,8,1799,0,
SYNC-ACCT-003-BILLING-20251028,2025-10-28,ACCT-003,BILLING,Production,SUCCESS,200,1247,1237,10,582,0,
SYNC-ACCT-003-BILLING-20251031,2025-10-31,ACCT-003,BILLING,Production,SUCCESS,200,1673,1662,11,1328,0,
SYNC-ACCT-003-BILLING-20251103,2025-11-03,ACCT-003,BILLING,Production,SUCCESS,200,1385,1374,11,2817,0,
SYNC-ACCT-003-BILLING-20251106,2025-11-06,ACCT-003,BILLING,Production,SUCCESS,200,1143,1134,9,1713,0,
SYNC-ACCT-003-BILLING-20251109,2025-11-09,ACCT-003,BILLING,Production,SUCCESS,200,1566,1560,6,1494,0,
SYNC-ACCT-003-BILLING-20251112,2025-11-12,ACCT-003,BILLING,Production,SUCCESS,200,1036,1029,7,3357,0,
SYNC-ACCT-003-BILLING-20251115,2025-11-15,ACCT-003,BILLING,Production,SUCCESS,200,1401,1401,0,2908,0,
SYNC-ACCT-003-BILLING-20251118,2025-11-18,ACCT-003,BILLING,Production,SUCCESS,200,1521,1516,5,2317,0,
SYNC-ACCT-003-BILLING-20251121,2025-11-21,ACCT-003,BILLING,Production,SUCCESS,200,753,753,0,3300,0,
SYNC-ACCT-003-BILLING-20251124,2025-11-24,ACCT-003,BILLING,Production,SUCCESS,200,1638,1628,10,1206,0,
SYNC-ACCT-003-BILLING-20251127,2025-11-27,ACCT-003,BILLING,Production,SUCCESS,200,835,828,7,2091,0,
SYNC-ACCT-003-BILLING-20251130,2025-11-30,ACCT-003,BILLING,Production,SUCCESS,200,1351,1342,9,1991,0,
SYNC-ACCT-003-BILLING-20251203,2025-12-03,ACCT-003,BILLING,Production,SUCCESS,200,1636,1630,6,1981,0,
SYNC-ACCT-003-BILLING-20251206,2025-12-06,ACCT-003,BILLING,Production,SUCCESS,200,819,812,7,1401,0,
SYNC-ACCT-003-BILLING-20251209,2025-12-09,ACCT-003,BILLING,Production,SUCCESS,200,1468,1460,8,1763,0,
SYNC-ACCT-003-BILLING-20251212,2025-12-12,ACCT-003,BILLING,Production,SUCCESS,200,985,979,6,2866,0,
SYNC-ACCT-003-BILLING-20251215,2025-12-15,ACCT-003,BILLING,Production,SUCCESS,200,1437,1437,0,2251,0,
SYNC-ACCT-003-BILLING-20251218,2025-12-18,ACCT-003,BILLING,Production,SUCCESS,200,1250,1250,0,3253,0,
SYNC-ACCT-003-BILLING-20251221,2025-12-21,ACCT-003,BILLING,Production,SUCCESS,200,835,833,2,1117,0,
SYNC-ACCT-003-BILLING-20251224,2025-12-24,ACCT-003,BILLING,Production,SUCCESS,200,1547,1544,3,935,0,
SYNC-ACCT-003-BILLING-20251227,2025-12-27,ACCT-003,BILLING,Production,SUCCESS,200,1627,1624,3,2640,0,
SYNC-ACCT-003-BILLING-20251230,2025-12-30,ACCT-003,BILLING,Production,SUCCESS,200,1181,1174,7,736,0,
SYNC-ACCT-003-BILLING-20260102,2026-01-02,ACCT-003,BILLING,Production,SUCCESS,200,1629,1625,4,1482,0,
SYNC-ACCT-003-BILLING-20260105,2026-01-05,ACCT-003,BILLING,Production,SUCCESS,200,1247,1247,0,1324,0,
SYNC-ACCT-003-BILLING-20260108,2026-01-08,ACCT-003,BILLING,Production,SUCCESS,200,1299,1295,4,688,0,
SYNC-ACCT-003-BILLING-20260111,2026-01-11,ACCT-003,BILLING,Production,SUCCESS,200,972,966,6,3025,0,
SYNC-ACCT-003-BILLING-20260114,2026-01-14,ACCT-003,BILLING,Production,SUCCESS,200,1000,1000,0,3260,0,
SYNC-ACCT-003-BILLING-20260117,2026-01-17,ACCT-003,BILLING,Production,SUCCESS,200,1467,1467,0,1860,0,
SYNC-ACCT-003-BILLING-20260120,2026-01-20,ACCT-003,BILLING,Production,SUCCESS,200,724,723,1,536,0,
SYNC-ACCT-003-BILLING-20260123,2026-01-23,ACCT-003,BILLING,Production,SUCCESS,200,1593,1588,5,3312,0,
SYNC-ACCT-003-BILLING-20260126,2026-01-26,ACCT-003,BILLING,Production,SUCCESS,200,1084,1081,3,3115,0,
SYNC-ACCT-003-BILLING-20260129,2026-01-29,ACCT-003,BILLING,Production,SUCCESS,200,1422,1421,1,3048,0,
SYNC-ACCT-003-BILLING-20260201,2026-02-01,ACCT-003,BILLING,Production,SUCCESS,200,1379,1375,4,1563,0,
SYNC-ACCT-003-BILLING-20260204,2026-02-04,ACCT-003,BILLING,Production,SUCCESS,200,1339,1339,0,2596,0,
SYNC-ACCT-003-BILLING-20260207,2026-02-07,ACCT-003,BILLING,Production,SUCCESS,200,1099,1097,2,1591,0,
SYNC-ACCT-003-BILLING-20260210,2026-02-10,ACCT-003,BILLING,Production,SUCCESS,200,1062,1062,0,1364,0,
SYNC-ACCT-003-BILLING-20260213,2026-02-13,ACCT-003,BILLING,Production,SUCCESS,200,896,891,5,2572,0,
SYNC-ACCT-003-BILLING-20260216,2026-02-16,ACCT-003,BILLING,Production,SUCCESS,200,1264,1264,0,2658,0,
SYNC-ACCT-003-BILLING-20260219,2026-02-19,ACCT-003,BILLING,Production,SUCCESS,200,1577,1564,13,3072,0,
SYNC-ACCT-003-BILLING-20260222,2026-02-22,ACCT-003,BILLING,Production,SUCCESS,200,1468,1458,10,1388,0,
SYNC-ACCT-003-BILLING-20260225,2026-02-25,ACCT-003,BILLING,Production,SUCCESS,200,1677,1668,9,3307,0,
SYNC-ACCT-003-BILLING-20260228,2026-02-28,ACCT-003,BILLING,Production,SUCCESS,200,1197,1192,5,1103,0,
SYNC-ACCT-003-BILLING-20260303,2026-03-03,ACCT-003,BILLING,Production,SUCCESS,200,1585,1583,2,3338,0,
SYNC-ACCT-003-BILLING-20260306,2026-03-06,ACCT-003,BILLING,Production,SUCCESS,200,1504,1495,9,2973,0,
SYNC-ACCT-003-BILLING-20260309,2026-03-09,ACCT-003,BILLING,Production,SUCCESS,200,734,728,6,2018,0,
SYNC-ACCT-003-BILLING-20260312,2026-03-12,ACCT-003,BILLING,Production,SUCCESS,200,823,819,4,911,0,
SYNC-ACCT-003-BILLING-20260315,2026-03-15,ACCT-003,BILLING,Production,SUCCESS,200,1244,1238,6,920,0,
SYNC-ACCT-003-BILLING-20260318,2026-03-18,ACCT-003,BILLING,Production,SUCCESS,200,1584,1574,10,871,0,
SYNC-ACCT-003-BILLING-20260321,2026-03-21,ACCT-003,BILLING,Production,SUCCESS,200,803,802,1,2313,0,
SYNC-ACCT-003-BILLING-20260324,2026-03-24,ACCT-003,BILLING,Production,SUCCESS,200,1029,1024,5,2260,0,
SYNC-ACCT-003-BILLING-20260327,2026-03-27,ACCT-003,BILLING,Production,SUCCESS,200,963,958,5,1034,0,
SYNC-ACCT-003-BILLING-20260330,2026-03-30,ACCT-003,BILLING,Production,SUCCESS,200,1565,1553,12,2900,0,
SYNC-ACCT-003-BILLING-20260402,2026-04-02,ACCT-003,BILLING,Production,SUCCESS,200,939,932,7,1602,0,
SYNC-ACCT-003-BILLING-20260405,2026-04-05,ACCT-003,BILLING,Production,SUCCESS,200,807,807,0,654,0,
SYNC-ACCT-003-BILLING-20260408,2026-04-08,ACCT-003,BILLING,Production,SUCCESS,200,1226,1218,8,934,0,
SYNC-ACCT-003-BILLING-20260411,2026-04-11,ACCT-003,BILLING,Production,SUCCESS,200,745,741,4,932,0,
SYNC-ACCT-003-BILLING-20260414,2026-04-14,ACCT-003,BILLING,Production,SUCCESS,200,821,817,4,1247,0,
SYNC-ACCT-003-BILLING-20260417,2026-04-17,ACCT-003,BILLING,Production,SUCCESS,200,806,802,4,2178,0,
SYNC-ACCT-003-BILLING-20260420,2026-04-20,ACCT-003,BILLING,Production,SUCCESS,200,861,858,3,2761,0,
SYNC-ACCT-003-BILLING-20260423,2026-04-23,ACCT-003,BILLING,Production,SUCCESS,200,733,727,6,855,0,
SYNC-ACCT-003-BILLING-20260426,2026-04-26,ACCT-003,BILLING,Production,SUCCESS,200,731,726,5,2854,0,
SYNC-ACCT-003-BILLING-20260429,2026-04-29,ACCT-003,BILLING,Production,SUCCESS,200,769,766,3,1515,0,
SYNC-ACCT-003-BILLING-20260502,2026-05-02,ACCT-003,BILLING,Production,SUCCESS,200,1537,1529,8,3317,0,
SYNC-ACCT-003-BILLING-20260505,2026-05-05,ACCT-003,BILLING,Production,SUCCESS,200,743,742,1,2123,0,
SYNC-ACCT-003-BILLING-20260508,2026-05-08,ACCT-003,BILLING,Production,SUCCESS,200,895,890,5,2445,0,
SYNC-ACCT-003-BILLING-20260511,2026-05-11,ACCT-003,BILLING,Production,SUCCESS,200,1363,1354,9,2570,0,
SYNC-ACCT-003-BILLING-20260514,2026-05-14,ACCT-003,BILLING,Production,SUCCESS,200,729,726,3,3031,0,
SYNC-ACCT-003-BILLING-20260517,2026-05-17,ACCT-003,BILLING,Production,SUCCESS,200,1502,1501,1,2217,0,
SYNC-ACCT-003-BILLING-20260520,2026-05-20,ACCT-003,BILLING,Production,SUCCESS,200,1129,1122,7,2848,0,
SYNC-ACCT-003-BILLING-20260523,2026-05-23,ACCT-003,BILLING,Production,SUCCESS,200,970,970,0,648,0,
SYNC-ACCT-003-BILLING-20260526,2026-05-26,ACCT-003,BILLING,Production,SUCCESS,200,1364,1353,11,1315,0,
SYNC-ACCT-003-BILLING-20260529,2026-05-29,ACCT-003,BILLING,Production,SUCCESS,200,1203,1195,8,679,0,
SYNC-ACCT-003-BILLING-20260601,2026-06-01,ACCT-003,BILLING,Production,SUCCESS,200,949,945,4,711,0,
SYNC-ACCT-003-BILLING-20260604,2026-06-04,ACCT-003,BILLING,Production,SUCCESS,200,930,926,4,2202,0,
SYNC-ACCT-003-BILLING-20260607,2026-06-07,ACCT-003,BILLING,Production,SUCCESS,200,1256,1249,7,2436,0,
SYNC-ACCT-003-BILLING-20260610,2026-06-10,ACCT-003,BILLING,Production,SUCCESS,200,1652,1643,9,3176,0,
SYNC-ACCT-003-BILLING-20260613,2026-06-13,ACCT-003,BILLING,Production,SUCCESS,200,1426,1425,1,1797,0,
SYNC-ACCT-003-BILLING-20260616,2026-06-16,ACCT-003,BILLING,Production,FAILED,503,1637,0,1637,2779,2,UPSTREAM_UNAVAILABLE
SYNC-ACCT-003-BILLING-20260619,2026-06-19,ACCT-003,BILLING,Production,SUCCESS,200,841,841,0,1539,0,
SYNC-ACCT-003-BILLING-20260622,2026-06-22,ACCT-003,BILLING,Production,SUCCESS,200,1206,1205,1,2125,0,
SYNC-ACCT-003-BILLING-20260625,2026-06-25,ACCT-003,BILLING,Production,SUCCESS,200,1585,1584,1,2449,0,
SYNC-ACCT-003-BILLING-20260628,2026-06-28,ACCT-003,BILLING,Production,SUCCESS,200,753,750,3,1309,0,
SYNC-ACCT-003-PRODUCT-20250823,2025-08-23,ACCT-003,PRODUCT,Production,SUCCESS,200,1080,1075,5,1013,0,
SYNC-ACCT-003-PRODUCT-20250826,2025-08-26,ACCT-003,PRODUCT,Production,SUCCESS,200,1345,1335,10,2215,0,
SYNC-ACCT-003-PRODUCT-20250829,2025-08-29,ACCT-003,PRODUCT,Production,FAILED,503,1285,0,1285,1831,2,UPSTREAM_UNAVAILABLE
SYNC-ACCT-003-PRODUCT-20250901,2025-09-01,ACCT-003,PRODUCT,Production,SUCCESS,200,779,773,6,1156,0,
SYNC-ACCT-003-PRODUCT-20250904,2025-09-04,ACCT-003,PRODUCT,Production,SUCCESS,200,1066,1061,5,2857,0,
SYNC-ACCT-003-PRODUCT-20250907,2025-09-07,ACCT-003,PRODUCT,Production,SUCCESS,200,1652,1642,10,2740,0,
SYNC-ACCT-003-PRODUCT-20250910,2025-09-10,ACCT-003,PRODUCT,Production,SUCCESS,200,1530,1530,0,1878,0,
SYNC-ACCT-003-PRODUCT-20250913,2025-09-13,ACCT-003,PRODUCT,Production,SUCCESS,200,1662,1661,1,615,0,
SYNC-ACCT-003-PRODUCT-20250916,2025-09-16,ACCT-003,PRODUCT,Production,SUCCESS,200,1203,1198,5,1093,0,
SYNC-ACCT-003-PRODUCT-20250919,2025-09-19,ACCT-003,PRODUCT,Production,SUCCESS,200,1253,1248,5,1381,0,
SYNC-ACCT-003-PRODUCT-20250922,2025-09-22,ACCT-003,PRODUCT,Production,SUCCESS,200,1298,1296,2,2718,0,
SYNC-ACCT-003-PRODUCT-20250925,2025-09-25,ACCT-003,PRODUCT,Production,SUCCESS,200,1166,1166,0,2799,0,
SYNC-ACCT-003-PRODUCT-20250928,2025-09-28,ACCT-003,PRODUCT,Production,SUCCESS,200,1633,1628,5,3068,0,
SYNC-ACCT-003-PRODUCT-20251001,2025-10-01,ACCT-003,PRODUCT,Production,SUCCESS,200,1198,1189,9,2663,0,
SYNC-ACCT-003-PRODUCT-20251004,2025-10-04,ACCT-003,PRODUCT,Production,SUCCESS,200,834,827,7,3377,0,
SYNC-ACCT-003-PRODUCT-20251007,2025-10-07,ACCT-003,PRODUCT,Production,SUCCESS,200,1348,1340,8,632,0,
SYNC-ACCT-003-PRODUCT-20251010,2025-10-10,ACCT-003,PRODUCT,Production,SUCCESS,200,1348,1341,7,3293,0,
SYNC-ACCT-003-PRODUCT-20251013,2025-10-13,ACCT-003,PRODUCT,Production,SUCCESS,200,813,811,2,1351,0,
SYNC-ACCT-003-PRODUCT-20251016,2025-10-16,ACCT-003,PRODUCT,Production,SUCCESS,200,1063,1060,3,3055,0,
SYNC-ACCT-003-PRODUCT-20251019,2025-10-19,ACCT-003,PRODUCT,Production,SUCCESS,200,1335,1328,7,3188,0,
SYNC-ACCT-003-PRODUCT-20251022,2025-10-22,ACCT-003,PRODUCT,Production,SUCCESS,200,925,923,2,1359,0,
SYNC-ACCT-003-PRODUCT-20251025,2025-10-25,ACCT-003,PRODUCT,Production,SUCCESS,200,1143,1143,0,3111,0,
SYNC-ACCT-003-PRODUCT-20251028,2025-10-28,ACCT-003,PRODUCT,Production,SUCCESS,200,1185,1184,1,1667,0,
SYNC-ACCT-003-PRODUCT-20251031,2025-10-31,ACCT-003,PRODUCT,Production,SUCCESS,200,999,993,6,607,0,
SYNC-ACCT-003-PRODUCT-20251103,2025-11-03,ACCT-003,PRODUCT,Production,SUCCESS,200,1506,1502,4,1702,0,
SYNC-ACCT-003-PRODUCT-20251106,2025-11-06,ACCT-003,PRODUCT,Production,SUCCESS,200,1039,1039,0,1206,0,
SYNC-ACCT-003-PRODUCT-20251109,2025-11-09,ACCT-003,PRODUCT,Production,SUCCESS,200,1413,1403,10,1579,0,
SYNC-ACCT-003-PRODUCT-20251112,2025-11-12,ACCT-003,PRODUCT,Production,SUCCESS,200,1331,1324,7,1695,0,
SYNC-ACCT-003-PRODUCT-20251115,2025-11-15,ACCT-003,PRODUCT,Production,SUCCESS,200,1085,1080,5,1758,0,
SYNC-ACCT-003-PRODUCT-20251118,2025-11-18,ACCT-003,PRODUCT,Production,SUCCESS,200,1177,1169,8,1490,0,
SYNC-ACCT-003-PRODUCT-20251121,2025-11-21,ACCT-003,PRODUCT,Production,SUCCESS,200,1466,1457,9,1013,0,
SYNC-ACCT-003-PRODUCT-20251124,2025-11-24,ACCT-003,PRODUCT,Production,SUCCESS,200,1277,1276,1,1024,0,
SYNC-ACCT-003-PRODUCT-20251127,2025-11-27,ACCT-003,PRODUCT,Production,SUCCESS,200,1678,1666,12,2671,0,
SYNC-ACCT-003-PRODUCT-20251130,2025-11-30,ACCT-003,PRODUCT,Production,SUCCESS,200,1022,1015,7,1374,0,
SYNC-ACCT-003-PRODUCT-20251203,2025-12-03,ACCT-003,PRODUCT,Production,SUCCESS,200,848,842,6,1419,0,
SYNC-ACCT-003-PRODUCT-20251206,2025-12-06,ACCT-003,PRODUCT,Production,SUCCESS,200,1633,1632,1,2796,0,
SYNC-ACCT-003-PRODUCT-20251209,2025-12-09,ACCT-003,PRODUCT,Production,SUCCESS,200,1180,1173,7,836,0,
SYNC-ACCT-003-PRODUCT-20251212,2025-12-12,ACCT-003,PRODUCT,Production,SUCCESS,200,1511,1505,6,1880,0,
SYNC-ACCT-003-PRODUCT-20251215,2025-12-15,ACCT-003,PRODUCT,Production,SUCCESS,200,1524,1512,12,2525,0,
SYNC-ACCT-003-PRODUCT-20251218,2025-12-18,ACCT-003,PRODUCT,Production,SUCCESS,200,1578,1576,2,2024,0,
SYNC-ACCT-003-PRODUCT-20251221,2025-12-21,ACCT-003,PRODUCT,Production,SUCCESS,200,1015,1007,8,3197,0,
SYNC-ACCT-003-PRODUCT-20251224,2025-12-24,ACCT-003,PRODUCT,Production,SUCCESS,200,1012,1010,2,1662,0,
SYNC-ACCT-003-PRODUCT-20251227,2025-12-27,ACCT-003,PRODUCT,Production,SUCCESS,200,1383,1374,9,1557,0,
SYNC-ACCT-003-PRODUCT-20251230,2025-12-30,ACCT-003,PRODUCT,Production,SUCCESS,200,882,879,3,2523,0,
SYNC-ACCT-003-PRODUCT-20260102,2026-01-02,ACCT-003,PRODUCT,Production,SUCCESS,200,1404,1393,11,2197,0,
SYNC-ACCT-003-PRODUCT-20260105,2026-01-05,ACCT-003,PRODUCT,Production,SUCCESS,200,1618,1615,3,588,0,
SYNC-ACCT-003-PRODUCT-20260108,2026-01-08,ACCT-003,PRODUCT,Production,SUCCESS,200,1114,1107,7,2686,0,
SYNC-ACCT-003-PRODUCT-20260111,2026-01-11,ACCT-003,PRODUCT,Production,SUCCESS,200,1145,1140,5,2158,0,
SYNC-ACCT-003-PRODUCT-20260114,2026-01-14,ACCT-003,PRODUCT,Production,SUCCESS,200,1655,1650,5,2410,0,
SYNC-ACCT-003-PRODUCT-20260117,2026-01-17,ACCT-003,PRODUCT,Production,SUCCESS,200,836,834,2,914,0,
SYNC-ACCT-003-PRODUCT-20260120,2026-01-20,ACCT-003,PRODUCT,Production,SUCCESS,200,1342,1334,8,1178,0,
SYNC-ACCT-003-PRODUCT-20260123,2026-01-23,ACCT-003,PRODUCT,Production,SUCCESS,200,741,735,6,2406,0,
SYNC-ACCT-003-PRODUCT-20260126,2026-01-26,ACCT-003,PRODUCT,Production,SUCCESS,200,1629,1618,11,1582,0,
SYNC-ACCT-003-PRODUCT-20260129,2026-01-29,ACCT-003,PRODUCT,Production,SUCCESS,200,1292,1288,4,1416,0,
SYNC-ACCT-003-PRODUCT-20260201,2026-02-01,ACCT-003,PRODUCT,Production,SUCCESS,200,1017,1009,8,681,0,
SYNC-ACCT-003-PRODUCT-20260204,2026-02-04,ACCT-003,PRODUCT,Production,SUCCESS,200,1564,1553,11,2086,0,
SYNC-ACCT-003-PRODUCT-20260207,2026-02-07,ACCT-003,PRODUCT,Production,SUCCESS,200,1197,1192,5,1953,0,
SYNC-ACCT-003-PRODUCT-20260210,2026-02-10,ACCT-003,PRODUCT,Production,SUCCESS,200,1328,1322,6,3384,0,
SYNC-ACCT-003-PRODUCT-20260213,2026-02-13,ACCT-003,PRODUCT,Production,SUCCESS,200,1017,1011,6,3355,0,
SYNC-ACCT-003-PRODUCT-20260216,2026-02-16,ACCT-003,PRODUCT,Production,SUCCESS,200,1631,1629,2,1344,0,
SYNC-ACCT-003-PRODUCT-20260219,2026-02-19,ACCT-003,PRODUCT,Production,SUCCESS,200,762,762,0,3090,0,
SYNC-ACCT-003-PRODUCT-20260222,2026-02-22,ACCT-003,PRODUCT,Production,SUCCESS,200,1583,1576,7,1760,0,
SYNC-ACCT-003-PRODUCT-20260225,2026-02-25,ACCT-003,PRODUCT,Production,SUCCESS,200,1042,1034,8,944,0,
SYNC-ACCT-003-PRODUCT-20260228,2026-02-28,ACCT-003,PRODUCT,Production,SUCCESS,200,816,809,7,1487,0,
SYNC-ACCT-003-PRODUCT-20260303,2026-03-03,ACCT-003,PRODUCT,Production,SUCCESS,200,1602,1595,7,2715,0,
SYNC-ACCT-003-PRODUCT-20260306,2026-03-06,ACCT-003,PRODUCT,Production,SUCCESS,200,1309,1303,6,924,0,
SYNC-ACCT-003-PRODUCT-20260309,2026-03-09,ACCT-003,PRODUCT,Production,SUCCESS,200,1299,1296,3,2981,0,
SYNC-ACCT-003-PRODUCT-20260312,2026-03-12,ACCT-003,PRODUCT,Production,SUCCESS,200,1387,1380,7,3192,0,
SYNC-ACCT-003-PRODUCT-20260315,2026-03-15,ACCT-003,PRODUCT,Production,SUCCESS,200,908,906,2,1401,0,
SYNC-ACCT-003-PRODUCT-20260318,2026-03-18,ACCT-003,PRODUCT,Production,SUCCESS,200,1157,1148,9,2869,0,
SYNC-ACCT-003-PRODUCT-20260321,2026-03-21,ACCT-003,PRODUCT,Production,SUCCESS,200,1244,1236,8,1734,0,
SYNC-ACCT-003-PRODUCT-20260324,2026-03-24,ACCT-003,PRODUCT,Production,SUCCESS,200,1297,1289,8,862,0,
SYNC-ACCT-003-PRODUCT-20260327,2026-03-27,ACCT-003,PRODUCT,Production,SUCCESS,200,1221,1218,3,1139,0,
SYNC-ACCT-003-PRODUCT-20260330,2026-03-30,ACCT-003,PRODUCT,Production,SUCCESS,200,1200,1191,9,2478,0,
SYNC-ACCT-003-PRODUCT-20260402,2026-04-02,ACCT-003,PRODUCT,Production,SUCCESS,200,1520,1518,2,631,0,
SYNC-ACCT-003-PRODUCT-20260405,2026-04-05,ACCT-003,PRODUCT,Production,SUCCESS,200,1653,1648,5,2520,0,
SYNC-ACCT-003-PRODUCT-20260408,2026-04-08,ACCT-003,PRODUCT,Production,SUCCESS,200,1490,1487,3,1212,0,
SYNC-ACCT-003-PRODUCT-20260411,2026-04-11,ACCT-003,PRODUCT,Production,SUCCESS,200,922,918,4,2664,0,
SYNC-ACCT-003-PRODUCT-20260414,2026-04-14,ACCT-003,PRODUCT,Production,SUCCESS,200,1360,1351,9,2055,0,
SYNC-ACCT-003-PRODUCT-20260417,2026-04-17,ACCT-003,PRODUCT,Production,SUCCESS,200,991,989,2,2929,0,
SYNC-ACCT-003-PRODUCT-20260420,2026-04-20,ACCT-003,PRODUCT,Production,SUCCESS,200,1351,1345,6,1437,0,
SYNC-ACCT-003-PRODUCT-20260423,2026-04-23,ACCT-003,PRODUCT,Production,SUCCESS,200,1176,1173,3,1494,0,
SYNC-ACCT-003-PRODUCT-20260426,2026-04-26,ACCT-003,PRODUCT,Production,SUCCESS,200,962,955,7,2010,0,
SYNC-ACCT-003-PRODUCT-20260429,2026-04-29,ACCT-003,PRODUCT,Production,SUCCESS,200,1455,1444,11,2177,0,
SYNC-ACCT-003-PRODUCT-20260502,2026-05-02,ACCT-003,PRODUCT,Production,SUCCESS,200,1079,1078,1,2900,0,
SYNC-ACCT-003-PRODUCT-20260505,2026-05-05,ACCT-003,PRODUCT,Production,SUCCESS,200,1241,1238,3,2606,0,
SYNC-ACCT-003-PRODUCT-20260508,2026-05-08,ACCT-003,PRODUCT,Production,SUCCESS,200,778,775,3,2209,0,
SYNC-ACCT-003-PRODUCT-20260511,2026-05-11,ACCT-003,PRODUCT,Production,SUCCESS,200,1602,1589,13,1310,0,
SYNC-ACCT-003-PRODUCT-20260514,2026-05-14,ACCT-003,PRODUCT,Production,SUCCESS,200,1007,1000,7,1865,0,
SYNC-ACCT-003-PRODUCT-20260517,2026-05-17,ACCT-003,PRODUCT,Production,SUCCESS,200,928,926,2,800,0,
SYNC-ACCT-003-PRODUCT-20260520,2026-05-20,ACCT-003,PRODUCT,Production,SUCCESS,200,1576,1569,7,501,0,
SYNC-ACCT-003-PRODUCT-20260523,2026-05-23,ACCT-003,PRODUCT,Production,SUCCESS,200,1461,1449,12,3003,0,
SYNC-ACCT-003-PRODUCT-20260526,2026-05-26,ACCT-003,PRODUCT,Production,SUCCESS,200,1413,1404,9,2148,0,
SYNC-ACCT-003-PRODUCT-20260529,2026-05-29,ACCT-003,PRODUCT,Production,SUCCESS,200,880,877,3,854,0,
SYNC-ACCT-003-PRODUCT-20260601,2026-06-01,ACCT-003,PRODUCT,Production,SUCCESS,200,1232,1228,4,2450,0,
SYNC-ACCT-003-PRODUCT-20260604,2026-06-04,ACCT-003,PRODUCT,Production,SUCCESS,200,1155,1152,3,1117,0,
SYNC-ACCT-003-PRODUCT-20260607,2026-06-07,ACCT-003,PRODUCT,Production,SUCCESS,200,1403,1398,5,2126,0,
SYNC-ACCT-003-PRODUCT-20260610,2026-06-10,ACCT-003,PRODUCT,Production,SUCCESS,200,883,882,1,1627,0,
SYNC-ACCT-003-PRODUCT-20260613,2026-06-13,ACCT-003,PRODUCT,Production,SUCCESS,200,1094,1093,1,1983,0,
SYNC-ACCT-003-PRODUCT-20260616,2026-06-16,ACCT-003,PRODUCT,Production,SUCCESS,200,1093,1084,9,508,0,
SYNC-ACCT-003-PRODUCT-20260619,2026-06-19,ACCT-003,PRODUCT,Production,SUCCESS,200,1537,1529,8,1196,0,
SYNC-ACCT-003-PRODUCT-20260622,2026-06-22,ACCT-003,PRODUCT,Production,SUCCESS,200,1324,1317,7,2617,0,
SYNC-ACCT-003-PRODUCT-20260625,2026-06-25,ACCT-003,PRODUCT,Production,SUCCESS,200,810,805,5,2973,0,
SYNC-ACCT-003-PRODUCT-20260628,2026-06-28,ACCT-003,PRODUCT,Production,SUCCESS,200,1664,1657,7,1055,0,
SYNC-ACCT-004-CRM-20250829,2025-08-29,ACCT-004,CRM,Production,SUCCESS,200,1203,1200,3,2624,0,
SYNC-ACCT-004-CRM-20250901,2025-09-01,ACCT-004,CRM,Production,SUCCESS,200,1448,1442,6,1217,0,
SYNC-ACCT-004-CRM-20250904,2025-09-04,ACCT-004,CRM,Production,SUCCESS,200,1545,1543,2,1856,0,
SYNC-ACCT-004-CRM-20250907,2025-09-07,ACCT-004,CRM,Production,SUCCESS,200,917,914,3,1338,0,
SYNC-ACCT-004-CRM-20250910,2025-09-10,ACCT-004,CRM,Production,SUCCESS,200,734,733,1,3108,0,
SYNC-ACCT-004-CRM-20250913,2025-09-13,ACCT-004,CRM,Production,SUCCESS,200,1049,1045,4,3023,0,
SYNC-ACCT-004-CRM-20250916,2025-09-16,ACCT-004,CRM,Production,SUCCESS,200,1512,1509,3,2799,0,
SYNC-ACCT-004-CRM-20250919,2025-09-19,ACCT-004,CRM,Production,SUCCESS,200,913,908,5,898,0,
SYNC-ACCT-004-CRM-20250922,2025-09-22,ACCT-004,CRM,Production,SUCCESS,200,1377,1376,1,783,0,
SYNC-ACCT-004-CRM-20250925,2025-09-25,ACCT-004,CRM,Production,SUCCESS,200,729,724,5,2219,0,
SYNC-ACCT-004-CRM-20250928,2025-09-28,ACCT-004,CRM,Production,SUCCESS,200,1466,1459,7,3362,0,
SYNC-ACCT-004-CRM-20251001,2025-10-01,ACCT-004,CRM,Production,SUCCESS,200,1171,1167,4,3235,0,
SYNC-ACCT-004-CRM-20251004,2025-10-04,ACCT-004,CRM,Production,SUCCESS,200,866,865,1,3117,0,
SYNC-ACCT-004-CRM-20251007,2025-10-07,ACCT-004,CRM,Production,SUCCESS,200,1276,1271,5,2984,0,
SYNC-ACCT-004-CRM-20251010,2025-10-10,ACCT-004,CRM,Production,SUCCESS,200,1272,1266,6,551,0,
SYNC-ACCT-004-CRM-20251013,2025-10-13,ACCT-004,CRM,Production,SUCCESS,200,1586,1586,0,695,0,
SYNC-ACCT-004-CRM-20251016,2025-10-16,ACCT-004,CRM,Production,SUCCESS,200,1349,1339,10,1985,0,
SYNC-ACCT-004-CRM-20251019,2025-10-19,ACCT-004,CRM,Production,SUCCESS,200,1587,1587,0,2111,0,
SYNC-ACCT-004-CRM-20251022,2025-10-22,ACCT-004,CRM,Production,SUCCESS,200,824,817,7,3218,0,
SYNC-ACCT-004-CRM-20251025,2025-10-25,ACCT-004,CRM,Production,SUCCESS,200,1097,1097,0,2120,0,
SYNC-ACCT-004-CRM-20251028,2025-10-28,ACCT-004,CRM,Production,SUCCESS,200,799,798,1,991,0,
SYNC-ACCT-004-CRM-20251031,2025-10-31,ACCT-004,CRM,Production,SUCCESS,200,1542,1536,6,3179,0,
SYNC-ACCT-004-CRM-20251103,2025-11-03,ACCT-004,CRM,Production,SUCCESS,200,1545,1538,7,928,0,
SYNC-ACCT-004-CRM-20251106,2025-11-06,ACCT-004,CRM,Production,SUCCESS,200,1284,1277,7,1034,0,
SYNC-ACCT-004-CRM-20251109,2025-11-09,ACCT-004,CRM,Production,SUCCESS,200,1127,1121,6,2807,0,
SYNC-ACCT-004-CRM-20251112,2025-11-12,ACCT-004,CRM,Production,SUCCESS,200,1429,1421,8,1589,0,
SYNC-ACCT-004-CRM-20251115,2025-11-15,ACCT-004,CRM,Production,SUCCESS,200,1274,1264,10,2732,0,
SYNC-ACCT-004-CRM-20251118,2025-11-18,ACCT-004,CRM,Production,SUCCESS,200,1610,1604,6,1855,0,
SYNC-ACCT-004-CRM-20251121,2025-11-21,ACCT-004,CRM,Production,SUCCESS,200,726,722,4,2577,0,
SYNC-ACCT-004-CRM-20251124,2025-11-24,ACCT-004,CRM,Production,SUCCESS,200,885,883,2,829,0,
SYNC-ACCT-004-CRM-20251127,2025-11-27,ACCT-004,CRM,Production,SUCCESS,200,894,887,7,2019,0,
SYNC-ACCT-004-CRM-20251130,2025-11-30,ACCT-004,CRM,Production,SUCCESS,200,1233,1224,9,1479,0,
SYNC-ACCT-004-CRM-20251203,2025-12-03,ACCT-004,CRM,Production,SUCCESS,200,1577,1573,4,1930,0,
SYNC-ACCT-004-CRM-20251206,2025-12-06,ACCT-004,CRM,Production,SUCCESS,200,789,789,0,3219,0,
SYNC-ACCT-004-CRM-20251209,2025-12-09,ACCT-004,CRM,Production,SUCCESS,200,734,730,4,723,0,
SYNC-ACCT-004-CRM-20251212,2025-12-12,ACCT-004,CRM,Production,SUCCESS,200,1640,1629,11,610,0,
SYNC-ACCT-004-CRM-20251215,2025-12-15,ACCT-004,CRM,Production,SUCCESS,200,1045,1045,0,1005,0,
SYNC-ACCT-004-CRM-20251218,2025-12-18,ACCT-004,CRM,Production,SUCCESS,200,1499,1488,11,2378,0,
SYNC-ACCT-004-CRM-20251221,2025-12-21,ACCT-004,CRM,Production,SUCCESS,200,1137,1130,7,2868,0,
SYNC-ACCT-004-CRM-20251224,2025-12-24,ACCT-004,CRM,Production,SUCCESS,200,902,895,7,3218,0,
SYNC-ACCT-004-CRM-20251227,2025-12-27,ACCT-004,CRM,Production,SUCCESS,200,1630,1622,8,3051,0,
SYNC-ACCT-004-CRM-20251230,2025-12-30,ACCT-004,CRM,Production,SUCCESS,200,866,862,4,851,0,
SYNC-ACCT-004-CRM-20260102,2026-01-02,ACCT-004,CRM,Production,SUCCESS,200,821,819,2,2658,0,
SYNC-ACCT-004-CRM-20260105,2026-01-05,ACCT-004,CRM,Production,SUCCESS,200,1411,1404,7,987,0,
SYNC-ACCT-004-CRM-20260108,2026-01-08,ACCT-004,CRM,Production,SUCCESS,200,1523,1521,2,2076,0,
SYNC-ACCT-004-CRM-20260111,2026-01-11,ACCT-004,CRM,Production,SUCCESS,200,807,806,1,3128,0,
SYNC-ACCT-004-CRM-20260114,2026-01-14,ACCT-004,CRM,Production,SUCCESS,200,766,761,5,710,0,
SYNC-ACCT-004-CRM-20260117,2026-01-17,ACCT-004,CRM,Production,SUCCESS,200,1662,1661,1,2431,0,
SYNC-ACCT-004-CRM-20260120,2026-01-20,ACCT-004,CRM,Production,SUCCESS,200,969,964,5,2802,0,
SYNC-ACCT-004-CRM-20260123,2026-01-23,ACCT-004,CRM,Production,SUCCESS,200,924,917,7,2881,0,
SYNC-ACCT-004-CRM-20260126,2026-01-26,ACCT-004,CRM,Production,SUCCESS,200,1096,1087,9,1691,0,
SYNC-ACCT-004-CRM-20260129,2026-01-29,ACCT-004,CRM,Production,SUCCESS,200,1396,1391,5,1115,0,
SYNC-ACCT-004-CRM-20260201,2026-02-01,ACCT-004,CRM,Production,SUCCESS,200,1580,1571,9,1611,0,
SYNC-ACCT-004-CRM-20260204,2026-02-04,ACCT-004,CRM,Production,SUCCESS,200,1353,1353,0,1695,0,
SYNC-ACCT-004-CRM-20260207,2026-02-07,ACCT-004,CRM,Production,SUCCESS,200,884,880,4,2895,0,
SYNC-ACCT-004-CRM-20260210,2026-02-10,ACCT-004,CRM,Production,SUCCESS,200,1250,1241,9,2300,0,
SYNC-ACCT-004-CRM-20260213,2026-02-13,ACCT-004,CRM,Production,SUCCESS,200,1127,1121,6,2713,0,
SYNC-ACCT-004-CRM-20260216,2026-02-16,ACCT-004,CRM,Production,SUCCESS,200,1102,1095,7,1111,0,
SYNC-ACCT-004-CRM-20260219,2026-02-19,ACCT-004,CRM,Production,SUCCESS,200,883,882,1,3223,0,
SYNC-ACCT-004-CRM-20260222,2026-02-22,ACCT-004,CRM,Production,SUCCESS,200,756,756,0,898,0,
SYNC-ACCT-004-CRM-20260225,2026-02-25,ACCT-004,CRM,Production,SUCCESS,200,1224,1220,4,1684,0,
SYNC-ACCT-004-CRM-20260228,2026-02-28,ACCT-004,CRM,Production,SUCCESS,200,1403,1394,9,3127,0,
SYNC-ACCT-004-CRM-20260303,2026-03-03,ACCT-004,CRM,Production,SUCCESS,200,1033,1030,3,3079,0,
SYNC-ACCT-004-CRM-20260306,2026-03-06,ACCT-004,CRM,Production,SUCCESS,200,1679,1668,11,1104,0,
SYNC-ACCT-004-CRM-20260309,2026-03-09,ACCT-004,CRM,Production,SUCCESS,200,980,975,5,2025,0,
SYNC-ACCT-004-CRM-20260312,2026-03-12,ACCT-004,CRM,Production,SUCCESS,200,1137,1130,7,1440,0,
SYNC-ACCT-004-CRM-20260315,2026-03-15,ACCT-004,CRM,Production,SUCCESS,200,1505,1499,6,2635,0,
SYNC-ACCT-004-CRM-20260318,2026-03-18,ACCT-004,CRM,Production,SUCCESS,200,846,843,3,1374,0,
SYNC-ACCT-004-CRM-20260321,2026-03-21,ACCT-004,CRM,Production,SUCCESS,200,1630,1626,4,600,0,
SYNC-ACCT-004-CRM-20260324,2026-03-24,ACCT-004,CRM,Production,SUCCESS,200,1533,1527,6,534,0,
SYNC-ACCT-004-CRM-20260327,2026-03-27,ACCT-004,CRM,Production,SUCCESS,200,1569,1565,4,1060,0,
SYNC-ACCT-004-CRM-20260330,2026-03-30,ACCT-004,CRM,Production,SUCCESS,200,1538,1527,11,1604,0,
SYNC-ACCT-004-CRM-20260402,2026-04-02,ACCT-004,CRM,Production,FAILED,503,1483,0,1483,2022,2,UPSTREAM_UNAVAILABLE
SYNC-ACCT-004-CRM-20260405,2026-04-05,ACCT-004,CRM,Production,SUCCESS,200,1033,1026,7,1107,0,
SYNC-ACCT-004-CRM-20260408,2026-04-08,ACCT-004,CRM,Production,SUCCESS,200,988,984,4,2248,0,
SYNC-ACCT-004-CRM-20260411,2026-04-11,ACCT-004,CRM,Production,SUCCESS,200,1343,1332,11,1701,0,
SYNC-ACCT-004-CRM-20260414,2026-04-14,ACCT-004,CRM,Production,SUCCESS,200,1268,1265,3,1544,0,
SYNC-ACCT-004-CRM-20260417,2026-04-17,ACCT-004,CRM,Production,SUCCESS,200,761,759,2,3139,0,
SYNC-ACCT-004-CRM-20260420,2026-04-20,ACCT-004,CRM,Production,SUCCESS,200,1415,1407,8,1279,0,
SYNC-ACCT-004-CRM-20260423,2026-04-23,ACCT-004,CRM,Production,SUCCESS,200,907,903,4,2626,0,
SYNC-ACCT-004-CRM-20260426,2026-04-26,ACCT-004,CRM,Production,SUCCESS,200,733,730,3,920,0,
SYNC-ACCT-004-CRM-20260429,2026-04-29,ACCT-004,CRM,Production,SUCCESS,200,1455,1455,0,3012,0,
SYNC-ACCT-004-CRM-20260502,2026-05-02,ACCT-004,CRM,Production,SUCCESS,200,803,802,1,1088,0,
SYNC-ACCT-004-CRM-20260505,2026-05-05,ACCT-004,CRM,Production,SUCCESS,200,1221,1216,5,1027,0,
SYNC-ACCT-004-CRM-20260508,2026-05-08,ACCT-004,CRM,Production,SUCCESS,200,728,723,5,1235,0,
SYNC-ACCT-004-CRM-20260511,2026-05-11,ACCT-004,CRM,Production,SUCCESS,200,1580,1578,2,1084,0,
SYNC-ACCT-004-CRM-20260514,2026-05-14,ACCT-004,CRM,Production,SUCCESS,200,1651,1649,2,3352,0,
SYNC-ACCT-004-CRM-20260517,2026-05-17,ACCT-004,CRM,Production,SUCCESS,200,996,992,4,769,0,
SYNC-ACCT-004-CRM-20260520,2026-05-20,ACCT-004,CRM,Production,SUCCESS,200,1670,1664,6,1777,0,
SYNC-ACCT-004-CRM-20260523,2026-05-23,ACCT-004,CRM,Production,SUCCESS,200,1655,1649,6,605,0,
SYNC-ACCT-004-CRM-20260526,2026-05-26,ACCT-004,CRM,Production,SUCCESS,200,963,956,7,1542,0,
SYNC-ACCT-004-CRM-20260529,2026-05-29,ACCT-004,CRM,Production,SUCCESS,200,1128,1121,7,3083,0,
SYNC-ACCT-004-CRM-20260601,2026-06-01,ACCT-004,CRM,Production,SUCCESS,200,1031,1025,6,3216,0,
SYNC-ACCT-004-CRM-20260604,2026-06-04,ACCT-004,CRM,Production,SUCCESS,200,1313,1305,8,1408,0,
SYNC-ACCT-004-CRM-20260607,2026-06-07,ACCT-004,CRM,Production,SUCCESS,200,1580,1572,8,1759,0,
SYNC-ACCT-004-CRM-20260610,2026-06-10,ACCT-004,CRM,Production,SUCCESS,200,1138,1130,8,1413,0,
SYNC-ACCT-004-CRM-20260613,2026-06-13,ACCT-004,CRM,Production,SUCCESS,200,1655,1652,3,924,0,
SYNC-ACCT-004-CRM-20260616,2026-06-16,ACCT-004,CRM,Production,SUCCESS,200,1382,1378,4,2058,0,
SYNC-ACCT-004-CRM-20260619,2026-06-19,ACCT-004,CRM,Production,SUCCESS,200,1026,1018,8,3137,0,
SYNC-ACCT-004-CRM-20260622,2026-06-22,ACCT-004,CRM,Production,SUCCESS,200,1058,1057,1,1883,0,
SYNC-ACCT-004-CRM-20260625,2026-06-25,ACCT-004,CRM,Production,SUCCESS,200,1574,1562,12,2771,0,
SYNC-ACCT-004-CRM-20260628,2026-06-28,ACCT-004,CRM,Production,SUCCESS,200,1576,1570,6,2783,0,
SYNC-ACCT-004-BILLING-20250829,2025-08-29,ACCT-004,BILLING,Production,SUCCESS,200,1646,1642,4,1482,0,
SYNC-ACCT-004-BILLING-20250901,2025-09-01,ACCT-004,BILLING,Production,SUCCESS,200,1577,1576,1,2614,0,
SYNC-ACCT-004-BILLING-20250904,2025-09-04,ACCT-004,BILLING,Production,SUCCESS,200,1602,1592,10,1668,0,
SYNC-ACCT-004-BILLING-20250907,2025-09-07,ACCT-004,BILLING,Production,SUCCESS,200,1254,1248,6,1723,0,
SYNC-ACCT-004-BILLING-20250910,2025-09-10,ACCT-004,BILLING,Production,SUCCESS,200,867,863,4,2471,0,
SYNC-ACCT-004-BILLING-20250913,2025-09-13,ACCT-004,BILLING,Production,SUCCESS,200,768,767,1,2197,0,
SYNC-ACCT-004-BILLING-20250916,2025-09-16,ACCT-004,BILLING,Production,SUCCESS,200,935,929,6,607,0,
SYNC-ACCT-004-BILLING-20250919,2025-09-19,ACCT-004,BILLING,Production,SUCCESS,200,1544,1542,2,3033,0,
SYNC-ACCT-004-BILLING-20250922,2025-09-22,ACCT-004,BILLING,Production,SUCCESS,200,1278,1274,4,2456,0,
SYNC-ACCT-004-BILLING-20250925,2025-09-25,ACCT-004,BILLING,Production,SUCCESS,200,1130,1129,1,3317,0,
SYNC-ACCT-004-BILLING-20250928,2025-09-28,ACCT-004,BILLING,Production,SUCCESS,200,1187,1183,4,3111,0,
SYNC-ACCT-004-BILLING-20251001,2025-10-01,ACCT-004,BILLING,Production,SUCCESS,200,1046,1042,4,1090,0,
SYNC-ACCT-004-BILLING-20251004,2025-10-04,ACCT-004,BILLING,Production,SUCCESS,200,992,989,3,1248,0,
SYNC-ACCT-004-BILLING-20251007,2025-10-07,ACCT-004,BILLING,Production,SUCCESS,200,1578,1576,2,1404,0,
SYNC-ACCT-004-BILLING-20251010,2025-10-10,ACCT-004,BILLING,Production,SUCCESS,200,783,777,6,2703,0,
SYNC-ACCT-004-BILLING-20251013,2025-10-13,ACCT-004,BILLING,Production,SUCCESS,200,889,889,0,2304,0,
SYNC-ACCT-004-BILLING-20251016,2025-10-16,ACCT-004,BILLING,Production,SUCCESS,200,895,893,2,2502,0,
SYNC-ACCT-004-BILLING-20251019,2025-10-19,ACCT-004,BILLING,Production,SUCCESS,200,1464,1455,9,1081,0,
SYNC-ACCT-004-BILLING-20251022,2025-10-22,ACCT-004,BILLING,Production,SUCCESS,200,1231,1227,4,2179,0,
SYNC-ACCT-004-BILLING-20251025,2025-10-25,ACCT-004,BILLING,Production,SUCCESS,200,1435,1434,1,1358,0,
SYNC-ACCT-004-BILLING-20251028,2025-10-28,ACCT-004,BILLING,Production,SUCCESS,200,1676,1671,5,3141,0,
SYNC-ACCT-004-BILLING-20251031,2025-10-31,ACCT-004,BILLING,Production,SUCCESS,200,1548,1543,5,1815,0,
SYNC-ACCT-004-BILLING-20251103,2025-11-03,ACCT-004,BILLING,Production,SUCCESS,200,1148,1145,3,1033,0,
SYNC-ACCT-004-BILLING-20251106,2025-11-06,ACCT-004,BILLING,Production,SUCCESS,200,1091,1085,6,2867,0,
SYNC-ACCT-004-BILLING-20251109,2025-11-09,ACCT-004,BILLING,Production,SUCCESS,200,1535,1534,1,972,0,
SYNC-ACCT-004-BILLING-20251112,2025-11-12,ACCT-004,BILLING,Production,SUCCESS,200,1059,1051,8,2047,0,
SYNC-ACCT-004-BILLING-20251115,2025-11-15,ACCT-004,BILLING,Production,SUCCESS,200,960,956,4,2786,0,
SYNC-ACCT-004-BILLING-20251118,2025-11-18,ACCT-004,BILLING,Production,SUCCESS,200,1237,1229,8,3243,0,
SYNC-ACCT-004-BILLING-20251121,2025-11-21,ACCT-004,BILLING,Production,SUCCESS,200,1321,1315,6,1979,0,
SYNC-ACCT-004-BILLING-20251124,2025-11-24,ACCT-004,BILLING,Production,SUCCESS,200,1048,1047,1,1330,0,
SYNC-ACCT-004-BILLING-20251127,2025-11-27,ACCT-004,BILLING,Production,SUCCESS,200,1504,1496,8,784,0,
SYNC-ACCT-004-BILLING-20251130,2025-11-30,ACCT-004,BILLING,Production,SUCCESS,200,806,804,2,791,0,
SYNC-ACCT-004-BILLING-20251203,2025-12-03,ACCT-004,BILLING,Production,SUCCESS,200,757,756,1,1712,0,
SYNC-ACCT-004-BILLING-20251206,2025-12-06,ACCT-004,BILLING,Production,FAILED,503,720,0,720,3283,2,UPSTREAM_UNAVAILABLE
SYNC-ACCT-004-BILLING-20251209,2025-12-09,ACCT-004,BILLING,Production,SUCCESS,200,895,889,6,3117,0,
SYNC-ACCT-004-BILLING-20251212,2025-12-12,ACCT-004,BILLING,Production,SUCCESS,200,1222,1215,7,3357,0,
SYNC-ACCT-004-BILLING-20251215,2025-12-15,ACCT-004,BILLING,Production,SUCCESS,200,1398,1393,5,1390,0,
SYNC-ACCT-004-BILLING-20251218,2025-12-18,ACCT-004,BILLING,Production,SUCCESS,200,1324,1320,4,1280,0,
SYNC-ACCT-004-BILLING-20251221,2025-12-21,ACCT-004,BILLING,Production,SUCCESS,200,1451,1448,3,2726,0,
SYNC-ACCT-004-BILLING-20251224,2025-12-24,ACCT-004,BILLING,Production,SUCCESS,200,774,769,5,3148,0,
SYNC-ACCT-004-BILLING-20251227,2025-12-27,ACCT-004,BILLING,Production,SUCCESS,200,1123,1118,5,3200,0,
SYNC-ACCT-004-BILLING-20251230,2025-12-30,ACCT-004,BILLING,Production,SUCCESS,200,1657,1653,4,1552,0,
SYNC-ACCT-004-BILLING-20260102,2026-01-02,ACCT-004,BILLING,Production,SUCCESS,200,1330,1328,2,2274,0,
SYNC-ACCT-004-BILLING-20260105,2026-01-05,ACCT-004,BILLING,Production,SUCCESS,200,1257,1257,0,2355,0,
SYNC-ACCT-004-BILLING-20260108,2026-01-08,ACCT-004,BILLING,Production,SUCCESS,200,746,746,0,3261,0,
SYNC-ACCT-004-BILLING-20260111,2026-01-11,ACCT-004,BILLING,Production,SUCCESS,200,1262,1257,5,593,0,
SYNC-ACCT-004-BILLING-20260114,2026-01-14,ACCT-004,BILLING,Production,SUCCESS,200,1505,1500,5,3015,0,
SYNC-ACCT-004-BILLING-20260117,2026-01-17,ACCT-004,BILLING,Production,SUCCESS,200,1053,1046,7,1738,0,
SYNC-ACCT-004-BILLING-20260120,2026-01-20,ACCT-004,BILLING,Production,FAILED,503,1026,0,1026,2570,2,UPSTREAM_UNAVAILABLE
SYNC-ACCT-004-BILLING-20260123,2026-01-23,ACCT-004,BILLING,Production,SUCCESS,200,1340,1333,7,1677,0,
SYNC-ACCT-004-BILLING-20260126,2026-01-26,ACCT-004,BILLING,Production,SUCCESS,200,1275,1267,8,2489,0,
SYNC-ACCT-004-BILLING-20260129,2026-01-29,ACCT-004,BILLING,Production,SUCCESS,200,1614,1606,8,2410,0,
SYNC-ACCT-004-BILLING-20260201,2026-02-01,ACCT-004,BILLING,Production,SUCCESS,200,1254,1251,3,2302,0,
SYNC-ACCT-004-BILLING-20260204,2026-02-04,ACCT-004,BILLING,Production,SUCCESS,200,1323,1321,2,1677,0,
SYNC-ACCT-004-BILLING-20260207,2026-02-07,ACCT-004,BILLING,Production,SUCCESS,200,1338,1327,11,2844,0,
SYNC-ACCT-004-BILLING-20260210,2026-02-10,ACCT-004,BILLING,Production,SUCCESS,200,1427,1423,4,3006,0,
SYNC-ACCT-004-BILLING-20260213,2026-02-13,ACCT-004,BILLING,Production,SUCCESS,200,1118,1117,1,706,0,
SYNC-ACCT-004-BILLING-20260216,2026-02-16,ACCT-004,BILLING,Production,SUCCESS,200,771,771,0,661,0,
SYNC-ACCT-004-BILLING-20260219,2026-02-19,ACCT-004,BILLING,Production,SUCCESS,200,1011,1005,6,1472,0,
SYNC-ACCT-004-BILLING-20260222,2026-02-22,ACCT-004,BILLING,Production,SUCCESS,200,1197,1192,5,2086,0,
SYNC-ACCT-004-BILLING-20260225,2026-02-25,ACCT-004,BILLING,Production,SUCCESS,200,755,749,6,660,0,
SYNC-ACCT-004-BILLING-20260228,2026-02-28,ACCT-004,BILLING,Production,SUCCESS,200,1184,1184,0,3304,0,
SYNC-ACCT-004-BILLING-20260303,2026-03-03,ACCT-004,BILLING,Production,SUCCESS,200,1108,1107,1,1381,0,
SYNC-ACCT-004-BILLING-20260306,2026-03-06,ACCT-004,BILLING,Production,SUCCESS,200,1388,1383,5,1688,0,
SYNC-ACCT-004-BILLING-20260309,2026-03-09,ACCT-004,BILLING,Production,SUCCESS,200,1635,1632,3,1224,0,
SYNC-ACCT-004-BILLING-20260312,2026-03-12,ACCT-004,BILLING,Production,SUCCESS,200,1671,1661,10,1133,0,
SYNC-ACCT-004-BILLING-20260315,2026-03-15,ACCT-004,BILLING,Production,SUCCESS,200,1608,1595,13,2722,0,
SYNC-ACCT-004-BILLING-20260318,2026-03-18,ACCT-004,BILLING,Production,SUCCESS,200,769,765,4,3252,0,
SYNC-ACCT-004-BILLING-20260321,2026-03-21,ACCT-004,BILLING,Production,SUCCESS,200,1164,1160,4,1417,0,
SYNC-ACCT-004-BILLING-20260324,2026-03-24,ACCT-004,BILLING,Production,SUCCESS,200,1479,1476,3,2107,0,
SYNC-ACCT-004-BILLING-20260327,2026-03-27,ACCT-004,BILLING,Production,SUCCESS,200,1078,1073,5,2378,0,
SYNC-ACCT-004-BILLING-20260330,2026-03-30,ACCT-004,BILLING,Production,SUCCESS,200,1264,1260,4,1015,0,
SYNC-ACCT-004-BILLING-20260402,2026-04-02,ACCT-004,BILLING,Production,SUCCESS,200,1011,1006,5,1525,0,
SYNC-ACCT-004-BILLING-20260405,2026-04-05,ACCT-004,BILLING,Production,SUCCESS,200,1583,1581,2,2274,0,
SYNC-ACCT-004-BILLING-20260408,2026-04-08,ACCT-004,BILLING,Production,SUCCESS,200,986,981,5,1321,0,
SYNC-ACCT-004-BILLING-20260411,2026-04-11,ACCT-004,BILLING,Production,SUCCESS,200,1279,1278,1,814,0,
SYNC-ACCT-004-BILLING-20260414,2026-04-14,ACCT-004,BILLING,Production,SUCCESS,200,1151,1145,6,1460,0,
SYNC-ACCT-004-BILLING-20260417,2026-04-17,ACCT-004,BILLING,Production,SUCCESS,200,1638,1633,5,929,0,
SYNC-ACCT-004-BILLING-20260420,2026-04-20,ACCT-004,BILLING,Production,SUCCESS,200,1446,1442,4,2934,0,
SYNC-ACCT-004-BILLING-20260423,2026-04-23,ACCT-004,BILLING,Production,SUCCESS,200,886,883,3,1937,0,
SYNC-ACCT-004-BILLING-20260426,2026-04-26,ACCT-004,BILLING,Production,SUCCESS,200,932,926,6,577,0,
SYNC-ACCT-004-BILLING-20260429,2026-04-29,ACCT-004,BILLING,Production,SUCCESS,200,972,971,1,3303,0,
SYNC-ACCT-004-BILLING-20260502,2026-05-02,ACCT-004,BILLING,Production,SUCCESS,200,1658,1653,5,755,0,
SYNC-ACCT-004-BILLING-20260505,2026-05-05,ACCT-004,BILLING,Production,FAILED,422,981,746,235,2278,0,SCHEMA_FIELD_CHANGED
SYNC-ACCT-004-BILLING-20260508,2026-05-08,ACCT-004,BILLING,Production,FAILED,422,839,638,201,736,0,SCHEMA_FIELD_CHANGED
SYNC-ACCT-004-BILLING-20260511,2026-05-11,ACCT-004,BILLING,Production,FAILED,422,1287,978,309,2144,0,SCHEMA_FIELD_CHANGED
SYNC-ACCT-004-BILLING-20260514,2026-05-14,ACCT-004,BILLING,Production,SUCCESS,200,1170,1169,1,715,0,
SYNC-ACCT-004-BILLING-20260517,2026-05-17,ACCT-004,BILLING,Production,SUCCESS,200,1433,1431,2,3115,0,
SYNC-ACCT-004-BILLING-20260520,2026-05-20,ACCT-004,BILLING,Production,SUCCESS,200,765,759,6,2303,0,
SYNC-ACCT-004-BILLING-20260523,2026-05-23,ACCT-004,BILLING,Production,SUCCESS,200,725,721,4,825,0,
SYNC-ACCT-004-BILLING-20260526,2026-05-26,ACCT-004,BILLING,Production,SUCCESS,200,1179,1171,8,1267,0,
SYNC-ACCT-004-BILLING-20260529,2026-05-29,ACCT-004,BILLING,Production,SUCCESS,200,1359,1359,0,528,0,
SYNC-ACCT-004-BILLING-20260601,2026-06-01,ACCT-004,BILLING,Production,SUCCESS,200,868,861,7,1152,0,
SYNC-ACCT-004-BILLING-20260604,2026-06-04,ACCT-004,BILLING,Production,SUCCESS,200,1677,1670,7,1528,0,
SYNC-ACCT-004-BILLING-20260607,2026-06-07,ACCT-004,BILLING,Production,SUCCESS,200,835,829,6,3022,0,
SYNC-ACCT-004-BILLING-20260610,2026-06-10,ACCT-004,BILLING,Production,SUCCESS,200,838,832,6,1435,0,
SYNC-ACCT-004-BILLING-20260613,2026-06-13,ACCT-004,BILLING,Production,SUCCESS,200,1346,1345,1,1279,0,
SYNC-ACCT-004-BILLING-20260616,2026-06-16,ACCT-004,BILLING,Production,SUCCESS,200,1525,1516,9,2030,0,
SYNC-ACCT-004-BILLING-20260619,2026-06-19,ACCT-004,BILLING,Production,SUCCESS,200,811,806,5,1676,0,
SYNC-ACCT-004-BILLING-20260622,2026-06-22,ACCT-004,BILLING,Production,SUCCESS,200,836,831,5,2847,0,
SYNC-ACCT-004-BILLING-20260625,2026-06-25,ACCT-004,BILLING,Production,SUCCESS,200,1132,1126,6,2273,0,
SYNC-ACCT-004-BILLING-20260628,2026-06-28,ACCT-004,BILLING,Production,SUCCESS,200,874,870,4,1592,0,
SYNC-ACCT-005-CRM-20250904,2025-09-04,ACCT-005,CRM,Production,SUCCESS,200,1025,1025,0,2312,0,
SYNC-ACCT-005-CRM-20250907,2025-09-07,ACCT-005,CRM,Production,SUCCESS,200,758,753,5,3200,0,
SYNC-ACCT-005-CRM-20250910,2025-09-10,ACCT-005,CRM,Production,SUCCESS,200,1437,1435,2,2703,0,
SYNC-ACCT-005-CRM-20250913,2025-09-13,ACCT-005,CRM,Production,SUCCESS,200,866,863,3,673,0,
SYNC-ACCT-005-CRM-20250916,2025-09-16,ACCT-005,CRM,Production,SUCCESS,200,1572,1564,8,2653,0,
SYNC-ACCT-005-CRM-20250919,2025-09-19,ACCT-005,CRM,Production,SUCCESS,200,769,766,3,1742,0,
SYNC-ACCT-005-CRM-20250922,2025-09-22,ACCT-005,CRM,Production,SUCCESS,200,1348,1343,5,2582,0,
SYNC-ACCT-005-CRM-20250925,2025-09-25,ACCT-005,CRM,Production,SUCCESS,200,1038,1037,1,3071,0,
SYNC-ACCT-005-CRM-20250928,2025-09-28,ACCT-005,CRM,Production,SUCCESS,200,1374,1365,9,806,0,
SYNC-ACCT-005-CRM-20251001,2025-10-01,ACCT-005,CRM,Production,SUCCESS,200,760,758,2,3164,0,
SYNC-ACCT-005-CRM-20251004,2025-10-04,ACCT-005,CRM,Production,SUCCESS,200,862,861,1,629,0,
SYNC-ACCT-005-CRM-20251007,2025-10-07,ACCT-005,CRM,Production,SUCCESS,200,1155,1151,4,3028,0,
SYNC-ACCT-005-CRM-20251010,2025-10-10,ACCT-005,CRM,Production,SUCCESS,200,823,821,2,1211,0,
SYNC-ACCT-005-CRM-20251013,2025-10-13,ACCT-005,CRM,Production,SUCCESS,200,763,761,2,2447,0,
SYNC-ACCT-005-CRM-20251016,2025-10-16,ACCT-005,CRM,Production,SUCCESS,200,1593,1584,9,2122,0,
SYNC-ACCT-005-CRM-20251019,2025-10-19,ACCT-005,CRM,Production,SUCCESS,200,1409,1400,9,562,0,
SYNC-ACCT-005-CRM-20251022,2025-10-22,ACCT-005,CRM,Production,SUCCESS,200,1163,1154,9,1601,0,
SYNC-ACCT-005-CRM-20251025,2025-10-25,ACCT-005,CRM,Production,SUCCESS,200,1254,1253,1,3201,0,
SYNC-ACCT-005-CRM-20251028,2025-10-28,ACCT-005,CRM,Production,SUCCESS,200,1085,1076,9,2580,0,
SYNC-ACCT-005-CRM-20251031,2025-10-31,ACCT-005,CRM,Production,SUCCESS,200,1274,1273,1,1273,0,
SYNC-ACCT-005-CRM-20251103,2025-11-03,ACCT-005,CRM,Production,SUCCESS,200,982,977,5,2272,0,
SYNC-ACCT-005-CRM-20251106,2025-11-06,ACCT-005,CRM,Production,SUCCESS,200,1066,1059,7,1866,0,
SYNC-ACCT-005-CRM-20251109,2025-11-09,ACCT-005,CRM,Production,SUCCESS,200,1045,1045,0,2518,0,
SYNC-ACCT-005-CRM-20251112,2025-11-12,ACCT-005,CRM,Production,SUCCESS,200,840,833,7,1383,0,
SYNC-ACCT-005-CRM-20251115,2025-11-15,ACCT-005,CRM,Production,SUCCESS,200,1147,1146,1,649,0,
SYNC-ACCT-005-CRM-20251118,2025-11-18,ACCT-005,CRM,Production,SUCCESS,200,879,876,3,1053,0,
SYNC-ACCT-005-CRM-20251121,2025-11-21,ACCT-005,CRM,Production,SUCCESS,200,1290,1290,0,3339,0,
SYNC-ACCT-005-CRM-20251124,2025-11-24,ACCT-005,CRM,Production,SUCCESS,200,1670,1666,4,3166,0,
SYNC-ACCT-005-CRM-20251127,2025-11-27,ACCT-005,CRM,Production,SUCCESS,200,839,834,5,1283,0,
SYNC-ACCT-005-CRM-20251130,2025-11-30,ACCT-005,CRM,Production,SUCCESS,200,1189,1188,1,1126,0,
SYNC-ACCT-005-CRM-20251203,2025-12-03,ACCT-005,CRM,Production,SUCCESS,200,1615,1603,12,1641,0,
SYNC-ACCT-005-CRM-20251206,2025-12-06,ACCT-005,CRM,Production,SUCCESS,200,1393,1388,5,2486,0,
SYNC-ACCT-005-CRM-20251209,2025-12-09,ACCT-005,CRM,Production,SUCCESS,200,1657,1652,5,2960,0,
SYNC-ACCT-005-CRM-20251212,2025-12-12,ACCT-005,CRM,Production,SUCCESS,200,792,788,4,2397,0,
SYNC-ACCT-005-CRM-20251215,2025-12-15,ACCT-005,CRM,Production,SUCCESS,200,1385,1382,3,963,0,
SYNC-ACCT-005-CRM-20251218,2025-12-18,ACCT-005,CRM,Production,SUCCESS,200,1055,1051,4,565,0,
SYNC-ACCT-005-CRM-20251221,2025-12-21,ACCT-005,CRM,Production,SUCCESS,200,1238,1231,7,2471,0,
SYNC-ACCT-005-CRM-20251224,2025-12-24,ACCT-005,CRM,Production,SUCCESS,200,1670,1663,7,735,0,
SYNC-ACCT-005-CRM-20251227,2025-12-27,ACCT-005,CRM,Production,SUCCESS,200,899,893,6,2215,0,
SYNC-ACCT-005-CRM-20251230,2025-12-30,ACCT-005,CRM,Production,SUCCESS,200,1583,1571,12,1032,0,
SYNC-ACCT-005-CRM-20260102,2026-01-02,ACCT-005,CRM,Production,SUCCESS,200,1601,1594,7,888,0,
SYNC-ACCT-005-CRM-20260105,2026-01-05,ACCT-005,CRM,Production,SUCCESS,200,1395,1390,5,1413,0,
SYNC-ACCT-005-CRM-20260108,2026-01-08,ACCT-005,CRM,Production,SUCCESS,200,1290,1286,4,2781,0,
SYNC-ACCT-005-CRM-20260111,2026-01-11,ACCT-005,CRM,Production,SUCCESS,200,940,933,7,2916,0,
SYNC-ACCT-005-CRM-20260114,2026-01-14,ACCT-005,CRM,Production,SUCCESS,200,870,868,2,2525,0,
SYNC-ACCT-005-CRM-20260117,2026-01-17,ACCT-005,CRM,Production,SUCCESS,200,1202,1197,5,3092,0,
SYNC-ACCT-005-CRM-20260120,2026-01-20,ACCT-005,CRM,Production,SUCCESS,200,1335,1326,9,823,0,
SYNC-ACCT-005-CRM-20260123,2026-01-23,ACCT-005,CRM,Production,FAILED,503,1377,0,1377,2517,2,UPSTREAM_UNAVAILABLE
SYNC-ACCT-005-CRM-20260126,2026-01-26,ACCT-005,CRM,Production,SUCCESS,200,1554,1554,0,3298,0,
SYNC-ACCT-005-CRM-20260129,2026-01-29,ACCT-005,CRM,Production,SUCCESS,200,746,746,0,2822,0,
SYNC-ACCT-005-CRM-20260201,2026-02-01,ACCT-005,CRM,Production,SUCCESS,200,899,899,0,1395,0,
SYNC-ACCT-005-CRM-20260204,2026-02-04,ACCT-005,CRM,Production,SUCCESS,200,1486,1479,7,2033,0,
SYNC-ACCT-005-CRM-20260207,2026-02-07,ACCT-005,CRM,Production,SUCCESS,200,1658,1650,8,1577,0,
SYNC-ACCT-005-CRM-20260210,2026-02-10,ACCT-005,CRM,Production,SUCCESS,200,821,814,7,2145,0,
SYNC-ACCT-005-CRM-20260213,2026-02-13,ACCT-005,CRM,Production,SUCCESS,200,799,798,1,2544,0,
SYNC-ACCT-005-CRM-20260216,2026-02-16,ACCT-005,CRM,Production,SUCCESS,200,1322,1318,4,3236,0,
SYNC-ACCT-005-CRM-20260219,2026-02-19,ACCT-005,CRM,Production,SUCCESS,200,1602,1596,6,922,0,
SYNC-ACCT-005-CRM-20260222,2026-02-22,ACCT-005,CRM,Production,SUCCESS,200,801,801,0,1456,0,
SYNC-ACCT-005-CRM-20260225,2026-02-25,ACCT-005,CRM,Production,SUCCESS,200,941,938,3,2000,0,
SYNC-ACCT-005-CRM-20260228,2026-02-28,ACCT-005,CRM,Production,SUCCESS,200,1353,1346,7,1195,0,
SYNC-ACCT-005-CRM-20260303,2026-03-03,ACCT-005,CRM,Production,SUCCESS,200,1560,1557,3,1451,0,
SYNC-ACCT-005-CRM-20260306,2026-03-06,ACCT-005,CRM,Production,SUCCESS,200,1462,1452,10,2251,0,
SYNC-ACCT-005-CRM-20260309,2026-03-09,ACCT-005,CRM,Production,SUCCESS,200,735,735,0,2834,0,
SYNC-ACCT-005-CRM-20260312,2026-03-12,ACCT-005,CRM,Production,SUCCESS,200,918,912,6,1357,0,
SYNC-ACCT-005-CRM-20260315,2026-03-15,ACCT-005,CRM,Production,SUCCESS,200,1239,1230,9,2065,0,
SYNC-ACCT-005-CRM-20260318,2026-03-18,ACCT-005,CRM,Production,SUCCESS,200,1275,1267,8,1638,0,
SYNC-ACCT-005-CRM-20260321,2026-03-21,ACCT-005,CRM,Production,SUCCESS,200,1285,1284,1,724,0,
SYNC-ACCT-005-CRM-20260324,2026-03-24,ACCT-005,CRM,Production,SUCCESS,200,1122,1121,1,2528,0,
SYNC-ACCT-005-CRM-20260327,2026-03-27,ACCT-005,CRM,Production,SUCCESS,200,936,931,5,2341,0,
SYNC-ACCT-005-CRM-20260330,2026-03-30,ACCT-005,CRM,Production,SUCCESS,200,1652,1649,3,3149,0,
SYNC-ACCT-005-CRM-20260402,2026-04-02,ACCT-005,CRM,Production,SUCCESS,200,769,766,3,1665,0,
SYNC-ACCT-005-CRM-20260405,2026-04-05,ACCT-005,CRM,Production,SUCCESS,200,1435,1429,6,1867,0,
SYNC-ACCT-005-CRM-20260408,2026-04-08,ACCT-005,CRM,Production,SUCCESS,200,1415,1410,5,3388,0,
SYNC-ACCT-005-CRM-20260411,2026-04-11,ACCT-005,CRM,Production,SUCCESS,200,1023,1016,7,2728,0,
SYNC-ACCT-005-CRM-20260414,2026-04-14,ACCT-005,CRM,Production,SUCCESS,200,1178,1176,2,2745,0,
SYNC-ACCT-005-CRM-20260417,2026-04-17,ACCT-005,CRM,Production,SUCCESS,200,834,829,5,859,0,
SYNC-ACCT-005-CRM-20260420,2026-04-20,ACCT-005,CRM,Production,SUCCESS,200,880,874,6,2843,0,
SYNC-ACCT-005-CRM-20260423,2026-04-23,ACCT-005,CRM,Production,SUCCESS,200,1153,1151,2,3353,0,
SYNC-ACCT-005-CRM-20260426,2026-04-26,ACCT-005,CRM,Production,SUCCESS,200,937,931,6,2888,0,
SYNC-ACCT-005-CRM-20260429,2026-04-29,ACCT-005,CRM,Production,SUCCESS,200,946,944,2,1140,0,
SYNC-ACCT-005-CRM-20260502,2026-05-02,ACCT-005,CRM,Production,SUCCESS,200,1092,1091,1,1698,0,
SYNC-ACCT-005-CRM-20260505,2026-05-05,ACCT-005,CRM,Production,SUCCESS,200,1080,1073,7,3258,0,
SYNC-ACCT-005-CRM-20260508,2026-05-08,ACCT-005,CRM,Production,SUCCESS,200,808,804,4,531,0,
SYNC-ACCT-005-CRM-20260511,2026-05-11,ACCT-005,CRM,Production,SUCCESS,200,1558,1552,6,1524,0,
SYNC-ACCT-005-CRM-20260514,2026-05-14,ACCT-005,CRM,Production,SUCCESS,200,1358,1347,11,1032,0,
SYNC-ACCT-005-CRM-20260517,2026-05-17,ACCT-005,CRM,Production,SUCCESS,200,1267,1259,8,531,0,
SYNC-ACCT-005-CRM-20260520,2026-05-20,ACCT-005,CRM,Production,SUCCESS,200,774,768,6,1315,0,
SYNC-ACCT-005-CRM-20260523,2026-05-23,ACCT-005,CRM,Production,SUCCESS,200,1084,1075,9,754,0,
SYNC-ACCT-005-CRM-20260526,2026-05-26,ACCT-005,CRM,Production,SUCCESS,200,1355,1354,1,1695,0,
SYNC-ACCT-005-CRM-20260529,2026-05-29,ACCT-005,CRM,Production,SUCCESS,200,979,979,0,2946,0,
SYNC-ACCT-005-CRM-20260601,2026-06-01,ACCT-005,CRM,Production,SUCCESS,200,1464,1454,10,2705,0,
SYNC-ACCT-005-CRM-20260604,2026-06-04,ACCT-005,CRM,Production,SUCCESS,200,880,879,1,3138,0,
SYNC-ACCT-005-CRM-20260607,2026-06-07,ACCT-005,CRM,Production,SUCCESS,200,993,992,1,1850,0,
SYNC-ACCT-005-CRM-20260610,2026-06-10,ACCT-005,CRM,Production,SUCCESS,200,1652,1644,8,3069,0,
SYNC-ACCT-005-CRM-20260613,2026-06-13,ACCT-005,CRM,Production,SUCCESS,200,1113,1107,6,3223,0,
SYNC-ACCT-005-CRM-20260616,2026-06-16,ACCT-005,CRM,Production,SUCCESS,200,767,766,1,3076,0,
SYNC-ACCT-005-CRM-20260619,2026-06-19,ACCT-005,CRM,Production,SUCCESS,200,1049,1047,2,1452,0,
SYNC-ACCT-005-CRM-20260622,2026-06-22,ACCT-005,CRM,Production,SUCCESS,200,1358,1355,3,3266,0,
SYNC-ACCT-005-CRM-20260625,2026-06-25,ACCT-005,CRM,Production,SUCCESS,200,1147,1138,9,1824,0,
SYNC-ACCT-005-CRM-20260628,2026-06-28,ACCT-005,CRM,Production,SUCCESS,200,997,994,3,2581,0,
SYNC-ACCT-005-BILLING-20250904,2025-09-04,ACCT-005,BILLING,Production,SUCCESS,200,905,902,3,3367,0,
SYNC-ACCT-005-BILLING-20250907,2025-09-07,ACCT-005,BILLING,Production,SUCCESS,200,989,989,0,2202,0,
SYNC-ACCT-005-BILLING-20250910,2025-09-10,ACCT-005,BILLING,Production,SUCCESS,200,1361,1360,1,990,0,
SYNC-ACCT-005-BILLING-20250913,2025-09-13,ACCT-005,BILLING,Production,SUCCESS,200,1601,1600,1,2630,0,
SYNC-ACCT-005-BILLING-20250916,2025-09-16,ACCT-005,BILLING,Production,SUCCESS,200,1103,1101,2,3360,0,
SYNC-ACCT-005-BILLING-20250919,2025-09-19,ACCT-005,BILLING,Production,SUCCESS,200,722,718,4,722,0,
SYNC-ACCT-005-BILLING-20250922,2025-09-22,ACCT-005,BILLING,Production,SUCCESS,200,1478,1478,0,1345,0,
SYNC-ACCT-005-BILLING-20250925,2025-09-25,ACCT-005,BILLING,Production,SUCCESS,200,728,724,4,3226,0,
SYNC-ACCT-005-BILLING-20250928,2025-09-28,ACCT-005,BILLING,Production,SUCCESS,200,1502,1498,4,973,0,
SYNC-ACCT-005-BILLING-20251001,2025-10-01,ACCT-005,BILLING,Production,SUCCESS,200,1401,1391,10,2306,0,
SYNC-ACCT-005-BILLING-20251004,2025-10-04,ACCT-005,BILLING,Production,SUCCESS,200,1153,1151,2,3381,0,
SYNC-ACCT-005-BILLING-20251007,2025-10-07,ACCT-005,BILLING,Production,SUCCESS,200,845,843,2,995,0,
SYNC-ACCT-005-BILLING-20251010,2025-10-10,ACCT-005,BILLING,Production,SUCCESS,200,1595,1583,12,1552,0,
SYNC-ACCT-005-BILLING-20251013,2025-10-13,ACCT-005,BILLING,Production,SUCCESS,200,1405,1399,6,2616,0,
SYNC-ACCT-005-BILLING-20251016,2025-10-16,ACCT-005,BILLING,Production,SUCCESS,200,1019,1015,4,2962,0,
SYNC-ACCT-005-BILLING-20251019,2025-10-19,ACCT-005,BILLING,Production,SUCCESS,200,745,741,4,3362,0,
SYNC-ACCT-005-BILLING-20251022,2025-10-22,ACCT-005,BILLING,Production,SUCCESS,200,936,930,6,761,0,
SYNC-ACCT-005-BILLING-20251025,2025-10-25,ACCT-005,BILLING,Production,SUCCESS,200,1174,1166,8,2189,0,
SYNC-ACCT-005-BILLING-20251028,2025-10-28,ACCT-005,BILLING,Production,SUCCESS,200,1361,1353,8,633,0,
SYNC-ACCT-005-BILLING-20251031,2025-10-31,ACCT-005,BILLING,Production,SUCCESS,200,1568,1567,1,1765,0,
SYNC-ACCT-005-BILLING-20251103,2025-11-03,ACCT-005,BILLING,Production,SUCCESS,200,1202,1198,4,1067,0,
SYNC-ACCT-005-BILLING-20251106,2025-11-06,ACCT-005,BILLING,Production,SUCCESS,200,1586,1585,1,3195,0,
SYNC-ACCT-005-BILLING-20251109,2025-11-09,ACCT-005,BILLING,Production,SUCCESS,200,1620,1608,12,2599,0,
SYNC-ACCT-005-BILLING-20251112,2025-11-12,ACCT-005,BILLING,Production,SUCCESS,200,1017,1014,3,1136,0,
SYNC-ACCT-005-BILLING-20251115,2025-11-15,ACCT-005,BILLING,Production,SUCCESS,200,1515,1510,5,2370,0,
SYNC-ACCT-005-BILLING-20251118,2025-11-18,ACCT-005,BILLING,Production,SUCCESS,200,839,835,4,3250,0,
SYNC-ACCT-005-BILLING-20251121,2025-11-21,ACCT-005,BILLING,Production,SUCCESS,200,1476,1469,7,2606,0,
SYNC-ACCT-005-BILLING-20251124,2025-11-24,ACCT-005,BILLING,Production,SUCCESS,200,864,863,1,2641,0,
SYNC-ACCT-005-BILLING-20251127,2025-11-27,ACCT-005,BILLING,Production,SUCCESS,200,1081,1073,8,1745,0,
SYNC-ACCT-005-BILLING-20251130,2025-11-30,ACCT-005,BILLING,Production,SUCCESS,200,894,889,5,1391,0,
SYNC-ACCT-005-BILLING-20251203,2025-12-03,ACCT-005,BILLING,Production,SUCCESS,200,821,816,5,983,0,
SYNC-ACCT-005-BILLING-20251206,2025-12-06,ACCT-005,BILLING,Production,SUCCESS,200,1173,1170,3,3022,0,
SYNC-ACCT-005-BILLING-20251209,2025-12-09,ACCT-005,BILLING,Production,SUCCESS,200,1404,1395,9,2976,0,
SYNC-ACCT-005-BILLING-20251212,2025-12-12,ACCT-005,BILLING,Production,SUCCESS,200,1624,1617,7,762,0,
SYNC-ACCT-005-BILLING-20251215,2025-12-15,ACCT-005,BILLING,Production,SUCCESS,200,1287,1280,7,1364,0,
SYNC-ACCT-005-BILLING-20251218,2025-12-18,ACCT-005,BILLING,Production,SUCCESS,200,875,872,3,3059,0,
SYNC-ACCT-005-BILLING-20251221,2025-12-21,ACCT-005,BILLING,Production,SUCCESS,200,1265,1264,1,1649,0,
SYNC-ACCT-005-BILLING-20251224,2025-12-24,ACCT-005,BILLING,Production,SUCCESS,200,1140,1133,7,3044,0,
SYNC-ACCT-005-BILLING-20251227,2025-12-27,ACCT-005,BILLING,Production,SUCCESS,200,968,963,5,1885,0,
SYNC-ACCT-005-BILLING-20251230,2025-12-30,ACCT-005,BILLING,Production,SUCCESS,200,1313,1305,8,1957,0,
SYNC-ACCT-005-BILLING-20260102,2026-01-02,ACCT-005,BILLING,Production,SUCCESS,200,861,858,3,724,0,
SYNC-ACCT-005-BILLING-20260105,2026-01-05,ACCT-005,BILLING,Production,SUCCESS,200,1269,1267,2,2255,0,
SYNC-ACCT-005-BILLING-20260108,2026-01-08,ACCT-005,BILLING,Production,SUCCESS,200,915,910,5,515,0,
SYNC-ACCT-005-BILLING-20260111,2026-01-11,ACCT-005,BILLING,Production,SUCCESS,200,745,745,0,1838,0,
SYNC-ACCT-005-BILLING-20260114,2026-01-14,ACCT-005,BILLING,Production,SUCCESS,200,1213,1211,2,908,0,
SYNC-ACCT-005-BILLING-20260117,2026-01-17,ACCT-005,BILLING,Production,SUCCESS,200,1099,1097,2,2909,0,
SYNC-ACCT-005-BILLING-20260120,2026-01-20,ACCT-005,BILLING,Production,SUCCESS,200,1558,1549,9,2318,0,
SYNC-ACCT-005-BILLING-20260123,2026-01-23,ACCT-005,BILLING,Production,FAILED,503,748,0,748,2178,2,UPSTREAM_UNAVAILABLE
SYNC-ACCT-005-BILLING-20260126,2026-01-26,ACCT-005,BILLING,Production,SUCCESS,200,1122,1119,3,2371,0,
SYNC-ACCT-005-BILLING-20260129,2026-01-29,ACCT-005,BILLING,Production,FAILED,503,805,0,805,1720,2,UPSTREAM_UNAVAILABLE
SYNC-ACCT-005-BILLING-20260201,2026-02-01,ACCT-005,BILLING,Production,SUCCESS,200,951,949,2,2127,0,
SYNC-ACCT-005-BILLING-20260204,2026-02-04,ACCT-005,BILLING,Production,SUCCESS,200,1598,1598,0,1706,0,
SYNC-ACCT-005-BILLING-20260207,2026-02-07,ACCT-005,BILLING,Production,SUCCESS,200,1502,1501,1,3313,0,
SYNC-ACCT-005-BILLING-20260210,2026-02-10,ACCT-005,BILLING,Production,SUCCESS,200,946,941,5,1311,0,
SYNC-ACCT-005-BILLING-20260213,2026-02-13,ACCT-005,BILLING,Production,SUCCESS,200,1166,1160,6,1618,0,
SYNC-ACCT-005-BILLING-20260216,2026-02-16,ACCT-005,BILLING,Production,SUCCESS,200,938,936,2,2005,0,
SYNC-ACCT-005-BILLING-20260219,2026-02-19,ACCT-005,BILLING,Production,SUCCESS,200,1176,1170,6,2107,0,
SYNC-ACCT-005-BILLING-20260222,2026-02-22,ACCT-005,BILLING,Production,SUCCESS,200,1338,1338,0,1968,0,
SYNC-ACCT-005-BILLING-20260225,2026-02-25,ACCT-005,BILLING,Production,SUCCESS,200,1196,1195,1,2048,0,
SYNC-ACCT-005-BILLING-20260228,2026-02-28,ACCT-005,BILLING,Production,SUCCESS,200,1440,1437,3,665,0,
SYNC-ACCT-005-BILLING-20260303,2026-03-03,ACCT-005,BILLING,Production,SUCCESS,200,1527,1520,7,2545,0,
SYNC-ACCT-005-BILLING-20260306,2026-03-06,ACCT-005,BILLING,Production,SUCCESS,200,1391,1383,8,823,0,
SYNC-ACCT-005-BILLING-20260309,2026-03-09,ACCT-005,BILLING,Production,SUCCESS,200,1532,1530,2,1582,0,
SYNC-ACCT-005-BILLING-20260312,2026-03-12,ACCT-005,BILLING,Production,SUCCESS,200,1621,1608,13,1333,0,
SYNC-ACCT-005-BILLING-20260315,2026-03-15,ACCT-005,BILLING,Production,SUCCESS,200,1293,1290,3,826,0,
SYNC-ACCT-005-BILLING-20260318,2026-03-18,ACCT-005,BILLING,Production,SUCCESS,200,1205,1205,0,1086,0,
SYNC-ACCT-005-BILLING-20260321,2026-03-21,ACCT-005,BILLING,Production,SUCCESS,200,1301,1294,7,2444,0,
SYNC-ACCT-005-BILLING-20260324,2026-03-24,ACCT-005,BILLING,Production,SUCCESS,200,1408,1407,1,2851,0,
SYNC-ACCT-005-BILLING-20260327,2026-03-27,ACCT-005,BILLING,Production,SUCCESS,200,930,929,1,904,0,
SYNC-ACCT-005-BILLING-20260330,2026-03-30,ACCT-005,BILLING,Production,SUCCESS,200,769,763,6,1208,0,
SYNC-ACCT-005-BILLING-20260402,2026-04-02,ACCT-005,BILLING,Production,SUCCESS,200,1052,1052,0,1691,0,
SYNC-ACCT-005-BILLING-20260405,2026-04-05,ACCT-005,BILLING,Production,SUCCESS,200,864,860,4,2897,0,
SYNC-ACCT-005-BILLING-20260408,2026-04-08,ACCT-005,BILLING,Production,SUCCESS,200,732,730,2,2331,0,
SYNC-ACCT-005-BILLING-20260411,2026-04-11,ACCT-005,BILLING,Production,SUCCESS,200,1362,1358,4,2222,0,
SYNC-ACCT-005-BILLING-20260414,2026-04-14,ACCT-005,BILLING,Production,SUCCESS,200,1628,1617,11,606,0,
SYNC-ACCT-005-BILLING-20260417,2026-04-17,ACCT-005,BILLING,Production,SUCCESS,200,1172,1166,6,2212,0,
SYNC-ACCT-005-BILLING-20260420,2026-04-20,ACCT-005,BILLING,Production,SUCCESS,200,738,734,4,664,0,
SYNC-ACCT-005-BILLING-20260423,2026-04-23,ACCT-005,BILLING,Production,SUCCESS,200,1514,1504,10,736,0,
SYNC-ACCT-005-BILLING-20260426,2026-04-26,ACCT-005,BILLING,Production,SUCCESS,200,1229,1219,10,1981,0,
SYNC-ACCT-005-BILLING-20260429,2026-04-29,ACCT-005,BILLING,Production,SUCCESS,200,1121,1117,4,3016,0,
SYNC-ACCT-005-BILLING-20260502,2026-05-02,ACCT-005,BILLING,Production,SUCCESS,200,1273,1268,5,3393,0,
SYNC-ACCT-005-BILLING-20260505,2026-05-05,ACCT-005,BILLING,Production,SUCCESS,200,1082,1077,5,863,0,
SYNC-ACCT-005-BILLING-20260508,2026-05-08,ACCT-005,BILLING,Production,SUCCESS,200,1361,1352,9,1549,0,
SYNC-ACCT-005-BILLING-20260511,2026-05-11,ACCT-005,BILLING,Production,SUCCESS,200,1469,1457,12,1050,0,
SYNC-ACCT-005-BILLING-20260514,2026-05-14,ACCT-005,BILLING,Production,SUCCESS,200,897,892,5,1260,0,
SYNC-ACCT-005-BILLING-20260517,2026-05-17,ACCT-005,BILLING,Production,SUCCESS,200,1431,1425,6,2600,0,
SYNC-ACCT-005-BILLING-20260520,2026-05-20,ACCT-005,BILLING,Production,SUCCESS,200,1679,1675,4,3373,0,
SYNC-ACCT-005-BILLING-20260523,2026-05-23,ACCT-005,BILLING,Production,SUCCESS,200,786,783,3,559,0,
SYNC-ACCT-005-BILLING-20260526,2026-05-26,ACCT-005,BILLING,Production,SUCCESS,200,1499,1488,11,3305,0,
SYNC-ACCT-005-BILLING-20260529,2026-05-29,ACCT-005,BILLING,Production,SUCCESS,200,1104,1100,4,2506,0,
SYNC-ACCT-005-BILLING-20260601,2026-06-01,ACCT-005,BILLING,Production,SUCCESS,200,1340,1338,2,3259,0,
SYNC-ACCT-005-BILLING-20260604,2026-06-04,ACCT-005,BILLING,Production,SUCCESS,200,1305,1295,10,1659,0,
SYNC-ACCT-005-BILLING-20260607,2026-06-07,ACCT-005,BILLING,Production,SUCCESS,200,1615,1604,11,706,0,
SYNC-ACCT-005-BILLING-20260610,2026-06-10,ACCT-005,BILLING,Production,SUCCESS,200,1109,1108,1,3119,0,
SYNC-ACCT-005-BILLING-20260613,2026-06-13,ACCT-005,BILLING,Production,SUCCESS,200,771,765,6,2208,0,
SYNC-ACCT-005-BILLING-20260616,2026-06-16,ACCT-005,BILLING,Production,SUCCESS,200,967,960,7,1698,0,
SYNC-ACCT-005-BILLING-20260619,2026-06-19,ACCT-005,BILLING,Production,SUCCESS,200,1117,1112,5,1725,0,
SYNC-ACCT-005-BILLING-20260622,2026-06-22,ACCT-005,BILLING,Production,SUCCESS,200,1621,1613,8,844,0,
SYNC-ACCT-005-BILLING-20260625,2026-06-25,ACCT-005,BILLING,Production,SUCCESS,200,871,866,5,2741,0,
SYNC-ACCT-005-BILLING-20260628,2026-06-28,ACCT-005,BILLING,Production,SUCCESS,200,895,894,1,1250,0,
SYNC-ACCT-005-PRODUCT-20250904,2025-09-04,ACCT-005,PRODUCT,Production,SUCCESS,200,935,933,2,1545,0,
SYNC-ACCT-005-PRODUCT-20250907,2025-09-07,ACCT-005,PRODUCT,Production,SUCCESS,200,1321,1315,6,2245,0,
SYNC-ACCT-005-PRODUCT-20250910,2025-09-10,ACCT-005,PRODUCT,Production,SUCCESS,200,1066,1062,4,1884,0,
SYNC-ACCT-005-PRODUCT-20250913,2025-09-13,ACCT-005,PRODUCT,Production,SUCCESS,200,823,819,4,1273,0,
SYNC-ACCT-005-PRODUCT-20250916,2025-09-16,ACCT-005,PRODUCT,Production,SUCCESS,200,1442,1436,6,1240,0,
SYNC-ACCT-005-PRODUCT-20250919,2025-09-19,ACCT-005,PRODUCT,Production,SUCCESS,200,1443,1441,2,1682,0,
SYNC-ACCT-005-PRODUCT-20250922,2025-09-22,ACCT-005,PRODUCT,Production,SUCCESS,200,985,980,5,2799,0,
SYNC-ACCT-005-PRODUCT-20250925,2025-09-25,ACCT-005,PRODUCT,Production,SUCCESS,200,1188,1187,1,865,0,
SYNC-ACCT-005-PRODUCT-20250928,2025-09-28,ACCT-005,PRODUCT,Production,SUCCESS,200,854,853,1,3084,0,
SYNC-ACCT-005-PRODUCT-20251001,2025-10-01,ACCT-005,PRODUCT,Production,SUCCESS,200,1389,1388,1,2597,0,
SYNC-ACCT-005-PRODUCT-20251004,2025-10-04,ACCT-005,PRODUCT,Production,SUCCESS,200,1593,1589,4,3197,0,
SYNC-ACCT-005-PRODUCT-20251007,2025-10-07,ACCT-005,PRODUCT,Production,SUCCESS,200,804,804,0,2451,0,
SYNC-ACCT-005-PRODUCT-20251010,2025-10-10,ACCT-005,PRODUCT,Production,SUCCESS,200,985,983,2,2830,0,
SYNC-ACCT-005-PRODUCT-20251013,2025-10-13,ACCT-005,PRODUCT,Production,SUCCESS,200,796,796,0,3183,0,
SYNC-ACCT-005-PRODUCT-20251016,2025-10-16,ACCT-005,PRODUCT,Production,SUCCESS,200,1530,1530,0,2590,0,
SYNC-ACCT-005-PRODUCT-20251019,2025-10-19,ACCT-005,PRODUCT,Production,SUCCESS,200,1504,1497,7,1769,0,
SYNC-ACCT-005-PRODUCT-20251022,2025-10-22,ACCT-005,PRODUCT,Production,SUCCESS,200,1523,1518,5,1056,0,
SYNC-ACCT-005-PRODUCT-20251025,2025-10-25,ACCT-005,PRODUCT,Production,SUCCESS,200,1366,1360,6,2329,0,
SYNC-ACCT-005-PRODUCT-20251028,2025-10-28,ACCT-005,PRODUCT,Production,SUCCESS,200,1471,1459,12,881,0,
SYNC-ACCT-005-PRODUCT-20251031,2025-10-31,ACCT-005,PRODUCT,Production,SUCCESS,200,809,809,0,616,0,
SYNC-ACCT-005-PRODUCT-20251103,2025-11-03,ACCT-005,PRODUCT,Production,SUCCESS,200,1531,1519,12,803,0,
SYNC-ACCT-005-PRODUCT-20251106,2025-11-06,ACCT-005,PRODUCT,Production,SUCCESS,200,734,734,0,1495,0,
SYNC-ACCT-005-PRODUCT-20251109,2025-11-09,ACCT-005,PRODUCT,Production,SUCCESS,200,1062,1057,5,2597,0,
SYNC-ACCT-005-PRODUCT-20251112,2025-11-12,ACCT-005,PRODUCT,Production,SUCCESS,200,1338,1329,9,914,0,
SYNC-ACCT-005-PRODUCT-20251115,2025-11-15,ACCT-005,PRODUCT,Production,SUCCESS,200,777,775,2,899,0,
SYNC-ACCT-005-PRODUCT-20251118,2025-11-18,ACCT-005,PRODUCT,Production,SUCCESS,200,909,907,2,1688,0,
SYNC-ACCT-005-PRODUCT-20251121,2025-11-21,ACCT-005,PRODUCT,Production,SUCCESS,200,1410,1402,8,1929,0,
SYNC-ACCT-005-PRODUCT-20251124,2025-11-24,ACCT-005,PRODUCT,Production,SUCCESS,200,811,806,5,1306,0,
SYNC-ACCT-005-PRODUCT-20251127,2025-11-27,ACCT-005,PRODUCT,Production,SUCCESS,200,962,958,4,3280,0,
SYNC-ACCT-005-PRODUCT-20251130,2025-11-30,ACCT-005,PRODUCT,Production,SUCCESS,200,837,835,2,1442,0,
SYNC-ACCT-005-PRODUCT-20251203,2025-12-03,ACCT-005,PRODUCT,Production,SUCCESS,200,830,829,1,2370,0,
SYNC-ACCT-005-PRODUCT-20251206,2025-12-06,ACCT-005,PRODUCT,Production,SUCCESS,200,924,924,0,2373,0,
SYNC-ACCT-005-PRODUCT-20251209,2025-12-09,ACCT-005,PRODUCT,Production,SUCCESS,200,1107,1104,3,1355,0,
SYNC-ACCT-005-PRODUCT-20251212,2025-12-12,ACCT-005,PRODUCT,Production,SUCCESS,200,726,721,5,3220,0,
SYNC-ACCT-005-PRODUCT-20251215,2025-12-15,ACCT-005,PRODUCT,Production,SUCCESS,200,1104,1104,0,553,0,
SYNC-ACCT-005-PRODUCT-20251218,2025-12-18,ACCT-005,PRODUCT,Production,SUCCESS,200,1083,1082,1,2870,0,
SYNC-ACCT-005-PRODUCT-20251221,2025-12-21,ACCT-005,PRODUCT,Production,SUCCESS,200,1442,1440,2,1388,0,
SYNC-ACCT-005-PRODUCT-20251224,2025-12-24,ACCT-005,PRODUCT,Production,SUCCESS,200,1654,1646,8,1662,0,
SYNC-ACCT-005-PRODUCT-20251227,2025-12-27,ACCT-005,PRODUCT,Production,SUCCESS,200,1172,1168,4,942,0,
SYNC-ACCT-005-PRODUCT-20251230,2025-12-30,ACCT-005,PRODUCT,Production,SUCCESS,200,746,740,6,956,0,
SYNC-ACCT-005-PRODUCT-20260102,2026-01-02,ACCT-005,PRODUCT,Production,SUCCESS,200,1447,1441,6,2804,0,
SYNC-ACCT-005-PRODUCT-20260105,2026-01-05,ACCT-005,PRODUCT,Production,SUCCESS,200,1411,1403,8,741,0,
SYNC-ACCT-005-PRODUCT-20260108,2026-01-08,ACCT-005,PRODUCT,Production,SUCCESS,200,814,813,1,997,0,
SYNC-ACCT-005-PRODUCT-20260111,2026-01-11,ACCT-005,PRODUCT,Production,SUCCESS,200,1602,1599,3,2326,0,
SYNC-ACCT-005-PRODUCT-20260114,2026-01-14,ACCT-005,PRODUCT,Production,SUCCESS,200,907,906,1,1056,0,
SYNC-ACCT-005-PRODUCT-20260117,2026-01-17,ACCT-005,PRODUCT,Production,SUCCESS,200,1468,1465,3,1349,0,
SYNC-ACCT-005-PRODUCT-20260120,2026-01-20,ACCT-005,PRODUCT,Production,SUCCESS,200,1560,1550,10,2797,0,
SYNC-ACCT-005-PRODUCT-20260123,2026-01-23,ACCT-005,PRODUCT,Production,SUCCESS,200,1541,1540,1,1145,0,
SYNC-ACCT-005-PRODUCT-20260126,2026-01-26,ACCT-005,PRODUCT,Production,SUCCESS,200,1159,1150,9,2943,0,
SYNC-ACCT-005-PRODUCT-20260129,2026-01-29,ACCT-005,PRODUCT,Production,SUCCESS,200,917,910,7,507,0,
SYNC-ACCT-005-PRODUCT-20260201,2026-02-01,ACCT-005,PRODUCT,Production,SUCCESS,200,1351,1342,9,652,0,
SYNC-ACCT-005-PRODUCT-20260204,2026-02-04,ACCT-005,PRODUCT,Production,SUCCESS,200,1262,1256,6,1776,0,
SYNC-ACCT-005-PRODUCT-20260207,2026-02-07,ACCT-005,PRODUCT,Production,SUCCESS,200,1512,1511,1,998,0,
SYNC-ACCT-005-PRODUCT-20260210,2026-02-10,ACCT-005,PRODUCT,Production,SUCCESS,200,758,756,2,2164,0,
SYNC-ACCT-005-PRODUCT-20260213,2026-02-13,ACCT-005,PRODUCT,Production,SUCCESS,200,1453,1448,5,1089,0,
SYNC-ACCT-005-PRODUCT-20260216,2026-02-16,ACCT-005,PRODUCT,Production,SUCCESS,200,721,715,6,3217,0,
SYNC-ACCT-005-PRODUCT-20260219,2026-02-19,ACCT-005,PRODUCT,Production,SUCCESS,200,1066,1057,9,1768,0,
SYNC-ACCT-005-PRODUCT-20260222,2026-02-22,ACCT-005,PRODUCT,Production,SUCCESS,200,1363,1362,1,3217,0,
SYNC-ACCT-005-PRODUCT-20260225,2026-02-25,ACCT-005,PRODUCT,Production,SUCCESS,200,1243,1240,3,1363,0,
SYNC-ACCT-005-PRODUCT-20260228,2026-02-28,ACCT-005,PRODUCT,Production,SUCCESS,200,1125,1120,5,2848,0,
SYNC-ACCT-005-PRODUCT-20260303,2026-03-03,ACCT-005,PRODUCT,Production,SUCCESS,200,1202,1200,2,2822,0,
SYNC-ACCT-005-PRODUCT-20260306,2026-03-06,ACCT-005,PRODUCT,Production,SUCCESS,200,777,776,1,2492,0,
SYNC-ACCT-005-PRODUCT-20260309,2026-03-09,ACCT-005,PRODUCT,Production,SUCCESS,200,970,965,5,3246,0,
SYNC-ACCT-005-PRODUCT-20260312,2026-03-12,ACCT-005,PRODUCT,Production,SUCCESS,200,992,987,5,1280,0,
SYNC-ACCT-005-PRODUCT-20260315,2026-03-15,ACCT-005,PRODUCT,Production,SUCCESS,200,1237,1227,10,1759,0,
SYNC-ACCT-005-PRODUCT-20260318,2026-03-18,ACCT-005,PRODUCT,Production,SUCCESS,200,1546,1535,11,2832,0,
SYNC-ACCT-005-PRODUCT-20260321,2026-03-21,ACCT-005,PRODUCT,Production,SUCCESS,200,1169,1160,9,2359,0,
SYNC-ACCT-005-PRODUCT-20260324,2026-03-24,ACCT-005,PRODUCT,Production,SUCCESS,200,979,976,3,1891,0,
SYNC-ACCT-005-PRODUCT-20260327,2026-03-27,ACCT-005,PRODUCT,Production,SUCCESS,200,1329,1319,10,2000,0,
SYNC-ACCT-005-PRODUCT-20260330,2026-03-30,ACCT-005,PRODUCT,Production,SUCCESS,200,1376,1372,4,1108,0,
SYNC-ACCT-005-PRODUCT-20260402,2026-04-02,ACCT-005,PRODUCT,Production,SUCCESS,200,967,962,5,3331,0,
SYNC-ACCT-005-PRODUCT-20260405,2026-04-05,ACCT-005,PRODUCT,Production,SUCCESS,200,1329,1329,0,628,0,
SYNC-ACCT-005-PRODUCT-20260408,2026-04-08,ACCT-005,PRODUCT,Production,SUCCESS,200,1080,1076,4,1777,0,
SYNC-ACCT-005-PRODUCT-20260411,2026-04-11,ACCT-005,PRODUCT,Production,SUCCESS,200,1589,1585,4,3154,0,
SYNC-ACCT-005-PRODUCT-20260414,2026-04-14,ACCT-005,PRODUCT,Production,SUCCESS,200,1133,1130,3,2607,0,
SYNC-ACCT-005-PRODUCT-20260417,2026-04-17,ACCT-005,PRODUCT,Production,SUCCESS,200,1381,1377,4,2468,0,
SYNC-ACCT-005-PRODUCT-20260420,2026-04-20,ACCT-005,PRODUCT,Production,SUCCESS,200,873,869,4,1161,0,
SYNC-ACCT-005-PRODUCT-20260423,2026-04-23,ACCT-005,PRODUCT,Production,SUCCESS,200,987,984,3,773,0,
SYNC-ACCT-005-PRODUCT-20260426,2026-04-26,ACCT-005,PRODUCT,Production,SUCCESS,200,1401,1398,3,2054,0,
SYNC-ACCT-005-PRODUCT-20260429,2026-04-29,ACCT-005,PRODUCT,Production,SUCCESS,200,1404,1404,0,2558,0,
SYNC-ACCT-005-PRODUCT-20260502,2026-05-02,ACCT-005,PRODUCT,Production,SUCCESS,200,1403,1397,6,3023,0,
SYNC-ACCT-005-PRODUCT-20260505,2026-05-05,ACCT-005,PRODUCT,Production,SUCCESS,200,1352,1342,10,653,0,
SYNC-ACCT-005-PRODUCT-20260508,2026-05-08,ACCT-005,PRODUCT,Production,FAILED,503,1613,0,1613,1509,2,UPSTREAM_UNAVAILABLE
SYNC-ACCT-005-PRODUCT-20260511,2026-05-11,ACCT-005,PRODUCT,Production,SUCCESS,200,1617,1605,12,2483,0,
SYNC-ACCT-005-PRODUCT-20260514,2026-05-14,ACCT-005,PRODUCT,Production,SUCCESS,200,792,791,1,2069,0,
SYNC-ACCT-005-PRODUCT-20260517,2026-05-17,ACCT-005,PRODUCT,Production,SUCCESS,200,852,850,2,2000,0,
SYNC-ACCT-005-PRODUCT-20260520,2026-05-20,ACCT-005,PRODUCT,Production,SUCCESS,200,1043,1042,1,3179,0,
SYNC-ACCT-005-PRODUCT-20260523,2026-05-23,ACCT-005,PRODUCT,Production,SUCCESS,200,821,819,2,554,0,
SYNC-ACCT-005-PRODUCT-20260526,2026-05-26,ACCT-005,PRODUCT,Production,SUCCESS,200,1274,1264,10,2899,0,
SYNC-ACCT-005-PRODUCT-20260529,2026-05-29,ACCT-005,PRODUCT,Production,SUCCESS,200,1034,1033,1,1014,0,
SYNC-ACCT-005-PRODUCT-20260601,2026-06-01,ACCT-005,PRODUCT,Production,SUCCESS,200,764,760,4,3269,0,
SYNC-ACCT-005-PRODUCT-20260604,2026-06-04,ACCT-005,PRODUCT,Production,SUCCESS,200,992,985,7,3365,0,
SYNC-ACCT-005-PRODUCT-20260607,2026-06-07,ACCT-005,PRODUCT,Production,SUCCESS,200,831,828,3,536,0,
SYNC-ACCT-005-PRODUCT-20260610,2026-06-10,ACCT-005,PRODUCT,Production,SUCCESS,200,1668,1655,13,1222,0,
SYNC-ACCT-005-PRODUCT-20260613,2026-06-13,ACCT-005,PRODUCT,Production,SUCCESS,200,1583,1570,13,2476,0,
SYNC-ACCT-005-PRODUCT-20260616,2026-06-16,ACCT-005,PRODUCT,Production,SUCCESS,200,1658,1652,6,2092,0,
SYNC-ACCT-005-PRODUCT-20260619,2026-06-19,ACCT-005,PRODUCT,Production,SUCCESS,200,1651,1643,8,2469,0,
SYNC-ACCT-005-PRODUCT-20260622,2026-06-22,ACCT-005,PRODUCT,Production,SUCCESS,200,1108,1105,3,2321,0,
SYNC-ACCT-005-PRODUCT-20260625,2026-06-25,ACCT-005,PRODUCT,Production,SUCCESS,200,1062,1061,1,2912,0,
SYNC-ACCT-005-PRODUCT-20260628,2026-06-28,ACCT-005,PRODUCT,Production,SUCCESS,200,724,720,4,1211,0,
SYNC-ACCT-005-WAREHOUSE-20250904,2025-09-04,ACCT-005,WAREHOUSE,Production,SUCCESS,200,1027,1020,7,630,0,
SYNC-ACCT-005-WAREHOUSE-20250907,2025-09-07,ACCT-005,WAREHOUSE,Production,SUCCESS,200,727,725,2,526,0,
SYNC-ACCT-005-WAREHOUSE-20250910,2025-09-10,ACCT-005,WAREHOUSE,Production,SUCCESS,200,1499,1490,9,2838,0,
SYNC-ACCT-005-WAREHOUSE-20250913,2025-09-13,ACCT-005,WAREHOUSE,Production,SUCCESS,200,1542,1535,7,1766,0,
SYNC-ACCT-005-WAREHOUSE-20250916,2025-09-16,ACCT-005,WAREHOUSE,Production,SUCCESS,200,852,850,2,2188,0,
SYNC-ACCT-005-WAREHOUSE-20250919,2025-09-19,ACCT-005,WAREHOUSE,Production,SUCCESS,200,1341,1335,6,1673,0,
SYNC-ACCT-005-WAREHOUSE-20250922,2025-09-22,ACCT-005,WAREHOUSE,Production,SUCCESS,200,1210,1200,10,2092,0,
SYNC-ACCT-005-WAREHOUSE-20250925,2025-09-25,ACCT-005,WAREHOUSE,Production,SUCCESS,200,1364,1362,2,1921,0,
SYNC-ACCT-005-WAREHOUSE-20250928,2025-09-28,ACCT-005,WAREHOUSE,Production,SUCCESS,200,1514,1505,9,2910,0,
SYNC-ACCT-005-WAREHOUSE-20251001,2025-10-01,ACCT-005,WAREHOUSE,Production,SUCCESS,200,906,904,2,719,0,
SYNC-ACCT-005-WAREHOUSE-20251004,2025-10-04,ACCT-005,WAREHOUSE,Production,SUCCESS,200,1565,1561,4,1867,0,
SYNC-ACCT-005-WAREHOUSE-20251007,2025-10-07,ACCT-005,WAREHOUSE,Production,SUCCESS,200,1450,1441,9,2093,0,
SYNC-ACCT-005-WAREHOUSE-20251010,2025-10-10,ACCT-005,WAREHOUSE,Production,SUCCESS,200,1255,1252,3,1692,0,
SYNC-ACCT-005-WAREHOUSE-20251013,2025-10-13,ACCT-005,WAREHOUSE,Production,SUCCESS,200,1454,1444,10,1336,0,
SYNC-ACCT-005-WAREHOUSE-20251016,2025-10-16,ACCT-005,WAREHOUSE,Production,SUCCESS,200,1600,1593,7,2900,0,
SYNC-ACCT-005-WAREHOUSE-20251019,2025-10-19,ACCT-005,WAREHOUSE,Production,SUCCESS,200,1396,1393,3,2415,0,
SYNC-ACCT-005-WAREHOUSE-20251022,2025-10-22,ACCT-005,WAREHOUSE,Production,SUCCESS,200,1319,1308,11,3297,0,
SYNC-ACCT-005-WAREHOUSE-20251025,2025-10-25,ACCT-005,WAREHOUSE,Production,SUCCESS,200,1669,1666,3,2254,0,
SYNC-ACCT-005-WAREHOUSE-20251028,2025-10-28,ACCT-005,WAREHOUSE,Production,SUCCESS,200,901,899,2,803,0,
SYNC-ACCT-005-WAREHOUSE-20251031,2025-10-31,ACCT-005,WAREHOUSE,Production,SUCCESS,200,1384,1384,0,2020,0,
SYNC-ACCT-005-WAREHOUSE-20251103,2025-11-03,ACCT-005,WAREHOUSE,Production,SUCCESS,200,793,790,3,799,0,
SYNC-ACCT-005-WAREHOUSE-20251106,2025-11-06,ACCT-005,WAREHOUSE,Production,SUCCESS,200,1668,1665,3,2143,0,
SYNC-ACCT-005-WAREHOUSE-20251109,2025-11-09,ACCT-005,WAREHOUSE,Production,SUCCESS,200,1667,1662,5,559,0,
SYNC-ACCT-005-WAREHOUSE-20251112,2025-11-12,ACCT-005,WAREHOUSE,Production,SUCCESS,200,1123,1114,9,2604,0,
SYNC-ACCT-005-WAREHOUSE-20251115,2025-11-15,ACCT-005,WAREHOUSE,Production,SUCCESS,200,1540,1533,7,2307,0,
SYNC-ACCT-005-WAREHOUSE-20251118,2025-11-18,ACCT-005,WAREHOUSE,Production,SUCCESS,200,1481,1474,7,1482,0,
SYNC-ACCT-005-WAREHOUSE-20251121,2025-11-21,ACCT-005,WAREHOUSE,Production,SUCCESS,200,1098,1090,8,1024,0,
SYNC-ACCT-005-WAREHOUSE-20251124,2025-11-24,ACCT-005,WAREHOUSE,Production,SUCCESS,200,1371,1365,6,2177,0,
SYNC-ACCT-005-WAREHOUSE-20251127,2025-11-27,ACCT-005,WAREHOUSE,Production,SUCCESS,200,773,767,6,3137,0,
SYNC-ACCT-005-WAREHOUSE-20251130,2025-11-30,ACCT-005,WAREHOUSE,Production,SUCCESS,200,1504,1500,4,2116,0,
SYNC-ACCT-005-WAREHOUSE-20251203,2025-12-03,ACCT-005,WAREHOUSE,Production,SUCCESS,200,1013,1005,8,2811,0,
SYNC-ACCT-005-WAREHOUSE-20251206,2025-12-06,ACCT-005,WAREHOUSE,Production,SUCCESS,200,1240,1236,4,1475,0,
SYNC-ACCT-005-WAREHOUSE-20251209,2025-12-09,ACCT-005,WAREHOUSE,Production,SUCCESS,200,1441,1433,8,1194,0,
SYNC-ACCT-005-WAREHOUSE-20251212,2025-12-12,ACCT-005,WAREHOUSE,Production,SUCCESS,200,922,920,2,744,0,
SYNC-ACCT-005-WAREHOUSE-20251215,2025-12-15,ACCT-005,WAREHOUSE,Production,SUCCESS,200,892,885,7,1954,0,
SYNC-ACCT-005-WAREHOUSE-20251218,2025-12-18,ACCT-005,WAREHOUSE,Production,SUCCESS,200,1086,1086,0,770,0,
SYNC-ACCT-005-WAREHOUSE-20251221,2025-12-21,ACCT-005,WAREHOUSE,Production,SUCCESS,200,1537,1526,11,2551,0,
SYNC-ACCT-005-WAREHOUSE-20251224,2025-12-24,ACCT-005,WAREHOUSE,Production,FAILED,503,886,0,886,1363,2,UPSTREAM_UNAVAILABLE
SYNC-ACCT-005-WAREHOUSE-20251227,2025-12-27,ACCT-005,WAREHOUSE,Production,SUCCESS,200,1147,1146,1,2372,0,
SYNC-ACCT-005-WAREHOUSE-20251230,2025-12-30,ACCT-005,WAREHOUSE,Production,SUCCESS,200,1430,1424,6,2706,0,
SYNC-ACCT-005-WAREHOUSE-20260102,2026-01-02,ACCT-005,WAREHOUSE,Production,SUCCESS,200,1467,1455,12,1691,0,
SYNC-ACCT-005-WAREHOUSE-20260105,2026-01-05,ACCT-005,WAREHOUSE,Production,SUCCESS,200,774,774,0,1508,0,
SYNC-ACCT-005-WAREHOUSE-20260108,2026-01-08,ACCT-005,WAREHOUSE,Production,SUCCESS,200,1461,1454,7,822,0,
SYNC-ACCT-005-WAREHOUSE-20260111,2026-01-11,ACCT-005,WAREHOUSE,Production,SUCCESS,200,1159,1151,8,547,0,
SYNC-ACCT-005-WAREHOUSE-20260114,2026-01-14,ACCT-005,WAREHOUSE,Production,SUCCESS,200,1560,1551,9,2933,0,
SYNC-ACCT-005-WAREHOUSE-20260117,2026-01-17,ACCT-005,WAREHOUSE,Production,SUCCESS,200,1429,1428,1,1927,0,
SYNC-ACCT-005-WAREHOUSE-20260120,2026-01-20,ACCT-005,WAREHOUSE,Production,SUCCESS,200,1560,1551,9,2309,0,
SYNC-ACCT-005-WAREHOUSE-20260123,2026-01-23,ACCT-005,WAREHOUSE,Production,SUCCESS,200,951,943,8,1798,0,
SYNC-ACCT-005-WAREHOUSE-20260126,2026-01-26,ACCT-005,WAREHOUSE,Production,SUCCESS,200,818,813,5,2386,0,
SYNC-ACCT-005-WAREHOUSE-20260129,2026-01-29,ACCT-005,WAREHOUSE,Production,SUCCESS,200,893,890,3,850,0,
SYNC-ACCT-005-WAREHOUSE-20260201,2026-02-01,ACCT-005,WAREHOUSE,Production,SUCCESS,200,1187,1183,4,582,0,
SYNC-ACCT-005-WAREHOUSE-20260204,2026-02-04,ACCT-005,WAREHOUSE,Production,SUCCESS,200,1672,1667,5,3226,0,
SYNC-ACCT-005-WAREHOUSE-20260207,2026-02-07,ACCT-005,WAREHOUSE,Production,SUCCESS,200,1153,1151,2,2454,0,
SYNC-ACCT-005-WAREHOUSE-20260210,2026-02-10,ACCT-005,WAREHOUSE,Production,SUCCESS,200,960,954,6,2806,0,
SYNC-ACCT-005-WAREHOUSE-20260213,2026-02-13,ACCT-005,WAREHOUSE,Production,SUCCESS,200,969,969,0,2640,0,
SYNC-ACCT-005-WAREHOUSE-20260216,2026-02-16,ACCT-005,WAREHOUSE,Production,SUCCESS,200,1429,1427,2,501,0,
SYNC-ACCT-005-WAREHOUSE-20260219,2026-02-19,ACCT-005,WAREHOUSE,Production,SUCCESS,200,1539,1536,3,2240,0,
SYNC-ACCT-005-WAREHOUSE-20260222,2026-02-22,ACCT-005,WAREHOUSE,Production,SUCCESS,200,1186,1182,4,1549,0,
SYNC-ACCT-005-WAREHOUSE-20260225,2026-02-25,ACCT-005,WAREHOUSE,Production,SUCCESS,200,1147,1138,9,638,0,
SYNC-ACCT-005-WAREHOUSE-20260228,2026-02-28,ACCT-005,WAREHOUSE,Production,SUCCESS,200,1190,1190,0,2625,0,
SYNC-ACCT-005-WAREHOUSE-20260303,2026-03-03,ACCT-005,WAREHOUSE,Production,SUCCESS,200,998,993,5,1888,0,
SYNC-ACCT-005-WAREHOUSE-20260306,2026-03-06,ACCT-005,WAREHOUSE,Production,SUCCESS,200,863,857,6,1270,0,
SYNC-ACCT-005-WAREHOUSE-20260309,2026-03-09,ACCT-005,WAREHOUSE,Production,SUCCESS,200,1207,1200,7,3095,0,
SYNC-ACCT-005-WAREHOUSE-20260312,2026-03-12,ACCT-005,WAREHOUSE,Production,SUCCESS,200,1198,1197,1,3391,0,
SYNC-ACCT-005-WAREHOUSE-20260315,2026-03-15,ACCT-005,WAREHOUSE,Production,SUCCESS,200,1319,1310,9,3053,0,
SYNC-ACCT-005-WAREHOUSE-20260318,2026-03-18,ACCT-005,WAREHOUSE,Production,SUCCESS,200,1080,1073,7,3170,0,
SYNC-ACCT-005-WAREHOUSE-20260321,2026-03-21,ACCT-005,WAREHOUSE,Production,SUCCESS,200,1439,1427,12,2511,0,
SYNC-ACCT-005-WAREHOUSE-20260324,2026-03-24,ACCT-005,WAREHOUSE,Production,SUCCESS,200,1065,1058,7,3168,0,
SYNC-ACCT-005-WAREHOUSE-20260327,2026-03-27,ACCT-005,WAREHOUSE,Production,SUCCESS,200,1174,1165,9,2794,0,
SYNC-ACCT-005-WAREHOUSE-20260330,2026-03-30,ACCT-005,WAREHOUSE,Production,SUCCESS,200,1194,1187,7,1497,0,
SYNC-ACCT-005-WAREHOUSE-20260402,2026-04-02,ACCT-005,WAREHOUSE,Production,SUCCESS,200,1264,1255,9,2477,0,
SYNC-ACCT-005-WAREHOUSE-20260405,2026-04-05,ACCT-005,WAREHOUSE,Production,SUCCESS,200,993,989,4,523,0,
SYNC-ACCT-005-WAREHOUSE-20260408,2026-04-08,ACCT-005,WAREHOUSE,Production,SUCCESS,200,1563,1555,8,611,0,
SYNC-ACCT-005-WAREHOUSE-20260411,2026-04-11,ACCT-005,WAREHOUSE,Production,SUCCESS,200,1595,1583,12,950,0,
SYNC-ACCT-005-WAREHOUSE-20260414,2026-04-14,ACCT-005,WAREHOUSE,Production,SUCCESS,200,1254,1254,0,1941,0,
SYNC-ACCT-005-WAREHOUSE-20260417,2026-04-17,ACCT-005,WAREHOUSE,Production,SUCCESS,200,1424,1420,4,656,0,
SYNC-ACCT-005-WAREHOUSE-20260420,2026-04-20,ACCT-005,WAREHOUSE,Production,SUCCESS,200,1172,1164,8,2503,0,
SYNC-ACCT-005-WAREHOUSE-20260423,2026-04-23,ACCT-005,WAREHOUSE,Production,SUCCESS,200,803,799,4,1251,0,
SYNC-ACCT-005-WAREHOUSE-20260426,2026-04-26,ACCT-005,WAREHOUSE,Production,SUCCESS,200,1224,1216,8,3269,0,
SYNC-ACCT-005-WAREHOUSE-20260429,2026-04-29,ACCT-005,WAREHOUSE,Production,SUCCESS,200,751,745,6,2249,0,
SYNC-ACCT-005-WAREHOUSE-20260502,2026-05-02,ACCT-005,WAREHOUSE,Production,SUCCESS,200,1421,1412,9,2726,0,
SYNC-ACCT-005-WAREHOUSE-20260505,2026-05-05,ACCT-005,WAREHOUSE,Production,SUCCESS,200,1005,1002,3,1214,0,
SYNC-ACCT-005-WAREHOUSE-20260508,2026-05-08,ACCT-005,WAREHOUSE,Production,SUCCESS,200,1675,1671,4,989,0,
SYNC-ACCT-005-WAREHOUSE-20260511,2026-05-11,ACCT-005,WAREHOUSE,Production,SUCCESS,200,1451,1451,0,1774,0,
SYNC-ACCT-005-WAREHOUSE-20260514,2026-05-14,ACCT-005,WAREHOUSE,Production,SUCCESS,200,1085,1085,0,881,0,
SYNC-ACCT-005-WAREHOUSE-20260517,2026-05-17,ACCT-005,WAREHOUSE,Production,SUCCESS,200,1213,1210,3,856,0,
SYNC-ACCT-005-WAREHOUSE-20260520,2026-05-20,ACCT-005,WAREHOUSE,Production,FAILED,429,1507,0,1507,15335,3,RATE_LIMITED
SYNC-ACCT-005-WAREHOUSE-20260523,2026-05-23,ACCT-005,WAREHOUSE,Production,FAILED,429,1250,0,1250,15245,3,RATE_LIMITED
SYNC-ACCT-005-WAREHOUSE-20260526,2026-05-26,ACCT-005,WAREHOUSE,Production,FAILED,503,1302,0,1302,3189,2,UPSTREAM_UNAVAILABLE
SYNC-ACCT-005-WAREHOUSE-20260529,2026-05-29,ACCT-005,WAREHOUSE,Production,SUCCESS,200,1636,1630,6,551,0,
SYNC-ACCT-005-WAREHOUSE-20260601,2026-06-01,ACCT-005,WAREHOUSE,Production,SUCCESS,200,1312,1305,7,3039,0,
SYNC-ACCT-005-WAREHOUSE-20260604,2026-06-04,ACCT-005,WAREHOUSE,Production,SUCCESS,200,1335,1325,10,1258,0,
SYNC-ACCT-005-WAREHOUSE-20260607,2026-06-07,ACCT-005,WAREHOUSE,Production,SUCCESS,200,921,916,5,2705,0,
SYNC-ACCT-005-WAREHOUSE-20260610,2026-06-10,ACCT-005,WAREHOUSE,Production,SUCCESS,200,1373,1367,6,2749,0,
SYNC-ACCT-005-WAREHOUSE-20260613,2026-06-13,ACCT-005,WAREHOUSE,Production,SUCCESS,200,1646,1639,7,673,0,
SYNC-ACCT-005-WAREHOUSE-20260616,2026-06-16,ACCT-005,WAREHOUSE,Production,SUCCESS,200,1253,1248,5,1873,0,
SYNC-ACCT-005-WAREHOUSE-20260619,2026-06-19,ACCT-005,WAREHOUSE,Production,SUCCESS,200,844,840,4,1583,0,
SYNC-ACCT-005-WAREHOUSE-20260622,2026-06-22,ACCT-005,WAREHOUSE,Production,SUCCESS,200,1275,1275,0,1805,0,
SYNC-ACCT-005-WAREHOUSE-20260625,2026-06-25,ACCT-005,WAREHOUSE,Production,SUCCESS,200,1540,1537,3,840,0,
SYNC-ACCT-005-WAREHOUSE-20260628,2026-06-28,ACCT-005,WAREHOUSE,Production,SUCCESS,200,1531,1522,9,1869,0,
SYNC-ACCT-006-CRM-20250907,2025-09-07,ACCT-006,CRM,Production,SUCCESS,200,813,811,2,732,0,
SYNC-ACCT-006-CRM-20250910,2025-09-10,ACCT-006,CRM,Production,SUCCESS,200,1364,1362,2,2845,0,
SYNC-ACCT-006-CRM-20250913,2025-09-13,ACCT-006,CRM,Production,SUCCESS,200,1026,1024,2,2520,0,
SYNC-ACCT-006-CRM-20250916,2025-09-16,ACCT-006,CRM,Production,SUCCESS,200,1563,1558,5,2067,0,
SYNC-ACCT-006-CRM-20250919,2025-09-19,ACCT-006,CRM,Production,SUCCESS,200,1294,1294,0,1783,0,
SYNC-ACCT-006-CRM-20250922,2025-09-22,ACCT-006,CRM,Production,SUCCESS,200,1559,1550,9,540,0,
SYNC-ACCT-006-CRM-20250925,2025-09-25,ACCT-006,CRM,Production,SUCCESS,200,740,736,4,713,0,
SYNC-ACCT-006-CRM-20250928,2025-09-28,ACCT-006,CRM,Production,SUCCESS,200,1184,1175,9,2856,0,
SYNC-ACCT-006-CRM-20251001,2025-10-01,ACCT-006,CRM,Production,SUCCESS,200,862,855,7,3376,0,
SYNC-ACCT-006-CRM-20251004,2025-10-04,ACCT-006,CRM,Production,SUCCESS,200,1262,1260,2,2964,0,
SYNC-ACCT-006-CRM-20251007,2025-10-07,ACCT-006,CRM,Production,SUCCESS,200,873,870,3,2409,0,
SYNC-ACCT-006-CRM-20251010,2025-10-10,ACCT-006,CRM,Production,SUCCESS,200,1225,1216,9,995,0,
SYNC-ACCT-006-CRM-20251013,2025-10-13,ACCT-006,CRM,Production,SUCCESS,200,1392,1387,5,2907,0,
SYNC-ACCT-006-CRM-20251016,2025-10-16,ACCT-006,CRM,Production,SUCCESS,200,1245,1236,9,1332,0,
SYNC-ACCT-006-CRM-20251019,2025-10-19,ACCT-006,CRM,Production,SUCCESS,200,1445,1436,9,2019,0,
SYNC-ACCT-006-CRM-20251022,2025-10-22,ACCT-006,CRM,Production,SUCCESS,200,1419,1411,8,1891,0,
SYNC-ACCT-006-CRM-20251025,2025-10-25,ACCT-006,CRM,Production,SUCCESS,200,1474,1471,3,2008,0,
SYNC-ACCT-006-CRM-20251028,2025-10-28,ACCT-006,CRM,Production,SUCCESS,200,1218,1215,3,1422,0,
SYNC-ACCT-006-CRM-20251031,2025-10-31,ACCT-006,CRM,Production,SUCCESS,200,725,720,5,1558,0,
SYNC-ACCT-006-CRM-20251103,2025-11-03,ACCT-006,CRM,Production,SUCCESS,200,854,853,1,1754,0,
SYNC-ACCT-006-CRM-20251106,2025-11-06,ACCT-006,CRM,Production,SUCCESS,200,1667,1666,1,589,0,
SYNC-ACCT-006-CRM-20251109,2025-11-09,ACCT-006,CRM,Production,SUCCESS,200,789,786,3,3062,0,
SYNC-ACCT-006-CRM-20251112,2025-11-12,ACCT-006,CRM,Production,SUCCESS,200,1438,1429,9,2916,0,
SYNC-ACCT-006-CRM-20251115,2025-11-15,ACCT-006,CRM,Production,SUCCESS,200,1533,1523,10,1766,0,
SYNC-ACCT-006-CRM-20251118,2025-11-18,ACCT-006,CRM,Production,SUCCESS,200,778,778,0,2258,0,
SYNC-ACCT-006-CRM-20251121,2025-11-21,ACCT-006,CRM,Production,SUCCESS,200,898,895,3,1045,0,
SYNC-ACCT-006-CRM-20251124,2025-11-24,ACCT-006,CRM,Production,SUCCESS,200,1025,1023,2,2829,0,
SYNC-ACCT-006-CRM-20251127,2025-11-27,ACCT-006,CRM,Production,SUCCESS,200,1371,1369,2,2891,0,
SYNC-ACCT-006-CRM-20251130,2025-11-30,ACCT-006,CRM,Production,SUCCESS,200,1016,1008,8,704,0,
SYNC-ACCT-006-CRM-20251203,2025-12-03,ACCT-006,CRM,Production,SUCCESS,200,1003,997,6,1070,0,
SYNC-ACCT-006-CRM-20251206,2025-12-06,ACCT-006,CRM,Production,SUCCESS,200,1639,1626,13,596,0,
SYNC-ACCT-006-CRM-20251209,2025-12-09,ACCT-006,CRM,Production,SUCCESS,200,739,738,1,2663,0,
SYNC-ACCT-006-CRM-20251212,2025-12-12,ACCT-006,CRM,Production,SUCCESS,200,971,969,2,1741,0,
SYNC-ACCT-006-CRM-20251215,2025-12-15,ACCT-006,CRM,Production,SUCCESS,200,1638,1628,10,3365,0,
SYNC-ACCT-006-CRM-20251218,2025-12-18,ACCT-006,CRM,Production,SUCCESS,200,908,904,4,1797,0,
SYNC-ACCT-006-CRM-20251221,2025-12-21,ACCT-006,CRM,Production,SUCCESS,200,957,954,3,2114,0,
SYNC-ACCT-006-CRM-20251224,2025-12-24,ACCT-006,CRM,Production,SUCCESS,200,815,814,1,1186,0,
SYNC-ACCT-006-CRM-20251227,2025-12-27,ACCT-006,CRM,Production,SUCCESS,200,1153,1149,4,1200,0,
SYNC-ACCT-006-CRM-20251230,2025-12-30,ACCT-006,CRM,Production,SUCCESS,200,1403,1395,8,1665,0,
SYNC-ACCT-006-CRM-20260102,2026-01-02,ACCT-006,CRM,Production,SUCCESS,200,1165,1164,1,1987,0,
SYNC-ACCT-006-CRM-20260105,2026-01-05,ACCT-006,CRM,Production,SUCCESS,200,1560,1551,9,1822,0,
SYNC-ACCT-006-CRM-20260108,2026-01-08,ACCT-006,CRM,Production,SUCCESS,200,897,890,7,3171,0,
SYNC-ACCT-006-CRM-20260111,2026-01-11,ACCT-006,CRM,Production,SUCCESS,200,1298,1294,4,2990,0,
SYNC-ACCT-006-CRM-20260114,2026-01-14,ACCT-006,CRM,Production,SUCCESS,200,1455,1452,3,777,0,
SYNC-ACCT-006-CRM-20260117,2026-01-17,ACCT-006,CRM,Production,SUCCESS,200,1178,1174,4,1610,0,
SYNC-ACCT-006-CRM-20260120,2026-01-20,ACCT-006,CRM,Production,SUCCESS,200,1024,1016,8,1750,0,
SYNC-ACCT-006-CRM-20260123,2026-01-23,ACCT-006,CRM,Production,SUCCESS,200,1189,1188,1,2855,0,
SYNC-ACCT-006-CRM-20260126,2026-01-26,ACCT-006,CRM,Production,SUCCESS,200,1659,1656,3,1056,0,
SYNC-ACCT-006-CRM-20260129,2026-01-29,ACCT-006,CRM,Production,SUCCESS,200,748,746,2,2359,0,
SYNC-ACCT-006-CRM-20260201,2026-02-01,ACCT-006,CRM,Production,SUCCESS,200,1604,1592,12,2868,0,
SYNC-ACCT-006-CRM-20260204,2026-02-04,ACCT-006,CRM,Production,SUCCESS,200,1394,1385,9,2751,0,
SYNC-ACCT-006-CRM-20260207,2026-02-07,ACCT-006,CRM,Production,SUCCESS,200,1580,1580,0,1796,0,
SYNC-ACCT-006-CRM-20260210,2026-02-10,ACCT-006,CRM,Production,SUCCESS,200,1563,1550,13,1665,0,
SYNC-ACCT-006-CRM-20260213,2026-02-13,ACCT-006,CRM,Production,SUCCESS,200,892,886,6,654,0,
SYNC-ACCT-006-CRM-20260216,2026-02-16,ACCT-006,CRM,Production,SUCCESS,200,1192,1192,0,1386,0,
SYNC-ACCT-006-CRM-20260219,2026-02-19,ACCT-006,CRM,Production,SUCCESS,200,903,899,4,1846,0,
SYNC-ACCT-006-CRM-20260222,2026-02-22,ACCT-006,CRM,Production,SUCCESS,200,971,969,2,1944,0,
SYNC-ACCT-006-CRM-20260225,2026-02-25,ACCT-006,CRM,Production,SUCCESS,200,880,875,5,1968,0,
SYNC-ACCT-006-CRM-20260228,2026-02-28,ACCT-006,CRM,Production,SUCCESS,200,1359,1350,9,1923,0,
SYNC-ACCT-006-CRM-20260303,2026-03-03,ACCT-006,CRM,Production,SUCCESS,200,1476,1471,5,1672,0,
SYNC-ACCT-006-CRM-20260306,2026-03-06,ACCT-006,CRM,Production,SUCCESS,200,817,817,0,1580,0,
SYNC-ACCT-006-CRM-20260309,2026-03-09,ACCT-006,CRM,Production,SUCCESS,200,1403,1397,6,2260,0,
SYNC-ACCT-006-CRM-20260312,2026-03-12,ACCT-006,CRM,Production,SUCCESS,200,765,760,5,899,0,
SYNC-ACCT-006-CRM-20260315,2026-03-15,ACCT-006,CRM,Production,FAILED,503,1095,0,1095,3250,2,UPSTREAM_UNAVAILABLE
SYNC-ACCT-006-CRM-20260318,2026-03-18,ACCT-006,CRM,Production,SUCCESS,200,1328,1320,8,2787,0,
SYNC-ACCT-006-CRM-20260321,2026-03-21,ACCT-006,CRM,Production,SUCCESS,200,887,885,2,1765,0,
SYNC-ACCT-006-CRM-20260324,2026-03-24,ACCT-006,CRM,Production,SUCCESS,200,779,773,6,711,0,
SYNC-ACCT-006-CRM-20260327,2026-03-27,ACCT-006,CRM,Production,SUCCESS,200,1089,1086,3,855,0,
SYNC-ACCT-006-CRM-20260330,2026-03-30,ACCT-006,CRM,Production,SUCCESS,200,1002,999,3,3047,0,
SYNC-ACCT-006-CRM-20260402,2026-04-02,ACCT-006,CRM,Production,SUCCESS,200,1620,1614,6,3168,0,
SYNC-ACCT-006-CRM-20260405,2026-04-05,ACCT-006,CRM,Production,SUCCESS,200,1376,1365,11,2587,0,
SYNC-ACCT-006-CRM-20260408,2026-04-08,ACCT-006,CRM,Production,SUCCESS,200,1603,1597,6,1124,0,
SYNC-ACCT-006-CRM-20260411,2026-04-11,ACCT-006,CRM,Production,SUCCESS,200,1532,1520,12,1354,0,
SYNC-ACCT-006-CRM-20260414,2026-04-14,ACCT-006,CRM,Production,SUCCESS,200,1269,1269,0,2801,0,
SYNC-ACCT-006-CRM-20260417,2026-04-17,ACCT-006,CRM,Production,SUCCESS,200,1294,1286,8,1890,0,
SYNC-ACCT-006-CRM-20260420,2026-04-20,ACCT-006,CRM,Production,SUCCESS,200,1505,1505,0,2598,0,
SYNC-ACCT-006-CRM-20260423,2026-04-23,ACCT-006,CRM,Production,SUCCESS,200,1553,1550,3,1436,0,
SYNC-ACCT-006-CRM-20260426,2026-04-26,ACCT-006,CRM,Production,SUCCESS,200,1337,1335,2,2348,0,
SYNC-ACCT-006-CRM-20260429,2026-04-29,ACCT-006,CRM,Production,SUCCESS,200,1394,1384,10,3069,0,
SYNC-ACCT-006-CRM-20260502,2026-05-02,ACCT-006,CRM,Production,SUCCESS,200,1563,1556,7,3298,0,
SYNC-ACCT-006-CRM-20260505,2026-05-05,ACCT-006,CRM,Production,SUCCESS,200,1582,1570,12,2722,0,
SYNC-ACCT-006-CRM-20260508,2026-05-08,ACCT-006,CRM,Production,SUCCESS,200,1527,1518,9,2718,0,
SYNC-ACCT-006-CRM-20260511,2026-05-11,ACCT-006,CRM,Production,SUCCESS,200,1363,1357,6,3021,0,
SYNC-ACCT-006-CRM-20260514,2026-05-14,ACCT-006,CRM,Production,SUCCESS,200,890,883,7,3308,0,
SYNC-ACCT-006-CRM-20260517,2026-05-17,ACCT-006,CRM,Production,SUCCESS,200,1056,1050,6,1169,0,
SYNC-ACCT-006-CRM-20260520,2026-05-20,ACCT-006,CRM,Production,SUCCESS,200,881,879,2,938,0,
SYNC-ACCT-006-CRM-20260523,2026-05-23,ACCT-006,CRM,Production,SUCCESS,200,1389,1388,1,1348,0,
SYNC-ACCT-006-CRM-20260526,2026-05-26,ACCT-006,CRM,Production,SUCCESS,200,856,854,2,2819,0,
SYNC-ACCT-006-CRM-20260529,2026-05-29,ACCT-006,CRM,Production,SUCCESS,200,988,985,3,1915,0,
SYNC-ACCT-006-CRM-20260601,2026-06-01,ACCT-006,CRM,Production,SUCCESS,200,1192,1185,7,1713,0,
SYNC-ACCT-006-CRM-20260604,2026-06-04,ACCT-006,CRM,Production,SUCCESS,200,929,924,5,1856,0,
SYNC-ACCT-006-CRM-20260607,2026-06-07,ACCT-006,CRM,Production,SUCCESS,200,1382,1372,10,3194,0,
SYNC-ACCT-006-CRM-20260610,2026-06-10,ACCT-006,CRM,Production,SUCCESS,200,1272,1266,6,2047,0,
SYNC-ACCT-006-CRM-20260613,2026-06-13,ACCT-006,CRM,Production,SUCCESS,200,1053,1051,2,1081,0,
SYNC-ACCT-006-CRM-20260616,2026-06-16,ACCT-006,CRM,Production,SUCCESS,200,1357,1350,7,1932,0,
SYNC-ACCT-006-CRM-20260619,2026-06-19,ACCT-006,CRM,Production,SUCCESS,200,1612,1604,8,3083,0,
SYNC-ACCT-006-CRM-20260622,2026-06-22,ACCT-006,CRM,Production,SUCCESS,200,749,744,5,3284,0,
SYNC-ACCT-006-CRM-20260625,2026-06-25,ACCT-006,CRM,Production,SUCCESS,200,1172,1164,8,1519,0,
SYNC-ACCT-006-CRM-20260628,2026-06-28,ACCT-006,CRM,Production,SUCCESS,200,1342,1336,6,773,0,
SYNC-ACCT-006-BILLING-20250907,2025-09-07,ACCT-006,BILLING,Production,SUCCESS,200,1067,1065,2,1021,0,
SYNC-ACCT-006-BILLING-20250910,2025-09-10,ACCT-006,BILLING,Production,SUCCESS,200,1613,1603,10,2648,0,
SYNC-ACCT-006-BILLING-20250913,2025-09-13,ACCT-006,BILLING,Production,SUCCESS,200,1267,1262,5,1428,0,
SYNC-ACCT-006-BILLING-20250916,2025-09-16,ACCT-006,BILLING,Production,SUCCESS,200,817,810,7,1898,0,
SYNC-ACCT-006-BILLING-20250919,2025-09-19,ACCT-006,BILLING,Production,SUCCESS,200,785,783,2,1999,0,
SYNC-ACCT-006-BILLING-20250922,2025-09-22,ACCT-006,BILLING,Production,SUCCESS,200,1638,1631,7,1714,0,
SYNC-ACCT-006-BILLING-20250925,2025-09-25,ACCT-006,BILLING,Production,SUCCESS,200,1050,1050,0,1481,0,
SYNC-ACCT-006-BILLING-20250928,2025-09-28,ACCT-006,BILLING,Production,SUCCESS,200,1675,1673,2,3157,0,
SYNC-ACCT-006-BILLING-20251001,2025-10-01,ACCT-006,BILLING,Production,SUCCESS,200,1156,1148,8,2119,0,
SYNC-ACCT-006-BILLING-20251004,2025-10-04,ACCT-006,BILLING,Production,SUCCESS,200,1264,1261,3,2179,0,
SYNC-ACCT-006-BILLING-20251007,2025-10-07,ACCT-006,BILLING,Production,SUCCESS,200,1669,1664,5,1750,0,
SYNC-ACCT-006-BILLING-20251010,2025-10-10,ACCT-006,BILLING,Production,SUCCESS,200,921,914,7,2254,0,
SYNC-ACCT-006-BILLING-20251013,2025-10-13,ACCT-006,BILLING,Production,SUCCESS,200,1495,1490,5,562,0,
SYNC-ACCT-006-BILLING-20251016,2025-10-16,ACCT-006,BILLING,Production,FAILED,503,1542,0,1542,3216,2,UPSTREAM_UNAVAILABLE
SYNC-ACCT-006-BILLING-20251019,2025-10-19,ACCT-006,BILLING,Production,SUCCESS,200,1187,1184,3,2318,0,
SYNC-ACCT-006-BILLING-20251022,2025-10-22,ACCT-006,BILLING,Production,SUCCESS,200,1065,1065,0,2772,0,
SYNC-ACCT-006-BILLING-20251025,2025-10-25,ACCT-006,BILLING,Production,SUCCESS,200,1111,1108,3,2755,0,
SYNC-ACCT-006-BILLING-20251028,2025-10-28,ACCT-006,BILLING,Production,SUCCESS,200,1314,1306,8,2056,0,
SYNC-ACCT-006-BILLING-20251031,2025-10-31,ACCT-006,BILLING,Production,SUCCESS,200,1449,1445,4,2637,0,
SYNC-ACCT-006-BILLING-20251103,2025-11-03,ACCT-006,BILLING,Production,SUCCESS,200,1026,1021,5,1581,0,
SYNC-ACCT-006-BILLING-20251106,2025-11-06,ACCT-006,BILLING,Production,SUCCESS,200,1035,1029,6,1038,0,
SYNC-ACCT-006-BILLING-20251109,2025-11-09,ACCT-006,BILLING,Production,SUCCESS,200,968,960,8,1750,0,
SYNC-ACCT-006-BILLING-20251112,2025-11-12,ACCT-006,BILLING,Production,SUCCESS,200,1253,1246,7,2233,0,
SYNC-ACCT-006-BILLING-20251115,2025-11-15,ACCT-006,BILLING,Production,SUCCESS,200,1577,1572,5,1518,0,
SYNC-ACCT-006-BILLING-20251118,2025-11-18,ACCT-006,BILLING,Production,SUCCESS,200,948,947,1,2569,0,
SYNC-ACCT-006-BILLING-20251121,2025-11-21,ACCT-006,BILLING,Production,SUCCESS,200,1161,1152,9,1632,0,
SYNC-ACCT-006-BILLING-20251124,2025-11-24,ACCT-006,BILLING,Production,SUCCESS,200,1392,1384,8,2260,0,
SYNC-ACCT-006-BILLING-20251127,2025-11-27,ACCT-006,BILLING,Production,SUCCESS,200,1534,1530,4,2381,0,
SYNC-ACCT-006-BILLING-20251130,2025-11-30,ACCT-006,BILLING,Production,SUCCESS,200,1125,1118,7,1785,0,
SYNC-ACCT-006-BILLING-20251203,2025-12-03,ACCT-006,BILLING,Production,SUCCESS,200,1490,1479,11,2418,0,
SYNC-ACCT-006-BILLING-20251206,2025-12-06,ACCT-006,BILLING,Production,SUCCESS,200,1553,1550,3,1351,0,
SYNC-ACCT-006-BILLING-20251209,2025-12-09,ACCT-006,BILLING,Production,SUCCESS,200,1063,1060,3,2325,0,
SYNC-ACCT-006-BILLING-20251212,2025-12-12,ACCT-006,BILLING,Production,SUCCESS,200,1530,1528,2,1918,0,
SYNC-ACCT-006-BILLING-20251215,2025-12-15,ACCT-006,BILLING,Production,SUCCESS,200,934,934,0,2596,0,
SYNC-ACCT-006-BILLING-20251218,2025-12-18,ACCT-006,BILLING,Production,SUCCESS,200,1301,1300,1,873,0,
SYNC-ACCT-006-BILLING-20251221,2025-12-21,ACCT-006,BILLING,Production,SUCCESS,200,1648,1642,6,3316,0,
SYNC-ACCT-006-BILLING-20251224,2025-12-24,ACCT-006,BILLING,Production,SUCCESS,200,764,764,0,511,0,
SYNC-ACCT-006-BILLING-20251227,2025-12-27,ACCT-006,BILLING,Production,SUCCESS,200,860,858,2,2216,0,
SYNC-ACCT-006-BILLING-20251230,2025-12-30,ACCT-006,BILLING,Production,SUCCESS,200,966,961,5,1951,0,
SYNC-ACCT-006-BILLING-20260102,2026-01-02,ACCT-006,BILLING,Production,SUCCESS,200,1213,1210,3,1963,0,
SYNC-ACCT-006-BILLING-20260105,2026-01-05,ACCT-006,BILLING,Production,SUCCESS,200,958,956,2,3169,0,
SYNC-ACCT-006-BILLING-20260108,2026-01-08,ACCT-006,BILLING,Production,SUCCESS,200,1453,1443,10,3300,0,
SYNC-ACCT-006-BILLING-20260111,2026-01-11,ACCT-006,BILLING,Production,SUCCESS,200,1346,1343,3,915,0,
SYNC-ACCT-006-BILLING-20260114,2026-01-14,ACCT-006,BILLING,Production,SUCCESS,200,769,769,0,507,0,
SYNC-ACCT-006-BILLING-20260117,2026-01-17,ACCT-006,BILLING,Production,SUCCESS,200,1319,1309,10,1437,0,
SYNC-ACCT-006-BILLING-20260120,2026-01-20,ACCT-006,BILLING,Production,SUCCESS,200,1587,1575,12,1431,0,
SYNC-ACCT-006-BILLING-20260123,2026-01-23,ACCT-006,BILLING,Production,SUCCESS,200,803,803,0,2017,0,
SYNC-ACCT-006-BILLING-20260126,2026-01-26,ACCT-006,BILLING,Production,SUCCESS,200,928,924,4,1614,0,
SYNC-ACCT-006-BILLING-20260129,2026-01-29,ACCT-006,BILLING,Production,SUCCESS,200,966,962,4,1647,0,
SYNC-ACCT-006-BILLING-20260201,2026-02-01,ACCT-006,BILLING,Production,SUCCESS,200,789,786,3,2364,0,
SYNC-ACCT-006-BILLING-20260204,2026-02-04,ACCT-006,BILLING,Production,SUCCESS,200,930,927,3,611,0,
SYNC-ACCT-006-BILLING-20260207,2026-02-07,ACCT-006,BILLING,Production,SUCCESS,200,1268,1268,0,1391,0,
SYNC-ACCT-006-BILLING-20260210,2026-02-10,ACCT-006,BILLING,Production,SUCCESS,200,1040,1035,5,661,0,
SYNC-ACCT-006-BILLING-20260213,2026-02-13,ACCT-006,BILLING,Production,SUCCESS,200,878,873,5,1293,0,
SYNC-ACCT-006-BILLING-20260216,2026-02-16,ACCT-006,BILLING,Production,SUCCESS,200,1521,1512,9,834,0,
SYNC-ACCT-006-BILLING-20260219,2026-02-19,ACCT-006,BILLING,Production,SUCCESS,200,797,794,3,2806,0,
SYNC-ACCT-006-BILLING-20260222,2026-02-22,ACCT-006,BILLING,Production,SUCCESS,200,1671,1661,10,1231,0,
SYNC-ACCT-006-BILLING-20260225,2026-02-25,ACCT-006,BILLING,Production,SUCCESS,200,734,734,0,1057,0,
SYNC-ACCT-006-BILLING-20260228,2026-02-28,ACCT-006,BILLING,Production,SUCCESS,200,1448,1443,5,2514,0,
SYNC-ACCT-006-BILLING-20260303,2026-03-03,ACCT-006,BILLING,Production,FAILED,503,1609,0,1609,3195,2,UPSTREAM_UNAVAILABLE
SYNC-ACCT-006-BILLING-20260306,2026-03-06,ACCT-006,BILLING,Production,SUCCESS,200,845,838,7,722,0,
SYNC-ACCT-006-BILLING-20260309,2026-03-09,ACCT-006,BILLING,Production,SUCCESS,200,987,981,6,845,0,
SYNC-ACCT-006-BILLING-20260312,2026-03-12,ACCT-006,BILLING,Production,SUCCESS,200,1280,1271,9,1275,0,
SYNC-ACCT-006-BILLING-20260315,2026-03-15,ACCT-006,BILLING,Production,SUCCESS,200,1088,1080,8,1547,0,
SYNC-ACCT-006-BILLING-20260318,2026-03-18,ACCT-006,BILLING,Production,SUCCESS,200,1423,1413,10,1190,0,
SYNC-ACCT-006-BILLING-20260321,2026-03-21,ACCT-006,BILLING,Production,SUCCESS,200,1297,1290,7,3252,0,
SYNC-ACCT-006-BILLING-20260324,2026-03-24,ACCT-006,BILLING,Production,SUCCESS,200,1115,1112,3,1048,0,
SYNC-ACCT-006-BILLING-20260327,2026-03-27,ACCT-006,BILLING,Production,SUCCESS,200,729,729,0,2296,0,
SYNC-ACCT-006-BILLING-20260330,2026-03-30,ACCT-006,BILLING,Production,SUCCESS,200,1316,1311,5,1474,0,
SYNC-ACCT-006-BILLING-20260402,2026-04-02,ACCT-006,BILLING,Production,SUCCESS,200,976,972,4,2498,0,
SYNC-ACCT-006-BILLING-20260405,2026-04-05,ACCT-006,BILLING,Production,SUCCESS,200,1194,1189,5,3300,0,
SYNC-ACCT-006-BILLING-20260408,2026-04-08,ACCT-006,BILLING,Production,SUCCESS,200,820,816,4,2217,0,
SYNC-ACCT-006-BILLING-20260411,2026-04-11,ACCT-006,BILLING,Production,SUCCESS,200,1376,1369,7,1050,0,
SYNC-ACCT-006-BILLING-20260414,2026-04-14,ACCT-006,BILLING,Production,SUCCESS,200,1415,1415,0,2682,0,
SYNC-ACCT-006-BILLING-20260417,2026-04-17,ACCT-006,BILLING,Production,SUCCESS,200,785,780,5,1767,0,
SYNC-ACCT-006-BILLING-20260420,2026-04-20,ACCT-006,BILLING,Production,SUCCESS,200,1603,1596,7,2630,0,
SYNC-ACCT-006-BILLING-20260423,2026-04-23,ACCT-006,BILLING,Production,SUCCESS,200,1658,1648,10,2278,0,
SYNC-ACCT-006-BILLING-20260426,2026-04-26,ACCT-006,BILLING,Production,SUCCESS,200,967,964,3,2098,0,
SYNC-ACCT-006-BILLING-20260429,2026-04-29,ACCT-006,BILLING,Production,SUCCESS,200,1109,1105,4,2306,0,
SYNC-ACCT-006-BILLING-20260502,2026-05-02,ACCT-006,BILLING,Production,SUCCESS,200,747,743,4,2976,0,
SYNC-ACCT-006-BILLING-20260505,2026-05-05,ACCT-006,BILLING,Production,SUCCESS,200,910,904,6,1649,0,
SYNC-ACCT-006-BILLING-20260508,2026-05-08,ACCT-006,BILLING,Production,SUCCESS,200,1005,1000,5,1014,0,
SYNC-ACCT-006-BILLING-20260511,2026-05-11,ACCT-006,BILLING,Production,SUCCESS,200,794,790,4,2316,0,
SYNC-ACCT-006-BILLING-20260514,2026-05-14,ACCT-006,BILLING,Production,SUCCESS,200,1670,1669,1,3038,0,
SYNC-ACCT-006-BILLING-20260517,2026-05-17,ACCT-006,BILLING,Production,SUCCESS,200,1310,1302,8,3092,0,
SYNC-ACCT-006-BILLING-20260520,2026-05-20,ACCT-006,BILLING,Production,SUCCESS,200,1381,1370,11,700,0,
SYNC-ACCT-006-BILLING-20260523,2026-05-23,ACCT-006,BILLING,Production,SUCCESS,200,1026,1021,5,1171,0,
SYNC-ACCT-006-BILLING-20260526,2026-05-26,ACCT-006,BILLING,Production,SUCCESS,200,936,932,4,1111,0,
SYNC-ACCT-006-BILLING-20260529,2026-05-29,ACCT-006,BILLING,Production,SUCCESS,200,751,748,3,2896,0,
SYNC-ACCT-006-BILLING-20260601,2026-06-01,ACCT-006,BILLING,Production,SUCCESS,200,989,986,3,1158,0,
SYNC-ACCT-006-BILLING-20260604,2026-06-04,ACCT-006,BILLING,Production,SUCCESS,200,1541,1539,2,1899,0,
SYNC-ACCT-006-BILLING-20260607,2026-06-07,ACCT-006,BILLING,Production,SUCCESS,200,1591,1580,11,2875,0,
SYNC-ACCT-006-BILLING-20260610,2026-06-10,ACCT-006,BILLING,Production,SUCCESS,200,1543,1543,0,1702,0,
SYNC-ACCT-006-BILLING-20260613,2026-06-13,ACCT-006,BILLING,Production,SUCCESS,200,1233,1232,1,1243,0,
SYNC-ACCT-006-BILLING-20260616,2026-06-16,ACCT-006,BILLING,Production,SUCCESS,200,938,935,3,887,0,
SYNC-ACCT-006-BILLING-20260619,2026-06-19,ACCT-006,BILLING,Production,SUCCESS,200,931,926,5,3133,0,
SYNC-ACCT-006-BILLING-20260622,2026-06-22,ACCT-006,BILLING,Production,SUCCESS,200,1570,1564,6,1053,0,
SYNC-ACCT-006-BILLING-20260625,2026-06-25,ACCT-006,BILLING,Production,SUCCESS,200,1591,1587,4,788,0,
SYNC-ACCT-006-BILLING-20260628,2026-06-28,ACCT-006,BILLING,Production,SUCCESS,200,1514,1509,5,2197,0,
SYNC-ACCT-006-PRODUCT-20250907,2025-09-07,ACCT-006,PRODUCT,Production,SUCCESS,200,1165,1158,7,1019,0,
SYNC-ACCT-006-PRODUCT-20250910,2025-09-10,ACCT-006,PRODUCT,Production,SUCCESS,200,763,763,0,2782,0,
SYNC-ACCT-006-PRODUCT-20250913,2025-09-13,ACCT-006,PRODUCT,Production,SUCCESS,200,1580,1580,0,2221,0,
SYNC-ACCT-006-PRODUCT-20250916,2025-09-16,ACCT-006,PRODUCT,Production,SUCCESS,200,750,746,4,2909,0,
SYNC-ACCT-006-PRODUCT-20250919,2025-09-19,ACCT-006,PRODUCT,Production,SUCCESS,200,1238,1236,2,2838,0,
SYNC-ACCT-006-PRODUCT-20250922,2025-09-22,ACCT-006,PRODUCT,Production,SUCCESS,200,1526,1526,0,1828,0,
SYNC-ACCT-006-PRODUCT-20250925,2025-09-25,ACCT-006,PRODUCT,Production,SUCCESS,200,1108,1100,8,2324,0,
SYNC-ACCT-006-PRODUCT-20250928,2025-09-28,ACCT-006,PRODUCT,Production,SUCCESS,200,977,969,8,836,0,
SYNC-ACCT-006-PRODUCT-20251001,2025-10-01,ACCT-006,PRODUCT,Production,SUCCESS,200,1370,1362,8,2540,0,
SYNC-ACCT-006-PRODUCT-20251004,2025-10-04,ACCT-006,PRODUCT,Production,SUCCESS,200,1382,1375,7,1216,0,
SYNC-ACCT-006-PRODUCT-20251007,2025-10-07,ACCT-006,PRODUCT,Production,SUCCESS,200,1458,1447,11,2873,0,
SYNC-ACCT-006-PRODUCT-20251010,2025-10-10,ACCT-006,PRODUCT,Production,SUCCESS,200,1585,1583,2,1046,0,
SYNC-ACCT-006-PRODUCT-20251013,2025-10-13,ACCT-006,PRODUCT,Production,SUCCESS,200,1141,1132,9,2038,0,
SYNC-ACCT-006-PRODUCT-20251016,2025-10-16,ACCT-006,PRODUCT,Production,SUCCESS,200,1142,1135,7,2212,0,
SYNC-ACCT-006-PRODUCT-20251019,2025-10-19,ACCT-006,PRODUCT,Production,SUCCESS,200,1346,1345,1,1447,0,
SYNC-ACCT-006-PRODUCT-20251022,2025-10-22,ACCT-006,PRODUCT,Production,SUCCESS,200,1177,1176,1,1681,0,
SYNC-ACCT-006-PRODUCT-20251025,2025-10-25,ACCT-006,PRODUCT,Production,SUCCESS,200,915,913,2,2915,0,
SYNC-ACCT-006-PRODUCT-20251028,2025-10-28,ACCT-006,PRODUCT,Production,SUCCESS,200,1171,1169,2,1391,0,
SYNC-ACCT-006-PRODUCT-20251031,2025-10-31,ACCT-006,PRODUCT,Production,SUCCESS,200,928,926,2,1256,0,
SYNC-ACCT-006-PRODUCT-20251103,2025-11-03,ACCT-006,PRODUCT,Production,SUCCESS,200,1262,1255,7,1827,0,
SYNC-ACCT-006-PRODUCT-20251106,2025-11-06,ACCT-006,PRODUCT,Production,SUCCESS,200,1323,1312,11,2974,0,
SYNC-ACCT-006-PRODUCT-20251109,2025-11-09,ACCT-006,PRODUCT,Production,SUCCESS,200,871,871,0,2767,0,
SYNC-ACCT-006-PRODUCT-20251112,2025-11-12,ACCT-006,PRODUCT,Production,SUCCESS,200,803,802,1,1808,0,
SYNC-ACCT-006-PRODUCT-20251115,2025-11-15,ACCT-006,PRODUCT,Production,SUCCESS,200,1542,1531,11,2574,0,
SYNC-ACCT-006-PRODUCT-20251118,2025-11-18,ACCT-006,PRODUCT,Production,SUCCESS,200,910,908,2,1221,0,
SYNC-ACCT-006-PRODUCT-20251121,2025-11-21,ACCT-006,PRODUCT,Production,SUCCESS,200,1079,1072,7,2557,0,
SYNC-ACCT-006-PRODUCT-20251124,2025-11-24,ACCT-006,PRODUCT,Production,SUCCESS,200,1660,1659,1,2725,0,
SYNC-ACCT-006-PRODUCT-20251127,2025-11-27,ACCT-006,PRODUCT,Production,SUCCESS,200,1278,1275,3,971,0,
SYNC-ACCT-006-PRODUCT-20251130,2025-11-30,ACCT-006,PRODUCT,Production,SUCCESS,200,1408,1398,10,2735,0,
SYNC-ACCT-006-PRODUCT-20251203,2025-12-03,ACCT-006,PRODUCT,Production,SUCCESS,200,1509,1500,9,856,0,
SYNC-ACCT-006-PRODUCT-20251206,2025-12-06,ACCT-006,PRODUCT,Production,SUCCESS,200,941,939,2,1669,0,
SYNC-ACCT-006-PRODUCT-20251209,2025-12-09,ACCT-006,PRODUCT,Production,SUCCESS,200,1343,1333,10,1168,0,
SYNC-ACCT-006-PRODUCT-20251212,2025-12-12,ACCT-006,PRODUCT,Production,SUCCESS,200,1439,1432,7,2044,0,
SYNC-ACCT-006-PRODUCT-20251215,2025-12-15,ACCT-006,PRODUCT,Production,SUCCESS,200,1509,1501,8,856,0,
SYNC-ACCT-006-PRODUCT-20251218,2025-12-18,ACCT-006,PRODUCT,Production,SUCCESS,200,1200,1190,10,1679,0,
SYNC-ACCT-006-PRODUCT-20251221,2025-12-21,ACCT-006,PRODUCT,Production,SUCCESS,200,864,862,2,3082,0,
SYNC-ACCT-006-PRODUCT-20251224,2025-12-24,ACCT-006,PRODUCT,Production,SUCCESS,200,1427,1418,9,1384,0,
SYNC-ACCT-006-PRODUCT-20251227,2025-12-27,ACCT-006,PRODUCT,Production,SUCCESS,200,1453,1451,2,3278,0,
SYNC-ACCT-006-PRODUCT-20251230,2025-12-30,ACCT-006,PRODUCT,Production,SUCCESS,200,1340,1336,4,3163,0,
SYNC-ACCT-006-PRODUCT-20260102,2026-01-02,ACCT-006,PRODUCT,Production,SUCCESS,200,907,906,1,1677,0,
SYNC-ACCT-006-PRODUCT-20260105,2026-01-05,ACCT-006,PRODUCT,Production,SUCCESS,200,1579,1579,0,1594,0,
SYNC-ACCT-006-PRODUCT-20260108,2026-01-08,ACCT-006,PRODUCT,Production,SUCCESS,200,1025,1023,2,2237,0,
SYNC-ACCT-006-PRODUCT-20260111,2026-01-11,ACCT-006,PRODUCT,Production,SUCCESS,200,744,739,5,810,0,
SYNC-ACCT-006-PRODUCT-20260114,2026-01-14,ACCT-006,PRODUCT,Production,SUCCESS,200,1157,1151,6,1104,0,
SYNC-ACCT-006-PRODUCT-20260117,2026-01-17,ACCT-006,PRODUCT,Production,SUCCESS,200,1358,1347,11,1052,0,
SYNC-ACCT-006-PRODUCT-20260120,2026-01-20,ACCT-006,PRODUCT,Production,SUCCESS,200,1307,1303,4,3192,0,
SYNC-ACCT-006-PRODUCT-20260123,2026-01-23,ACCT-006,PRODUCT,Production,SUCCESS,200,998,993,5,2967,0,
SYNC-ACCT-006-PRODUCT-20260126,2026-01-26,ACCT-006,PRODUCT,Production,SUCCESS,200,1440,1428,12,2962,0,
SYNC-ACCT-006-PRODUCT-20260129,2026-01-29,ACCT-006,PRODUCT,Production,SUCCESS,200,1615,1614,1,1301,0,
SYNC-ACCT-006-PRODUCT-20260201,2026-02-01,ACCT-006,PRODUCT,Production,SUCCESS,200,1495,1494,1,1423,0,
SYNC-ACCT-006-PRODUCT-20260204,2026-02-04,ACCT-006,PRODUCT,Production,SUCCESS,200,825,822,3,2634,0,
SYNC-ACCT-006-PRODUCT-20260207,2026-02-07,ACCT-006,PRODUCT,Production,SUCCESS,200,1452,1441,11,2629,0,
SYNC-ACCT-006-PRODUCT-20260210,2026-02-10,ACCT-006,PRODUCT,Production,SUCCESS,200,1382,1374,8,779,0,
SYNC-ACCT-006-PRODUCT-20260213,2026-02-13,ACCT-006,PRODUCT,Production,SUCCESS,200,730,727,3,913,0,
SYNC-ACCT-006-PRODUCT-20260216,2026-02-16,ACCT-006,PRODUCT,Production,SUCCESS,200,1088,1079,9,1204,0,
SYNC-ACCT-006-PRODUCT-20260219,2026-02-19,ACCT-006,PRODUCT,Production,SUCCESS,200,1147,1145,2,3193,0,
SYNC-ACCT-006-PRODUCT-20260222,2026-02-22,ACCT-006,PRODUCT,Production,SUCCESS,200,1160,1160,0,1900,0,
SYNC-ACCT-006-PRODUCT-20260225,2026-02-25,ACCT-006,PRODUCT,Production,SUCCESS,200,1595,1584,11,2084,0,
SYNC-ACCT-006-PRODUCT-20260228,2026-02-28,ACCT-006,PRODUCT,Production,SUCCESS,200,1559,1549,10,1269,0,
SYNC-ACCT-006-PRODUCT-20260303,2026-03-03,ACCT-006,PRODUCT,Production,SUCCESS,200,1017,1015,2,709,0,
SYNC-ACCT-006-PRODUCT-20260306,2026-03-06,ACCT-006,PRODUCT,Production,SUCCESS,200,1231,1230,1,2878,0,
SYNC-ACCT-006-PRODUCT-20260309,2026-03-09,ACCT-006,PRODUCT,Production,SUCCESS,200,1300,1293,7,614,0,
SYNC-ACCT-006-PRODUCT-20260312,2026-03-12,ACCT-006,PRODUCT,Production,SUCCESS,200,1046,1042,4,2370,0,
SYNC-ACCT-006-PRODUCT-20260315,2026-03-15,ACCT-006,PRODUCT,Production,SUCCESS,200,1187,1183,4,910,0,
SYNC-ACCT-006-PRODUCT-20260318,2026-03-18,ACCT-006,PRODUCT,Production,SUCCESS,200,774,771,3,1136,0,
SYNC-ACCT-006-PRODUCT-20260321,2026-03-21,ACCT-006,PRODUCT,Production,SUCCESS,200,1628,1616,12,1118,0,
SYNC-ACCT-006-PRODUCT-20260324,2026-03-24,ACCT-006,PRODUCT,Production,SUCCESS,200,1417,1411,6,3097,0,
SYNC-ACCT-006-PRODUCT-20260327,2026-03-27,ACCT-006,PRODUCT,Production,SUCCESS,200,1199,1198,1,2544,0,
SYNC-ACCT-006-PRODUCT-20260330,2026-03-30,ACCT-006,PRODUCT,Production,SUCCESS,200,1132,1131,1,1644,0,
SYNC-ACCT-006-PRODUCT-20260402,2026-04-02,ACCT-006,PRODUCT,Production,SUCCESS,200,785,781,4,2302,0,
SYNC-ACCT-006-PRODUCT-20260405,2026-04-05,ACCT-006,PRODUCT,Production,SUCCESS,200,1312,1306,6,1328,0,
SYNC-ACCT-006-PRODUCT-20260408,2026-04-08,ACCT-006,PRODUCT,Production,SUCCESS,200,1501,1501,0,1490,0,
SYNC-ACCT-006-PRODUCT-20260411,2026-04-11,ACCT-006,PRODUCT,Production,SUCCESS,200,1288,1288,0,2597,0,
SYNC-ACCT-006-PRODUCT-20260414,2026-04-14,ACCT-006,PRODUCT,Production,SUCCESS,200,1189,1184,5,518,0,
SYNC-ACCT-006-PRODUCT-20260417,2026-04-17,ACCT-006,PRODUCT,Production,SUCCESS,200,1022,1022,0,550,0,
SYNC-ACCT-006-PRODUCT-20260420,2026-04-20,ACCT-006,PRODUCT,Production,SUCCESS,200,1613,1607,6,3396,0,
SYNC-ACCT-006-PRODUCT-20260423,2026-04-23,ACCT-006,PRODUCT,Production,SUCCESS,200,758,757,1,1023,0,
SYNC-ACCT-006-PRODUCT-20260426,2026-04-26,ACCT-006,PRODUCT,Production,SUCCESS,200,1399,1397,2,2539,0,
SYNC-ACCT-006-PRODUCT-20260429,2026-04-29,ACCT-006,PRODUCT,Production,SUCCESS,200,1625,1612,13,956,0,
SYNC-ACCT-006-PRODUCT-20260502,2026-05-02,ACCT-006,PRODUCT,Production,SUCCESS,200,767,764,3,1297,0,
SYNC-ACCT-006-PRODUCT-20260505,2026-05-05,ACCT-006,PRODUCT,Production,SUCCESS,200,1653,1649,4,874,0,
SYNC-ACCT-006-PRODUCT-20260508,2026-05-08,ACCT-006,PRODUCT,Production,SUCCESS,200,1568,1557,11,990,0,
SYNC-ACCT-006-PRODUCT-20260511,2026-05-11,ACCT-006,PRODUCT,Production,SUCCESS,200,964,961,3,2442,0,
SYNC-ACCT-006-PRODUCT-20260514,2026-05-14,ACCT-006,PRODUCT,Production,SUCCESS,200,884,878,6,2342,0,
SYNC-ACCT-006-PRODUCT-20260517,2026-05-17,ACCT-006,PRODUCT,Production,SUCCESS,200,773,769,4,3390,0,
SYNC-ACCT-006-PRODUCT-20260520,2026-05-20,ACCT-006,PRODUCT,Production,SUCCESS,200,1491,1486,5,1321,0,
SYNC-ACCT-006-PRODUCT-20260523,2026-05-23,ACCT-006,PRODUCT,Production,SUCCESS,200,858,855,3,2400,0,
SYNC-ACCT-006-PRODUCT-20260526,2026-05-26,ACCT-006,PRODUCT,Production,SUCCESS,200,867,863,4,1764,0,
SYNC-ACCT-006-PRODUCT-20260529,2026-05-29,ACCT-006,PRODUCT,Production,SUCCESS,200,1526,1522,4,2178,0,
SYNC-ACCT-006-PRODUCT-20260601,2026-06-01,ACCT-006,PRODUCT,Production,SUCCESS,200,1594,1592,2,3248,0,
SYNC-ACCT-006-PRODUCT-20260604,2026-06-04,ACCT-006,PRODUCT,Production,SUCCESS,200,877,877,0,822,0,
SYNC-ACCT-006-PRODUCT-20260607,2026-06-07,ACCT-006,PRODUCT,Production,SUCCESS,200,1381,1372,9,2204,0,
SYNC-ACCT-006-PRODUCT-20260610,2026-06-10,ACCT-006,PRODUCT,Production,SUCCESS,200,1305,1303,2,666,0,
SYNC-ACCT-006-PRODUCT-20260613,2026-06-13,ACCT-006,PRODUCT,Production,SUCCESS,200,831,825,6,3059,0,
SYNC-ACCT-006-PRODUCT-20260616,2026-06-16,ACCT-006,PRODUCT,Production,SUCCESS,200,796,790,6,1414,0,
SYNC-ACCT-006-PRODUCT-20260619,2026-06-19,ACCT-006,PRODUCT,Production,SUCCESS,200,757,753,4,1981,0,
SYNC-ACCT-006-PRODUCT-20260622,2026-06-22,ACCT-006,PRODUCT,Production,SUCCESS,200,1270,1263,7,979,0,
SYNC-ACCT-006-PRODUCT-20260625,2026-06-25,ACCT-006,PRODUCT,Production,SUCCESS,200,1118,1117,1,2115,0,
SYNC-ACCT-006-PRODUCT-20260628,2026-06-28,ACCT-006,PRODUCT,Production,SUCCESS,200,1147,1138,9,588,0,
SYNC-ACCT-007-CRM-20250913,2025-09-13,ACCT-007,CRM,Production,SUCCESS,200,1243,1236,7,686,0,
SYNC-ACCT-007-CRM-20250916,2025-09-16,ACCT-007,CRM,Production,SUCCESS,200,1220,1210,10,581,0,
SYNC-ACCT-007-CRM-20250919,2025-09-19,ACCT-007,CRM,Production,SUCCESS,200,768,768,0,1310,0,
SYNC-ACCT-007-CRM-20250922,2025-09-22,ACCT-007,CRM,Production,SUCCESS,200,815,813,2,1379,0,
SYNC-ACCT-007-CRM-20250925,2025-09-25,ACCT-007,CRM,Production,SUCCESS,200,747,743,4,2272,0,
SYNC-ACCT-007-CRM-20250928,2025-09-28,ACCT-007,CRM,Production,SUCCESS,200,1667,1656,11,1328,0,
SYNC-ACCT-007-CRM-20251001,2025-10-01,ACCT-007,CRM,Production,SUCCESS,200,1336,1327,9,1670,0,
SYNC-ACCT-007-CRM-20251004,2025-10-04,ACCT-007,CRM,Production,SUCCESS,200,793,788,5,3178,0,
SYNC-ACCT-007-CRM-20251007,2025-10-07,ACCT-007,CRM,Production,SUCCESS,200,1117,1114,3,3371,0,
SYNC-ACCT-007-CRM-20251010,2025-10-10,ACCT-007,CRM,Production,SUCCESS,200,1192,1188,4,1513,0,
SYNC-ACCT-007-CRM-20251013,2025-10-13,ACCT-007,CRM,Production,SUCCESS,200,1579,1577,2,1419,0,
SYNC-ACCT-007-CRM-20251016,2025-10-16,ACCT-007,CRM,Production,SUCCESS,200,1650,1647,3,1565,0,
SYNC-ACCT-007-CRM-20251019,2025-10-19,ACCT-007,CRM,Production,SUCCESS,200,1604,1592,12,1924,0,
SYNC-ACCT-007-CRM-20251022,2025-10-22,ACCT-007,CRM,Production,SUCCESS,200,815,810,5,1931,0,
SYNC-ACCT-007-CRM-20251025,2025-10-25,ACCT-007,CRM,Production,SUCCESS,200,1102,1101,1,2812,0,
SYNC-ACCT-007-CRM-20251028,2025-10-28,ACCT-007,CRM,Production,SUCCESS,200,1371,1363,8,3169,0,
SYNC-ACCT-007-CRM-20251031,2025-10-31,ACCT-007,CRM,Production,SUCCESS,200,1364,1362,2,1882,0,
SYNC-ACCT-007-CRM-20251103,2025-11-03,ACCT-007,CRM,Production,SUCCESS,200,1435,1431,4,568,0,
SYNC-ACCT-007-CRM-20251106,2025-11-06,ACCT-007,CRM,Production,SUCCESS,200,1408,1404,4,1669,0,
SYNC-ACCT-007-CRM-20251109,2025-11-09,ACCT-007,CRM,Production,FAILED,503,1089,0,1089,2955,2,UPSTREAM_UNAVAILABLE
SYNC-ACCT-007-CRM-20251112,2025-11-12,ACCT-007,CRM,Production,SUCCESS,200,1275,1265,10,2985,0,
SYNC-ACCT-007-CRM-20251115,2025-11-15,ACCT-007,CRM,Production,SUCCESS,200,972,969,3,556,0,
SYNC-ACCT-007-CRM-20251118,2025-11-18,ACCT-007,CRM,Production,SUCCESS,200,1238,1238,0,2697,0,
SYNC-ACCT-007-CRM-20251121,2025-11-21,ACCT-007,CRM,Production,SUCCESS,200,918,912,6,1543,0,
SYNC-ACCT-007-CRM-20251124,2025-11-24,ACCT-007,CRM,Production,SUCCESS,200,1489,1482,7,2791,0,
SYNC-ACCT-007-CRM-20251127,2025-11-27,ACCT-007,CRM,Production,SUCCESS,200,808,807,1,2841,0,
SYNC-ACCT-007-CRM-20251130,2025-11-30,ACCT-007,CRM,Production,SUCCESS,200,1245,1237,8,3047,0,
SYNC-ACCT-007-CRM-20251203,2025-12-03,ACCT-007,CRM,Production,SUCCESS,200,1038,1031,7,1234,0,
SYNC-ACCT-007-CRM-20251206,2025-12-06,ACCT-007,CRM,Production,SUCCESS,200,1670,1657,13,2080,0,
SYNC-ACCT-007-CRM-20251209,2025-12-09,ACCT-007,CRM,Production,SUCCESS,200,1120,1114,6,1677,0,
SYNC-ACCT-007-CRM-20251212,2025-12-12,ACCT-007,CRM,Production,SUCCESS,200,1493,1483,10,1717,0,
SYNC-ACCT-007-CRM-20251215,2025-12-15,ACCT-007,CRM,Production,SUCCESS,200,1464,1452,12,1359,0,
SYNC-ACCT-007-CRM-20251218,2025-12-18,ACCT-007,CRM,Production,SUCCESS,200,1578,1566,12,801,0,
SYNC-ACCT-007-CRM-20251221,2025-12-21,ACCT-007,CRM,Production,SUCCESS,200,1495,1483,12,1002,0,
SYNC-ACCT-007-CRM-20251224,2025-12-24,ACCT-007,CRM,Production,SUCCESS,200,932,926,6,2772,0,
SYNC-ACCT-007-CRM-20251227,2025-12-27,ACCT-007,CRM,Production,SUCCESS,200,1277,1273,4,2900,0,
SYNC-ACCT-007-CRM-20251230,2025-12-30,ACCT-007,CRM,Production,SUCCESS,200,1010,1004,6,2270,0,
SYNC-ACCT-007-CRM-20260102,2026-01-02,ACCT-007,CRM,Production,SUCCESS,200,809,806,3,3101,0,
SYNC-ACCT-007-CRM-20260105,2026-01-05,ACCT-007,CRM,Production,SUCCESS,200,1019,1014,5,2340,0,
SYNC-ACCT-007-CRM-20260108,2026-01-08,ACCT-007,CRM,Production,SUCCESS,200,1380,1378,2,1673,0,
SYNC-ACCT-007-CRM-20260111,2026-01-11,ACCT-007,CRM,Production,SUCCESS,200,1295,1287,8,2768,0,
SYNC-ACCT-007-CRM-20260114,2026-01-14,ACCT-007,CRM,Production,SUCCESS,200,1309,1303,6,2210,0,
SYNC-ACCT-007-CRM-20260117,2026-01-17,ACCT-007,CRM,Production,SUCCESS,200,1022,1017,5,2000,0,
SYNC-ACCT-007-CRM-20260120,2026-01-20,ACCT-007,CRM,Production,SUCCESS,200,1615,1609,6,1193,0,
SYNC-ACCT-007-CRM-20260123,2026-01-23,ACCT-007,CRM,Production,SUCCESS,200,1299,1291,8,2144,0,
SYNC-ACCT-007-CRM-20260126,2026-01-26,ACCT-007,CRM,Production,SUCCESS,200,1560,1552,8,1574,0,
SYNC-ACCT-007-CRM-20260129,2026-01-29,ACCT-007,CRM,Production,SUCCESS,200,1519,1517,2,1084,0,
SYNC-ACCT-007-CRM-20260201,2026-02-01,ACCT-007,CRM,Production,SUCCESS,200,1216,1206,10,650,0,
SYNC-ACCT-007-CRM-20260204,2026-02-04,ACCT-007,CRM,Production,SUCCESS,200,1228,1224,4,1716,0,
SYNC-ACCT-007-CRM-20260207,2026-02-07,ACCT-007,CRM,Production,SUCCESS,200,806,805,1,844,0,
SYNC-ACCT-007-CRM-20260210,2026-02-10,ACCT-007,CRM,Production,SUCCESS,200,1003,997,6,983,0,
SYNC-ACCT-007-CRM-20260213,2026-02-13,ACCT-007,CRM,Production,SUCCESS,200,1181,1177,4,1647,0,
SYNC-ACCT-007-CRM-20260216,2026-02-16,ACCT-007,CRM,Production,SUCCESS,200,1214,1211,3,1846,0,
SYNC-ACCT-007-CRM-20260219,2026-02-19,ACCT-007,CRM,Production,SUCCESS,200,1060,1057,3,2212,0,
SYNC-ACCT-007-CRM-20260222,2026-02-22,ACCT-007,CRM,Production,SUCCESS,200,1340,1331,9,2268,0,
SYNC-ACCT-007-CRM-20260225,2026-02-25,ACCT-007,CRM,Production,SUCCESS,200,1255,1249,6,953,0,
SYNC-ACCT-007-CRM-20260228,2026-02-28,ACCT-007,CRM,Production,SUCCESS,200,1451,1449,2,1560,0,
SYNC-ACCT-007-CRM-20260303,2026-03-03,ACCT-007,CRM,Production,SUCCESS,200,790,785,5,3166,0,
SYNC-ACCT-007-CRM-20260306,2026-03-06,ACCT-007,CRM,Production,SUCCESS,200,758,755,3,1900,0,
SYNC-ACCT-007-CRM-20260309,2026-03-09,ACCT-007,CRM,Production,SUCCESS,200,1135,1134,1,3143,0,
SYNC-ACCT-007-CRM-20260312,2026-03-12,ACCT-007,CRM,Production,SUCCESS,200,916,909,7,2195,0,
SYNC-ACCT-007-CRM-20260315,2026-03-15,ACCT-007,CRM,Production,SUCCESS,200,1005,997,8,1896,0,
SYNC-ACCT-007-CRM-20260318,2026-03-18,ACCT-007,CRM,Production,SUCCESS,200,1554,1547,7,1952,0,
SYNC-ACCT-007-CRM-20260321,2026-03-21,ACCT-007,CRM,Production,SUCCESS,200,1272,1264,8,735,0,
SYNC-ACCT-007-CRM-20260324,2026-03-24,ACCT-007,CRM,Production,SUCCESS,200,978,970,8,3011,0,
SYNC-ACCT-007-CRM-20260327,2026-03-27,ACCT-007,CRM,Production,SUCCESS,200,1017,1013,4,842,0,
SYNC-ACCT-007-CRM-20260330,2026-03-30,ACCT-007,CRM,Production,SUCCESS,200,1263,1262,1,810,0,
SYNC-ACCT-007-CRM-20260402,2026-04-02,ACCT-007,CRM,Production,SUCCESS,200,881,875,6,2547,0,
SYNC-ACCT-007-CRM-20260405,2026-04-05,ACCT-007,CRM,Production,SUCCESS,200,1065,1057,8,2133,0,
SYNC-ACCT-007-CRM-20260408,2026-04-08,ACCT-007,CRM,Production,SUCCESS,200,1490,1490,0,1551,0,
SYNC-ACCT-007-CRM-20260411,2026-04-11,ACCT-007,CRM,Production,SUCCESS,200,1130,1129,1,705,0,
SYNC-ACCT-007-CRM-20260414,2026-04-14,ACCT-007,CRM,Production,SUCCESS,200,727,725,2,2078,0,
SYNC-ACCT-007-CRM-20260417,2026-04-17,ACCT-007,CRM,Production,SUCCESS,200,1330,1322,8,684,0,
SYNC-ACCT-007-CRM-20260420,2026-04-20,ACCT-007,CRM,Production,SUCCESS,200,769,769,0,1938,0,
SYNC-ACCT-007-CRM-20260423,2026-04-23,ACCT-007,CRM,Production,SUCCESS,200,765,761,4,3082,0,
SYNC-ACCT-007-CRM-20260426,2026-04-26,ACCT-007,CRM,Production,SUCCESS,200,1014,1008,6,2156,0,
SYNC-ACCT-007-CRM-20260429,2026-04-29,ACCT-007,CRM,Production,SUCCESS,200,1646,1633,13,2639,0,
SYNC-ACCT-007-CRM-20260502,2026-05-02,ACCT-007,CRM,Production,SUCCESS,200,958,953,5,1229,0,
SYNC-ACCT-007-CRM-20260505,2026-05-05,ACCT-007,CRM,Production,SUCCESS,200,948,943,5,598,0,
SYNC-ACCT-007-CRM-20260508,2026-05-08,ACCT-007,CRM,Production,SUCCESS,200,791,791,0,2099,0,
SYNC-ACCT-007-CRM-20260511,2026-05-11,ACCT-007,CRM,Production,SUCCESS,200,1643,1637,6,1476,0,
SYNC-ACCT-007-CRM-20260514,2026-05-14,ACCT-007,CRM,Production,SUCCESS,200,1497,1488,9,3108,0,
SYNC-ACCT-007-CRM-20260517,2026-05-17,ACCT-007,CRM,Production,SUCCESS,200,984,983,1,2322,0,
SYNC-ACCT-007-CRM-20260520,2026-05-20,ACCT-007,CRM,Production,SUCCESS,200,1646,1635,11,783,0,
SYNC-ACCT-007-CRM-20260523,2026-05-23,ACCT-007,CRM,Production,SUCCESS,200,1509,1497,12,1815,0,
SYNC-ACCT-007-CRM-20260526,2026-05-26,ACCT-007,CRM,Production,SUCCESS,200,1591,1591,0,653,0,
SYNC-ACCT-007-CRM-20260529,2026-05-29,ACCT-007,CRM,Production,SUCCESS,200,1138,1133,5,3226,0,
SYNC-ACCT-007-CRM-20260601,2026-06-01,ACCT-007,CRM,Production,SUCCESS,200,1467,1460,7,1488,0,
SYNC-ACCT-007-CRM-20260604,2026-06-04,ACCT-007,CRM,Production,SUCCESS,200,744,740,4,2550,0,
SYNC-ACCT-007-CRM-20260607,2026-06-07,ACCT-007,CRM,Production,SUCCESS,200,1014,1014,0,739,0,
SYNC-ACCT-007-CRM-20260610,2026-06-10,ACCT-007,CRM,Production,SUCCESS,200,853,852,1,678,0,
SYNC-ACCT-007-CRM-20260613,2026-06-13,ACCT-007,CRM,Production,SUCCESS,200,829,829,0,3170,0,
SYNC-ACCT-007-CRM-20260616,2026-06-16,ACCT-007,CRM,Production,SUCCESS,200,1000,998,2,1570,0,
SYNC-ACCT-007-CRM-20260619,2026-06-19,ACCT-007,CRM,Production,SUCCESS,200,1394,1387,7,875,0,
SYNC-ACCT-007-CRM-20260622,2026-06-22,ACCT-007,CRM,Production,SUCCESS,200,1121,1115,6,1358,0,
SYNC-ACCT-007-CRM-20260625,2026-06-25,ACCT-007,CRM,Production,SUCCESS,200,1454,1447,7,1215,0,
SYNC-ACCT-007-CRM-20260628,2026-06-28,ACCT-007,CRM,Production,SUCCESS,200,1267,1263,4,1430,0,
SYNC-ACCT-007-BILLING-20250913,2025-09-13,ACCT-007,BILLING,Production,SUCCESS,200,1156,1154,2,2296,0,
SYNC-ACCT-007-BILLING-20250916,2025-09-16,ACCT-007,BILLING,Production,SUCCESS,200,1369,1361,8,1196,0,
SYNC-ACCT-007-BILLING-20250919,2025-09-19,ACCT-007,BILLING,Production,SUCCESS,200,792,792,0,1876,0,
SYNC-ACCT-007-BILLING-20250922,2025-09-22,ACCT-007,BILLING,Production,SUCCESS,200,1338,1334,4,1831,0,
SYNC-ACCT-007-BILLING-20250925,2025-09-25,ACCT-007,BILLING,Production,SUCCESS,200,1018,1013,5,2663,0,
SYNC-ACCT-007-BILLING-20250928,2025-09-28,ACCT-007,BILLING,Production,SUCCESS,200,768,765,3,1164,0,
SYNC-ACCT-007-BILLING-20251001,2025-10-01,ACCT-007,BILLING,Production,SUCCESS,200,1368,1368,0,1515,0,
SYNC-ACCT-007-BILLING-20251004,2025-10-04,ACCT-007,BILLING,Production,SUCCESS,200,1085,1078,7,942,0,
SYNC-ACCT-007-BILLING-20251007,2025-10-07,ACCT-007,BILLING,Production,SUCCESS,200,1038,1032,6,1847,0,
SYNC-ACCT-007-BILLING-20251010,2025-10-10,ACCT-007,BILLING,Production,SUCCESS,200,1581,1568,13,709,0,
SYNC-ACCT-007-BILLING-20251013,2025-10-13,ACCT-007,BILLING,Production,SUCCESS,200,998,991,7,984,0,
SYNC-ACCT-007-BILLING-20251016,2025-10-16,ACCT-007,BILLING,Production,SUCCESS,200,1033,1032,1,3138,0,
SYNC-ACCT-007-BILLING-20251019,2025-10-19,ACCT-007,BILLING,Production,SUCCESS,200,1345,1334,11,2717,0,
SYNC-ACCT-007-BILLING-20251022,2025-10-22,ACCT-007,BILLING,Production,SUCCESS,200,1212,1210,2,2626,0,
SYNC-ACCT-007-BILLING-20251025,2025-10-25,ACCT-007,BILLING,Production,SUCCESS,200,1275,1273,2,2406,0,
SYNC-ACCT-007-BILLING-20251028,2025-10-28,ACCT-007,BILLING,Production,SUCCESS,200,1630,1626,4,815,0,
SYNC-ACCT-007-BILLING-20251031,2025-10-31,ACCT-007,BILLING,Production,SUCCESS,200,1035,1028,7,2079,0,
SYNC-ACCT-007-BILLING-20251103,2025-11-03,ACCT-007,BILLING,Production,SUCCESS,200,1529,1529,0,1387,0,
SYNC-ACCT-007-BILLING-20251106,2025-11-06,ACCT-007,BILLING,Production,SUCCESS,200,985,980,5,2584,0,
SYNC-ACCT-007-BILLING-20251109,2025-11-09,ACCT-007,BILLING,Production,SUCCESS,200,1605,1601,4,3138,0,
SYNC-ACCT-007-BILLING-20251112,2025-11-12,ACCT-007,BILLING,Production,SUCCESS,200,1073,1068,5,1853,0,
SYNC-ACCT-007-BILLING-20251115,2025-11-15,ACCT-007,BILLING,Production,SUCCESS,200,1546,1540,6,630,0,
SYNC-ACCT-007-BILLING-20251118,2025-11-18,ACCT-007,BILLING,Production,SUCCESS,200,1385,1383,2,2018,0,
SYNC-ACCT-007-BILLING-20251121,2025-11-21,ACCT-007,BILLING,Production,SUCCESS,200,937,933,4,2486,0,
SYNC-ACCT-007-BILLING-20251124,2025-11-24,ACCT-007,BILLING,Production,SUCCESS,200,1537,1532,5,2772,0,
SYNC-ACCT-007-BILLING-20251127,2025-11-27,ACCT-007,BILLING,Production,SUCCESS,200,1006,1006,0,2600,0,
SYNC-ACCT-007-BILLING-20251130,2025-11-30,ACCT-007,BILLING,Production,SUCCESS,200,1100,1100,0,1318,0,
SYNC-ACCT-007-BILLING-20251203,2025-12-03,ACCT-007,BILLING,Production,SUCCESS,200,1406,1402,4,1702,0,
SYNC-ACCT-007-BILLING-20251206,2025-12-06,ACCT-007,BILLING,Production,SUCCESS,200,1226,1223,3,1762,0,
SYNC-ACCT-007-BILLING-20251209,2025-12-09,ACCT-007,BILLING,Production,SUCCESS,200,1662,1649,13,925,0,
SYNC-ACCT-007-BILLING-20251212,2025-12-12,ACCT-007,BILLING,Production,SUCCESS,200,1544,1542,2,982,0,
SYNC-ACCT-007-BILLING-20251215,2025-12-15,ACCT-007,BILLING,Production,SUCCESS,200,1322,1313,9,1032,0,
SYNC-ACCT-007-BILLING-20251218,2025-12-18,ACCT-007,BILLING,Production,SUCCESS,200,906,906,0,566,0,
SYNC-ACCT-007-BILLING-20251221,2025-12-21,ACCT-007,BILLING,Production,SUCCESS,200,1007,1004,3,3345,0,
SYNC-ACCT-007-BILLING-20251224,2025-12-24,ACCT-007,BILLING,Production,SUCCESS,200,786,780,6,1249,0,
SYNC-ACCT-007-BILLING-20251227,2025-12-27,ACCT-007,BILLING,Production,SUCCESS,200,764,761,3,1511,0,
SYNC-ACCT-007-BILLING-20251230,2025-12-30,ACCT-007,BILLING,Production,SUCCESS,200,1040,1037,3,2658,0,
SYNC-ACCT-007-BILLING-20260102,2026-01-02,ACCT-007,BILLING,Production,SUCCESS,200,936,934,2,1486,0,
SYNC-ACCT-007-BILLING-20260105,2026-01-05,ACCT-007,BILLING,Production,SUCCESS,200,846,840,6,2295,0,
SYNC-ACCT-007-BILLING-20260108,2026-01-08,ACCT-007,BILLING,Production,SUCCESS,200,1183,1178,5,1592,0,
SYNC-ACCT-007-BILLING-20260111,2026-01-11,ACCT-007,BILLING,Production,SUCCESS,200,1028,1028,0,1099,0,
SYNC-ACCT-007-BILLING-20260114,2026-01-14,ACCT-007,BILLING,Production,SUCCESS,200,1411,1402,9,2656,0,
SYNC-ACCT-007-BILLING-20260117,2026-01-17,ACCT-007,BILLING,Production,SUCCESS,200,1153,1149,4,2071,0,
SYNC-ACCT-007-BILLING-20260120,2026-01-20,ACCT-007,BILLING,Production,SUCCESS,200,1632,1624,8,2709,0,
SYNC-ACCT-007-BILLING-20260123,2026-01-23,ACCT-007,BILLING,Production,SUCCESS,200,1435,1429,6,1716,0,
SYNC-ACCT-007-BILLING-20260126,2026-01-26,ACCT-007,BILLING,Production,SUCCESS,200,1087,1087,0,1530,0,
SYNC-ACCT-007-BILLING-20260129,2026-01-29,ACCT-007,BILLING,Production,SUCCESS,200,1545,1542,3,1539,0,
SYNC-ACCT-007-BILLING-20260201,2026-02-01,ACCT-007,BILLING,Production,SUCCESS,200,1275,1265,10,1352,0,
SYNC-ACCT-007-BILLING-20260204,2026-02-04,ACCT-007,BILLING,Production,SUCCESS,200,1246,1245,1,1721,0,
SYNC-ACCT-007-BILLING-20260207,2026-02-07,ACCT-007,BILLING,Production,SUCCESS,200,1632,1623,9,3290,0,
SYNC-ACCT-007-BILLING-20260210,2026-02-10,ACCT-007,BILLING,Production,SUCCESS,200,1513,1502,11,1183,0,
SYNC-ACCT-007-BILLING-20260213,2026-02-13,ACCT-007,BILLING,Production,SUCCESS,200,805,799,6,2885,0,
SYNC-ACCT-007-BILLING-20260216,2026-02-16,ACCT-007,BILLING,Production,SUCCESS,200,749,746,3,2529,0,
SYNC-ACCT-007-BILLING-20260219,2026-02-19,ACCT-007,BILLING,Production,SUCCESS,200,1659,1646,13,1736,0,
SYNC-ACCT-007-BILLING-20260222,2026-02-22,ACCT-007,BILLING,Production,SUCCESS,200,1571,1569,2,784,0,
SYNC-ACCT-007-BILLING-20260225,2026-02-25,ACCT-007,BILLING,Production,SUCCESS,200,1601,1598,3,3309,0,
SYNC-ACCT-007-BILLING-20260228,2026-02-28,ACCT-007,BILLING,Production,SUCCESS,200,1533,1530,3,845,0,
SYNC-ACCT-007-BILLING-20260303,2026-03-03,ACCT-007,BILLING,Production,SUCCESS,200,1124,1118,6,864,0,
SYNC-ACCT-007-BILLING-20260306,2026-03-06,ACCT-007,BILLING,Production,SUCCESS,200,1071,1068,3,2661,0,
SYNC-ACCT-007-BILLING-20260309,2026-03-09,ACCT-007,BILLING,Production,SUCCESS,200,1439,1437,2,2772,0,
SYNC-ACCT-007-BILLING-20260312,2026-03-12,ACCT-007,BILLING,Production,SUCCESS,200,1079,1070,9,519,0,
SYNC-ACCT-007-BILLING-20260315,2026-03-15,ACCT-007,BILLING,Production,SUCCESS,200,984,976,8,596,0,
SYNC-ACCT-007-BILLING-20260318,2026-03-18,ACCT-007,BILLING,Production,SUCCESS,200,1199,1191,8,2661,0,
SYNC-ACCT-007-BILLING-20260321,2026-03-21,ACCT-007,BILLING,Production,SUCCESS,200,1053,1045,8,509,0,
SYNC-ACCT-007-BILLING-20260324,2026-03-24,ACCT-007,BILLING,Production,SUCCESS,200,1603,1595,8,1917,0,
SYNC-ACCT-007-BILLING-20260327,2026-03-27,ACCT-007,BILLING,Production,SUCCESS,200,1076,1075,1,1578,0,
SYNC-ACCT-007-BILLING-20260330,2026-03-30,ACCT-007,BILLING,Production,SUCCESS,200,1187,1180,7,3203,0,
SYNC-ACCT-007-BILLING-20260402,2026-04-02,ACCT-007,BILLING,Production,SUCCESS,200,1665,1659,6,1653,0,
SYNC-ACCT-007-BILLING-20260405,2026-04-05,ACCT-007,BILLING,Production,SUCCESS,200,1622,1620,2,1436,0,
SYNC-ACCT-007-BILLING-20260408,2026-04-08,ACCT-007,BILLING,Production,SUCCESS,200,753,753,0,1472,0,
SYNC-ACCT-007-BILLING-20260411,2026-04-11,ACCT-007,BILLING,Production,SUCCESS,200,1600,1589,11,2810,0,
SYNC-ACCT-007-BILLING-20260414,2026-04-14,ACCT-007,BILLING,Production,SUCCESS,200,1541,1540,1,2075,0,
SYNC-ACCT-007-BILLING-20260417,2026-04-17,ACCT-007,BILLING,Production,SUCCESS,200,797,795,2,2048,0,
SYNC-ACCT-007-BILLING-20260420,2026-04-20,ACCT-007,BILLING,Production,SUCCESS,200,767,767,0,563,0,
SYNC-ACCT-007-BILLING-20260423,2026-04-23,ACCT-007,BILLING,Production,SUCCESS,200,1311,1310,1,2997,0,
SYNC-ACCT-007-BILLING-20260426,2026-04-26,ACCT-007,BILLING,Production,SUCCESS,200,793,792,1,1843,0,
SYNC-ACCT-007-BILLING-20260429,2026-04-29,ACCT-007,BILLING,Production,SUCCESS,200,1665,1656,9,2879,0,
SYNC-ACCT-007-BILLING-20260502,2026-05-02,ACCT-007,BILLING,Production,SUCCESS,200,1354,1350,4,2528,0,
SYNC-ACCT-007-BILLING-20260505,2026-05-05,ACCT-007,BILLING,Production,SUCCESS,200,1378,1369,9,988,0,
SYNC-ACCT-007-BILLING-20260508,2026-05-08,ACCT-007,BILLING,Production,SUCCESS,200,1369,1369,0,2797,0,
SYNC-ACCT-007-BILLING-20260511,2026-05-11,ACCT-007,BILLING,Production,SUCCESS,200,972,971,1,2020,0,
SYNC-ACCT-007-BILLING-20260514,2026-05-14,ACCT-007,BILLING,Production,SUCCESS,200,722,720,2,694,0,
SYNC-ACCT-007-BILLING-20260517,2026-05-17,ACCT-007,BILLING,Production,SUCCESS,200,869,864,5,1595,0,
SYNC-ACCT-007-BILLING-20260520,2026-05-20,ACCT-007,BILLING,Production,SUCCESS,200,1059,1053,6,3319,0,
SYNC-ACCT-007-BILLING-20260523,2026-05-23,ACCT-007,BILLING,Production,SUCCESS,200,1417,1407,10,2761,0,
SYNC-ACCT-007-BILLING-20260526,2026-05-26,ACCT-007,BILLING,Production,SUCCESS,200,849,842,7,1566,0,
SYNC-ACCT-007-BILLING-20260529,2026-05-29,ACCT-007,BILLING,Production,SUCCESS,200,1518,1508,10,2544,0,
SYNC-ACCT-007-BILLING-20260601,2026-06-01,ACCT-007,BILLING,Production,SUCCESS,200,1173,1169,4,3349,0,
SYNC-ACCT-007-BILLING-20260604,2026-06-04,ACCT-007,BILLING,Production,SUCCESS,200,1335,1330,5,2279,0,
SYNC-ACCT-007-BILLING-20260607,2026-06-07,ACCT-007,BILLING,Production,SUCCESS,200,1493,1486,7,654,0,
SYNC-ACCT-007-BILLING-20260610,2026-06-10,ACCT-007,BILLING,Production,SUCCESS,200,864,860,4,2049,0,
SYNC-ACCT-007-BILLING-20260613,2026-06-13,ACCT-007,BILLING,Production,SUCCESS,200,1080,1072,8,2801,0,
SYNC-ACCT-007-BILLING-20260616,2026-06-16,ACCT-007,BILLING,Production,SUCCESS,200,1088,1088,0,1860,0,
SYNC-ACCT-007-BILLING-20260619,2026-06-19,ACCT-007,BILLING,Production,SUCCESS,200,1467,1467,0,1590,0,
SYNC-ACCT-007-BILLING-20260622,2026-06-22,ACCT-007,BILLING,Production,SUCCESS,200,807,801,6,2024,0,
SYNC-ACCT-007-BILLING-20260625,2026-06-25,ACCT-007,BILLING,Production,SUCCESS,200,1457,1447,10,1096,0,
SYNC-ACCT-007-BILLING-20260628,2026-06-28,ACCT-007,BILLING,Production,SUCCESS,200,1242,1233,9,1714,0,
SYNC-ACCT-008-CRM-20250919,2025-09-19,ACCT-008,CRM,Production,SUCCESS,200,1077,1072,5,759,0,
SYNC-ACCT-008-CRM-20250922,2025-09-22,ACCT-008,CRM,Production,SUCCESS,200,1253,1247,6,1323,0,
SYNC-ACCT-008-CRM-20250925,2025-09-25,ACCT-008,CRM,Production,SUCCESS,200,856,851,5,2390,0,
SYNC-ACCT-008-CRM-20250928,2025-09-28,ACCT-008,CRM,Production,SUCCESS,200,1442,1440,2,1360,0,
SYNC-ACCT-008-CRM-20251001,2025-10-01,ACCT-008,CRM,Production,SUCCESS,200,1249,1247,2,2029,0,
SYNC-ACCT-008-CRM-20251004,2025-10-04,ACCT-008,CRM,Production,SUCCESS,200,848,848,0,3276,0,
SYNC-ACCT-008-CRM-20251007,2025-10-07,ACCT-008,CRM,Production,SUCCESS,200,1020,1014,6,1614,0,
SYNC-ACCT-008-CRM-20251010,2025-10-10,ACCT-008,CRM,Production,SUCCESS,200,930,924,6,3349,0,
SYNC-ACCT-008-CRM-20251013,2025-10-13,ACCT-008,CRM,Production,SUCCESS,200,1334,1333,1,613,0,
SYNC-ACCT-008-CRM-20251016,2025-10-16,ACCT-008,CRM,Production,SUCCESS,200,1309,1308,1,947,0,
SYNC-ACCT-008-CRM-20251019,2025-10-19,ACCT-008,CRM,Production,SUCCESS,200,1607,1594,13,2350,0,
SYNC-ACCT-008-CRM-20251022,2025-10-22,ACCT-008,CRM,Production,SUCCESS,200,786,785,1,3112,0,
SYNC-ACCT-008-CRM-20251025,2025-10-25,ACCT-008,CRM,Production,SUCCESS,200,1037,1036,1,2250,0,
SYNC-ACCT-008-CRM-20251028,2025-10-28,ACCT-008,CRM,Production,SUCCESS,200,1407,1404,3,3284,0,
SYNC-ACCT-008-CRM-20251031,2025-10-31,ACCT-008,CRM,Production,SUCCESS,200,1583,1572,11,1404,0,
SYNC-ACCT-008-CRM-20251103,2025-11-03,ACCT-008,CRM,Production,SUCCESS,200,1139,1138,1,654,0,
SYNC-ACCT-008-CRM-20251106,2025-11-06,ACCT-008,CRM,Production,SUCCESS,200,899,899,0,580,0,
SYNC-ACCT-008-CRM-20251109,2025-11-09,ACCT-008,CRM,Production,SUCCESS,200,1433,1427,6,2431,0,
SYNC-ACCT-008-CRM-20251112,2025-11-12,ACCT-008,CRM,Production,SUCCESS,200,1012,1011,1,945,0,
SYNC-ACCT-008-CRM-20251115,2025-11-15,ACCT-008,CRM,Production,SUCCESS,200,1330,1326,4,3190,0,
SYNC-ACCT-008-CRM-20251118,2025-11-18,ACCT-008,CRM,Production,SUCCESS,200,1427,1425,2,1194,0,
SYNC-ACCT-008-CRM-20251121,2025-11-21,ACCT-008,CRM,Production,SUCCESS,200,1615,1608,7,3188,0,
SYNC-ACCT-008-CRM-20251124,2025-11-24,ACCT-008,CRM,Production,SUCCESS,200,1252,1243,9,2417,0,
SYNC-ACCT-008-CRM-20251127,2025-11-27,ACCT-008,CRM,Production,SUCCESS,200,1650,1642,8,1387,0,
SYNC-ACCT-008-CRM-20251130,2025-11-30,ACCT-008,CRM,Production,SUCCESS,200,1134,1131,3,2841,0,
SYNC-ACCT-008-CRM-20251203,2025-12-03,ACCT-008,CRM,Production,SUCCESS,200,1365,1364,1,1997,0,
SYNC-ACCT-008-CRM-20251206,2025-12-06,ACCT-008,CRM,Production,SUCCESS,200,843,841,2,1972,0,
SYNC-ACCT-008-CRM-20251209,2025-12-09,ACCT-008,CRM,Production,SUCCESS,200,946,942,4,640,0,
SYNC-ACCT-008-CRM-20251212,2025-12-12,ACCT-008,CRM,Production,SUCCESS,200,1568,1562,6,1526,0,
SYNC-ACCT-008-CRM-20251215,2025-12-15,ACCT-008,CRM,Production,SUCCESS,200,728,722,6,2148,0,
SYNC-ACCT-008-CRM-20251218,2025-12-18,ACCT-008,CRM,Production,SUCCESS,200,1383,1373,10,3377,0,
SYNC-ACCT-008-CRM-20251221,2025-12-21,ACCT-008,CRM,Production,SUCCESS,200,1129,1125,4,794,0,
SYNC-ACCT-008-CRM-20251224,2025-12-24,ACCT-008,CRM,Production,SUCCESS,200,1372,1365,7,3030,0,
SYNC-ACCT-008-CRM-20251227,2025-12-27,ACCT-008,CRM,Production,SUCCESS,200,831,824,7,1365,0,
SYNC-ACCT-008-CRM-20251230,2025-12-30,ACCT-008,CRM,Production,SUCCESS,200,944,939,5,1559,0,
SYNC-ACCT-008-CRM-20260102,2026-01-02,ACCT-008,CRM,Production,SUCCESS,200,1419,1416,3,2153,0,
SYNC-ACCT-008-CRM-20260105,2026-01-05,ACCT-008,CRM,Production,SUCCESS,200,721,716,5,3028,0,
SYNC-ACCT-008-CRM-20260108,2026-01-08,ACCT-008,CRM,Production,SUCCESS,200,812,807,5,2635,0,
SYNC-ACCT-008-CRM-20260111,2026-01-11,ACCT-008,CRM,Production,SUCCESS,200,1291,1287,4,1728,0,
SYNC-ACCT-008-CRM-20260114,2026-01-14,ACCT-008,CRM,Production,SUCCESS,200,868,861,7,2241,0,
SYNC-ACCT-008-CRM-20260117,2026-01-17,ACCT-008,CRM,Production,SUCCESS,200,1113,1113,0,887,0,
SYNC-ACCT-008-CRM-20260120,2026-01-20,ACCT-008,CRM,Production,SUCCESS,200,1016,1014,2,596,0,
SYNC-ACCT-008-CRM-20260123,2026-01-23,ACCT-008,CRM,Production,SUCCESS,200,1070,1066,4,1541,0,
SYNC-ACCT-008-CRM-20260126,2026-01-26,ACCT-008,CRM,Production,SUCCESS,200,1381,1376,5,1503,0,
SYNC-ACCT-008-CRM-20260129,2026-01-29,ACCT-008,CRM,Production,SUCCESS,200,1584,1581,3,3356,0,
SYNC-ACCT-008-CRM-20260201,2026-02-01,ACCT-008,CRM,Production,SUCCESS,200,1164,1156,8,2087,0,
SYNC-ACCT-008-CRM-20260204,2026-02-04,ACCT-008,CRM,Production,SUCCESS,200,1564,1554,10,2613,0,
SYNC-ACCT-008-CRM-20260207,2026-02-07,ACCT-008,CRM,Production,SUCCESS,200,1373,1365,8,1047,0,
SYNC-ACCT-008-CRM-20260210,2026-02-10,ACCT-008,CRM,Production,SUCCESS,200,1299,1293,6,506,0,
SYNC-ACCT-008-CRM-20260213,2026-02-13,ACCT-008,CRM,Production,SUCCESS,200,800,800,0,2014,0,
SYNC-ACCT-008-CRM-20260216,2026-02-16,ACCT-008,CRM,Production,SUCCESS,200,1335,1335,0,2373,0,
SYNC-ACCT-008-CRM-20260219,2026-02-19,ACCT-008,CRM,Production,SUCCESS,200,1224,1224,0,1485,0,
SYNC-ACCT-008-CRM-20260222,2026-02-22,ACCT-008,CRM,Production,SUCCESS,200,1354,1346,8,1892,0,
SYNC-ACCT-008-CRM-20260225,2026-02-25,ACCT-008,CRM,Production,SUCCESS,200,1516,1515,1,1241,0,
SYNC-ACCT-008-CRM-20260228,2026-02-28,ACCT-008,CRM,Production,SUCCESS,200,1158,1154,4,580,0,
SYNC-ACCT-008-CRM-20260303,2026-03-03,ACCT-008,CRM,Production,SUCCESS,200,1380,1371,9,3273,0,
SYNC-ACCT-008-CRM-20260306,2026-03-06,ACCT-008,CRM,Production,SUCCESS,200,903,899,4,1253,0,
SYNC-ACCT-008-CRM-20260309,2026-03-09,ACCT-008,CRM,Production,SUCCESS,200,1438,1438,0,1632,0,
SYNC-ACCT-008-CRM-20260312,2026-03-12,ACCT-008,CRM,Production,SUCCESS,200,1594,1582,12,2422,0,
SYNC-ACCT-008-CRM-20260315,2026-03-15,ACCT-008,CRM,Production,SUCCESS,200,980,975,5,1296,0,
SYNC-ACCT-008-CRM-20260318,2026-03-18,ACCT-008,CRM,Production,SUCCESS,200,1575,1570,5,3033,0,
SYNC-ACCT-008-CRM-20260321,2026-03-21,ACCT-008,CRM,Production,SUCCESS,200,897,890,7,1940,0,
SYNC-ACCT-008-CRM-20260324,2026-03-24,ACCT-008,CRM,Production,SUCCESS,200,1665,1663,2,2734,0,
SYNC-ACCT-008-CRM-20260327,2026-03-27,ACCT-008,CRM,Production,FAILED,503,1197,0,1197,1643,2,UPSTREAM_UNAVAILABLE
SYNC-ACCT-008-CRM-20260330,2026-03-30,ACCT-008,CRM,Production,SUCCESS,200,1668,1658,10,3338,0,
SYNC-ACCT-008-CRM-20260402,2026-04-02,ACCT-008,CRM,Production,SUCCESS,200,1038,1032,6,1381,0,
SYNC-ACCT-008-CRM-20260405,2026-04-05,ACCT-008,CRM,Production,SUCCESS,200,1304,1295,9,2595,0,
SYNC-ACCT-008-CRM-20260408,2026-04-08,ACCT-008,CRM,Production,SUCCESS,200,889,887,2,2734,0,
SYNC-ACCT-008-CRM-20260411,2026-04-11,ACCT-008,CRM,Production,SUCCESS,200,1333,1329,4,2837,0,
SYNC-ACCT-008-CRM-20260414,2026-04-14,ACCT-008,CRM,Production,SUCCESS,200,1103,1094,9,2984,0,
SYNC-ACCT-008-CRM-20260417,2026-04-17,ACCT-008,CRM,Production,SUCCESS,200,1093,1090,3,2976,0,
SYNC-ACCT-008-CRM-20260420,2026-04-20,ACCT-008,CRM,Production,SUCCESS,200,1661,1655,6,3148,0,
SYNC-ACCT-008-CRM-20260423,2026-04-23,ACCT-008,CRM,Production,SUCCESS,200,1181,1174,7,539,0,
SYNC-ACCT-008-CRM-20260426,2026-04-26,ACCT-008,CRM,Production,SUCCESS,200,1380,1374,6,1321,0,
SYNC-ACCT-008-CRM-20260429,2026-04-29,ACCT-008,CRM,Production,SUCCESS,200,875,870,5,750,0,
SYNC-ACCT-008-CRM-20260502,2026-05-02,ACCT-008,CRM,Production,SUCCESS,200,1254,1248,6,3263,0,
SYNC-ACCT-008-CRM-20260505,2026-05-05,ACCT-008,CRM,Production,SUCCESS,200,948,948,0,1303,0,
SYNC-ACCT-008-CRM-20260508,2026-05-08,ACCT-008,CRM,Production,SUCCESS,200,1581,1572,9,1812,0,
SYNC-ACCT-008-CRM-20260511,2026-05-11,ACCT-008,CRM,Production,SUCCESS,200,1432,1426,6,3348,0,
SYNC-ACCT-008-CRM-20260514,2026-05-14,ACCT-008,CRM,Production,SUCCESS,200,1109,1103,6,2641,0,
SYNC-ACCT-008-CRM-20260517,2026-05-17,ACCT-008,CRM,Production,SUCCESS,200,1248,1238,10,1855,0,
SYNC-ACCT-008-CRM-20260520,2026-05-20,ACCT-008,CRM,Production,SUCCESS,200,766,761,5,2332,0,
SYNC-ACCT-008-CRM-20260523,2026-05-23,ACCT-008,CRM,Production,SUCCESS,200,1346,1346,0,1505,0,
SYNC-ACCT-008-CRM-20260526,2026-05-26,ACCT-008,CRM,Production,SUCCESS,200,1537,1526,11,1227,0,
SYNC-ACCT-008-CRM-20260529,2026-05-29,ACCT-008,CRM,Production,SUCCESS,200,901,896,5,2734,0,
SYNC-ACCT-008-CRM-20260601,2026-06-01,ACCT-008,CRM,Production,SUCCESS,200,1656,1651,5,1182,0,
SYNC-ACCT-008-CRM-20260604,2026-06-04,ACCT-008,CRM,Production,SUCCESS,200,1533,1523,10,3170,0,
SYNC-ACCT-008-CRM-20260607,2026-06-07,ACCT-008,CRM,Production,SUCCESS,200,909,906,3,1387,0,
SYNC-ACCT-008-CRM-20260610,2026-06-10,ACCT-008,CRM,Production,SUCCESS,200,1242,1233,9,632,0,
SYNC-ACCT-008-CRM-20260613,2026-06-13,ACCT-008,CRM,Production,SUCCESS,200,1167,1167,0,3157,0,
SYNC-ACCT-008-CRM-20260616,2026-06-16,ACCT-008,CRM,Production,SUCCESS,200,1013,1009,4,1457,0,
SYNC-ACCT-008-CRM-20260619,2026-06-19,ACCT-008,CRM,Production,SUCCESS,200,953,952,1,1883,0,
SYNC-ACCT-008-CRM-20260622,2026-06-22,ACCT-008,CRM,Production,SUCCESS,200,1158,1154,4,2382,0,
SYNC-ACCT-008-CRM-20260625,2026-06-25,ACCT-008,CRM,Production,SUCCESS,200,735,732,3,3205,0,
SYNC-ACCT-008-CRM-20260628,2026-06-28,ACCT-008,CRM,Production,SUCCESS,200,1108,1107,1,1575,0,
SYNC-ACCT-008-BILLING-20250919,2025-09-19,ACCT-008,BILLING,Production,SUCCESS,200,722,719,3,629,0,
SYNC-ACCT-008-BILLING-20250922,2025-09-22,ACCT-008,BILLING,Production,SUCCESS,200,1194,1187,7,526,0,
SYNC-ACCT-008-BILLING-20250925,2025-09-25,ACCT-008,BILLING,Production,SUCCESS,200,1572,1569,3,3187,0,
SYNC-ACCT-008-BILLING-20250928,2025-09-28,ACCT-008,BILLING,Production,SUCCESS,200,913,908,5,2928,0,
SYNC-ACCT-008-BILLING-20251001,2025-10-01,ACCT-008,BILLING,Production,SUCCESS,200,1672,1666,6,3372,0,
SYNC-ACCT-008-BILLING-20251004,2025-10-04,ACCT-008,BILLING,Production,SUCCESS,200,1308,1306,2,1699,0,
SYNC-ACCT-008-BILLING-20251007,2025-10-07,ACCT-008,BILLING,Production,SUCCESS,200,1188,1184,4,1602,0,
SYNC-ACCT-008-BILLING-20251010,2025-10-10,ACCT-008,BILLING,Production,SUCCESS,200,1343,1332,11,2895,0,
SYNC-ACCT-008-BILLING-20251013,2025-10-13,ACCT-008,BILLING,Production,SUCCESS,200,935,930,5,2588,0,
SYNC-ACCT-008-BILLING-20251016,2025-10-16,ACCT-008,BILLING,Production,SUCCESS,200,1656,1654,2,2963,0,
SYNC-ACCT-008-BILLING-20251019,2025-10-19,ACCT-008,BILLING,Production,SUCCESS,200,1508,1504,4,2544,0,
SYNC-ACCT-008-BILLING-20251022,2025-10-22,ACCT-008,BILLING,Production,SUCCESS,200,778,772,6,1582,0,
SYNC-ACCT-008-BILLING-20251025,2025-10-25,ACCT-008,BILLING,Production,SUCCESS,200,1047,1047,0,2669,0,
SYNC-ACCT-008-BILLING-20251028,2025-10-28,ACCT-008,BILLING,Production,SUCCESS,200,1419,1408,11,3227,0,
SYNC-ACCT-008-BILLING-20251031,2025-10-31,ACCT-008,BILLING,Production,SUCCESS,200,887,880,7,3221,0,
SYNC-ACCT-008-BILLING-20251103,2025-11-03,ACCT-008,BILLING,Production,SUCCESS,200,895,889,6,1119,0,
SYNC-ACCT-008-BILLING-20251106,2025-11-06,ACCT-008,BILLING,Production,SUCCESS,200,1321,1314,7,1883,0,
SYNC-ACCT-008-BILLING-20251109,2025-11-09,ACCT-008,BILLING,Production,SUCCESS,200,747,745,2,532,0,
SYNC-ACCT-008-BILLING-20251112,2025-11-12,ACCT-008,BILLING,Production,SUCCESS,200,1466,1461,5,2685,0,
SYNC-ACCT-008-BILLING-20251115,2025-11-15,ACCT-008,BILLING,Production,SUCCESS,200,1287,1286,1,828,0,
SYNC-ACCT-008-BILLING-20251118,2025-11-18,ACCT-008,BILLING,Production,SUCCESS,200,1329,1321,8,1046,0,
SYNC-ACCT-008-BILLING-20251121,2025-11-21,ACCT-008,BILLING,Production,SUCCESS,200,1514,1513,1,2959,0,
SYNC-ACCT-008-BILLING-20251124,2025-11-24,ACCT-008,BILLING,Production,SUCCESS,200,1027,1024,3,1081,0,
SYNC-ACCT-008-BILLING-20251127,2025-11-27,ACCT-008,BILLING,Production,SUCCESS,200,944,942,2,1718,0,
SYNC-ACCT-008-BILLING-20251130,2025-11-30,ACCT-008,BILLING,Production,SUCCESS,200,752,751,1,917,0,
SYNC-ACCT-008-BILLING-20251203,2025-12-03,ACCT-008,BILLING,Production,SUCCESS,200,788,788,0,2336,0,
SYNC-ACCT-008-BILLING-20251206,2025-12-06,ACCT-008,BILLING,Production,SUCCESS,200,1340,1337,3,1395,0,
SYNC-ACCT-008-BILLING-20251209,2025-12-09,ACCT-008,BILLING,Production,SUCCESS,200,1335,1330,5,3161,0,
SYNC-ACCT-008-BILLING-20251212,2025-12-12,ACCT-008,BILLING,Production,SUCCESS,200,1362,1351,11,1873,0,
SYNC-ACCT-008-BILLING-20251215,2025-12-15,ACCT-008,BILLING,Production,SUCCESS,200,1076,1076,0,2203,0,
SYNC-ACCT-008-BILLING-20251218,2025-12-18,ACCT-008,BILLING,Production,SUCCESS,200,1135,1132,3,1998,0,
SYNC-ACCT-008-BILLING-20251221,2025-12-21,ACCT-008,BILLING,Production,SUCCESS,200,1358,1348,10,1918,0,
SYNC-ACCT-008-BILLING-20251224,2025-12-24,ACCT-008,BILLING,Production,SUCCESS,200,1252,1246,6,3034,0,
SYNC-ACCT-008-BILLING-20251227,2025-12-27,ACCT-008,BILLING,Production,SUCCESS,200,1404,1402,2,932,0,
SYNC-ACCT-008-BILLING-20251230,2025-12-30,ACCT-008,BILLING,Production,SUCCESS,200,1560,1559,1,3326,0,
SYNC-ACCT-008-BILLING-20260102,2026-01-02,ACCT-008,BILLING,Production,SUCCESS,200,729,725,4,1740,0,
SYNC-ACCT-008-BILLING-20260105,2026-01-05,ACCT-008,BILLING,Production,SUCCESS,200,1325,1314,11,2194,0,
SYNC-ACCT-008-BILLING-20260108,2026-01-08,ACCT-008,BILLING,Production,SUCCESS,200,1139,1139,0,2299,0,
SYNC-ACCT-008-BILLING-20260111,2026-01-11,ACCT-008,BILLING,Production,SUCCESS,200,1320,1314,6,2234,0,
SYNC-ACCT-008-BILLING-20260114,2026-01-14,ACCT-008,BILLING,Production,SUCCESS,200,1165,1156,9,2236,0,
SYNC-ACCT-008-BILLING-20260117,2026-01-17,ACCT-008,BILLING,Production,SUCCESS,200,1356,1348,8,1925,0,
SYNC-ACCT-008-BILLING-20260120,2026-01-20,ACCT-008,BILLING,Production,SUCCESS,200,903,899,4,3189,0,
SYNC-ACCT-008-BILLING-20260123,2026-01-23,ACCT-008,BILLING,Production,SUCCESS,200,1455,1455,0,2872,0,
SYNC-ACCT-008-BILLING-20260126,2026-01-26,ACCT-008,BILLING,Production,SUCCESS,200,839,832,7,1123,0,
SYNC-ACCT-008-BILLING-20260129,2026-01-29,ACCT-008,BILLING,Production,SUCCESS,200,1562,1558,4,3095,0,
SYNC-ACCT-008-BILLING-20260201,2026-02-01,ACCT-008,BILLING,Production,SUCCESS,200,1433,1429,4,2548,0,
SYNC-ACCT-008-BILLING-20260204,2026-02-04,ACCT-008,BILLING,Production,FAILED,503,1570,0,1570,2561,2,UPSTREAM_UNAVAILABLE
SYNC-ACCT-008-BILLING-20260207,2026-02-07,ACCT-008,BILLING,Production,SUCCESS,200,1095,1087,8,3398,0,
SYNC-ACCT-008-BILLING-20260210,2026-02-10,ACCT-008,BILLING,Production,SUCCESS,200,1520,1518,2,1270,0,
SYNC-ACCT-008-BILLING-20260213,2026-02-13,ACCT-008,BILLING,Production,SUCCESS,200,927,926,1,3283,0,
SYNC-ACCT-008-BILLING-20260216,2026-02-16,ACCT-008,BILLING,Production,SUCCESS,200,961,960,1,2086,0,
SYNC-ACCT-008-BILLING-20260219,2026-02-19,ACCT-008,BILLING,Production,SUCCESS,200,1192,1183,9,1483,0,
SYNC-ACCT-008-BILLING-20260222,2026-02-22,ACCT-008,BILLING,Production,SUCCESS,200,773,768,5,3399,0,
SYNC-ACCT-008-BILLING-20260225,2026-02-25,ACCT-008,BILLING,Production,SUCCESS,200,1482,1470,12,1328,0,
SYNC-ACCT-008-BILLING-20260228,2026-02-28,ACCT-008,BILLING,Production,SUCCESS,200,1125,1125,0,818,0,
SYNC-ACCT-008-BILLING-20260303,2026-03-03,ACCT-008,BILLING,Production,SUCCESS,200,1258,1250,8,981,0,
SYNC-ACCT-008-BILLING-20260306,2026-03-06,ACCT-008,BILLING,Production,SUCCESS,200,865,864,1,1400,0,
SYNC-ACCT-008-BILLING-20260309,2026-03-09,ACCT-008,BILLING,Production,SUCCESS,200,1601,1599,2,2955,0,
SYNC-ACCT-008-BILLING-20260312,2026-03-12,ACCT-008,BILLING,Production,SUCCESS,200,798,798,0,796,0,
SYNC-ACCT-008-BILLING-20260315,2026-03-15,ACCT-008,BILLING,Production,SUCCESS,200,1552,1551,1,2479,0,
SYNC-ACCT-008-BILLING-20260318,2026-03-18,ACCT-008,BILLING,Production,SUCCESS,200,1550,1546,4,2154,0,
SYNC-ACCT-008-BILLING-20260321,2026-03-21,ACCT-008,BILLING,Production,SUCCESS,200,1334,1328,6,1618,0,
SYNC-ACCT-008-BILLING-20260324,2026-03-24,ACCT-008,BILLING,Production,SUCCESS,200,1539,1529,10,1445,0,
SYNC-ACCT-008-BILLING-20260327,2026-03-27,ACCT-008,BILLING,Production,SUCCESS,200,1079,1078,1,1986,0,
SYNC-ACCT-008-BILLING-20260330,2026-03-30,ACCT-008,BILLING,Production,SUCCESS,200,933,930,3,2303,0,
SYNC-ACCT-008-BILLING-20260402,2026-04-02,ACCT-008,BILLING,Production,SUCCESS,200,1268,1268,0,1658,0,
SYNC-ACCT-008-BILLING-20260405,2026-04-05,ACCT-008,BILLING,Production,SUCCESS,200,975,975,0,3148,0,
SYNC-ACCT-008-BILLING-20260408,2026-04-08,ACCT-008,BILLING,Production,SUCCESS,200,1167,1165,2,3085,0,
SYNC-ACCT-008-BILLING-20260411,2026-04-11,ACCT-008,BILLING,Production,SUCCESS,200,1201,1201,0,2013,0,
SYNC-ACCT-008-BILLING-20260414,2026-04-14,ACCT-008,BILLING,Production,SUCCESS,200,1182,1182,0,1069,0,
SYNC-ACCT-008-BILLING-20260417,2026-04-17,ACCT-008,BILLING,Production,SUCCESS,200,1658,1654,4,1497,0,
SYNC-ACCT-008-BILLING-20260420,2026-04-20,ACCT-008,BILLING,Production,SUCCESS,200,927,921,6,2213,0,
SYNC-ACCT-008-BILLING-20260423,2026-04-23,ACCT-008,BILLING,Production,SUCCESS,200,1330,1326,4,3170,0,
SYNC-ACCT-008-BILLING-20260426,2026-04-26,ACCT-008,BILLING,Production,SUCCESS,200,1269,1261,8,1091,0,
SYNC-ACCT-008-BILLING-20260429,2026-04-29,ACCT-008,BILLING,Production,SUCCESS,200,1652,1648,4,718,0,
SYNC-ACCT-008-BILLING-20260502,2026-05-02,ACCT-008,BILLING,Production,SUCCESS,200,1181,1179,2,2203,0,
SYNC-ACCT-008-BILLING-20260505,2026-05-05,ACCT-008,BILLING,Production,FAILED,422,1314,999,315,1509,0,SCHEMA_FIELD_CHANGED
SYNC-ACCT-008-BILLING-20260508,2026-05-08,ACCT-008,BILLING,Production,FAILED,422,1131,860,271,3290,0,SCHEMA_FIELD_CHANGED
SYNC-ACCT-008-BILLING-20260511,2026-05-11,ACCT-008,BILLING,Production,FAILED,422,1549,1177,372,1773,0,SCHEMA_FIELD_CHANGED
SYNC-ACCT-008-BILLING-20260514,2026-05-14,ACCT-008,BILLING,Production,SUCCESS,200,1577,1572,5,3152,0,
SYNC-ACCT-008-BILLING-20260517,2026-05-17,ACCT-008,BILLING,Production,SUCCESS,200,730,730,0,2323,0,
SYNC-ACCT-008-BILLING-20260520,2026-05-20,ACCT-008,BILLING,Production,SUCCESS,200,1095,1093,2,1685,0,
SYNC-ACCT-008-BILLING-20260523,2026-05-23,ACCT-008,BILLING,Production,SUCCESS,200,1408,1406,2,2281,0,
SYNC-ACCT-008-BILLING-20260526,2026-05-26,ACCT-008,BILLING,Production,SUCCESS,200,1283,1273,10,2622,0,
SYNC-ACCT-008-BILLING-20260529,2026-05-29,ACCT-008,BILLING,Production,SUCCESS,200,1502,1490,12,1812,0,
SYNC-ACCT-008-BILLING-20260601,2026-06-01,ACCT-008,BILLING,Production,SUCCESS,200,1318,1318,0,1726,0,
SYNC-ACCT-008-BILLING-20260604,2026-06-04,ACCT-008,BILLING,Production,SUCCESS,200,1585,1574,11,1995,0,
SYNC-ACCT-008-BILLING-20260607,2026-06-07,ACCT-008,BILLING,Production,SUCCESS,200,1118,1118,0,2137,0,
SYNC-ACCT-008-BILLING-20260610,2026-06-10,ACCT-008,BILLING,Production,SUCCESS,200,1093,1084,9,2614,0,
SYNC-ACCT-008-BILLING-20260613,2026-06-13,ACCT-008,BILLING,Production,SUCCESS,200,1027,1025,2,841,0,
SYNC-ACCT-008-BILLING-20260616,2026-06-16,ACCT-008,BILLING,Production,SUCCESS,200,1033,1028,5,599,0,
SYNC-ACCT-008-BILLING-20260619,2026-06-19,ACCT-008,BILLING,Production,SUCCESS,200,1620,1610,10,2004,0,
SYNC-ACCT-008-BILLING-20260622,2026-06-22,ACCT-008,BILLING,Production,SUCCESS,200,1028,1025,3,2265,0,
SYNC-ACCT-008-BILLING-20260625,2026-06-25,ACCT-008,BILLING,Production,SUCCESS,200,826,819,7,2256,0,
SYNC-ACCT-008-BILLING-20260628,2026-06-28,ACCT-008,BILLING,Production,SUCCESS,200,1008,1007,1,1543,0,
SYNC-ACCT-009-CRM-20250922,2025-09-22,ACCT-009,CRM,Production,SUCCESS,200,1171,1163,8,2247,0,
SYNC-ACCT-009-CRM-20250925,2025-09-25,ACCT-009,CRM,Production,SUCCESS,200,1244,1243,1,1864,0,
SYNC-ACCT-009-CRM-20250928,2025-09-28,ACCT-009,CRM,Production,SUCCESS,200,1469,1467,2,2926,0,
SYNC-ACCT-009-CRM-20251001,2025-10-01,ACCT-009,CRM,Production,SUCCESS,200,1052,1044,8,2088,0,
SYNC-ACCT-009-CRM-20251004,2025-10-04,ACCT-009,CRM,Production,SUCCESS,200,1677,1667,10,2092,0,
SYNC-ACCT-009-CRM-20251007,2025-10-07,ACCT-009,CRM,Production,SUCCESS,200,1495,1489,6,2255,0,
SYNC-ACCT-009-CRM-20251010,2025-10-10,ACCT-009,CRM,Production,SUCCESS,200,1433,1429,4,3330,0,
SYNC-ACCT-009-CRM-20251013,2025-10-13,ACCT-009,CRM,Production,SUCCESS,200,744,740,4,923,0,
SYNC-ACCT-009-CRM-20251016,2025-10-16,ACCT-009,CRM,Production,SUCCESS,200,1063,1062,1,1043,0,
SYNC-ACCT-009-CRM-20251019,2025-10-19,ACCT-009,CRM,Production,SUCCESS,200,795,790,5,2699,0,
SYNC-ACCT-009-CRM-20251022,2025-10-22,ACCT-009,CRM,Production,FAILED,503,1056,0,1056,1308,2,UPSTREAM_UNAVAILABLE
SYNC-ACCT-009-CRM-20251025,2025-10-25,ACCT-009,CRM,Production,SUCCESS,200,1023,1023,0,1232,0,
SYNC-ACCT-009-CRM-20251028,2025-10-28,ACCT-009,CRM,Production,SUCCESS,200,830,828,2,1608,0,
SYNC-ACCT-009-CRM-20251031,2025-10-31,ACCT-009,CRM,Production,SUCCESS,200,865,864,1,614,0,
SYNC-ACCT-009-CRM-20251103,2025-11-03,ACCT-009,CRM,Production,SUCCESS,200,1518,1515,3,2359,0,
SYNC-ACCT-009-CRM-20251106,2025-11-06,ACCT-009,CRM,Production,SUCCESS,200,997,994,3,732,0,
SYNC-ACCT-009-CRM-20251109,2025-11-09,ACCT-009,CRM,Production,SUCCESS,200,907,904,3,2239,0,
SYNC-ACCT-009-CRM-20251112,2025-11-12,ACCT-009,CRM,Production,SUCCESS,200,1153,1145,8,1291,0,
SYNC-ACCT-009-CRM-20251115,2025-11-15,ACCT-009,CRM,Production,SUCCESS,200,1142,1137,5,2470,0,
SYNC-ACCT-009-CRM-20251118,2025-11-18,ACCT-009,CRM,Production,SUCCESS,200,1182,1178,4,2013,0,
SYNC-ACCT-009-CRM-20251121,2025-11-21,ACCT-009,CRM,Production,SUCCESS,200,1498,1486,12,1117,0,
SYNC-ACCT-009-CRM-20251124,2025-11-24,ACCT-009,CRM,Production,SUCCESS,200,1633,1624,9,2548,0,
SYNC-ACCT-009-CRM-20251127,2025-11-27,ACCT-009,CRM,Production,SUCCESS,200,837,836,1,2425,0,
SYNC-ACCT-009-CRM-20251130,2025-11-30,ACCT-009,CRM,Production,SUCCESS,200,1377,1370,7,1691,0,
SYNC-ACCT-009-CRM-20251203,2025-12-03,ACCT-009,CRM,Production,SUCCESS,200,1310,1309,1,2299,0,
SYNC-ACCT-009-CRM-20251206,2025-12-06,ACCT-009,CRM,Production,SUCCESS,200,1294,1285,9,2288,0,
SYNC-ACCT-009-CRM-20251209,2025-12-09,ACCT-009,CRM,Production,SUCCESS,200,1531,1519,12,1479,0,
SYNC-ACCT-009-CRM-20251212,2025-12-12,ACCT-009,CRM,Production,SUCCESS,200,1115,1107,8,2891,0,
SYNC-ACCT-009-CRM-20251215,2025-12-15,ACCT-009,CRM,Production,SUCCESS,200,1010,1006,4,1754,0,
SYNC-ACCT-009-CRM-20251218,2025-12-18,ACCT-009,CRM,Production,SUCCESS,200,1147,1140,7,629,0,
SYNC-ACCT-009-CRM-20251221,2025-12-21,ACCT-009,CRM,Production,SUCCESS,200,1487,1476,11,2083,0,
SYNC-ACCT-009-CRM-20251224,2025-12-24,ACCT-009,CRM,Production,SUCCESS,200,1532,1525,7,526,0,
SYNC-ACCT-009-CRM-20251227,2025-12-27,ACCT-009,CRM,Production,SUCCESS,200,1260,1255,5,1739,0,
SYNC-ACCT-009-CRM-20251230,2025-12-30,ACCT-009,CRM,Production,SUCCESS,200,1652,1644,8,3321,0,
SYNC-ACCT-009-CRM-20260102,2026-01-02,ACCT-009,CRM,Production,SUCCESS,200,1025,1021,4,1495,0,
SYNC-ACCT-009-CRM-20260105,2026-01-05,ACCT-009,CRM,Production,SUCCESS,200,1584,1582,2,1868,0,
SYNC-ACCT-009-CRM-20260108,2026-01-08,ACCT-009,CRM,Production,SUCCESS,200,1618,1609,9,3093,0,
SYNC-ACCT-009-CRM-20260111,2026-01-11,ACCT-009,CRM,Production,SUCCESS,200,879,876,3,564,0,
SYNC-ACCT-009-CRM-20260114,2026-01-14,ACCT-009,CRM,Production,SUCCESS,200,963,963,0,3046,0,
SYNC-ACCT-009-CRM-20260117,2026-01-17,ACCT-009,CRM,Production,SUCCESS,200,947,941,6,2902,0,
SYNC-ACCT-009-CRM-20260120,2026-01-20,ACCT-009,CRM,Production,SUCCESS,200,1585,1581,4,1498,0,
SYNC-ACCT-009-CRM-20260123,2026-01-23,ACCT-009,CRM,Production,SUCCESS,200,1626,1619,7,844,0,
SYNC-ACCT-009-CRM-20260126,2026-01-26,ACCT-009,CRM,Production,SUCCESS,200,904,903,1,2150,0,
SYNC-ACCT-009-CRM-20260129,2026-01-29,ACCT-009,CRM,Production,SUCCESS,200,1158,1149,9,1658,0,
SYNC-ACCT-009-CRM-20260201,2026-02-01,ACCT-009,CRM,Production,SUCCESS,200,1180,1175,5,961,0,
SYNC-ACCT-009-CRM-20260204,2026-02-04,ACCT-009,CRM,Production,SUCCESS,200,1355,1353,2,2607,0,
SYNC-ACCT-009-CRM-20260207,2026-02-07,ACCT-009,CRM,Production,SUCCESS,200,1350,1347,3,929,0,
SYNC-ACCT-009-CRM-20260210,2026-02-10,ACCT-009,CRM,Production,SUCCESS,200,1172,1170,2,3026,0,
SYNC-ACCT-009-CRM-20260213,2026-02-13,ACCT-009,CRM,Production,SUCCESS,200,1197,1193,4,1047,0,
SYNC-ACCT-009-CRM-20260216,2026-02-16,ACCT-009,CRM,Production,SUCCESS,200,1489,1481,8,980,0,
SYNC-ACCT-009-CRM-20260219,2026-02-19,ACCT-009,CRM,Production,SUCCESS,200,1585,1575,10,2796,0,
SYNC-ACCT-009-CRM-20260222,2026-02-22,ACCT-009,CRM,Production,SUCCESS,200,948,948,0,653,0,
SYNC-ACCT-009-CRM-20260225,2026-02-25,ACCT-009,CRM,Production,SUCCESS,200,969,965,4,2947,0,
SYNC-ACCT-009-CRM-20260228,2026-02-28,ACCT-009,CRM,Production,SUCCESS,200,762,759,3,609,0,
SYNC-ACCT-009-CRM-20260303,2026-03-03,ACCT-009,CRM,Production,SUCCESS,200,1414,1405,9,2490,0,
SYNC-ACCT-009-CRM-20260306,2026-03-06,ACCT-009,CRM,Production,SUCCESS,200,863,861,2,1833,0,
SYNC-ACCT-009-CRM-20260309,2026-03-09,ACCT-009,CRM,Production,SUCCESS,200,1517,1516,1,1726,0,
SYNC-ACCT-009-CRM-20260312,2026-03-12,ACCT-009,CRM,Production,SUCCESS,200,1596,1585,11,1746,0,
SYNC-ACCT-009-CRM-20260315,2026-03-15,ACCT-009,CRM,Production,SUCCESS,200,1622,1616,6,2016,0,
SYNC-ACCT-009-CRM-20260318,2026-03-18,ACCT-009,CRM,Production,SUCCESS,200,1405,1394,11,2014,0,
SYNC-ACCT-009-CRM-20260321,2026-03-21,ACCT-009,CRM,Production,SUCCESS,200,742,736,6,1087,0,
SYNC-ACCT-009-CRM-20260324,2026-03-24,ACCT-009,CRM,Production,SUCCESS,200,1335,1330,5,2534,0,
SYNC-ACCT-009-CRM-20260327,2026-03-27,ACCT-009,CRM,Production,SUCCESS,200,1611,1598,13,1962,0,
SYNC-ACCT-009-CRM-20260330,2026-03-30,ACCT-009,CRM,Production,SUCCESS,200,1621,1615,6,1479,0,
SYNC-ACCT-009-CRM-20260402,2026-04-02,ACCT-009,CRM,Production,SUCCESS,200,1491,1490,1,2778,0,
SYNC-ACCT-009-CRM-20260405,2026-04-05,ACCT-009,CRM,Production,SUCCESS,200,1087,1080,7,3151,0,
SYNC-ACCT-009-CRM-20260408,2026-04-08,ACCT-009,CRM,Production,SUCCESS,200,1021,1015,6,757,0,
SYNC-ACCT-009-CRM-20260411,2026-04-11,ACCT-009,CRM,Production,SUCCESS,200,793,790,3,629,0,
SYNC-ACCT-009-CRM-20260414,2026-04-14,ACCT-009,CRM,Production,SUCCESS,200,1235,1230,5,2001,0,
SYNC-ACCT-009-CRM-20260417,2026-04-17,ACCT-009,CRM,Production,SUCCESS,200,875,869,6,1175,0,
SYNC-ACCT-009-CRM-20260420,2026-04-20,ACCT-009,CRM,Production,SUCCESS,200,1467,1461,6,3236,0,
SYNC-ACCT-009-CRM-20260423,2026-04-23,ACCT-009,CRM,Production,SUCCESS,200,1550,1543,7,599,0,
SYNC-ACCT-009-CRM-20260426,2026-04-26,ACCT-009,CRM,Production,SUCCESS,200,1209,1200,9,3315,0,
SYNC-ACCT-009-CRM-20260429,2026-04-29,ACCT-009,CRM,Production,SUCCESS,200,1090,1090,0,1806,0,
SYNC-ACCT-009-CRM-20260502,2026-05-02,ACCT-009,CRM,Production,SUCCESS,200,1631,1622,9,2211,0,
SYNC-ACCT-009-CRM-20260505,2026-05-05,ACCT-009,CRM,Production,SUCCESS,200,932,932,0,3389,0,
SYNC-ACCT-009-CRM-20260508,2026-05-08,ACCT-009,CRM,Production,SUCCESS,200,1672,1668,4,2139,0,
SYNC-ACCT-009-CRM-20260511,2026-05-11,ACCT-009,CRM,Production,SUCCESS,200,944,938,6,2821,0,
SYNC-ACCT-009-CRM-20260514,2026-05-14,ACCT-009,CRM,Production,SUCCESS,200,1313,1308,5,631,0,
SYNC-ACCT-009-CRM-20260517,2026-05-17,ACCT-009,CRM,Production,SUCCESS,200,1366,1357,9,796,0,
SYNC-ACCT-009-CRM-20260520,2026-05-20,ACCT-009,CRM,Production,SUCCESS,200,1609,1601,8,1496,0,
SYNC-ACCT-009-CRM-20260523,2026-05-23,ACCT-009,CRM,Production,SUCCESS,200,1235,1226,9,1503,0,
SYNC-ACCT-009-CRM-20260526,2026-05-26,ACCT-009,CRM,Production,SUCCESS,200,799,798,1,2092,0,
SYNC-ACCT-009-CRM-20260529,2026-05-29,ACCT-009,CRM,Production,SUCCESS,200,1522,1510,12,1788,0,
SYNC-ACCT-009-CRM-20260601,2026-06-01,ACCT-009,CRM,Production,SUCCESS,200,1282,1282,0,2715,0,
SYNC-ACCT-009-CRM-20260604,2026-06-04,ACCT-009,CRM,Production,SUCCESS,200,796,794,2,1973,0,
SYNC-ACCT-009-CRM-20260607,2026-06-07,ACCT-009,CRM,Production,SUCCESS,200,1092,1087,5,664,0,
SYNC-ACCT-009-CRM-20260610,2026-06-10,ACCT-009,CRM,Production,SUCCESS,200,875,874,1,1425,0,
SYNC-ACCT-009-CRM-20260613,2026-06-13,ACCT-009,CRM,Production,SUCCESS,200,744,743,1,2417,0,
SYNC-ACCT-009-CRM-20260616,2026-06-16,ACCT-009,CRM,Production,SUCCESS,200,1094,1086,8,1613,0,
SYNC-ACCT-009-CRM-20260619,2026-06-19,ACCT-009,CRM,Production,SUCCESS,200,1114,1111,3,2417,0,
SYNC-ACCT-009-CRM-20260622,2026-06-22,ACCT-009,CRM,Production,SUCCESS,200,906,901,5,824,0,
SYNC-ACCT-009-CRM-20260625,2026-06-25,ACCT-009,CRM,Production,SUCCESS,200,1163,1154,9,2883,0,
SYNC-ACCT-009-CRM-20260628,2026-06-28,ACCT-009,CRM,Production,SUCCESS,200,1083,1081,2,2305,0,
SYNC-ACCT-009-BILLING-20250922,2025-09-22,ACCT-009,BILLING,Production,SUCCESS,200,1247,1240,7,2261,0,
SYNC-ACCT-009-BILLING-20250925,2025-09-25,ACCT-009,BILLING,Production,SUCCESS,200,1274,1267,7,2089,0,
SYNC-ACCT-009-BILLING-20250928,2025-09-28,ACCT-009,BILLING,Production,SUCCESS,200,1003,995,8,1619,0,
SYNC-ACCT-009-BILLING-20251001,2025-10-01,ACCT-009,BILLING,Production,SUCCESS,200,1458,1456,2,574,0,
SYNC-ACCT-009-BILLING-20251004,2025-10-04,ACCT-009,BILLING,Production,SUCCESS,200,1299,1291,8,1441,0,
SYNC-ACCT-009-BILLING-20251007,2025-10-07,ACCT-009,BILLING,Production,SUCCESS,200,1339,1331,8,3263,0,
SYNC-ACCT-009-BILLING-20251010,2025-10-10,ACCT-009,BILLING,Production,SUCCESS,200,1578,1577,1,1681,0,
SYNC-ACCT-009-BILLING-20251013,2025-10-13,ACCT-009,BILLING,Production,SUCCESS,200,1678,1668,10,2795,0,
SYNC-ACCT-009-BILLING-20251016,2025-10-16,ACCT-009,BILLING,Production,SUCCESS,200,1226,1222,4,2827,0,
SYNC-ACCT-009-BILLING-20251019,2025-10-19,ACCT-009,BILLING,Production,SUCCESS,200,1149,1145,4,1008,0,
SYNC-ACCT-009-BILLING-20251022,2025-10-22,ACCT-009,BILLING,Production,SUCCESS,200,900,896,4,2742,0,
SYNC-ACCT-009-BILLING-20251025,2025-10-25,ACCT-009,BILLING,Production,SUCCESS,200,1372,1372,0,1627,0,
SYNC-ACCT-009-BILLING-20251028,2025-10-28,ACCT-009,BILLING,Production,SUCCESS,200,1600,1597,3,902,0,
SYNC-ACCT-009-BILLING-20251031,2025-10-31,ACCT-009,BILLING,Production,SUCCESS,200,1514,1503,11,1130,0,
SYNC-ACCT-009-BILLING-20251103,2025-11-03,ACCT-009,BILLING,Production,FAILED,503,1476,0,1476,786,2,UPSTREAM_UNAVAILABLE
SYNC-ACCT-009-BILLING-20251106,2025-11-06,ACCT-009,BILLING,Production,SUCCESS,200,1492,1481,11,1032,0,
SYNC-ACCT-009-BILLING-20251109,2025-11-09,ACCT-009,BILLING,Production,SUCCESS,200,1179,1176,3,2027,0,
SYNC-ACCT-009-BILLING-20251112,2025-11-12,ACCT-009,BILLING,Production,SUCCESS,200,1217,1217,0,3337,0,
SYNC-ACCT-009-BILLING-20251115,2025-11-15,ACCT-009,BILLING,Production,SUCCESS,200,1160,1151,9,1305,0,
SYNC-ACCT-009-BILLING-20251118,2025-11-18,ACCT-009,BILLING,Production,SUCCESS,200,1288,1285,3,3329,0,
SYNC-ACCT-009-BILLING-20251121,2025-11-21,ACCT-009,BILLING,Production,SUCCESS,200,1516,1510,6,683,0,
SYNC-ACCT-009-BILLING-20251124,2025-11-24,ACCT-009,BILLING,Production,SUCCESS,200,1454,1448,6,1802,0,
SYNC-ACCT-009-BILLING-20251127,2025-11-27,ACCT-009,BILLING,Production,SUCCESS,200,999,993,6,2983,0,
SYNC-ACCT-009-BILLING-20251130,2025-11-30,ACCT-009,BILLING,Production,SUCCESS,200,1504,1500,4,1383,0,
SYNC-ACCT-009-BILLING-20251203,2025-12-03,ACCT-009,BILLING,Production,SUCCESS,200,757,751,6,1763,0,
SYNC-ACCT-009-BILLING-20251206,2025-12-06,ACCT-009,BILLING,Production,SUCCESS,200,1311,1303,8,2400,0,
SYNC-ACCT-009-BILLING-20251209,2025-12-09,ACCT-009,BILLING,Production,SUCCESS,200,1447,1436,11,895,0,
SYNC-ACCT-009-BILLING-20251212,2025-12-12,ACCT-009,BILLING,Production,SUCCESS,200,1116,1111,5,773,0,
SYNC-ACCT-009-BILLING-20251215,2025-12-15,ACCT-009,BILLING,Production,SUCCESS,200,749,745,4,2800,0,
SYNC-ACCT-009-BILLING-20251218,2025-12-18,ACCT-009,BILLING,Production,SUCCESS,200,1175,1167,8,2434,0,
SYNC-ACCT-009-BILLING-20251221,2025-12-21,ACCT-009,BILLING,Production,SUCCESS,200,1567,1562,5,1103,0,
SYNC-ACCT-009-BILLING-20251224,2025-12-24,ACCT-009,BILLING,Production,SUCCESS,200,781,779,2,3265,0,
SYNC-ACCT-009-BILLING-20251227,2025-12-27,ACCT-009,BILLING,Production,SUCCESS,200,1142,1133,9,1237,0,
SYNC-ACCT-009-BILLING-20251230,2025-12-30,ACCT-009,BILLING,Production,SUCCESS,200,1482,1474,8,2488,0,
SYNC-ACCT-009-BILLING-20260102,2026-01-02,ACCT-009,BILLING,Production,SUCCESS,200,1516,1513,3,2398,0,
SYNC-ACCT-009-BILLING-20260105,2026-01-05,ACCT-009,BILLING,Production,SUCCESS,200,1211,1206,5,2952,0,
SYNC-ACCT-009-BILLING-20260108,2026-01-08,ACCT-009,BILLING,Production,SUCCESS,200,1104,1102,2,2476,0,
SYNC-ACCT-009-BILLING-20260111,2026-01-11,ACCT-009,BILLING,Production,SUCCESS,200,1314,1303,11,1395,0,
SYNC-ACCT-009-BILLING-20260114,2026-01-14,ACCT-009,BILLING,Production,SUCCESS,200,1116,1108,8,1201,0,
SYNC-ACCT-009-BILLING-20260117,2026-01-17,ACCT-009,BILLING,Production,SUCCESS,200,1293,1285,8,2891,0,
SYNC-ACCT-009-BILLING-20260120,2026-01-20,ACCT-009,BILLING,Production,SUCCESS,200,974,974,0,1763,0,
SYNC-ACCT-009-BILLING-20260123,2026-01-23,ACCT-009,BILLING,Production,SUCCESS,200,1368,1364,4,548,0,
SYNC-ACCT-009-BILLING-20260126,2026-01-26,ACCT-009,BILLING,Production,SUCCESS,200,1485,1479,6,1759,0,
SYNC-ACCT-009-BILLING-20260129,2026-01-29,ACCT-009,BILLING,Production,SUCCESS,200,802,796,6,873,0,
SYNC-ACCT-009-BILLING-20260201,2026-02-01,ACCT-009,BILLING,Production,SUCCESS,200,1573,1567,6,1459,0,
SYNC-ACCT-009-BILLING-20260204,2026-02-04,ACCT-009,BILLING,Production,SUCCESS,200,1578,1578,0,659,0,
SYNC-ACCT-009-BILLING-20260207,2026-02-07,ACCT-009,BILLING,Production,SUCCESS,200,1513,1501,12,2953,0,
SYNC-ACCT-009-BILLING-20260210,2026-02-10,ACCT-009,BILLING,Production,SUCCESS,200,1051,1046,5,3264,0,
SYNC-ACCT-009-BILLING-20260213,2026-02-13,ACCT-009,BILLING,Production,SUCCESS,200,766,762,4,2597,0,
SYNC-ACCT-009-BILLING-20260216,2026-02-16,ACCT-009,BILLING,Production,SUCCESS,200,1257,1250,7,3294,0,
SYNC-ACCT-009-BILLING-20260219,2026-02-19,ACCT-009,BILLING,Production,SUCCESS,200,1226,1221,5,3383,0,
SYNC-ACCT-009-BILLING-20260222,2026-02-22,ACCT-009,BILLING,Production,SUCCESS,200,1572,1566,6,1537,0,
SYNC-ACCT-009-BILLING-20260225,2026-02-25,ACCT-009,BILLING,Production,SUCCESS,200,981,977,4,1666,0,
SYNC-ACCT-009-BILLING-20260228,2026-02-28,ACCT-009,BILLING,Production,SUCCESS,200,1079,1070,9,1594,0,
SYNC-ACCT-009-BILLING-20260303,2026-03-03,ACCT-009,BILLING,Production,SUCCESS,200,1613,1609,4,3091,0,
SYNC-ACCT-009-BILLING-20260306,2026-03-06,ACCT-009,BILLING,Production,SUCCESS,200,808,804,4,1662,0,
SYNC-ACCT-009-BILLING-20260309,2026-03-09,ACCT-009,BILLING,Production,SUCCESS,200,1360,1354,6,3322,0,
SYNC-ACCT-009-BILLING-20260312,2026-03-12,ACCT-009,BILLING,Production,SUCCESS,200,948,944,4,3333,0,
SYNC-ACCT-009-BILLING-20260315,2026-03-15,ACCT-009,BILLING,Production,SUCCESS,200,1329,1322,7,1950,0,
SYNC-ACCT-009-BILLING-20260318,2026-03-18,ACCT-009,BILLING,Production,SUCCESS,200,1039,1035,4,1285,0,
SYNC-ACCT-009-BILLING-20260321,2026-03-21,ACCT-009,BILLING,Production,SUCCESS,200,1503,1502,1,2437,0,
SYNC-ACCT-009-BILLING-20260324,2026-03-24,ACCT-009,BILLING,Production,SUCCESS,200,1148,1146,2,2399,0,
SYNC-ACCT-009-BILLING-20260327,2026-03-27,ACCT-009,BILLING,Production,SUCCESS,200,966,958,8,3111,0,
SYNC-ACCT-009-BILLING-20260330,2026-03-30,ACCT-009,BILLING,Production,SUCCESS,200,1130,1127,3,2938,0,
SYNC-ACCT-009-BILLING-20260402,2026-04-02,ACCT-009,BILLING,Production,SUCCESS,200,913,908,5,2636,0,
SYNC-ACCT-009-BILLING-20260405,2026-04-05,ACCT-009,BILLING,Production,FAILED,503,1007,0,1007,1878,2,UPSTREAM_UNAVAILABLE
SYNC-ACCT-009-BILLING-20260408,2026-04-08,ACCT-009,BILLING,Production,SUCCESS,200,1024,1020,4,2842,0,
SYNC-ACCT-009-BILLING-20260411,2026-04-11,ACCT-009,BILLING,Production,SUCCESS,200,1621,1618,3,3193,0,
SYNC-ACCT-009-BILLING-20260414,2026-04-14,ACCT-009,BILLING,Production,SUCCESS,200,1169,1160,9,2275,0,
SYNC-ACCT-009-BILLING-20260417,2026-04-17,ACCT-009,BILLING,Production,SUCCESS,200,1206,1196,10,1309,0,
SYNC-ACCT-009-BILLING-20260420,2026-04-20,ACCT-009,BILLING,Production,SUCCESS,200,1640,1635,5,2646,0,
SYNC-ACCT-009-BILLING-20260423,2026-04-23,ACCT-009,BILLING,Production,SUCCESS,200,1036,1031,5,1569,0,
SYNC-ACCT-009-BILLING-20260426,2026-04-26,ACCT-009,BILLING,Production,SUCCESS,200,1079,1074,5,629,0,
SYNC-ACCT-009-BILLING-20260429,2026-04-29,ACCT-009,BILLING,Production,SUCCESS,200,1156,1150,6,2648,0,
SYNC-ACCT-009-BILLING-20260502,2026-05-02,ACCT-009,BILLING,Production,SUCCESS,200,871,864,7,2750,0,
SYNC-ACCT-009-BILLING-20260505,2026-05-05,ACCT-009,BILLING,Production,SUCCESS,200,1622,1612,10,534,0,
SYNC-ACCT-009-BILLING-20260508,2026-05-08,ACCT-009,BILLING,Production,SUCCESS,200,1314,1313,1,1447,0,
SYNC-ACCT-009-BILLING-20260511,2026-05-11,ACCT-009,BILLING,Production,SUCCESS,200,1112,1112,0,1248,0,
SYNC-ACCT-009-BILLING-20260514,2026-05-14,ACCT-009,BILLING,Production,SUCCESS,200,977,976,1,1010,0,
SYNC-ACCT-009-BILLING-20260517,2026-05-17,ACCT-009,BILLING,Production,SUCCESS,200,1152,1147,5,2577,0,
SYNC-ACCT-009-BILLING-20260520,2026-05-20,ACCT-009,BILLING,Production,SUCCESS,200,1453,1441,12,1581,0,
SYNC-ACCT-009-BILLING-20260523,2026-05-23,ACCT-009,BILLING,Production,SUCCESS,200,727,723,4,3133,0,
SYNC-ACCT-009-BILLING-20260526,2026-05-26,ACCT-009,BILLING,Production,SUCCESS,200,794,794,0,1931,0,
SYNC-ACCT-009-BILLING-20260529,2026-05-29,ACCT-009,BILLING,Production,SUCCESS,200,1628,1624,4,2588,0,
SYNC-ACCT-009-BILLING-20260601,2026-06-01,ACCT-009,BILLING,Production,SUCCESS,200,912,907,5,1018,0,
SYNC-ACCT-009-BILLING-20260604,2026-06-04,ACCT-009,BILLING,Production,SUCCESS,200,1545,1538,7,3371,0,
SYNC-ACCT-009-BILLING-20260607,2026-06-07,ACCT-009,BILLING,Production,SUCCESS,200,994,987,7,3117,0,
SYNC-ACCT-009-BILLING-20260610,2026-06-10,ACCT-009,BILLING,Production,SUCCESS,200,1029,1027,2,1418,0,
SYNC-ACCT-009-BILLING-20260613,2026-06-13,ACCT-009,BILLING,Production,SUCCESS,200,1167,1166,1,2142,0,
SYNC-ACCT-009-BILLING-20260616,2026-06-16,ACCT-009,BILLING,Production,SUCCESS,200,957,953,4,727,0,
SYNC-ACCT-009-BILLING-20260619,2026-06-19,ACCT-009,BILLING,Production,SUCCESS,200,1332,1330,2,608,0,
SYNC-ACCT-009-BILLING-20260622,2026-06-22,ACCT-009,BILLING,Production,SUCCESS,200,762,757,5,1851,0,
SYNC-ACCT-009-BILLING-20260625,2026-06-25,ACCT-009,BILLING,Production,SUCCESS,200,1060,1054,6,1536,0,
SYNC-ACCT-009-BILLING-20260628,2026-06-28,ACCT-009,BILLING,Production,SUCCESS,200,987,983,4,2932,0,
SYNC-ACCT-009-PRODUCT-20250922,2025-09-22,ACCT-009,PRODUCT,Production,SUCCESS,200,1204,1198,6,2604,0,
SYNC-ACCT-009-PRODUCT-20250925,2025-09-25,ACCT-009,PRODUCT,Production,SUCCESS,200,1641,1631,10,1677,0,
SYNC-ACCT-009-PRODUCT-20250928,2025-09-28,ACCT-009,PRODUCT,Production,SUCCESS,200,1494,1485,9,2664,0,
SYNC-ACCT-009-PRODUCT-20251001,2025-10-01,ACCT-009,PRODUCT,Production,SUCCESS,200,1376,1369,7,1299,0,
SYNC-ACCT-009-PRODUCT-20251004,2025-10-04,ACCT-009,PRODUCT,Production,SUCCESS,200,1032,1032,0,2138,0,
SYNC-ACCT-009-PRODUCT-20251007,2025-10-07,ACCT-009,PRODUCT,Production,SUCCESS,200,1200,1199,1,1215,0,
SYNC-ACCT-009-PRODUCT-20251010,2025-10-10,ACCT-009,PRODUCT,Production,SUCCESS,200,1372,1372,0,1397,0,
SYNC-ACCT-009-PRODUCT-20251013,2025-10-13,ACCT-009,PRODUCT,Production,SUCCESS,200,992,984,8,2868,0,
SYNC-ACCT-009-PRODUCT-20251016,2025-10-16,ACCT-009,PRODUCT,Production,SUCCESS,200,1560,1553,7,1806,0,
SYNC-ACCT-009-PRODUCT-20251019,2025-10-19,ACCT-009,PRODUCT,Production,SUCCESS,200,1414,1405,9,2053,0,
SYNC-ACCT-009-PRODUCT-20251022,2025-10-22,ACCT-009,PRODUCT,Production,SUCCESS,200,1290,1284,6,791,0,
SYNC-ACCT-009-PRODUCT-20251025,2025-10-25,ACCT-009,PRODUCT,Production,SUCCESS,200,1138,1133,5,2304,0,
SYNC-ACCT-009-PRODUCT-20251028,2025-10-28,ACCT-009,PRODUCT,Production,SUCCESS,200,1049,1046,3,1640,0,
SYNC-ACCT-009-PRODUCT-20251031,2025-10-31,ACCT-009,PRODUCT,Production,SUCCESS,200,870,865,5,1996,0,
SYNC-ACCT-009-PRODUCT-20251103,2025-11-03,ACCT-009,PRODUCT,Production,SUCCESS,200,901,897,4,1489,0,
SYNC-ACCT-009-PRODUCT-20251106,2025-11-06,ACCT-009,PRODUCT,Production,SUCCESS,200,1278,1278,0,1894,0,
SYNC-ACCT-009-PRODUCT-20251109,2025-11-09,ACCT-009,PRODUCT,Production,SUCCESS,200,1161,1156,5,2498,0,
SYNC-ACCT-009-PRODUCT-20251112,2025-11-12,ACCT-009,PRODUCT,Production,SUCCESS,200,1029,1023,6,2570,0,
SYNC-ACCT-009-PRODUCT-20251115,2025-11-15,ACCT-009,PRODUCT,Production,SUCCESS,200,1359,1352,7,501,0,
SYNC-ACCT-009-PRODUCT-20251118,2025-11-18,ACCT-009,PRODUCT,Production,SUCCESS,200,727,724,3,2697,0,
SYNC-ACCT-009-PRODUCT-20251121,2025-11-21,ACCT-009,PRODUCT,Production,SUCCESS,200,869,869,0,2531,0,
SYNC-ACCT-009-PRODUCT-20251124,2025-11-24,ACCT-009,PRODUCT,Production,SUCCESS,200,1064,1059,5,1892,0,
SYNC-ACCT-009-PRODUCT-20251127,2025-11-27,ACCT-009,PRODUCT,Production,SUCCESS,200,1263,1262,1,2074,0,
SYNC-ACCT-009-PRODUCT-20251130,2025-11-30,ACCT-009,PRODUCT,Production,SUCCESS,200,1522,1520,2,553,0,
SYNC-ACCT-009-PRODUCT-20251203,2025-12-03,ACCT-009,PRODUCT,Production,SUCCESS,200,966,962,4,706,0,
SYNC-ACCT-009-PRODUCT-20251206,2025-12-06,ACCT-009,PRODUCT,Production,SUCCESS,200,1117,1110,7,2739,0,
SYNC-ACCT-009-PRODUCT-20251209,2025-12-09,ACCT-009,PRODUCT,Production,SUCCESS,200,1116,1107,9,2236,0,
SYNC-ACCT-009-PRODUCT-20251212,2025-12-12,ACCT-009,PRODUCT,Production,SUCCESS,200,1303,1296,7,2213,0,
SYNC-ACCT-009-PRODUCT-20251215,2025-12-15,ACCT-009,PRODUCT,Production,SUCCESS,200,1371,1361,10,1903,0,
SYNC-ACCT-009-PRODUCT-20251218,2025-12-18,ACCT-009,PRODUCT,Production,SUCCESS,200,1649,1648,1,3329,0,
SYNC-ACCT-009-PRODUCT-20251221,2025-12-21,ACCT-009,PRODUCT,Production,SUCCESS,200,1448,1439,9,803,0,
SYNC-ACCT-009-PRODUCT-20251224,2025-12-24,ACCT-009,PRODUCT,Production,SUCCESS,200,876,874,2,1022,0,
SYNC-ACCT-009-PRODUCT-20251227,2025-12-27,ACCT-009,PRODUCT,Production,SUCCESS,200,1082,1073,9,3113,0,
SYNC-ACCT-009-PRODUCT-20251230,2025-12-30,ACCT-009,PRODUCT,Production,SUCCESS,200,984,982,2,1111,0,
SYNC-ACCT-009-PRODUCT-20260102,2026-01-02,ACCT-009,PRODUCT,Production,SUCCESS,200,1180,1175,5,844,0,
SYNC-ACCT-009-PRODUCT-20260105,2026-01-05,ACCT-009,PRODUCT,Production,SUCCESS,200,757,754,3,1514,0,
SYNC-ACCT-009-PRODUCT-20260108,2026-01-08,ACCT-009,PRODUCT,Production,SUCCESS,200,1392,1391,1,2732,0,
SYNC-ACCT-009-PRODUCT-20260111,2026-01-11,ACCT-009,PRODUCT,Production,SUCCESS,200,1501,1499,2,956,0,
SYNC-ACCT-009-PRODUCT-20260114,2026-01-14,ACCT-009,PRODUCT,Production,SUCCESS,200,1372,1365,7,560,0,
SYNC-ACCT-009-PRODUCT-20260117,2026-01-17,ACCT-009,PRODUCT,Production,SUCCESS,200,773,771,2,1441,0,
SYNC-ACCT-009-PRODUCT-20260120,2026-01-20,ACCT-009,PRODUCT,Production,SUCCESS,200,1549,1546,3,2959,0,
SYNC-ACCT-009-PRODUCT-20260123,2026-01-23,ACCT-009,PRODUCT,Production,SUCCESS,200,910,907,3,2321,0,
SYNC-ACCT-009-PRODUCT-20260126,2026-01-26,ACCT-009,PRODUCT,Production,SUCCESS,200,824,823,1,902,0,
SYNC-ACCT-009-PRODUCT-20260129,2026-01-29,ACCT-009,PRODUCT,Production,SUCCESS,200,732,728,4,897,0,
SYNC-ACCT-009-PRODUCT-20260201,2026-02-01,ACCT-009,PRODUCT,Production,SUCCESS,200,1077,1068,9,527,0,
SYNC-ACCT-009-PRODUCT-20260204,2026-02-04,ACCT-009,PRODUCT,Production,SUCCESS,200,1005,999,6,921,0,
SYNC-ACCT-009-PRODUCT-20260207,2026-02-07,ACCT-009,PRODUCT,Production,SUCCESS,200,1333,1330,3,1014,0,
SYNC-ACCT-009-PRODUCT-20260210,2026-02-10,ACCT-009,PRODUCT,Production,SUCCESS,200,1529,1518,11,1392,0,
SYNC-ACCT-009-PRODUCT-20260213,2026-02-13,ACCT-009,PRODUCT,Production,SUCCESS,200,1260,1254,6,2321,0,
SYNC-ACCT-009-PRODUCT-20260216,2026-02-16,ACCT-009,PRODUCT,Production,SUCCESS,200,1667,1661,6,1164,0,
SYNC-ACCT-009-PRODUCT-20260219,2026-02-19,ACCT-009,PRODUCT,Production,SUCCESS,200,1669,1662,7,2020,0,
SYNC-ACCT-009-PRODUCT-20260222,2026-02-22,ACCT-009,PRODUCT,Production,SUCCESS,200,787,781,6,748,0,
SYNC-ACCT-009-PRODUCT-20260225,2026-02-25,ACCT-009,PRODUCT,Production,SUCCESS,200,1005,1003,2,3076,0,
SYNC-ACCT-009-PRODUCT-20260228,2026-02-28,ACCT-009,PRODUCT,Production,SUCCESS,200,1389,1387,2,1153,0,
SYNC-ACCT-009-PRODUCT-20260303,2026-03-03,ACCT-009,PRODUCT,Production,SUCCESS,200,1631,1627,4,3187,0,
SYNC-ACCT-009-PRODUCT-20260306,2026-03-06,ACCT-009,PRODUCT,Production,SUCCESS,200,1145,1136,9,768,0,
SYNC-ACCT-009-PRODUCT-20260309,2026-03-09,ACCT-009,PRODUCT,Production,SUCCESS,200,1535,1530,5,539,0,
SYNC-ACCT-009-PRODUCT-20260312,2026-03-12,ACCT-009,PRODUCT,Production,SUCCESS,200,839,836,3,2136,0,
SYNC-ACCT-009-PRODUCT-20260315,2026-03-15,ACCT-009,PRODUCT,Production,SUCCESS,200,1206,1200,6,1639,0,
SYNC-ACCT-009-PRODUCT-20260318,2026-03-18,ACCT-009,PRODUCT,Production,SUCCESS,200,1135,1131,4,2082,0,
SYNC-ACCT-009-PRODUCT-20260321,2026-03-21,ACCT-009,PRODUCT,Production,SUCCESS,200,1087,1084,3,1914,0,
SYNC-ACCT-009-PRODUCT-20260324,2026-03-24,ACCT-009,PRODUCT,Production,SUCCESS,200,1306,1298,8,3269,0,
SYNC-ACCT-009-PRODUCT-20260327,2026-03-27,ACCT-009,PRODUCT,Production,SUCCESS,200,883,877,6,2261,0,
SYNC-ACCT-009-PRODUCT-20260330,2026-03-30,ACCT-009,PRODUCT,Production,SUCCESS,200,1242,1234,8,1599,0,
SYNC-ACCT-009-PRODUCT-20260402,2026-04-02,ACCT-009,PRODUCT,Production,SUCCESS,200,1208,1203,5,2056,0,
SYNC-ACCT-009-PRODUCT-20260405,2026-04-05,ACCT-009,PRODUCT,Production,SUCCESS,200,1418,1409,9,3011,0,
SYNC-ACCT-009-PRODUCT-20260408,2026-04-08,ACCT-009,PRODUCT,Production,SUCCESS,200,1655,1647,8,2451,0,
SYNC-ACCT-009-PRODUCT-20260411,2026-04-11,ACCT-009,PRODUCT,Production,SUCCESS,200,866,864,2,2801,0,
SYNC-ACCT-009-PRODUCT-20260414,2026-04-14,ACCT-009,PRODUCT,Production,SUCCESS,200,811,805,6,1846,0,
SYNC-ACCT-009-PRODUCT-20260417,2026-04-17,ACCT-009,PRODUCT,Production,SUCCESS,200,1338,1330,8,660,0,
SYNC-ACCT-009-PRODUCT-20260420,2026-04-20,ACCT-009,PRODUCT,Production,SUCCESS,200,1277,1271,6,2324,0,
SYNC-ACCT-009-PRODUCT-20260423,2026-04-23,ACCT-009,PRODUCT,Production,SUCCESS,200,1355,1351,4,2841,0,
SYNC-ACCT-009-PRODUCT-20260426,2026-04-26,ACCT-009,PRODUCT,Production,SUCCESS,200,1592,1584,8,2362,0,
SYNC-ACCT-009-PRODUCT-20260429,2026-04-29,ACCT-009,PRODUCT,Production,SUCCESS,200,1098,1093,5,1587,0,
SYNC-ACCT-009-PRODUCT-20260502,2026-05-02,ACCT-009,PRODUCT,Production,SUCCESS,200,1260,1257,3,2912,0,
SYNC-ACCT-009-PRODUCT-20260505,2026-05-05,ACCT-009,PRODUCT,Production,FAILED,503,1641,0,1641,1955,2,UPSTREAM_UNAVAILABLE
SYNC-ACCT-009-PRODUCT-20260508,2026-05-08,ACCT-009,PRODUCT,Production,SUCCESS,200,1156,1156,0,1439,0,
SYNC-ACCT-009-PRODUCT-20260511,2026-05-11,ACCT-009,PRODUCT,Production,SUCCESS,200,795,795,0,1489,0,
SYNC-ACCT-009-PRODUCT-20260514,2026-05-14,ACCT-009,PRODUCT,Production,SUCCESS,200,829,824,5,1725,0,
SYNC-ACCT-009-PRODUCT-20260517,2026-05-17,ACCT-009,PRODUCT,Production,SUCCESS,200,1208,1206,2,3119,0,
SYNC-ACCT-009-PRODUCT-20260520,2026-05-20,ACCT-009,PRODUCT,Production,SUCCESS,200,1131,1131,0,2264,0,
SYNC-ACCT-009-PRODUCT-20260523,2026-05-23,ACCT-009,PRODUCT,Production,SUCCESS,200,1019,1016,3,3158,0,
SYNC-ACCT-009-PRODUCT-20260526,2026-05-26,ACCT-009,PRODUCT,Production,SUCCESS,200,1657,1645,12,1617,0,
SYNC-ACCT-009-PRODUCT-20260529,2026-05-29,ACCT-009,PRODUCT,Production,SUCCESS,200,1135,1134,1,1218,0,
SYNC-ACCT-009-PRODUCT-20260601,2026-06-01,ACCT-009,PRODUCT,Production,SUCCESS,200,1632,1629,3,1247,0,
SYNC-ACCT-009-PRODUCT-20260604,2026-06-04,ACCT-009,PRODUCT,Production,SUCCESS,200,1587,1587,0,3204,0,
SYNC-ACCT-009-PRODUCT-20260607,2026-06-07,ACCT-009,PRODUCT,Production,SUCCESS,200,1160,1158,2,2569,0,
SYNC-ACCT-009-PRODUCT-20260610,2026-06-10,ACCT-009,PRODUCT,Production,SUCCESS,200,1045,1042,3,1751,0,
SYNC-ACCT-009-PRODUCT-20260613,2026-06-13,ACCT-009,PRODUCT,Production,SUCCESS,200,910,904,6,996,0,
SYNC-ACCT-009-PRODUCT-20260616,2026-06-16,ACCT-009,PRODUCT,Production,FAILED,503,1404,0,1404,1878,2,UPSTREAM_UNAVAILABLE
SYNC-ACCT-009-PRODUCT-20260619,2026-06-19,ACCT-009,PRODUCT,Production,SUCCESS,200,1437,1437,0,2685,0,
SYNC-ACCT-009-PRODUCT-20260622,2026-06-22,ACCT-009,PRODUCT,Production,SUCCESS,200,1247,1243,4,1519,0,
SYNC-ACCT-009-PRODUCT-20260625,2026-06-25,ACCT-009,PRODUCT,Production,SUCCESS,200,1156,1148,8,1755,0,
SYNC-ACCT-009-PRODUCT-20260628,2026-06-28,ACCT-009,PRODUCT,Production,SUCCESS,200,826,819,7,866,0,
SYNC-ACCT-010-CRM-20250928,2025-09-28,ACCT-010,CRM,Production,SUCCESS,200,1183,1178,5,3300,0,
SYNC-ACCT-010-CRM-20251001,2025-10-01,ACCT-010,CRM,Production,SUCCESS,200,1088,1086,2,2587,0,
SYNC-ACCT-010-CRM-20251004,2025-10-04,ACCT-010,CRM,Production,SUCCESS,200,1596,1588,8,3150,0,
SYNC-ACCT-010-CRM-20251007,2025-10-07,ACCT-010,CRM,Production,SUCCESS,200,1548,1542,6,2232,0,
SYNC-ACCT-010-CRM-20251010,2025-10-10,ACCT-010,CRM,Production,SUCCESS,200,1257,1248,9,2965,0,
SYNC-ACCT-010-CRM-20251013,2025-10-13,ACCT-010,CRM,Production,SUCCESS,200,930,926,4,989,0,
SYNC-ACCT-010-CRM-20251016,2025-10-16,ACCT-010,CRM,Production,SUCCESS,200,1504,1493,11,1510,0,
SYNC-ACCT-010-CRM-20251019,2025-10-19,ACCT-010,CRM,Production,SUCCESS,200,1082,1077,5,3146,0,
SYNC-ACCT-010-CRM-20251022,2025-10-22,ACCT-010,CRM,Production,SUCCESS,200,1310,1302,8,2853,0,
SYNC-ACCT-010-CRM-20251025,2025-10-25,ACCT-010,CRM,Production,SUCCESS,200,1345,1344,1,2556,0,
SYNC-ACCT-010-CRM-20251028,2025-10-28,ACCT-010,CRM,Production,SUCCESS,200,944,940,4,1851,0,
SYNC-ACCT-010-CRM-20251031,2025-10-31,ACCT-010,CRM,Production,SUCCESS,200,1406,1400,6,3317,0,
SYNC-ACCT-010-CRM-20251103,2025-11-03,ACCT-010,CRM,Production,SUCCESS,200,823,817,6,812,0,
SYNC-ACCT-010-CRM-20251106,2025-11-06,ACCT-010,CRM,Production,SUCCESS,200,1276,1267,9,1284,0,
SYNC-ACCT-010-CRM-20251109,2025-11-09,ACCT-010,CRM,Production,SUCCESS,200,1159,1155,4,2629,0,
SYNC-ACCT-010-CRM-20251112,2025-11-12,ACCT-010,CRM,Production,SUCCESS,200,1252,1246,6,2520,0,
SYNC-ACCT-010-CRM-20251115,2025-11-15,ACCT-010,CRM,Production,SUCCESS,200,1647,1636,11,2526,0,
SYNC-ACCT-010-CRM-20251118,2025-11-18,ACCT-010,CRM,Production,SUCCESS,200,853,849,4,2033,0,
SYNC-ACCT-010-CRM-20251121,2025-11-21,ACCT-010,CRM,Production,SUCCESS,200,1138,1138,0,731,0,
SYNC-ACCT-010-CRM-20251124,2025-11-24,ACCT-010,CRM,Production,SUCCESS,200,776,775,1,3291,0,
SYNC-ACCT-010-CRM-20251127,2025-11-27,ACCT-010,CRM,Production,SUCCESS,200,1019,1011,8,1479,0,
SYNC-ACCT-010-CRM-20251130,2025-11-30,ACCT-010,CRM,Production,SUCCESS,200,1249,1246,3,2422,0,
SYNC-ACCT-010-CRM-20251203,2025-12-03,ACCT-010,CRM,Production,SUCCESS,200,1066,1062,4,642,0,
SYNC-ACCT-010-CRM-20251206,2025-12-06,ACCT-010,CRM,Production,SUCCESS,200,774,770,4,2841,0,
SYNC-ACCT-010-CRM-20251209,2025-12-09,ACCT-010,CRM,Production,SUCCESS,200,1571,1571,0,1226,0,
SYNC-ACCT-010-CRM-20251212,2025-12-12,ACCT-010,CRM,Production,SUCCESS,200,989,985,4,2170,0,
SYNC-ACCT-010-CRM-20251215,2025-12-15,ACCT-010,CRM,Production,SUCCESS,200,1178,1173,5,1456,0,
SYNC-ACCT-010-CRM-20251218,2025-12-18,ACCT-010,CRM,Production,SUCCESS,200,954,951,3,740,0,
SYNC-ACCT-010-CRM-20251221,2025-12-21,ACCT-010,CRM,Production,SUCCESS,200,1465,1454,11,1378,0,
SYNC-ACCT-010-CRM-20251224,2025-12-24,ACCT-010,CRM,Production,SUCCESS,200,1413,1412,1,2953,0,
SYNC-ACCT-010-CRM-20251227,2025-12-27,ACCT-010,CRM,Production,SUCCESS,200,1316,1312,4,2195,0,
SYNC-ACCT-010-CRM-20251230,2025-12-30,ACCT-010,CRM,Production,SUCCESS,200,914,913,1,1363,0,
SYNC-ACCT-010-CRM-20260102,2026-01-02,ACCT-010,CRM,Production,SUCCESS,200,903,901,2,2620,0,
SYNC-ACCT-010-CRM-20260105,2026-01-05,ACCT-010,CRM,Production,SUCCESS,200,810,809,1,2891,0,
SYNC-ACCT-010-CRM-20260108,2026-01-08,ACCT-010,CRM,Production,SUCCESS,200,1636,1625,11,1506,0,
SYNC-ACCT-010-CRM-20260111,2026-01-11,ACCT-010,CRM,Production,SUCCESS,200,1206,1201,5,1288,0,
SYNC-ACCT-010-CRM-20260114,2026-01-14,ACCT-010,CRM,Production,SUCCESS,200,1163,1158,5,786,0,
SYNC-ACCT-010-CRM-20260117,2026-01-17,ACCT-010,CRM,Production,SUCCESS,200,1357,1356,1,2082,0,
SYNC-ACCT-010-CRM-20260120,2026-01-20,ACCT-010,CRM,Production,SUCCESS,200,733,728,5,2169,0,
SYNC-ACCT-010-CRM-20260123,2026-01-23,ACCT-010,CRM,Production,SUCCESS,200,1265,1259,6,2546,0,
SYNC-ACCT-010-CRM-20260126,2026-01-26,ACCT-010,CRM,Production,SUCCESS,200,1018,1012,6,1428,0,
SYNC-ACCT-010-CRM-20260129,2026-01-29,ACCT-010,CRM,Production,SUCCESS,200,1333,1323,10,2877,0,
SYNC-ACCT-010-CRM-20260201,2026-02-01,ACCT-010,CRM,Production,SUCCESS,200,726,722,4,3248,0,
SYNC-ACCT-010-CRM-20260204,2026-02-04,ACCT-010,CRM,Production,SUCCESS,200,1662,1653,9,2524,0,
SYNC-ACCT-010-CRM-20260207,2026-02-07,ACCT-010,CRM,Production,SUCCESS,200,1616,1604,12,2629,0,
SYNC-ACCT-010-CRM-20260210,2026-02-10,ACCT-010,CRM,Production,SUCCESS,200,1110,1102,8,2813,0,
SYNC-ACCT-010-CRM-20260213,2026-02-13,ACCT-010,CRM,Production,SUCCESS,200,934,932,2,1739,0,
SYNC-ACCT-010-CRM-20260216,2026-02-16,ACCT-010,CRM,Production,SUCCESS,200,1369,1368,1,527,0,
SYNC-ACCT-010-CRM-20260219,2026-02-19,ACCT-010,CRM,Production,SUCCESS,200,1569,1565,4,813,0,
SYNC-ACCT-010-CRM-20260222,2026-02-22,ACCT-010,CRM,Production,SUCCESS,200,1488,1488,0,2673,0,
SYNC-ACCT-010-CRM-20260225,2026-02-25,ACCT-010,CRM,Production,SUCCESS,200,1510,1500,10,3311,0,
SYNC-ACCT-010-CRM-20260228,2026-02-28,ACCT-010,CRM,Production,SUCCESS,200,1268,1268,0,925,0,
SYNC-ACCT-010-CRM-20260303,2026-03-03,ACCT-010,CRM,Production,SUCCESS,200,876,876,0,2623,0,
SYNC-ACCT-010-CRM-20260306,2026-03-06,ACCT-010,CRM,Production,SUCCESS,200,724,719,5,1774,0,
SYNC-ACCT-010-CRM-20260309,2026-03-09,ACCT-010,CRM,Production,SUCCESS,200,786,784,2,528,0,
SYNC-ACCT-010-CRM-20260312,2026-03-12,ACCT-010,CRM,Production,FAILED,503,1649,0,1649,721,2,UPSTREAM_UNAVAILABLE
SYNC-ACCT-010-CRM-20260315,2026-03-15,ACCT-010,CRM,Production,SUCCESS,200,1380,1375,5,2014,0,
SYNC-ACCT-010-CRM-20260318,2026-03-18,ACCT-010,CRM,Production,SUCCESS,200,1674,1664,10,3229,0,
SYNC-ACCT-010-CRM-20260321,2026-03-21,ACCT-010,CRM,Production,SUCCESS,200,1477,1474,3,1022,0,
SYNC-ACCT-010-CRM-20260324,2026-03-24,ACCT-010,CRM,Production,SUCCESS,200,1602,1591,11,2925,0,
SYNC-ACCT-010-CRM-20260327,2026-03-27,ACCT-010,CRM,Production,SUCCESS,200,1495,1485,10,1090,0,
SYNC-ACCT-010-CRM-20260330,2026-03-30,ACCT-010,CRM,Production,SUCCESS,200,1253,1243,10,2535,0,
SYNC-ACCT-010-CRM-20260402,2026-04-02,ACCT-010,CRM,Production,SUCCESS,200,955,950,5,795,0,
SYNC-ACCT-010-CRM-20260405,2026-04-05,ACCT-010,CRM,Production,SUCCESS,200,1277,1272,5,1849,0,
SYNC-ACCT-010-CRM-20260408,2026-04-08,ACCT-010,CRM,Production,SUCCESS,200,827,823,4,1616,0,
SYNC-ACCT-010-CRM-20260411,2026-04-11,ACCT-010,CRM,Production,SUCCESS,200,1556,1547,9,522,0,
SYNC-ACCT-010-CRM-20260414,2026-04-14,ACCT-010,CRM,Production,SUCCESS,200,1354,1350,4,2632,0,
SYNC-ACCT-010-CRM-20260417,2026-04-17,ACCT-010,CRM,Production,SUCCESS,200,1611,1600,11,740,0,
SYNC-ACCT-010-CRM-20260420,2026-04-20,ACCT-010,CRM,Production,SUCCESS,200,1594,1593,1,970,0,
SYNC-ACCT-010-CRM-20260423,2026-04-23,ACCT-010,CRM,Production,SUCCESS,200,1083,1078,5,2137,0,
SYNC-ACCT-010-CRM-20260426,2026-04-26,ACCT-010,CRM,Production,SUCCESS,200,1390,1388,2,2865,0,
SYNC-ACCT-010-CRM-20260429,2026-04-29,ACCT-010,CRM,Production,SUCCESS,200,1424,1415,9,1859,0,
SYNC-ACCT-010-CRM-20260502,2026-05-02,ACCT-010,CRM,Production,SUCCESS,200,1321,1312,9,529,0,
SYNC-ACCT-010-CRM-20260505,2026-05-05,ACCT-010,CRM,Production,SUCCESS,200,933,931,2,2329,0,
SYNC-ACCT-010-CRM-20260508,2026-05-08,ACCT-010,CRM,Production,SUCCESS,200,986,982,4,2418,0,
SYNC-ACCT-010-CRM-20260511,2026-05-11,ACCT-010,CRM,Production,SUCCESS,200,1653,1644,9,2671,0,
SYNC-ACCT-010-CRM-20260514,2026-05-14,ACCT-010,CRM,Production,SUCCESS,200,1278,1272,6,2911,0,
SYNC-ACCT-010-CRM-20260517,2026-05-17,ACCT-010,CRM,Production,SUCCESS,200,1135,1128,7,2481,0,
SYNC-ACCT-010-CRM-20260520,2026-05-20,ACCT-010,CRM,Production,SUCCESS,200,1524,1522,2,1402,0,
SYNC-ACCT-010-CRM-20260523,2026-05-23,ACCT-010,CRM,Production,SUCCESS,200,1122,1115,7,746,0,
SYNC-ACCT-010-CRM-20260526,2026-05-26,ACCT-010,CRM,Production,SUCCESS,200,1647,1644,3,707,0,
SYNC-ACCT-010-CRM-20260529,2026-05-29,ACCT-010,CRM,Production,SUCCESS,200,1464,1452,12,924,0,
SYNC-ACCT-010-CRM-20260601,2026-06-01,ACCT-010,CRM,Production,SUCCESS,200,1558,1551,7,1628,0,
SYNC-ACCT-010-CRM-20260604,2026-06-04,ACCT-010,CRM,Production,SUCCESS,200,989,989,0,2930,0,
SYNC-ACCT-010-CRM-20260607,2026-06-07,ACCT-010,CRM,Production,SUCCESS,200,1007,1002,5,2504,0,
SYNC-ACCT-010-CRM-20260610,2026-06-10,ACCT-010,CRM,Production,SUCCESS,200,1014,1013,1,2810,0,
SYNC-ACCT-010-CRM-20260613,2026-06-13,ACCT-010,CRM,Production,SUCCESS,200,767,767,0,1118,0,
SYNC-ACCT-010-CRM-20260616,2026-06-16,ACCT-010,CRM,Production,SUCCESS,200,1385,1385,0,979,0,
SYNC-ACCT-010-CRM-20260619,2026-06-19,ACCT-010,CRM,Production,SUCCESS,200,1074,1065,9,1234,0,
SYNC-ACCT-010-CRM-20260622,2026-06-22,ACCT-010,CRM,Production,SUCCESS,200,1010,1002,8,1903,0,
SYNC-ACCT-010-CRM-20260625,2026-06-25,ACCT-010,CRM,Production,SUCCESS,200,889,889,0,884,0,
SYNC-ACCT-010-CRM-20260628,2026-06-28,ACCT-010,CRM,Production,SUCCESS,200,1420,1411,9,1607,0,
SYNC-ACCT-010-BILLING-20250928,2025-09-28,ACCT-010,BILLING,Production,SUCCESS,200,1292,1282,10,2511,0,
SYNC-ACCT-010-BILLING-20251001,2025-10-01,ACCT-010,BILLING,Production,SUCCESS,200,745,744,1,2155,0,
SYNC-ACCT-010-BILLING-20251004,2025-10-04,ACCT-010,BILLING,Production,SUCCESS,200,911,907,4,1055,0,
SYNC-ACCT-010-BILLING-20251007,2025-10-07,ACCT-010,BILLING,Production,SUCCESS,200,1487,1476,11,2598,0,
SYNC-ACCT-010-BILLING-20251010,2025-10-10,ACCT-010,BILLING,Production,SUCCESS,200,1292,1289,3,1744,0,
SYNC-ACCT-010-BILLING-20251013,2025-10-13,ACCT-010,BILLING,Production,SUCCESS,200,1629,1625,4,2479,0,
SYNC-ACCT-010-BILLING-20251016,2025-10-16,ACCT-010,BILLING,Production,SUCCESS,200,1553,1553,0,2048,0,
SYNC-ACCT-010-BILLING-20251019,2025-10-19,ACCT-010,BILLING,Production,SUCCESS,200,1050,1048,2,2588,0,
SYNC-ACCT-010-BILLING-20251022,2025-10-22,ACCT-010,BILLING,Production,SUCCESS,200,1345,1339,6,744,0,
SYNC-ACCT-010-BILLING-20251025,2025-10-25,ACCT-010,BILLING,Production,SUCCESS,200,1057,1052,5,2328,0,
SYNC-ACCT-010-BILLING-20251028,2025-10-28,ACCT-010,BILLING,Production,SUCCESS,200,869,862,7,2416,0,
SYNC-ACCT-010-BILLING-20251031,2025-10-31,ACCT-010,BILLING,Production,SUCCESS,200,899,895,4,860,0,
SYNC-ACCT-010-BILLING-20251103,2025-11-03,ACCT-010,BILLING,Production,SUCCESS,200,917,915,2,1863,0,
SYNC-ACCT-010-BILLING-20251106,2025-11-06,ACCT-010,BILLING,Production,SUCCESS,200,1237,1227,10,3137,0,
SYNC-ACCT-010-BILLING-20251109,2025-11-09,ACCT-010,BILLING,Production,SUCCESS,200,978,971,7,2772,0,
SYNC-ACCT-010-BILLING-20251112,2025-11-12,ACCT-010,BILLING,Production,FAILED,503,1414,0,1414,2305,2,UPSTREAM_UNAVAILABLE
SYNC-ACCT-010-BILLING-20251115,2025-11-15,ACCT-010,BILLING,Production,SUCCESS,200,1132,1131,1,1116,0,
SYNC-ACCT-010-BILLING-20251118,2025-11-18,ACCT-010,BILLING,Production,SUCCESS,200,1239,1234,5,2775,0,
SYNC-ACCT-010-BILLING-20251121,2025-11-21,ACCT-010,BILLING,Production,SUCCESS,200,1521,1513,8,1346,0,
SYNC-ACCT-010-BILLING-20251124,2025-11-24,ACCT-010,BILLING,Production,SUCCESS,200,1581,1568,13,1187,0,
SYNC-ACCT-010-BILLING-20251127,2025-11-27,ACCT-010,BILLING,Production,SUCCESS,200,1310,1306,4,3014,0,
SYNC-ACCT-010-BILLING-20251130,2025-11-30,ACCT-010,BILLING,Production,SUCCESS,200,1322,1312,10,3280,0,
SYNC-ACCT-010-BILLING-20251203,2025-12-03,ACCT-010,BILLING,Production,SUCCESS,200,1515,1513,2,1000,0,
SYNC-ACCT-010-BILLING-20251206,2025-12-06,ACCT-010,BILLING,Production,SUCCESS,200,750,744,6,1035,0,
SYNC-ACCT-010-BILLING-20251209,2025-12-09,ACCT-010,BILLING,Production,SUCCESS,200,1019,1013,6,621,0,
SYNC-ACCT-010-BILLING-20251212,2025-12-12,ACCT-010,BILLING,Production,SUCCESS,200,1432,1428,4,2043,0,
SYNC-ACCT-010-BILLING-20251215,2025-12-15,ACCT-010,BILLING,Production,SUCCESS,200,1202,1194,8,1669,0,
SYNC-ACCT-010-BILLING-20251218,2025-12-18,ACCT-010,BILLING,Production,SUCCESS,200,1306,1300,6,2434,0,
SYNC-ACCT-010-BILLING-20251221,2025-12-21,ACCT-010,BILLING,Production,SUCCESS,200,962,959,3,1089,0,
SYNC-ACCT-010-BILLING-20251224,2025-12-24,ACCT-010,BILLING,Production,SUCCESS,200,1506,1499,7,2073,0,
SYNC-ACCT-010-BILLING-20251227,2025-12-27,ACCT-010,BILLING,Production,SUCCESS,200,1120,1115,5,2293,0,
SYNC-ACCT-010-BILLING-20251230,2025-12-30,ACCT-010,BILLING,Production,SUCCESS,200,857,855,2,3075,0,
SYNC-ACCT-010-BILLING-20260102,2026-01-02,ACCT-010,BILLING,Production,SUCCESS,200,1220,1216,4,1879,0,
SYNC-ACCT-010-BILLING-20260105,2026-01-05,ACCT-010,BILLING,Production,SUCCESS,200,807,803,4,1874,0,
SYNC-ACCT-010-BILLING-20260108,2026-01-08,ACCT-010,BILLING,Production,SUCCESS,200,1405,1395,10,743,0,
SYNC-ACCT-010-BILLING-20260111,2026-01-11,ACCT-010,BILLING,Production,SUCCESS,200,1241,1232,9,1018,0,
SYNC-ACCT-010-BILLING-20260114,2026-01-14,ACCT-010,BILLING,Production,SUCCESS,200,1393,1387,6,2048,0,
SYNC-ACCT-010-BILLING-20260117,2026-01-17,ACCT-010,BILLING,Production,SUCCESS,200,1471,1469,2,794,0,
SYNC-ACCT-010-BILLING-20260120,2026-01-20,ACCT-010,BILLING,Production,SUCCESS,200,959,951,8,1629,0,
SYNC-ACCT-010-BILLING-20260123,2026-01-23,ACCT-010,BILLING,Production,SUCCESS,200,886,879,7,2334,0,
SYNC-ACCT-010-BILLING-20260126,2026-01-26,ACCT-010,BILLING,Production,SUCCESS,200,1022,1014,8,997,0,
SYNC-ACCT-010-BILLING-20260129,2026-01-29,ACCT-010,BILLING,Production,SUCCESS,200,1596,1590,6,523,0,
SYNC-ACCT-010-BILLING-20260201,2026-02-01,ACCT-010,BILLING,Production,SUCCESS,200,1626,1621,5,621,0,
SYNC-ACCT-010-BILLING-20260204,2026-02-04,ACCT-010,BILLING,Production,SUCCESS,200,1124,1120,4,3089,0,
SYNC-ACCT-010-BILLING-20260207,2026-02-07,ACCT-010,BILLING,Production,SUCCESS,200,753,751,2,1908,0,
SYNC-ACCT-010-BILLING-20260210,2026-02-10,ACCT-010,BILLING,Production,SUCCESS,200,1314,1305,9,2821,0,
SYNC-ACCT-010-BILLING-20260213,2026-02-13,ACCT-010,BILLING,Production,SUCCESS,200,1080,1075,5,855,0,
SYNC-ACCT-010-BILLING-20260216,2026-02-16,ACCT-010,BILLING,Production,SUCCESS,200,1064,1057,7,2265,0,
SYNC-ACCT-010-BILLING-20260219,2026-02-19,ACCT-010,BILLING,Production,SUCCESS,200,780,779,1,2220,0,
SYNC-ACCT-010-BILLING-20260222,2026-02-22,ACCT-010,BILLING,Production,SUCCESS,200,1042,1037,5,2330,0,
SYNC-ACCT-010-BILLING-20260225,2026-02-25,ACCT-010,BILLING,Production,SUCCESS,200,1243,1235,8,1800,0,
SYNC-ACCT-010-BILLING-20260228,2026-02-28,ACCT-010,BILLING,Production,SUCCESS,200,836,830,6,2261,0,
SYNC-ACCT-010-BILLING-20260303,2026-03-03,ACCT-010,BILLING,Production,SUCCESS,200,1017,1017,0,2192,0,
SYNC-ACCT-010-BILLING-20260306,2026-03-06,ACCT-010,BILLING,Production,SUCCESS,200,1002,997,5,2185,0,
SYNC-ACCT-010-BILLING-20260309,2026-03-09,ACCT-010,BILLING,Production,SUCCESS,200,1084,1081,3,710,0,
SYNC-ACCT-010-BILLING-20260312,2026-03-12,ACCT-010,BILLING,Production,SUCCESS,200,772,769,3,1969,0,
SYNC-ACCT-010-BILLING-20260315,2026-03-15,ACCT-010,BILLING,Production,SUCCESS,200,1071,1066,5,915,0,
SYNC-ACCT-010-BILLING-20260318,2026-03-18,ACCT-010,BILLING,Production,SUCCESS,200,1186,1183,3,1406,0,
SYNC-ACCT-010-BILLING-20260321,2026-03-21,ACCT-010,BILLING,Production,SUCCESS,200,1400,1399,1,2390,0,
SYNC-ACCT-010-BILLING-20260324,2026-03-24,ACCT-010,BILLING,Production,SUCCESS,200,1242,1235,7,2555,0,
SYNC-ACCT-010-BILLING-20260327,2026-03-27,ACCT-010,BILLING,Production,SUCCESS,200,1318,1316,2,3272,0,
SYNC-ACCT-010-BILLING-20260330,2026-03-30,ACCT-010,BILLING,Production,SUCCESS,200,1674,1669,5,1952,0,
SYNC-ACCT-010-BILLING-20260402,2026-04-02,ACCT-010,BILLING,Production,SUCCESS,200,1419,1411,8,2562,0,
SYNC-ACCT-010-BILLING-20260405,2026-04-05,ACCT-010,BILLING,Production,SUCCESS,200,1065,1059,6,2163,0,
SYNC-ACCT-010-BILLING-20260408,2026-04-08,ACCT-010,BILLING,Production,SUCCESS,200,1563,1562,1,1852,0,
SYNC-ACCT-010-BILLING-20260411,2026-04-11,ACCT-010,BILLING,Production,SUCCESS,200,1497,1485,12,1603,0,
SYNC-ACCT-010-BILLING-20260414,2026-04-14,ACCT-010,BILLING,Production,SUCCESS,200,1569,1567,2,765,0,
SYNC-ACCT-010-BILLING-20260417,2026-04-17,ACCT-010,BILLING,Production,SUCCESS,200,989,984,5,1176,0,
SYNC-ACCT-010-BILLING-20260420,2026-04-20,ACCT-010,BILLING,Production,SUCCESS,200,1171,1169,2,3303,0,
SYNC-ACCT-010-BILLING-20260423,2026-04-23,ACCT-010,BILLING,Production,SUCCESS,200,1535,1526,9,1800,0,
SYNC-ACCT-010-BILLING-20260426,2026-04-26,ACCT-010,BILLING,Production,SUCCESS,200,1202,1195,7,761,0,
SYNC-ACCT-010-BILLING-20260429,2026-04-29,ACCT-010,BILLING,Production,SUCCESS,200,1646,1637,9,1123,0,
SYNC-ACCT-010-BILLING-20260502,2026-05-02,ACCT-010,BILLING,Production,SUCCESS,200,1583,1574,9,1540,0,
SYNC-ACCT-010-BILLING-20260505,2026-05-05,ACCT-010,BILLING,Production,SUCCESS,200,1521,1521,0,1597,0,
SYNC-ACCT-010-BILLING-20260508,2026-05-08,ACCT-010,BILLING,Production,SUCCESS,200,1637,1633,4,1677,0,
SYNC-ACCT-010-BILLING-20260511,2026-05-11,ACCT-010,BILLING,Production,SUCCESS,200,1361,1350,11,1344,0,
SYNC-ACCT-010-BILLING-20260514,2026-05-14,ACCT-010,BILLING,Production,SUCCESS,200,1610,1606,4,2113,0,
SYNC-ACCT-010-BILLING-20260517,2026-05-17,ACCT-010,BILLING,Production,SUCCESS,200,1355,1346,9,1238,0,
SYNC-ACCT-010-BILLING-20260520,2026-05-20,ACCT-010,BILLING,Production,SUCCESS,200,1257,1253,4,2742,0,
SYNC-ACCT-010-BILLING-20260523,2026-05-23,ACCT-010,BILLING,Production,SUCCESS,200,1289,1280,9,2632,0,
SYNC-ACCT-010-BILLING-20260526,2026-05-26,ACCT-010,BILLING,Production,SUCCESS,200,1559,1558,1,2782,0,
SYNC-ACCT-010-BILLING-20260529,2026-05-29,ACCT-010,BILLING,Production,SUCCESS,200,1132,1124,8,3182,0,
SYNC-ACCT-010-BILLING-20260601,2026-06-01,ACCT-010,BILLING,Production,SUCCESS,200,1161,1161,0,526,0,
SYNC-ACCT-010-BILLING-20260604,2026-06-04,ACCT-010,BILLING,Production,SUCCESS,200,1509,1509,0,1081,0,
SYNC-ACCT-010-BILLING-20260607,2026-06-07,ACCT-010,BILLING,Production,SUCCESS,200,943,937,6,3232,0,
SYNC-ACCT-010-BILLING-20260610,2026-06-10,ACCT-010,BILLING,Production,SUCCESS,200,1576,1572,4,2930,0,
SYNC-ACCT-010-BILLING-20260613,2026-06-13,ACCT-010,BILLING,Production,SUCCESS,200,1526,1524,2,2798,0,
SYNC-ACCT-010-BILLING-20260616,2026-06-16,ACCT-010,BILLING,Production,SUCCESS,200,1157,1156,1,1584,0,
SYNC-ACCT-010-BILLING-20260619,2026-06-19,ACCT-010,BILLING,Production,SUCCESS,200,757,756,1,1657,0,
SYNC-ACCT-010-BILLING-20260622,2026-06-22,ACCT-010,BILLING,Production,SUCCESS,200,1608,1605,3,867,0,
SYNC-ACCT-010-BILLING-20260625,2026-06-25,ACCT-010,BILLING,Production,SUCCESS,200,1487,1487,0,507,0,
SYNC-ACCT-010-BILLING-20260628,2026-06-28,ACCT-010,BILLING,Production,SUCCESS,200,747,743,4,658,0,
SYNC-ACCT-010-PRODUCT-20250928,2025-09-28,ACCT-010,PRODUCT,Production,SUCCESS,200,1038,1038,0,1917,0,
SYNC-ACCT-010-PRODUCT-20251001,2025-10-01,ACCT-010,PRODUCT,Production,SUCCESS,200,1084,1082,2,666,0,
SYNC-ACCT-010-PRODUCT-20251004,2025-10-04,ACCT-010,PRODUCT,Production,SUCCESS,200,1313,1312,1,650,0,
SYNC-ACCT-010-PRODUCT-20251007,2025-10-07,ACCT-010,PRODUCT,Production,SUCCESS,200,839,834,5,3370,0,
SYNC-ACCT-010-PRODUCT-20251010,2025-10-10,ACCT-010,PRODUCT,Production,SUCCESS,200,1172,1165,7,2075,0,
SYNC-ACCT-010-PRODUCT-20251013,2025-10-13,ACCT-010,PRODUCT,Production,SUCCESS,200,846,844,2,1929,0,
SYNC-ACCT-010-PRODUCT-20251016,2025-10-16,ACCT-010,PRODUCT,Production,SUCCESS,200,1487,1481,6,2991,0,
SYNC-ACCT-010-PRODUCT-20251019,2025-10-19,ACCT-010,PRODUCT,Production,SUCCESS,200,1353,1348,5,1917,0,
SYNC-ACCT-010-PRODUCT-20251022,2025-10-22,ACCT-010,PRODUCT,Production,SUCCESS,200,1351,1350,1,761,0,
SYNC-ACCT-010-PRODUCT-20251025,2025-10-25,ACCT-010,PRODUCT,Production,SUCCESS,200,1481,1471,10,2737,0,
SYNC-ACCT-010-PRODUCT-20251028,2025-10-28,ACCT-010,PRODUCT,Production,SUCCESS,200,996,990,6,2419,0,
SYNC-ACCT-010-PRODUCT-20251031,2025-10-31,ACCT-010,PRODUCT,Production,SUCCESS,200,1282,1280,2,1328,0,
SYNC-ACCT-010-PRODUCT-20251103,2025-11-03,ACCT-010,PRODUCT,Production,SUCCESS,200,1279,1275,4,1168,0,
SYNC-ACCT-010-PRODUCT-20251106,2025-11-06,ACCT-010,PRODUCT,Production,SUCCESS,200,1304,1294,10,2865,0,
SYNC-ACCT-010-PRODUCT-20251109,2025-11-09,ACCT-010,PRODUCT,Production,SUCCESS,200,974,972,2,2982,0,
SYNC-ACCT-010-PRODUCT-20251112,2025-11-12,ACCT-010,PRODUCT,Production,SUCCESS,200,1345,1342,3,2114,0,
SYNC-ACCT-010-PRODUCT-20251115,2025-11-15,ACCT-010,PRODUCT,Production,SUCCESS,200,1284,1283,1,2088,0,
SYNC-ACCT-010-PRODUCT-20251118,2025-11-18,ACCT-010,PRODUCT,Production,SUCCESS,200,1508,1500,8,3130,0,
SYNC-ACCT-010-PRODUCT-20251121,2025-11-21,ACCT-010,PRODUCT,Production,SUCCESS,200,928,927,1,661,0,
SYNC-ACCT-010-PRODUCT-20251124,2025-11-24,ACCT-010,PRODUCT,Production,SUCCESS,200,1260,1259,1,2616,0,
SYNC-ACCT-010-PRODUCT-20251127,2025-11-27,ACCT-010,PRODUCT,Production,SUCCESS,200,996,988,8,1317,0,
SYNC-ACCT-010-PRODUCT-20251130,2025-11-30,ACCT-010,PRODUCT,Production,SUCCESS,200,1034,1026,8,2147,0,
SYNC-ACCT-010-PRODUCT-20251203,2025-12-03,ACCT-010,PRODUCT,Production,SUCCESS,200,1362,1354,8,1786,0,
SYNC-ACCT-010-PRODUCT-20251206,2025-12-06,ACCT-010,PRODUCT,Production,SUCCESS,200,1032,1025,7,1545,0,
SYNC-ACCT-010-PRODUCT-20251209,2025-12-09,ACCT-010,PRODUCT,Production,SUCCESS,200,793,789,4,1791,0,
SYNC-ACCT-010-PRODUCT-20251212,2025-12-12,ACCT-010,PRODUCT,Production,SUCCESS,200,814,811,3,1970,0,
SYNC-ACCT-010-PRODUCT-20251215,2025-12-15,ACCT-010,PRODUCT,Production,SUCCESS,200,1299,1289,10,515,0,
SYNC-ACCT-010-PRODUCT-20251218,2025-12-18,ACCT-010,PRODUCT,Production,SUCCESS,200,773,767,6,2812,0,
SYNC-ACCT-010-PRODUCT-20251221,2025-12-21,ACCT-010,PRODUCT,Production,SUCCESS,200,1440,1428,12,1127,0,
SYNC-ACCT-010-PRODUCT-20251224,2025-12-24,ACCT-010,PRODUCT,Production,SUCCESS,200,1073,1065,8,1897,0,
SYNC-ACCT-010-PRODUCT-20251227,2025-12-27,ACCT-010,PRODUCT,Production,SUCCESS,200,906,900,6,1081,0,
SYNC-ACCT-010-PRODUCT-20251230,2025-12-30,ACCT-010,PRODUCT,Production,SUCCESS,200,1307,1301,6,2199,0,
SYNC-ACCT-010-PRODUCT-20260102,2026-01-02,ACCT-010,PRODUCT,Production,SUCCESS,200,1525,1518,7,1663,0,
SYNC-ACCT-010-PRODUCT-20260105,2026-01-05,ACCT-010,PRODUCT,Production,SUCCESS,200,1548,1538,10,3341,0,
SYNC-ACCT-010-PRODUCT-20260108,2026-01-08,ACCT-010,PRODUCT,Production,SUCCESS,200,791,790,1,1741,0,
SYNC-ACCT-010-PRODUCT-20260111,2026-01-11,ACCT-010,PRODUCT,Production,SUCCESS,200,1424,1422,2,2802,0,
SYNC-ACCT-010-PRODUCT-20260114,2026-01-14,ACCT-010,PRODUCT,Production,SUCCESS,200,1263,1262,1,904,0,
SYNC-ACCT-010-PRODUCT-20260117,2026-01-17,ACCT-010,PRODUCT,Production,SUCCESS,200,945,945,0,1738,0,
SYNC-ACCT-010-PRODUCT-20260120,2026-01-20,ACCT-010,PRODUCT,Production,SUCCESS,200,1296,1292,4,1630,0,
SYNC-ACCT-010-PRODUCT-20260123,2026-01-23,ACCT-010,PRODUCT,Production,SUCCESS,200,1377,1371,6,1462,0,
SYNC-ACCT-010-PRODUCT-20260126,2026-01-26,ACCT-010,PRODUCT,Production,SUCCESS,200,918,912,6,2120,0,
SYNC-ACCT-010-PRODUCT-20260129,2026-01-29,ACCT-010,PRODUCT,Production,SUCCESS,200,1483,1483,0,946,0,
SYNC-ACCT-010-PRODUCT-20260201,2026-02-01,ACCT-010,PRODUCT,Production,SUCCESS,200,1557,1546,11,3160,0,
SYNC-ACCT-010-PRODUCT-20260204,2026-02-04,ACCT-010,PRODUCT,Production,SUCCESS,200,1517,1516,1,1059,0,
SYNC-ACCT-010-PRODUCT-20260207,2026-02-07,ACCT-010,PRODUCT,Production,SUCCESS,200,1133,1127,6,784,0,
SYNC-ACCT-010-PRODUCT-20260210,2026-02-10,ACCT-010,PRODUCT,Production,SUCCESS,200,1181,1176,5,665,0,
SYNC-ACCT-010-PRODUCT-20260213,2026-02-13,ACCT-010,PRODUCT,Production,SUCCESS,200,1471,1468,3,2737,0,
SYNC-ACCT-010-PRODUCT-20260216,2026-02-16,ACCT-010,PRODUCT,Production,SUCCESS,200,1116,1114,2,3034,0,
SYNC-ACCT-010-PRODUCT-20260219,2026-02-19,ACCT-010,PRODUCT,Production,SUCCESS,200,1659,1650,9,2651,0,
SYNC-ACCT-010-PRODUCT-20260222,2026-02-22,ACCT-010,PRODUCT,Production,SUCCESS,200,944,937,7,2089,0,
SYNC-ACCT-010-PRODUCT-20260225,2026-02-25,ACCT-010,PRODUCT,Production,SUCCESS,200,1197,1193,4,2204,0,
SYNC-ACCT-010-PRODUCT-20260228,2026-02-28,ACCT-010,PRODUCT,Production,SUCCESS,200,866,866,0,772,0,
SYNC-ACCT-010-PRODUCT-20260303,2026-03-03,ACCT-010,PRODUCT,Production,SUCCESS,200,1286,1276,10,541,0,
SYNC-ACCT-010-PRODUCT-20260306,2026-03-06,ACCT-010,PRODUCT,Production,SUCCESS,200,951,944,7,2295,0,
SYNC-ACCT-010-PRODUCT-20260309,2026-03-09,ACCT-010,PRODUCT,Production,SUCCESS,200,1445,1443,2,1036,0,
SYNC-ACCT-010-PRODUCT-20260312,2026-03-12,ACCT-010,PRODUCT,Production,SUCCESS,200,1303,1293,10,2294,0,
SYNC-ACCT-010-PRODUCT-20260315,2026-03-15,ACCT-010,PRODUCT,Production,SUCCESS,200,1195,1195,0,3207,0,
SYNC-ACCT-010-PRODUCT-20260318,2026-03-18,ACCT-010,PRODUCT,Production,SUCCESS,200,1306,1305,1,3038,0,
SYNC-ACCT-010-PRODUCT-20260321,2026-03-21,ACCT-010,PRODUCT,Production,SUCCESS,200,1464,1457,7,2152,0,
SYNC-ACCT-010-PRODUCT-20260324,2026-03-24,ACCT-010,PRODUCT,Production,SUCCESS,200,871,870,1,3235,0,
SYNC-ACCT-010-PRODUCT-20260327,2026-03-27,ACCT-010,PRODUCT,Production,SUCCESS,200,1484,1481,3,2809,0,
SYNC-ACCT-010-PRODUCT-20260330,2026-03-30,ACCT-010,PRODUCT,Production,SUCCESS,200,1254,1249,5,3135,0,
SYNC-ACCT-010-PRODUCT-20260402,2026-04-02,ACCT-010,PRODUCT,Production,SUCCESS,200,1023,1019,4,1254,0,
SYNC-ACCT-010-PRODUCT-20260405,2026-04-05,ACCT-010,PRODUCT,Production,SUCCESS,200,958,954,4,2156,0,
SYNC-ACCT-010-PRODUCT-20260408,2026-04-08,ACCT-010,PRODUCT,Production,SUCCESS,200,1360,1357,3,1780,0,
SYNC-ACCT-010-PRODUCT-20260411,2026-04-11,ACCT-010,PRODUCT,Production,SUCCESS,200,1650,1645,5,2725,0,
SYNC-ACCT-010-PRODUCT-20260414,2026-04-14,ACCT-010,PRODUCT,Production,SUCCESS,200,1037,1031,6,622,0,
SYNC-ACCT-010-PRODUCT-20260417,2026-04-17,ACCT-010,PRODUCT,Production,SUCCESS,200,1196,1196,0,3058,0,
SYNC-ACCT-010-PRODUCT-20260420,2026-04-20,ACCT-010,PRODUCT,Production,SUCCESS,200,1190,1186,4,756,0,
SYNC-ACCT-010-PRODUCT-20260423,2026-04-23,ACCT-010,PRODUCT,Production,SUCCESS,200,1248,1246,2,517,0,
SYNC-ACCT-010-PRODUCT-20260426,2026-04-26,ACCT-010,PRODUCT,Production,SUCCESS,200,1139,1137,2,1470,0,
SYNC-ACCT-010-PRODUCT-20260429,2026-04-29,ACCT-010,PRODUCT,Production,SUCCESS,200,778,776,2,807,0,
SYNC-ACCT-010-PRODUCT-20260502,2026-05-02,ACCT-010,PRODUCT,Production,SUCCESS,200,1066,1060,6,1478,0,
SYNC-ACCT-010-PRODUCT-20260505,2026-05-05,ACCT-010,PRODUCT,Production,SUCCESS,200,1069,1065,4,2218,0,
SYNC-ACCT-010-PRODUCT-20260508,2026-05-08,ACCT-010,PRODUCT,Production,SUCCESS,200,1318,1308,10,1871,0,
SYNC-ACCT-010-PRODUCT-20260511,2026-05-11,ACCT-010,PRODUCT,Production,SUCCESS,200,1313,1313,0,2697,0,
SYNC-ACCT-010-PRODUCT-20260514,2026-05-14,ACCT-010,PRODUCT,Production,SUCCESS,200,1353,1348,5,2637,0,
SYNC-ACCT-010-PRODUCT-20260517,2026-05-17,ACCT-010,PRODUCT,Production,SUCCESS,200,1105,1101,4,2649,0,
SYNC-ACCT-010-PRODUCT-20260520,2026-05-20,ACCT-010,PRODUCT,Production,SUCCESS,200,1210,1203,7,2439,0,
SYNC-ACCT-010-PRODUCT-20260523,2026-05-23,ACCT-010,PRODUCT,Production,SUCCESS,200,1124,1117,7,2535,0,
SYNC-ACCT-010-PRODUCT-20260526,2026-05-26,ACCT-010,PRODUCT,Production,SUCCESS,200,1062,1057,5,2604,0,
SYNC-ACCT-010-PRODUCT-20260529,2026-05-29,ACCT-010,PRODUCT,Production,SUCCESS,200,1064,1056,8,2708,0,
SYNC-ACCT-010-PRODUCT-20260601,2026-06-01,ACCT-010,PRODUCT,Production,SUCCESS,200,1412,1412,0,647,0,
SYNC-ACCT-010-PRODUCT-20260604,2026-06-04,ACCT-010,PRODUCT,Production,SUCCESS,200,1311,1301,10,1564,0,
SYNC-ACCT-010-PRODUCT-20260607,2026-06-07,ACCT-010,PRODUCT,Production,SUCCESS,200,1037,1033,4,1681,0,
SYNC-ACCT-010-PRODUCT-20260610,2026-06-10,ACCT-010,PRODUCT,Production,SUCCESS,200,1669,1664,5,3293,0,
SYNC-ACCT-010-PRODUCT-20260613,2026-06-13,ACCT-010,PRODUCT,Production,SUCCESS,200,1006,1001,5,692,0,
SYNC-ACCT-010-PRODUCT-20260616,2026-06-16,ACCT-010,PRODUCT,Production,SUCCESS,200,1017,1017,0,822,0,
SYNC-ACCT-010-PRODUCT-20260619,2026-06-19,ACCT-010,PRODUCT,Production,FAILED,503,1355,0,1355,1491,2,UPSTREAM_UNAVAILABLE
SYNC-ACCT-010-PRODUCT-20260622,2026-06-22,ACCT-010,PRODUCT,Production,SUCCESS,200,921,915,6,1723,0,
SYNC-ACCT-010-PRODUCT-20260625,2026-06-25,ACCT-010,PRODUCT,Production,SUCCESS,200,792,786,6,515,0,
SYNC-ACCT-010-PRODUCT-20260628,2026-06-28,ACCT-010,PRODUCT,Production,SUCCESS,200,1209,1201,8,795,0,
SYNC-ACCT-010-WAREHOUSE-20250928,2025-09-28,ACCT-010,WAREHOUSE,Production,SUCCESS,200,1404,1401,3,1630,0,
SYNC-ACCT-010-WAREHOUSE-20251001,2025-10-01,ACCT-010,WAREHOUSE,Production,SUCCESS,200,1300,1291,9,719,0,
SYNC-ACCT-010-WAREHOUSE-20251004,2025-10-04,ACCT-010,WAREHOUSE,Production,SUCCESS,200,1227,1227,0,2478,0,
SYNC-ACCT-010-WAREHOUSE-20251007,2025-10-07,ACCT-010,WAREHOUSE,Production,SUCCESS,200,1201,1197,4,3280,0,
SYNC-ACCT-010-WAREHOUSE-20251010,2025-10-10,ACCT-010,WAREHOUSE,Production,SUCCESS,200,734,731,3,1571,0,
SYNC-ACCT-010-WAREHOUSE-20251013,2025-10-13,ACCT-010,WAREHOUSE,Production,SUCCESS,200,821,817,4,2933,0,
SYNC-ACCT-010-WAREHOUSE-20251016,2025-10-16,ACCT-010,WAREHOUSE,Production,SUCCESS,200,1450,1447,3,1969,0,
SYNC-ACCT-010-WAREHOUSE-20251019,2025-10-19,ACCT-010,WAREHOUSE,Production,SUCCESS,200,1358,1348,10,2549,0,
SYNC-ACCT-010-WAREHOUSE-20251022,2025-10-22,ACCT-010,WAREHOUSE,Production,SUCCESS,200,975,971,4,1874,0,
SYNC-ACCT-010-WAREHOUSE-20251025,2025-10-25,ACCT-010,WAREHOUSE,Production,SUCCESS,200,1408,1402,6,820,0,
SYNC-ACCT-010-WAREHOUSE-20251028,2025-10-28,ACCT-010,WAREHOUSE,Production,SUCCESS,200,1341,1332,9,3005,0,
SYNC-ACCT-010-WAREHOUSE-20251031,2025-10-31,ACCT-010,WAREHOUSE,Production,SUCCESS,200,972,972,0,1348,0,
SYNC-ACCT-010-WAREHOUSE-20251103,2025-11-03,ACCT-010,WAREHOUSE,Production,SUCCESS,200,863,863,0,3319,0,
SYNC-ACCT-010-WAREHOUSE-20251106,2025-11-06,ACCT-010,WAREHOUSE,Production,SUCCESS,200,1194,1186,8,3303,0,
SYNC-ACCT-010-WAREHOUSE-20251109,2025-11-09,ACCT-010,WAREHOUSE,Production,SUCCESS,200,1061,1059,2,2786,0,
SYNC-ACCT-010-WAREHOUSE-20251112,2025-11-12,ACCT-010,WAREHOUSE,Production,SUCCESS,200,846,842,4,2440,0,
SYNC-ACCT-010-WAREHOUSE-20251115,2025-11-15,ACCT-010,WAREHOUSE,Production,SUCCESS,200,1587,1576,11,764,0,
SYNC-ACCT-010-WAREHOUSE-20251118,2025-11-18,ACCT-010,WAREHOUSE,Production,SUCCESS,200,777,774,3,2726,0,
SYNC-ACCT-010-WAREHOUSE-20251121,2025-11-21,ACCT-010,WAREHOUSE,Production,SUCCESS,200,993,987,6,1331,0,
SYNC-ACCT-010-WAREHOUSE-20251124,2025-11-24,ACCT-010,WAREHOUSE,Production,SUCCESS,200,1492,1488,4,602,0,
SYNC-ACCT-010-WAREHOUSE-20251127,2025-11-27,ACCT-010,WAREHOUSE,Production,SUCCESS,200,1416,1411,5,904,0,
SYNC-ACCT-010-WAREHOUSE-20251130,2025-11-30,ACCT-010,WAREHOUSE,Production,SUCCESS,200,741,736,5,2886,0,
SYNC-ACCT-010-WAREHOUSE-20251203,2025-12-03,ACCT-010,WAREHOUSE,Production,SUCCESS,200,753,753,0,1771,0,
SYNC-ACCT-010-WAREHOUSE-20251206,2025-12-06,ACCT-010,WAREHOUSE,Production,SUCCESS,200,1592,1579,13,3232,0,
SYNC-ACCT-010-WAREHOUSE-20251209,2025-12-09,ACCT-010,WAREHOUSE,Production,SUCCESS,200,997,996,1,3247,0,
SYNC-ACCT-010-WAREHOUSE-20251212,2025-12-12,ACCT-010,WAREHOUSE,Production,SUCCESS,200,962,956,6,764,0,
SYNC-ACCT-010-WAREHOUSE-20251215,2025-12-15,ACCT-010,WAREHOUSE,Production,SUCCESS,200,1354,1347,7,2223,0,
SYNC-ACCT-010-WAREHOUSE-20251218,2025-12-18,ACCT-010,WAREHOUSE,Production,SUCCESS,200,896,890,6,2204,0,
SYNC-ACCT-010-WAREHOUSE-20251221,2025-12-21,ACCT-010,WAREHOUSE,Production,SUCCESS,200,1613,1602,11,1052,0,
SYNC-ACCT-010-WAREHOUSE-20251224,2025-12-24,ACCT-010,WAREHOUSE,Production,SUCCESS,200,1022,1018,4,1982,0,
SYNC-ACCT-010-WAREHOUSE-20251227,2025-12-27,ACCT-010,WAREHOUSE,Production,SUCCESS,200,816,812,4,763,0,
SYNC-ACCT-010-WAREHOUSE-20251230,2025-12-30,ACCT-010,WAREHOUSE,Production,SUCCESS,200,1439,1437,2,2513,0,
SYNC-ACCT-010-WAREHOUSE-20260102,2026-01-02,ACCT-010,WAREHOUSE,Production,SUCCESS,200,1112,1107,5,2370,0,
SYNC-ACCT-010-WAREHOUSE-20260105,2026-01-05,ACCT-010,WAREHOUSE,Production,SUCCESS,200,1365,1364,1,1362,0,
SYNC-ACCT-010-WAREHOUSE-20260108,2026-01-08,ACCT-010,WAREHOUSE,Production,SUCCESS,200,1306,1300,6,2155,0,
SYNC-ACCT-010-WAREHOUSE-20260111,2026-01-11,ACCT-010,WAREHOUSE,Production,SUCCESS,200,1088,1082,6,1324,0,
SYNC-ACCT-010-WAREHOUSE-20260114,2026-01-14,ACCT-010,WAREHOUSE,Production,SUCCESS,200,1377,1367,10,3015,0,
SYNC-ACCT-010-WAREHOUSE-20260117,2026-01-17,ACCT-010,WAREHOUSE,Production,SUCCESS,200,1009,1008,1,2971,0,
SYNC-ACCT-010-WAREHOUSE-20260120,2026-01-20,ACCT-010,WAREHOUSE,Production,SUCCESS,200,1178,1169,9,734,0,
SYNC-ACCT-010-WAREHOUSE-20260123,2026-01-23,ACCT-010,WAREHOUSE,Production,SUCCESS,200,1181,1181,0,2906,0,
SYNC-ACCT-010-WAREHOUSE-20260126,2026-01-26,ACCT-010,WAREHOUSE,Production,SUCCESS,200,1317,1310,7,3047,0,
SYNC-ACCT-010-WAREHOUSE-20260129,2026-01-29,ACCT-010,WAREHOUSE,Production,SUCCESS,200,805,803,2,996,0,
SYNC-ACCT-010-WAREHOUSE-20260201,2026-02-01,ACCT-010,WAREHOUSE,Production,SUCCESS,200,1093,1086,7,1500,0,
SYNC-ACCT-010-WAREHOUSE-20260204,2026-02-04,ACCT-010,WAREHOUSE,Production,SUCCESS,200,814,813,1,1380,0,
SYNC-ACCT-010-WAREHOUSE-20260207,2026-02-07,ACCT-010,WAREHOUSE,Production,SUCCESS,200,1480,1470,10,1774,0,
SYNC-ACCT-010-WAREHOUSE-20260210,2026-02-10,ACCT-010,WAREHOUSE,Production,SUCCESS,200,1455,1447,8,1260,0,
SYNC-ACCT-010-WAREHOUSE-20260213,2026-02-13,ACCT-010,WAREHOUSE,Production,SUCCESS,200,1390,1384,6,1586,0,
SYNC-ACCT-010-WAREHOUSE-20260216,2026-02-16,ACCT-010,WAREHOUSE,Production,SUCCESS,200,788,782,6,3037,0,
SYNC-ACCT-010-WAREHOUSE-20260219,2026-02-19,ACCT-010,WAREHOUSE,Production,SUCCESS,200,1094,1090,4,1967,0,
SYNC-ACCT-010-WAREHOUSE-20260222,2026-02-22,ACCT-010,WAREHOUSE,Production,SUCCESS,200,1300,1299,1,1609,0,
SYNC-ACCT-010-WAREHOUSE-20260225,2026-02-25,ACCT-010,WAREHOUSE,Production,SUCCESS,200,1510,1506,4,1030,0,
SYNC-ACCT-010-WAREHOUSE-20260228,2026-02-28,ACCT-010,WAREHOUSE,Production,SUCCESS,200,1184,1182,2,3121,0,
SYNC-ACCT-010-WAREHOUSE-20260303,2026-03-03,ACCT-010,WAREHOUSE,Production,SUCCESS,200,939,933,6,2118,0,
SYNC-ACCT-010-WAREHOUSE-20260306,2026-03-06,ACCT-010,WAREHOUSE,Production,SUCCESS,200,1636,1627,9,2393,0,
SYNC-ACCT-010-WAREHOUSE-20260309,2026-03-09,ACCT-010,WAREHOUSE,Production,SUCCESS,200,1222,1221,1,2232,0,
SYNC-ACCT-010-WAREHOUSE-20260312,2026-03-12,ACCT-010,WAREHOUSE,Production,SUCCESS,200,841,840,1,757,0,
SYNC-ACCT-010-WAREHOUSE-20260315,2026-03-15,ACCT-010,WAREHOUSE,Production,SUCCESS,200,908,902,6,1133,0,
SYNC-ACCT-010-WAREHOUSE-20260318,2026-03-18,ACCT-010,WAREHOUSE,Production,SUCCESS,200,1416,1412,4,777,0,
SYNC-ACCT-010-WAREHOUSE-20260321,2026-03-21,ACCT-010,WAREHOUSE,Production,SUCCESS,200,1018,1017,1,1932,0,
SYNC-ACCT-010-WAREHOUSE-20260324,2026-03-24,ACCT-010,WAREHOUSE,Production,SUCCESS,200,1514,1512,2,3105,0,
SYNC-ACCT-010-WAREHOUSE-20260327,2026-03-27,ACCT-010,WAREHOUSE,Production,SUCCESS,200,1486,1474,12,2313,0,
SYNC-ACCT-010-WAREHOUSE-20260330,2026-03-30,ACCT-010,WAREHOUSE,Production,SUCCESS,200,962,955,7,690,0,
SYNC-ACCT-010-WAREHOUSE-20260402,2026-04-02,ACCT-010,WAREHOUSE,Production,SUCCESS,200,1092,1092,0,2124,0,
SYNC-ACCT-010-WAREHOUSE-20260405,2026-04-05,ACCT-010,WAREHOUSE,Production,SUCCESS,200,1204,1194,10,1970,0,
SYNC-ACCT-010-WAREHOUSE-20260408,2026-04-08,ACCT-010,WAREHOUSE,Production,SUCCESS,200,727,725,2,3101,0,
SYNC-ACCT-010-WAREHOUSE-20260411,2026-04-11,ACCT-010,WAREHOUSE,Production,SUCCESS,200,1481,1471,10,1010,0,
SYNC-ACCT-010-WAREHOUSE-20260414,2026-04-14,ACCT-010,WAREHOUSE,Production,SUCCESS,200,1510,1506,4,3343,0,
SYNC-ACCT-010-WAREHOUSE-20260417,2026-04-17,ACCT-010,WAREHOUSE,Production,SUCCESS,200,1264,1256,8,3199,0,
SYNC-ACCT-010-WAREHOUSE-20260420,2026-04-20,ACCT-010,WAREHOUSE,Production,SUCCESS,200,1653,1644,9,1648,0,
SYNC-ACCT-010-WAREHOUSE-20260423,2026-04-23,ACCT-010,WAREHOUSE,Production,SUCCESS,200,825,819,6,2511,0,
SYNC-ACCT-010-WAREHOUSE-20260426,2026-04-26,ACCT-010,WAREHOUSE,Production,SUCCESS,200,949,944,5,1287,0,
SYNC-ACCT-010-WAREHOUSE-20260429,2026-04-29,ACCT-010,WAREHOUSE,Production,SUCCESS,200,1305,1304,1,2971,0,
SYNC-ACCT-010-WAREHOUSE-20260502,2026-05-02,ACCT-010,WAREHOUSE,Production,SUCCESS,200,1444,1438,6,2477,0,
SYNC-ACCT-010-WAREHOUSE-20260505,2026-05-05,ACCT-010,WAREHOUSE,Production,SUCCESS,200,967,965,2,1760,0,
SYNC-ACCT-010-WAREHOUSE-20260508,2026-05-08,ACCT-010,WAREHOUSE,Production,SUCCESS,200,1609,1597,12,1248,0,
SYNC-ACCT-010-WAREHOUSE-20260511,2026-05-11,ACCT-010,WAREHOUSE,Production,SUCCESS,200,1554,1544,10,3204,0,
SYNC-ACCT-010-WAREHOUSE-20260514,2026-05-14,ACCT-010,WAREHOUSE,Production,SUCCESS,200,1236,1234,2,957,0,
SYNC-ACCT-010-WAREHOUSE-20260517,2026-05-17,ACCT-010,WAREHOUSE,Production,SUCCESS,200,1458,1454,4,1839,0,
SYNC-ACCT-010-WAREHOUSE-20260520,2026-05-20,ACCT-010,WAREHOUSE,Production,FAILED,429,1491,0,1491,8050,3,RATE_LIMITED
SYNC-ACCT-010-WAREHOUSE-20260523,2026-05-23,ACCT-010,WAREHOUSE,Production,FAILED,429,1320,0,1320,12259,3,RATE_LIMITED
SYNC-ACCT-010-WAREHOUSE-20260526,2026-05-26,ACCT-010,WAREHOUSE,Production,SUCCESS,200,1203,1202,1,1449,0,
SYNC-ACCT-010-WAREHOUSE-20260529,2026-05-29,ACCT-010,WAREHOUSE,Production,SUCCESS,200,1174,1174,0,2198,0,
SYNC-ACCT-010-WAREHOUSE-20260601,2026-06-01,ACCT-010,WAREHOUSE,Production,SUCCESS,200,911,911,0,1094,0,
SYNC-ACCT-010-WAREHOUSE-20260604,2026-06-04,ACCT-010,WAREHOUSE,Production,SUCCESS,200,1001,999,2,1884,0,
SYNC-ACCT-010-WAREHOUSE-20260607,2026-06-07,ACCT-010,WAREHOUSE,Production,SUCCESS,200,825,819,6,2879,0,
SYNC-ACCT-010-WAREHOUSE-20260610,2026-06-10,ACCT-010,WAREHOUSE,Production,SUCCESS,200,1126,1117,9,2619,0,
SYNC-ACCT-010-WAREHOUSE-20260613,2026-06-13,ACCT-010,WAREHOUSE,Production,SUCCESS,200,1353,1344,9,1872,0,
SYNC-ACCT-010-WAREHOUSE-20260616,2026-06-16,ACCT-010,WAREHOUSE,Production,SUCCESS,200,1630,1628,2,1131,0,
SYNC-ACCT-010-WAREHOUSE-20260619,2026-06-19,ACCT-010,WAREHOUSE,Production,SUCCESS,200,1233,1233,0,2700,0,
SYNC-ACCT-010-WAREHOUSE-20260622,2026-06-22,ACCT-010,WAREHOUSE,Production,SUCCESS,200,1145,1142,3,3304,0,
SYNC-ACCT-010-WAREHOUSE-20260625,2026-06-25,ACCT-010,WAREHOUSE,Production,SUCCESS,200,1537,1525,12,1720,0,
SYNC-ACCT-010-WAREHOUSE-20260628,2026-06-28,ACCT-010,WAREHOUSE,Production,SUCCESS,200,838,836,2,1273,0,
SYNC-ACCT-011-CRM-20251004,2025-10-04,ACCT-011,CRM,Production,SUCCESS,200,1549,1537,12,1002,0,
SYNC-ACCT-011-CRM-20251007,2025-10-07,ACCT-011,CRM,Production,SUCCESS,200,785,785,0,1402,0,
SYNC-ACCT-011-CRM-20251010,2025-10-10,ACCT-011,CRM,Production,SUCCESS,200,817,813,4,1241,0,
SYNC-ACCT-011-CRM-20251013,2025-10-13,ACCT-011,CRM,Production,SUCCESS,200,1118,1112,6,2212,0,
SYNC-ACCT-011-CRM-20251016,2025-10-16,ACCT-011,CRM,Production,SUCCESS,200,1317,1311,6,1006,0,
SYNC-ACCT-011-CRM-20251019,2025-10-19,ACCT-011,CRM,Production,SUCCESS,200,1277,1268,9,1021,0,
SYNC-ACCT-011-CRM-20251022,2025-10-22,ACCT-011,CRM,Production,SUCCESS,200,1482,1473,9,1208,0,
SYNC-ACCT-011-CRM-20251025,2025-10-25,ACCT-011,CRM,Production,SUCCESS,200,1260,1256,4,1158,0,
SYNC-ACCT-011-CRM-20251028,2025-10-28,ACCT-011,CRM,Production,SUCCESS,200,873,867,6,703,0,
SYNC-ACCT-011-CRM-20251031,2025-10-31,ACCT-011,CRM,Production,SUCCESS,200,1488,1485,3,2366,0,
SYNC-ACCT-011-CRM-20251103,2025-11-03,ACCT-011,CRM,Production,SUCCESS,200,969,961,8,2333,0,
SYNC-ACCT-011-CRM-20251106,2025-11-06,ACCT-011,CRM,Production,SUCCESS,200,846,842,4,3187,0,
SYNC-ACCT-011-CRM-20251109,2025-11-09,ACCT-011,CRM,Production,SUCCESS,200,883,878,5,2146,0,
SYNC-ACCT-011-CRM-20251112,2025-11-12,ACCT-011,CRM,Production,SUCCESS,200,940,938,2,1991,0,
SYNC-ACCT-011-CRM-20251115,2025-11-15,ACCT-011,CRM,Production,SUCCESS,200,1273,1265,8,2657,0,
SYNC-ACCT-011-CRM-20251118,2025-11-18,ACCT-011,CRM,Production,SUCCESS,200,1645,1632,13,3059,0,
SYNC-ACCT-011-CRM-20251121,2025-11-21,ACCT-011,CRM,Production,SUCCESS,200,1220,1218,2,2734,0,
SYNC-ACCT-011-CRM-20251124,2025-11-24,ACCT-011,CRM,Production,SUCCESS,200,1280,1270,10,1330,0,
SYNC-ACCT-011-CRM-20251127,2025-11-27,ACCT-011,CRM,Production,SUCCESS,200,1584,1581,3,1546,0,
SYNC-ACCT-011-CRM-20251130,2025-11-30,ACCT-011,CRM,Production,SUCCESS,200,1661,1651,10,1511,0,
SYNC-ACCT-011-CRM-20251203,2025-12-03,ACCT-011,CRM,Production,SUCCESS,200,1384,1376,8,3218,0,
SYNC-ACCT-011-CRM-20251206,2025-12-06,ACCT-011,CRM,Production,SUCCESS,200,1305,1300,5,1076,0,
SYNC-ACCT-011-CRM-20251209,2025-12-09,ACCT-011,CRM,Production,SUCCESS,200,1664,1657,7,3162,0,
SYNC-ACCT-011-CRM-20251212,2025-12-12,ACCT-011,CRM,Production,SUCCESS,200,1534,1530,4,584,0,
SYNC-ACCT-011-CRM-20251215,2025-12-15,ACCT-011,CRM,Production,SUCCESS,200,1039,1032,7,3161,0,
SYNC-ACCT-011-CRM-20251218,2025-12-18,ACCT-011,CRM,Production,SUCCESS,200,836,834,2,1434,0,
SYNC-ACCT-011-CRM-20251221,2025-12-21,ACCT-011,CRM,Production,SUCCESS,200,1585,1575,10,1781,0,
SYNC-ACCT-011-CRM-20251224,2025-12-24,ACCT-011,CRM,Production,SUCCESS,200,1331,1322,9,3061,0,
SYNC-ACCT-011-CRM-20251227,2025-12-27,ACCT-011,CRM,Production,SUCCESS,200,1184,1184,0,3223,0,
SYNC-ACCT-011-CRM-20251230,2025-12-30,ACCT-011,CRM,Production,SUCCESS,200,778,776,2,1446,0,
SYNC-ACCT-011-CRM-20260102,2026-01-02,ACCT-011,CRM,Production,SUCCESS,200,1039,1037,2,648,0,
SYNC-ACCT-011-CRM-20260105,2026-01-05,ACCT-011,CRM,Production,SUCCESS,200,1399,1393,6,2758,0,
SYNC-ACCT-011-CRM-20260108,2026-01-08,ACCT-011,CRM,Production,SUCCESS,200,1590,1583,7,2425,0,
SYNC-ACCT-011-CRM-20260111,2026-01-11,ACCT-011,CRM,Production,SUCCESS,200,1097,1097,0,1048,0,
SYNC-ACCT-011-CRM-20260114,2026-01-14,ACCT-011,CRM,Production,SUCCESS,200,1442,1437,5,1076,0,
SYNC-ACCT-011-CRM-20260117,2026-01-17,ACCT-011,CRM,Production,SUCCESS,200,1302,1302,0,926,0,
SYNC-ACCT-011-CRM-20260120,2026-01-20,ACCT-011,CRM,Production,SUCCESS,200,894,890,4,1578,0,
SYNC-ACCT-011-CRM-20260123,2026-01-23,ACCT-011,CRM,Production,SUCCESS,200,859,856,3,1241,0,
SYNC-ACCT-011-CRM-20260126,2026-01-26,ACCT-011,CRM,Production,SUCCESS,200,836,834,2,1495,0,
SYNC-ACCT-011-CRM-20260129,2026-01-29,ACCT-011,CRM,Production,SUCCESS,200,1225,1217,8,925,0,
SYNC-ACCT-011-CRM-20260201,2026-02-01,ACCT-011,CRM,Production,SUCCESS,200,1214,1209,5,1595,0,
SYNC-ACCT-011-CRM-20260204,2026-02-04,ACCT-011,CRM,Production,SUCCESS,200,1038,1031,7,2230,0,
SYNC-ACCT-011-CRM-20260207,2026-02-07,ACCT-011,CRM,Production,SUCCESS,200,1509,1509,0,784,0,
SYNC-ACCT-011-CRM-20260210,2026-02-10,ACCT-011,CRM,Production,SUCCESS,200,1137,1130,7,3222,0,
SYNC-ACCT-011-CRM-20260213,2026-02-13,ACCT-011,CRM,Production,SUCCESS,200,997,994,3,518,0,
SYNC-ACCT-011-CRM-20260216,2026-02-16,ACCT-011,CRM,Production,SUCCESS,200,1208,1202,6,3217,0,
SYNC-ACCT-011-CRM-20260219,2026-02-19,ACCT-011,CRM,Production,SUCCESS,200,1609,1597,12,994,0,
SYNC-ACCT-011-CRM-20260222,2026-02-22,ACCT-011,CRM,Production,SUCCESS,200,1529,1529,0,1461,0,
SYNC-ACCT-011-CRM-20260225,2026-02-25,ACCT-011,CRM,Production,SUCCESS,200,1113,1109,4,1438,0,
SYNC-ACCT-011-CRM-20260228,2026-02-28,ACCT-011,CRM,Production,SUCCESS,200,1350,1348,2,3308,0,
SYNC-ACCT-011-CRM-20260303,2026-03-03,ACCT-011,CRM,Production,SUCCESS,200,1144,1136,8,2618,0,
SYNC-ACCT-011-CRM-20260306,2026-03-06,ACCT-011,CRM,Production,SUCCESS,200,810,805,5,1387,0,
SYNC-ACCT-011-CRM-20260309,2026-03-09,ACCT-011,CRM,Production,SUCCESS,200,1435,1434,1,668,0,
SYNC-ACCT-011-CRM-20260312,2026-03-12,ACCT-011,CRM,Production,SUCCESS,200,1127,1119,8,2602,0,
SYNC-ACCT-011-CRM-20260315,2026-03-15,ACCT-011,CRM,Production,SUCCESS,200,952,947,5,2693,0,
SYNC-ACCT-011-CRM-20260318,2026-03-18,ACCT-011,CRM,Production,SUCCESS,200,1638,1638,0,2827,0,
SYNC-ACCT-011-CRM-20260321,2026-03-21,ACCT-011,CRM,Production,FAILED,503,1440,0,1440,1533,2,UPSTREAM_UNAVAILABLE
SYNC-ACCT-011-CRM-20260324,2026-03-24,ACCT-011,CRM,Production,SUCCESS,200,1080,1079,1,2015,0,
SYNC-ACCT-011-CRM-20260327,2026-03-27,ACCT-011,CRM,Production,SUCCESS,200,869,863,6,1150,0,
SYNC-ACCT-011-CRM-20260330,2026-03-30,ACCT-011,CRM,Production,SUCCESS,200,1380,1377,3,2930,0,
SYNC-ACCT-011-CRM-20260402,2026-04-02,ACCT-011,CRM,Production,SUCCESS,200,1400,1390,10,749,0,
SYNC-ACCT-011-CRM-20260405,2026-04-05,ACCT-011,CRM,Production,SUCCESS,200,987,987,0,2926,0,
SYNC-ACCT-011-CRM-20260408,2026-04-08,ACCT-011,CRM,Production,SUCCESS,200,1374,1373,1,2932,0,
SYNC-ACCT-011-CRM-20260411,2026-04-11,ACCT-011,CRM,Production,SUCCESS,200,1152,1151,1,3176,0,
SYNC-ACCT-011-CRM-20260414,2026-04-14,ACCT-011,CRM,Production,SUCCESS,200,1603,1598,5,2095,0,
SYNC-ACCT-011-CRM-20260417,2026-04-17,ACCT-011,CRM,Production,SUCCESS,200,1533,1525,8,1293,0,
SYNC-ACCT-011-CRM-20260420,2026-04-20,ACCT-011,CRM,Production,SUCCESS,200,1289,1282,7,2838,0,
SYNC-ACCT-011-CRM-20260423,2026-04-23,ACCT-011,CRM,Production,SUCCESS,200,1135,1130,5,1692,0,
SYNC-ACCT-011-CRM-20260426,2026-04-26,ACCT-011,CRM,Production,SUCCESS,200,1527,1523,4,582,0,
SYNC-ACCT-011-CRM-20260429,2026-04-29,ACCT-011,CRM,Production,SUCCESS,200,1430,1429,1,1710,0,
SYNC-ACCT-011-CRM-20260502,2026-05-02,ACCT-011,CRM,Production,SUCCESS,200,1214,1208,6,3011,0,
SYNC-ACCT-011-CRM-20260505,2026-05-05,ACCT-011,CRM,Production,SUCCESS,200,1637,1637,0,2831,0,
SYNC-ACCT-011-CRM-20260508,2026-05-08,ACCT-011,CRM,Production,SUCCESS,200,1101,1100,1,2852,0,
SYNC-ACCT-011-CRM-20260511,2026-05-11,ACCT-011,CRM,Production,SUCCESS,200,898,897,1,2938,0,
SYNC-ACCT-011-CRM-20260514,2026-05-14,ACCT-011,CRM,Production,SUCCESS,200,1009,1001,8,939,0,
SYNC-ACCT-011-CRM-20260517,2026-05-17,ACCT-011,CRM,Production,SUCCESS,200,873,867,6,2836,0,
SYNC-ACCT-011-CRM-20260520,2026-05-20,ACCT-011,CRM,Production,SUCCESS,200,1490,1482,8,846,0,
SYNC-ACCT-011-CRM-20260523,2026-05-23,ACCT-011,CRM,Production,SUCCESS,200,1471,1461,10,1047,0,
SYNC-ACCT-011-CRM-20260526,2026-05-26,ACCT-011,CRM,Production,SUCCESS,200,1384,1382,2,962,0,
SYNC-ACCT-011-CRM-20260529,2026-05-29,ACCT-011,CRM,Production,SUCCESS,200,760,754,6,935,0,
SYNC-ACCT-011-CRM-20260601,2026-06-01,ACCT-011,CRM,Production,SUCCESS,200,1332,1329,3,2994,0,
SYNC-ACCT-011-CRM-20260604,2026-06-04,ACCT-011,CRM,Production,SUCCESS,200,931,926,5,1648,0,
SYNC-ACCT-011-CRM-20260607,2026-06-07,ACCT-011,CRM,Production,SUCCESS,200,1087,1078,9,1150,0,
SYNC-ACCT-011-CRM-20260610,2026-06-10,ACCT-011,CRM,Production,SUCCESS,200,1345,1336,9,3122,0,
SYNC-ACCT-011-CRM-20260613,2026-06-13,ACCT-011,CRM,Production,SUCCESS,200,1519,1517,2,1406,0,
SYNC-ACCT-011-CRM-20260616,2026-06-16,ACCT-011,CRM,Production,SUCCESS,200,812,808,4,3185,0,
SYNC-ACCT-011-CRM-20260619,2026-06-19,ACCT-011,CRM,Production,SUCCESS,200,1103,1101,2,529,0,
SYNC-ACCT-011-CRM-20260622,2026-06-22,ACCT-011,CRM,Production,SUCCESS,200,1235,1233,2,1003,0,
SYNC-ACCT-011-CRM-20260625,2026-06-25,ACCT-011,CRM,Production,SUCCESS,200,895,894,1,2110,0,
SYNC-ACCT-011-CRM-20260628,2026-06-28,ACCT-011,CRM,Production,SUCCESS,200,889,885,4,2290,0,
SYNC-ACCT-011-BILLING-20251004,2025-10-04,ACCT-011,BILLING,Production,SUCCESS,200,778,774,4,996,0,
SYNC-ACCT-011-BILLING-20251007,2025-10-07,ACCT-011,BILLING,Production,SUCCESS,200,1212,1207,5,1021,0,
SYNC-ACCT-011-BILLING-20251010,2025-10-10,ACCT-011,BILLING,Production,SUCCESS,200,779,777,2,561,0,
SYNC-ACCT-011-BILLING-20251013,2025-10-13,ACCT-011,BILLING,Production,SUCCESS,200,941,936,5,1427,0,
SYNC-ACCT-011-BILLING-20251016,2025-10-16,ACCT-011,BILLING,Production,SUCCESS,200,997,996,1,3171,0,
SYNC-ACCT-011-BILLING-20251019,2025-10-19,ACCT-011,BILLING,Production,FAILED,503,1224,0,1224,3052,2,UPSTREAM_UNAVAILABLE
SYNC-ACCT-011-BILLING-20251022,2025-10-22,ACCT-011,BILLING,Production,SUCCESS,200,824,819,5,2381,0,
SYNC-ACCT-011-BILLING-20251025,2025-10-25,ACCT-011,BILLING,Production,SUCCESS,200,787,784,3,2202,0,
SYNC-ACCT-011-BILLING-20251028,2025-10-28,ACCT-011,BILLING,Production,SUCCESS,200,1677,1674,3,803,0,
SYNC-ACCT-011-BILLING-20251031,2025-10-31,ACCT-011,BILLING,Production,SUCCESS,200,774,771,3,1110,0,
SYNC-ACCT-011-BILLING-20251103,2025-11-03,ACCT-011,BILLING,Production,SUCCESS,200,1339,1331,8,753,0,
SYNC-ACCT-011-BILLING-20251106,2025-11-06,ACCT-011,BILLING,Production,SUCCESS,200,1286,1280,6,2976,0,
SYNC-ACCT-011-BILLING-20251109,2025-11-09,ACCT-011,BILLING,Production,SUCCESS,200,752,746,6,3157,0,
SYNC-ACCT-011-BILLING-20251112,2025-11-12,ACCT-011,BILLING,Production,SUCCESS,200,826,820,6,2537,0,
SYNC-ACCT-011-BILLING-20251115,2025-11-15,ACCT-011,BILLING,Production,SUCCESS,200,1571,1561,10,3095,0,
SYNC-ACCT-011-BILLING-20251118,2025-11-18,ACCT-011,BILLING,Production,SUCCESS,200,781,779,2,967,0,
SYNC-ACCT-011-BILLING-20251121,2025-11-21,ACCT-011,BILLING,Production,SUCCESS,200,1398,1392,6,3226,0,
SYNC-ACCT-011-BILLING-20251124,2025-11-24,ACCT-011,BILLING,Production,SUCCESS,200,774,771,3,3267,0,
SYNC-ACCT-011-BILLING-20251127,2025-11-27,ACCT-011,BILLING,Production,SUCCESS,200,1139,1132,7,1968,0,
SYNC-ACCT-011-BILLING-20251130,2025-11-30,ACCT-011,BILLING,Production,SUCCESS,200,1112,1109,3,2172,0,
SYNC-ACCT-011-BILLING-20251203,2025-12-03,ACCT-011,BILLING,Production,SUCCESS,200,1553,1543,10,810,0,
SYNC-ACCT-011-BILLING-20251206,2025-12-06,ACCT-011,BILLING,Production,SUCCESS,200,1431,1429,2,1511,0,
SYNC-ACCT-011-BILLING-20251209,2025-12-09,ACCT-011,BILLING,Production,SUCCESS,200,742,739,3,1153,0,
SYNC-ACCT-011-BILLING-20251212,2025-12-12,ACCT-011,BILLING,Production,SUCCESS,200,981,975,6,1517,0,
SYNC-ACCT-011-BILLING-20251215,2025-12-15,ACCT-011,BILLING,Production,SUCCESS,200,961,953,8,1216,0,
SYNC-ACCT-011-BILLING-20251218,2025-12-18,ACCT-011,BILLING,Production,SUCCESS,200,1569,1563,6,3042,0,
SYNC-ACCT-011-BILLING-20251221,2025-12-21,ACCT-011,BILLING,Production,SUCCESS,200,1557,1556,1,2122,0,
SYNC-ACCT-011-BILLING-20251224,2025-12-24,ACCT-011,BILLING,Production,SUCCESS,200,1379,1369,10,2880,0,
SYNC-ACCT-011-BILLING-20251227,2025-12-27,ACCT-011,BILLING,Production,SUCCESS,200,1144,1135,9,1671,0,
SYNC-ACCT-011-BILLING-20251230,2025-12-30,ACCT-011,BILLING,Production,SUCCESS,200,1328,1326,2,1801,0,
SYNC-ACCT-011-BILLING-20260102,2026-01-02,ACCT-011,BILLING,Production,SUCCESS,200,764,761,3,680,0,
SYNC-ACCT-011-BILLING-20260105,2026-01-05,ACCT-011,BILLING,Production,SUCCESS,200,1292,1285,7,3089,0,
SYNC-ACCT-011-BILLING-20260108,2026-01-08,ACCT-011,BILLING,Production,SUCCESS,200,1546,1542,4,1990,0,
SYNC-ACCT-011-BILLING-20260111,2026-01-11,ACCT-011,BILLING,Production,SUCCESS,200,948,940,8,2408,0,
SYNC-ACCT-011-BILLING-20260114,2026-01-14,ACCT-011,BILLING,Production,SUCCESS,200,737,736,1,3073,0,
SYNC-ACCT-011-BILLING-20260117,2026-01-17,ACCT-011,BILLING,Production,SUCCESS,200,1372,1372,0,556,0,
SYNC-ACCT-011-BILLING-20260120,2026-01-20,ACCT-011,BILLING,Production,SUCCESS,200,1038,1032,6,1286,0,
SYNC-ACCT-011-BILLING-20260123,2026-01-23,ACCT-011,BILLING,Production,SUCCESS,200,1190,1189,1,3242,0,
SYNC-ACCT-011-BILLING-20260126,2026-01-26,ACCT-011,BILLING,Production,SUCCESS,200,1621,1614,7,638,0,
SYNC-ACCT-011-BILLING-20260129,2026-01-29,ACCT-011,BILLING,Production,SUCCESS,200,1328,1325,3,1783,0,
SYNC-ACCT-011-BILLING-20260201,2026-02-01,ACCT-011,BILLING,Production,SUCCESS,200,1359,1355,4,2099,0,
SYNC-ACCT-011-BILLING-20260204,2026-02-04,ACCT-011,BILLING,Production,SUCCESS,200,1085,1084,1,1521,0,
SYNC-ACCT-011-BILLING-20260207,2026-02-07,ACCT-011,BILLING,Production,SUCCESS,200,1220,1218,2,3394,0,
SYNC-ACCT-011-BILLING-20260210,2026-02-10,ACCT-011,BILLING,Production,SUCCESS,200,928,925,3,803,0,
SYNC-ACCT-011-BILLING-20260213,2026-02-13,ACCT-011,BILLING,Production,SUCCESS,200,1037,1033,4,2155,0,
SYNC-ACCT-011-BILLING-20260216,2026-02-16,ACCT-011,BILLING,Production,SUCCESS,200,1198,1192,6,1420,0,
SYNC-ACCT-011-BILLING-20260219,2026-02-19,ACCT-011,BILLING,Production,SUCCESS,200,956,954,2,1435,0,
SYNC-ACCT-011-BILLING-20260222,2026-02-22,ACCT-011,BILLING,Production,SUCCESS,200,1670,1660,10,742,0,
SYNC-ACCT-011-BILLING-20260225,2026-02-25,ACCT-011,BILLING,Production,SUCCESS,200,896,895,1,642,0,
SYNC-ACCT-011-BILLING-20260228,2026-02-28,ACCT-011,BILLING,Production,SUCCESS,200,1676,1671,5,2691,0,
SYNC-ACCT-011-BILLING-20260303,2026-03-03,ACCT-011,BILLING,Production,SUCCESS,200,1113,1105,8,1300,0,
SYNC-ACCT-011-BILLING-20260306,2026-03-06,ACCT-011,BILLING,Production,SUCCESS,200,1173,1173,0,3296,0,
SYNC-ACCT-011-BILLING-20260309,2026-03-09,ACCT-011,BILLING,Production,SUCCESS,200,1575,1575,0,2437,0,
SYNC-ACCT-011-BILLING-20260312,2026-03-12,ACCT-011,BILLING,Production,SUCCESS,200,1558,1556,2,2802,0,
SYNC-ACCT-011-BILLING-20260315,2026-03-15,ACCT-011,BILLING,Production,SUCCESS,200,1342,1341,1,551,0,
SYNC-ACCT-011-BILLING-20260318,2026-03-18,ACCT-011,BILLING,Production,SUCCESS,200,1341,1336,5,3238,0,
SYNC-ACCT-011-BILLING-20260321,2026-03-21,ACCT-011,BILLING,Production,SUCCESS,200,1043,1043,0,3300,0,
SYNC-ACCT-011-BILLING-20260324,2026-03-24,ACCT-011,BILLING,Production,SUCCESS,200,1161,1155,6,3201,0,
SYNC-ACCT-011-BILLING-20260327,2026-03-27,ACCT-011,BILLING,Production,SUCCESS,200,915,914,1,1895,0,
SYNC-ACCT-011-BILLING-20260330,2026-03-30,ACCT-011,BILLING,Production,SUCCESS,200,1405,1400,5,3307,0,
SYNC-ACCT-011-BILLING-20260402,2026-04-02,ACCT-011,BILLING,Production,SUCCESS,200,1414,1412,2,2977,0,
SYNC-ACCT-011-BILLING-20260405,2026-04-05,ACCT-011,BILLING,Production,SUCCESS,200,1163,1158,5,1784,0,
SYNC-ACCT-011-BILLING-20260408,2026-04-08,ACCT-011,BILLING,Production,SUCCESS,200,1611,1600,11,769,0,
SYNC-ACCT-011-BILLING-20260411,2026-04-11,ACCT-011,BILLING,Production,SUCCESS,200,766,764,2,2085,0,
SYNC-ACCT-011-BILLING-20260414,2026-04-14,ACCT-011,BILLING,Production,SUCCESS,200,1256,1246,10,2840,0,
SYNC-ACCT-011-BILLING-20260417,2026-04-17,ACCT-011,BILLING,Production,SUCCESS,200,1003,999,4,2026,0,
SYNC-ACCT-011-BILLING-20260420,2026-04-20,ACCT-011,BILLING,Production,SUCCESS,200,1246,1244,2,604,0,
SYNC-ACCT-011-BILLING-20260423,2026-04-23,ACCT-011,BILLING,Production,SUCCESS,200,1576,1575,1,939,0,
SYNC-ACCT-011-BILLING-20260426,2026-04-26,ACCT-011,BILLING,Production,SUCCESS,200,1421,1415,6,1773,0,
SYNC-ACCT-011-BILLING-20260429,2026-04-29,ACCT-011,BILLING,Production,SUCCESS,200,1198,1197,1,781,0,
SYNC-ACCT-011-BILLING-20260502,2026-05-02,ACCT-011,BILLING,Production,SUCCESS,200,1507,1501,6,869,0,
SYNC-ACCT-011-BILLING-20260505,2026-05-05,ACCT-011,BILLING,Production,SUCCESS,200,922,917,5,1413,0,
SYNC-ACCT-011-BILLING-20260508,2026-05-08,ACCT-011,BILLING,Production,SUCCESS,200,788,788,0,1715,0,
SYNC-ACCT-011-BILLING-20260511,2026-05-11,ACCT-011,BILLING,Production,SUCCESS,200,975,975,0,3037,0,
SYNC-ACCT-011-BILLING-20260514,2026-05-14,ACCT-011,BILLING,Production,SUCCESS,200,725,720,5,1357,0,
SYNC-ACCT-011-BILLING-20260517,2026-05-17,ACCT-011,BILLING,Production,SUCCESS,200,992,986,6,3232,0,
SYNC-ACCT-011-BILLING-20260520,2026-05-20,ACCT-011,BILLING,Production,SUCCESS,200,1084,1076,8,2472,0,
SYNC-ACCT-011-BILLING-20260523,2026-05-23,ACCT-011,BILLING,Production,SUCCESS,200,1131,1122,9,1257,0,
SYNC-ACCT-011-BILLING-20260526,2026-05-26,ACCT-011,BILLING,Production,SUCCESS,200,1294,1286,8,1223,0,
SYNC-ACCT-011-BILLING-20260529,2026-05-29,ACCT-011,BILLING,Production,SUCCESS,200,934,932,2,848,0,
SYNC-ACCT-011-BILLING-20260601,2026-06-01,ACCT-011,BILLING,Production,SUCCESS,200,1349,1347,2,1902,0,
SYNC-ACCT-011-BILLING-20260604,2026-06-04,ACCT-011,BILLING,Production,SUCCESS,200,1546,1543,3,1736,0,
SYNC-ACCT-011-BILLING-20260607,2026-06-07,ACCT-011,BILLING,Production,SUCCESS,200,1258,1254,4,2204,0,
SYNC-ACCT-011-BILLING-20260610,2026-06-10,ACCT-011,BILLING,Production,SUCCESS,200,1414,1412,2,668,0,
SYNC-ACCT-011-BILLING-20260613,2026-06-13,ACCT-011,BILLING,Production,SUCCESS,200,1508,1507,1,777,0,
SYNC-ACCT-011-BILLING-20260616,2026-06-16,ACCT-011,BILLING,Production,SUCCESS,200,1245,1237,8,3331,0,
SYNC-ACCT-011-BILLING-20260619,2026-06-19,ACCT-011,BILLING,Production,SUCCESS,200,919,917,2,2468,0,
SYNC-ACCT-011-BILLING-20260622,2026-06-22,ACCT-011,BILLING,Production,SUCCESS,200,1007,1001,6,3393,0,
SYNC-ACCT-011-BILLING-20260625,2026-06-25,ACCT-011,BILLING,Production,SUCCESS,200,1645,1641,4,1898,0,
SYNC-ACCT-011-BILLING-20260628,2026-06-28,ACCT-011,BILLING,Production,SUCCESS,200,1010,1010,0,1814,0,
SYNC-ACCT-012-CRM-20251007,2025-10-07,ACCT-012,CRM,Production,SUCCESS,200,1256,1247,9,1660,0,
SYNC-ACCT-012-CRM-20251010,2025-10-10,ACCT-012,CRM,Production,SUCCESS,200,1252,1249,3,2766,0,
SYNC-ACCT-012-CRM-20251013,2025-10-13,ACCT-012,CRM,Production,SUCCESS,200,1277,1272,5,3222,0,
SYNC-ACCT-012-CRM-20251016,2025-10-16,ACCT-012,CRM,Production,SUCCESS,200,838,838,0,1831,0,
SYNC-ACCT-012-CRM-20251019,2025-10-19,ACCT-012,CRM,Production,SUCCESS,200,807,804,3,2513,0,
SYNC-ACCT-012-CRM-20251022,2025-10-22,ACCT-012,CRM,Production,SUCCESS,200,1359,1357,2,2637,0,
SYNC-ACCT-012-CRM-20251025,2025-10-25,ACCT-012,CRM,Production,SUCCESS,200,1175,1169,6,2009,0,
SYNC-ACCT-012-CRM-20251028,2025-10-28,ACCT-012,CRM,Production,SUCCESS,200,1540,1533,7,1778,0,
SYNC-ACCT-012-CRM-20251031,2025-10-31,ACCT-012,CRM,Production,SUCCESS,200,1153,1152,1,2270,0,
SYNC-ACCT-012-CRM-20251103,2025-11-03,ACCT-012,CRM,Production,SUCCESS,200,1351,1351,0,1442,0,
SYNC-ACCT-012-CRM-20251106,2025-11-06,ACCT-012,CRM,Production,SUCCESS,200,1527,1527,0,1855,0,
SYNC-ACCT-012-CRM-20251109,2025-11-09,ACCT-012,CRM,Production,SUCCESS,200,1513,1511,2,2618,0,
SYNC-ACCT-012-CRM-20251112,2025-11-12,ACCT-012,CRM,Production,SUCCESS,200,736,735,1,900,0,
SYNC-ACCT-012-CRM-20251115,2025-11-15,ACCT-012,CRM,Production,SUCCESS,200,1553,1552,1,2011,0,
SYNC-ACCT-012-CRM-20251118,2025-11-18,ACCT-012,CRM,Production,SUCCESS,200,1049,1043,6,1446,0,
SYNC-ACCT-012-CRM-20251121,2025-11-21,ACCT-012,CRM,Production,SUCCESS,200,1041,1034,7,2150,0,
SYNC-ACCT-012-CRM-20251124,2025-11-24,ACCT-012,CRM,Production,SUCCESS,200,1518,1513,5,2206,0,
SYNC-ACCT-012-CRM-20251127,2025-11-27,ACCT-012,CRM,Production,SUCCESS,200,1158,1154,4,1817,0,
SYNC-ACCT-012-CRM-20251130,2025-11-30,ACCT-012,CRM,Production,SUCCESS,200,1558,1552,6,2103,0,
SYNC-ACCT-012-CRM-20251203,2025-12-03,ACCT-012,CRM,Production,SUCCESS,200,1617,1608,9,2884,0,
SYNC-ACCT-012-CRM-20251206,2025-12-06,ACCT-012,CRM,Production,SUCCESS,200,1405,1395,10,3086,0,
SYNC-ACCT-012-CRM-20251209,2025-12-09,ACCT-012,CRM,Production,SUCCESS,200,1023,1017,6,2629,0,
SYNC-ACCT-012-CRM-20251212,2025-12-12,ACCT-012,CRM,Production,SUCCESS,200,1026,1026,0,2508,0,
SYNC-ACCT-012-CRM-20251215,2025-12-15,ACCT-012,CRM,Production,SUCCESS,200,1482,1476,6,3233,0,
SYNC-ACCT-012-CRM-20251218,2025-12-18,ACCT-012,CRM,Production,SUCCESS,200,1670,1668,2,1678,0,
SYNC-ACCT-012-CRM-20251221,2025-12-21,ACCT-012,CRM,Production,SUCCESS,200,1556,1549,7,2968,0,
SYNC-ACCT-012-CRM-20251224,2025-12-24,ACCT-012,CRM,Production,SUCCESS,200,897,896,1,701,0,
SYNC-ACCT-012-CRM-20251227,2025-12-27,ACCT-012,CRM,Production,SUCCESS,200,1517,1508,9,892,0,
SYNC-ACCT-012-CRM-20251230,2025-12-30,ACCT-012,CRM,Production,SUCCESS,200,753,749,4,3227,0,
SYNC-ACCT-012-CRM-20260102,2026-01-02,ACCT-012,CRM,Production,SUCCESS,200,1039,1032,7,2441,0,
SYNC-ACCT-012-CRM-20260105,2026-01-05,ACCT-012,CRM,Production,SUCCESS,200,874,867,7,2638,0,
SYNC-ACCT-012-CRM-20260108,2026-01-08,ACCT-012,CRM,Production,FAILED,503,747,0,747,2539,2,UPSTREAM_UNAVAILABLE
SYNC-ACCT-012-CRM-20260111,2026-01-11,ACCT-012,CRM,Production,SUCCESS,200,808,804,4,1817,0,
SYNC-ACCT-012-CRM-20260114,2026-01-14,ACCT-012,CRM,Production,SUCCESS,200,1394,1384,10,2929,0,
SYNC-ACCT-012-CRM-20260117,2026-01-17,ACCT-012,CRM,Production,SUCCESS,200,1421,1416,5,657,0,
SYNC-ACCT-012-CRM-20260120,2026-01-20,ACCT-012,CRM,Production,SUCCESS,200,1289,1287,2,1958,0,
SYNC-ACCT-012-CRM-20260123,2026-01-23,ACCT-012,CRM,Production,SUCCESS,200,1527,1516,11,587,0,
SYNC-ACCT-012-CRM-20260126,2026-01-26,ACCT-012,CRM,Production,SUCCESS,200,1442,1432,10,1269,0,
SYNC-ACCT-012-CRM-20260129,2026-01-29,ACCT-012,CRM,Production,SUCCESS,200,1636,1625,11,3053,0,
SYNC-ACCT-012-CRM-20260201,2026-02-01,ACCT-012,CRM,Production,SUCCESS,200,1146,1143,3,1435,0,
SYNC-ACCT-012-CRM-20260204,2026-02-04,ACCT-012,CRM,Production,SUCCESS,200,1003,999,4,1609,0,
SYNC-ACCT-012-CRM-20260207,2026-02-07,ACCT-012,CRM,Production,SUCCESS,200,1607,1596,11,3050,0,
SYNC-ACCT-012-CRM-20260210,2026-02-10,ACCT-012,CRM,Production,SUCCESS,200,1177,1175,2,553,0,
SYNC-ACCT-012-CRM-20260213,2026-02-13,ACCT-012,CRM,Production,SUCCESS,200,1538,1533,5,3139,0,
SYNC-ACCT-012-CRM-20260216,2026-02-16,ACCT-012,CRM,Production,SUCCESS,200,958,955,3,3358,0,
SYNC-ACCT-012-CRM-20260219,2026-02-19,ACCT-012,CRM,Production,SUCCESS,200,1481,1470,11,2992,0,
SYNC-ACCT-012-CRM-20260222,2026-02-22,ACCT-012,CRM,Production,SUCCESS,200,1612,1602,10,3000,0,
SYNC-ACCT-012-CRM-20260225,2026-02-25,ACCT-012,CRM,Production,SUCCESS,200,1652,1647,5,932,0,
SYNC-ACCT-012-CRM-20260228,2026-02-28,ACCT-012,CRM,Production,SUCCESS,200,1312,1311,1,1168,0,
SYNC-ACCT-012-CRM-20260303,2026-03-03,ACCT-012,CRM,Production,SUCCESS,200,1119,1113,6,825,0,
SYNC-ACCT-012-CRM-20260306,2026-03-06,ACCT-012,CRM,Production,SUCCESS,200,1507,1499,8,510,0,
SYNC-ACCT-012-CRM-20260309,2026-03-09,ACCT-012,CRM,Production,SUCCESS,200,1531,1531,0,607,0,
SYNC-ACCT-012-CRM-20260312,2026-03-12,ACCT-012,CRM,Production,SUCCESS,200,1296,1288,8,644,0,
SYNC-ACCT-012-CRM-20260315,2026-03-15,ACCT-012,CRM,Production,SUCCESS,200,1370,1367,3,3032,0,
SYNC-ACCT-012-CRM-20260318,2026-03-18,ACCT-012,CRM,Production,SUCCESS,200,839,836,3,3358,0,
SYNC-ACCT-012-CRM-20260321,2026-03-21,ACCT-012,CRM,Production,SUCCESS,200,1496,1486,10,3111,0,
SYNC-ACCT-012-CRM-20260324,2026-03-24,ACCT-012,CRM,Production,SUCCESS,200,873,872,1,1593,0,
SYNC-ACCT-012-CRM-20260327,2026-03-27,ACCT-012,CRM,Production,SUCCESS,200,1559,1552,7,2688,0,
SYNC-ACCT-012-CRM-20260330,2026-03-30,ACCT-012,CRM,Production,SUCCESS,200,757,753,4,2630,0,
SYNC-ACCT-012-CRM-20260402,2026-04-02,ACCT-012,CRM,Production,SUCCESS,200,1587,1580,7,1591,0,
SYNC-ACCT-012-CRM-20260405,2026-04-05,ACCT-012,CRM,Production,SUCCESS,200,1270,1263,7,3161,0,
SYNC-ACCT-012-CRM-20260408,2026-04-08,ACCT-012,CRM,Production,SUCCESS,200,1361,1353,8,2505,0,
SYNC-ACCT-012-CRM-20260411,2026-04-11,ACCT-012,CRM,Production,SUCCESS,200,870,869,1,1216,0,
SYNC-ACCT-012-CRM-20260414,2026-04-14,ACCT-012,CRM,Production,SUCCESS,200,1020,1015,5,1115,0,
SYNC-ACCT-012-CRM-20260417,2026-04-17,ACCT-012,CRM,Production,SUCCESS,200,1483,1481,2,2418,0,
SYNC-ACCT-012-CRM-20260420,2026-04-20,ACCT-012,CRM,Production,SUCCESS,200,952,952,0,2329,0,
SYNC-ACCT-012-CRM-20260423,2026-04-23,ACCT-012,CRM,Production,SUCCESS,200,1222,1221,1,3223,0,
SYNC-ACCT-012-CRM-20260426,2026-04-26,ACCT-012,CRM,Production,SUCCESS,200,1652,1640,12,1110,0,
SYNC-ACCT-012-CRM-20260429,2026-04-29,ACCT-012,CRM,Production,SUCCESS,200,1160,1153,7,2011,0,
SYNC-ACCT-012-CRM-20260502,2026-05-02,ACCT-012,CRM,Production,SUCCESS,200,1368,1368,0,3227,0,
SYNC-ACCT-012-CRM-20260505,2026-05-05,ACCT-012,CRM,Production,SUCCESS,200,1590,1589,1,577,0,
SYNC-ACCT-012-CRM-20260508,2026-05-08,ACCT-012,CRM,Production,SUCCESS,200,1358,1350,8,2009,0,
SYNC-ACCT-012-CRM-20260511,2026-05-11,ACCT-012,CRM,Production,SUCCESS,200,1036,1033,3,2525,0,
SYNC-ACCT-012-CRM-20260514,2026-05-14,ACCT-012,CRM,Production,SUCCESS,200,1309,1305,4,1297,0,
SYNC-ACCT-012-CRM-20260517,2026-05-17,ACCT-012,CRM,Production,SUCCESS,200,1375,1364,11,1329,0,
SYNC-ACCT-012-CRM-20260520,2026-05-20,ACCT-012,CRM,Production,SUCCESS,200,961,958,3,2916,0,
SYNC-ACCT-012-CRM-20260523,2026-05-23,ACCT-012,CRM,Production,SUCCESS,200,1279,1271,8,1640,0,
SYNC-ACCT-012-CRM-20260526,2026-05-26,ACCT-012,CRM,Production,SUCCESS,200,1503,1494,9,966,0,
SYNC-ACCT-012-CRM-20260529,2026-05-29,ACCT-012,CRM,Production,SUCCESS,200,1502,1501,1,3267,0,
SYNC-ACCT-012-CRM-20260601,2026-06-01,ACCT-012,CRM,Production,SUCCESS,200,1021,1014,7,2249,0,
SYNC-ACCT-012-CRM-20260604,2026-06-04,ACCT-012,CRM,Production,SUCCESS,200,1298,1292,6,3058,0,
SYNC-ACCT-012-CRM-20260607,2026-06-07,ACCT-012,CRM,Production,SUCCESS,200,1027,1025,2,625,0,
SYNC-ACCT-012-CRM-20260610,2026-06-10,ACCT-012,CRM,Production,SUCCESS,200,1078,1074,4,3110,0,
SYNC-ACCT-012-CRM-20260613,2026-06-13,ACCT-012,CRM,Production,SUCCESS,200,967,963,4,2781,0,
SYNC-ACCT-012-CRM-20260616,2026-06-16,ACCT-012,CRM,Production,SUCCESS,200,823,821,2,2789,0,
SYNC-ACCT-012-CRM-20260619,2026-06-19,ACCT-012,CRM,Production,SUCCESS,200,998,996,2,2263,0,
SYNC-ACCT-012-CRM-20260622,2026-06-22,ACCT-012,CRM,Production,SUCCESS,200,1368,1366,2,2483,0,
SYNC-ACCT-012-CRM-20260625,2026-06-25,ACCT-012,CRM,Production,SUCCESS,200,1071,1067,4,1489,0,
SYNC-ACCT-012-CRM-20260628,2026-06-28,ACCT-012,CRM,Production,SUCCESS,200,1294,1284,10,1252,0,
SYNC-ACCT-012-BILLING-20251007,2025-10-07,ACCT-012,BILLING,Production,SUCCESS,200,1601,1596,5,1975,0,
SYNC-ACCT-012-BILLING-20251010,2025-10-10,ACCT-012,BILLING,Production,SUCCESS,200,1539,1528,11,2573,0,
SYNC-ACCT-012-BILLING-20251013,2025-10-13,ACCT-012,BILLING,Production,SUCCESS,200,1165,1164,1,614,0,
SYNC-ACCT-012-BILLING-20251016,2025-10-16,ACCT-012,BILLING,Production,SUCCESS,200,786,780,6,734,0,
SYNC-ACCT-012-BILLING-20251019,2025-10-19,ACCT-012,BILLING,Production,SUCCESS,200,967,964,3,1917,0,
SYNC-ACCT-012-BILLING-20251022,2025-10-22,ACCT-012,BILLING,Production,SUCCESS,200,1655,1654,1,2722,0,
SYNC-ACCT-012-BILLING-20251025,2025-10-25,ACCT-012,BILLING,Production,SUCCESS,200,1601,1593,8,2772,0,
SYNC-ACCT-012-BILLING-20251028,2025-10-28,ACCT-012,BILLING,Production,SUCCESS,200,1178,1172,6,2673,0,
SYNC-ACCT-012-BILLING-20251031,2025-10-31,ACCT-012,BILLING,Production,SUCCESS,200,1522,1513,9,2490,0,
SYNC-ACCT-012-BILLING-20251103,2025-11-03,ACCT-012,BILLING,Production,SUCCESS,200,966,959,7,3102,0,
SYNC-ACCT-012-BILLING-20251106,2025-11-06,ACCT-012,BILLING,Production,SUCCESS,200,1135,1127,8,802,0,
SYNC-ACCT-012-BILLING-20251109,2025-11-09,ACCT-012,BILLING,Production,SUCCESS,200,1500,1488,12,1902,0,
SYNC-ACCT-012-BILLING-20251112,2025-11-12,ACCT-012,BILLING,Production,SUCCESS,200,1289,1280,9,759,0,
SYNC-ACCT-012-BILLING-20251115,2025-11-15,ACCT-012,BILLING,Production,SUCCESS,200,1575,1571,4,2827,0,
SYNC-ACCT-012-BILLING-20251118,2025-11-18,ACCT-012,BILLING,Production,SUCCESS,200,1040,1032,8,3018,0,
SYNC-ACCT-012-BILLING-20251121,2025-11-21,ACCT-012,BILLING,Production,SUCCESS,200,836,834,2,1822,0,
SYNC-ACCT-012-BILLING-20251124,2025-11-24,ACCT-012,BILLING,Production,SUCCESS,200,1036,1034,2,2558,0,
SYNC-ACCT-012-BILLING-20251127,2025-11-27,ACCT-012,BILLING,Production,SUCCESS,200,1496,1485,11,2886,0,
SYNC-ACCT-012-BILLING-20251130,2025-11-30,ACCT-012,BILLING,Production,SUCCESS,200,1623,1613,10,2716,0,
SYNC-ACCT-012-BILLING-20251203,2025-12-03,ACCT-012,BILLING,Production,SUCCESS,200,1221,1216,5,1324,0,
SYNC-ACCT-012-BILLING-20251206,2025-12-06,ACCT-012,BILLING,Production,SUCCESS,200,789,784,5,1086,0,
SYNC-ACCT-012-BILLING-20251209,2025-12-09,ACCT-012,BILLING,Production,SUCCESS,200,783,779,4,636,0,
SYNC-ACCT-012-BILLING-20251212,2025-12-12,ACCT-012,BILLING,Production,SUCCESS,200,1613,1600,13,1364,0,
SYNC-ACCT-012-BILLING-20251215,2025-12-15,ACCT-012,BILLING,Production,SUCCESS,200,1673,1670,3,2648,0,
SYNC-ACCT-012-BILLING-20251218,2025-12-18,ACCT-012,BILLING,Production,SUCCESS,200,1479,1471,8,1299,0,
SYNC-ACCT-012-BILLING-20251221,2025-12-21,ACCT-012,BILLING,Production,SUCCESS,200,1390,1382,8,1559,0,
SYNC-ACCT-012-BILLING-20251224,2025-12-24,ACCT-012,BILLING,Production,SUCCESS,200,1109,1107,2,2718,0,
SYNC-ACCT-012-BILLING-20251227,2025-12-27,ACCT-012,BILLING,Production,SUCCESS,200,1624,1618,6,2109,0,
SYNC-ACCT-012-BILLING-20251230,2025-12-30,ACCT-012,BILLING,Production,SUCCESS,200,1424,1416,8,1550,0,
SYNC-ACCT-012-BILLING-20260102,2026-01-02,ACCT-012,BILLING,Production,SUCCESS,200,838,834,4,2518,0,
SYNC-ACCT-012-BILLING-20260105,2026-01-05,ACCT-012,BILLING,Production,SUCCESS,200,791,789,2,3350,0,
SYNC-ACCT-012-BILLING-20260108,2026-01-08,ACCT-012,BILLING,Production,SUCCESS,200,1455,1446,9,745,0,
SYNC-ACCT-012-BILLING-20260111,2026-01-11,ACCT-012,BILLING,Production,SUCCESS,200,1350,1342,8,727,0,
SYNC-ACCT-012-BILLING-20260114,2026-01-14,ACCT-012,BILLING,Production,SUCCESS,200,1504,1497,7,1419,0,
SYNC-ACCT-012-BILLING-20260117,2026-01-17,ACCT-012,BILLING,Production,SUCCESS,200,1113,1112,1,507,0,
SYNC-ACCT-012-BILLING-20260120,2026-01-20,ACCT-012,BILLING,Production,SUCCESS,200,1582,1571,11,1366,0,
SYNC-ACCT-012-BILLING-20260123,2026-01-23,ACCT-012,BILLING,Production,SUCCESS,200,1412,1406,6,2553,0,
SYNC-ACCT-012-BILLING-20260126,2026-01-26,ACCT-012,BILLING,Production,SUCCESS,200,927,922,5,3010,0,
SYNC-ACCT-012-BILLING-20260129,2026-01-29,ACCT-012,BILLING,Production,SUCCESS,200,1525,1518,7,841,0,
SYNC-ACCT-012-BILLING-20260201,2026-02-01,ACCT-012,BILLING,Production,SUCCESS,200,1182,1173,9,2218,0,
SYNC-ACCT-012-BILLING-20260204,2026-02-04,ACCT-012,BILLING,Production,SUCCESS,200,1656,1654,2,2688,0,
SYNC-ACCT-012-BILLING-20260207,2026-02-07,ACCT-012,BILLING,Production,SUCCESS,200,1515,1515,0,3335,0,
SYNC-ACCT-012-BILLING-20260210,2026-02-10,ACCT-012,BILLING,Production,SUCCESS,200,1358,1354,4,1114,0,
SYNC-ACCT-012-BILLING-20260213,2026-02-13,ACCT-012,BILLING,Production,SUCCESS,200,1137,1128,9,2851,0,
SYNC-ACCT-012-BILLING-20260216,2026-02-16,ACCT-012,BILLING,Production,SUCCESS,200,1660,1650,10,1851,0,
SYNC-ACCT-012-BILLING-20260219,2026-02-19,ACCT-012,BILLING,Production,SUCCESS,200,1552,1544,8,3391,0,
SYNC-ACCT-012-BILLING-20260222,2026-02-22,ACCT-012,BILLING,Production,SUCCESS,200,1580,1573,7,2880,0,
SYNC-ACCT-012-BILLING-20260225,2026-02-25,ACCT-012,BILLING,Production,SUCCESS,200,1344,1336,8,1575,0,
SYNC-ACCT-012-BILLING-20260228,2026-02-28,ACCT-012,BILLING,Production,SUCCESS,200,1372,1361,11,3141,0,
SYNC-ACCT-012-BILLING-20260303,2026-03-03,ACCT-012,BILLING,Production,SUCCESS,200,1604,1597,7,866,0,
SYNC-ACCT-012-BILLING-20260306,2026-03-06,ACCT-012,BILLING,Production,SUCCESS,200,1304,1299,5,1388,0,
SYNC-ACCT-012-BILLING-20260309,2026-03-09,ACCT-012,BILLING,Production,SUCCESS,200,969,967,2,1052,0,
SYNC-ACCT-012-BILLING-20260312,2026-03-12,ACCT-012,BILLING,Production,SUCCESS,200,1114,1111,3,3198,0,
SYNC-ACCT-012-BILLING-20260315,2026-03-15,ACCT-012,BILLING,Production,SUCCESS,200,1107,1101,6,1415,0,
SYNC-ACCT-012-BILLING-20260318,2026-03-18,ACCT-012,BILLING,Production,SUCCESS,200,1329,1320,9,1604,0,
SYNC-ACCT-012-BILLING-20260321,2026-03-21,ACCT-012,BILLING,Production,SUCCESS,200,792,791,1,1128,0,
SYNC-ACCT-012-BILLING-20260324,2026-03-24,ACCT-012,BILLING,Production,SUCCESS,200,793,791,2,3109,0,
SYNC-ACCT-012-BILLING-20260327,2026-03-27,ACCT-012,BILLING,Production,SUCCESS,200,1162,1162,0,2711,0,
SYNC-ACCT-012-BILLING-20260330,2026-03-30,ACCT-012,BILLING,Production,SUCCESS,200,766,765,1,2622,0,
SYNC-ACCT-012-BILLING-20260402,2026-04-02,ACCT-012,BILLING,Production,SUCCESS,200,1142,1141,1,2921,0,
SYNC-ACCT-012-BILLING-20260405,2026-04-05,ACCT-012,BILLING,Production,SUCCESS,200,1118,1117,1,1306,0,
SYNC-ACCT-012-BILLING-20260408,2026-04-08,ACCT-012,BILLING,Production,SUCCESS,200,1309,1301,8,2831,0,
SYNC-ACCT-012-BILLING-20260411,2026-04-11,ACCT-012,BILLING,Production,SUCCESS,200,779,777,2,1120,0,
SYNC-ACCT-012-BILLING-20260414,2026-04-14,ACCT-012,BILLING,Production,SUCCESS,200,1367,1359,8,543,0,
SYNC-ACCT-012-BILLING-20260417,2026-04-17,ACCT-012,BILLING,Production,SUCCESS,200,1272,1264,8,2283,0,
SYNC-ACCT-012-BILLING-20260420,2026-04-20,ACCT-012,BILLING,Production,SUCCESS,200,1249,1247,2,557,0,
SYNC-ACCT-012-BILLING-20260423,2026-04-23,ACCT-012,BILLING,Production,SUCCESS,200,1492,1480,12,3099,0,
SYNC-ACCT-012-BILLING-20260426,2026-04-26,ACCT-012,BILLING,Production,SUCCESS,200,1150,1150,0,1442,0,
SYNC-ACCT-012-BILLING-20260429,2026-04-29,ACCT-012,BILLING,Production,SUCCESS,200,790,784,6,3253,0,
SYNC-ACCT-012-BILLING-20260502,2026-05-02,ACCT-012,BILLING,Production,SUCCESS,200,1533,1530,3,2643,0,
SYNC-ACCT-012-BILLING-20260505,2026-05-05,ACCT-012,BILLING,Production,FAILED,422,994,755,239,612,0,SCHEMA_FIELD_CHANGED
SYNC-ACCT-012-BILLING-20260508,2026-05-08,ACCT-012,BILLING,Production,FAILED,422,747,568,179,2597,0,SCHEMA_FIELD_CHANGED
SYNC-ACCT-012-BILLING-20260511,2026-05-11,ACCT-012,BILLING,Production,FAILED,422,937,712,225,906,0,SCHEMA_FIELD_CHANGED
SYNC-ACCT-012-BILLING-20260514,2026-05-14,ACCT-012,BILLING,Production,SUCCESS,200,1520,1519,1,3198,0,
SYNC-ACCT-012-BILLING-20260517,2026-05-17,ACCT-012,BILLING,Production,SUCCESS,200,1516,1507,9,594,0,
SYNC-ACCT-012-BILLING-20260520,2026-05-20,ACCT-012,BILLING,Production,SUCCESS,200,1199,1198,1,2322,0,
SYNC-ACCT-012-BILLING-20260523,2026-05-23,ACCT-012,BILLING,Production,SUCCESS,200,1624,1621,3,2582,0,
SYNC-ACCT-012-BILLING-20260526,2026-05-26,ACCT-012,BILLING,Production,SUCCESS,200,1491,1481,10,510,0,
SYNC-ACCT-012-BILLING-20260529,2026-05-29,ACCT-012,BILLING,Production,SUCCESS,200,904,902,2,2096,0,
SYNC-ACCT-012-BILLING-20260601,2026-06-01,ACCT-012,BILLING,Production,SUCCESS,200,1519,1510,9,2961,0,
SYNC-ACCT-012-BILLING-20260604,2026-06-04,ACCT-012,BILLING,Production,SUCCESS,200,1229,1226,3,1901,0,
SYNC-ACCT-012-BILLING-20260607,2026-06-07,ACCT-012,BILLING,Production,SUCCESS,200,1463,1463,0,1023,0,
SYNC-ACCT-012-BILLING-20260610,2026-06-10,ACCT-012,BILLING,Production,SUCCESS,200,733,730,3,1788,0,
SYNC-ACCT-012-BILLING-20260613,2026-06-13,ACCT-012,BILLING,Production,SUCCESS,200,1147,1142,5,2163,0,
SYNC-ACCT-012-BILLING-20260616,2026-06-16,ACCT-012,BILLING,Production,SUCCESS,200,1309,1305,4,1615,0,
SYNC-ACCT-012-BILLING-20260619,2026-06-19,ACCT-012,BILLING,Production,SUCCESS,200,1478,1476,2,2008,0,
SYNC-ACCT-012-BILLING-20260622,2026-06-22,ACCT-012,BILLING,Production,SUCCESS,200,1218,1211,7,1497,0,
SYNC-ACCT-012-BILLING-20260625,2026-06-25,ACCT-012,BILLING,Production,SUCCESS,200,829,824,5,2802,0,
SYNC-ACCT-012-BILLING-20260628,2026-06-28,ACCT-012,BILLING,Production,SUCCESS,200,1250,1242,8,2740,0,
SYNC-ACCT-012-PRODUCT-20251007,2025-10-07,ACCT-012,PRODUCT,Production,SUCCESS,200,1512,1509,3,3288,0,
SYNC-ACCT-012-PRODUCT-20251010,2025-10-10,ACCT-012,PRODUCT,Production,SUCCESS,200,1399,1396,3,3030,0,
SYNC-ACCT-012-PRODUCT-20251013,2025-10-13,ACCT-012,PRODUCT,Production,SUCCESS,200,1319,1313,6,1848,0,
SYNC-ACCT-012-PRODUCT-20251016,2025-10-16,ACCT-012,PRODUCT,Production,SUCCESS,200,911,909,2,572,0,
SYNC-ACCT-012-PRODUCT-20251019,2025-10-19,ACCT-012,PRODUCT,Production,SUCCESS,200,1215,1210,5,816,0,
SYNC-ACCT-012-PRODUCT-20251022,2025-10-22,ACCT-012,PRODUCT,Production,SUCCESS,200,969,968,1,2000,0,
SYNC-ACCT-012-PRODUCT-20251025,2025-10-25,ACCT-012,PRODUCT,Production,SUCCESS,200,1419,1414,5,874,0,
SYNC-ACCT-012-PRODUCT-20251028,2025-10-28,ACCT-012,PRODUCT,Production,SUCCESS,200,729,729,0,1014,0,
SYNC-ACCT-012-PRODUCT-20251031,2025-10-31,ACCT-012,PRODUCT,Production,SUCCESS,200,1530,1528,2,980,0,
SYNC-ACCT-012-PRODUCT-20251103,2025-11-03,ACCT-012,PRODUCT,Production,SUCCESS,200,1511,1505,6,2084,0,
SYNC-ACCT-012-PRODUCT-20251106,2025-11-06,ACCT-012,PRODUCT,Production,SUCCESS,200,957,954,3,2232,0,
SYNC-ACCT-012-PRODUCT-20251109,2025-11-09,ACCT-012,PRODUCT,Production,SUCCESS,200,869,868,1,2612,0,
SYNC-ACCT-012-PRODUCT-20251112,2025-11-12,ACCT-012,PRODUCT,Production,SUCCESS,200,816,809,7,1414,0,
SYNC-ACCT-012-PRODUCT-20251115,2025-11-15,ACCT-012,PRODUCT,Production,SUCCESS,200,1012,1008,4,2151,0,
SYNC-ACCT-012-PRODUCT-20251118,2025-11-18,ACCT-012,PRODUCT,Production,SUCCESS,200,1375,1369,6,3192,0,
SYNC-ACCT-012-PRODUCT-20251121,2025-11-21,ACCT-012,PRODUCT,Production,SUCCESS,200,1299,1295,4,3053,0,
SYNC-ACCT-012-PRODUCT-20251124,2025-11-24,ACCT-012,PRODUCT,Production,SUCCESS,200,1442,1437,5,1877,0,
SYNC-ACCT-012-PRODUCT-20251127,2025-11-27,ACCT-012,PRODUCT,Production,SUCCESS,200,1005,1003,2,2421,0,
SYNC-ACCT-012-PRODUCT-20251130,2025-11-30,ACCT-012,PRODUCT,Production,SUCCESS,200,1394,1388,6,2225,0,
SYNC-ACCT-012-PRODUCT-20251203,2025-12-03,ACCT-012,PRODUCT,Production,SUCCESS,200,1195,1190,5,1075,0,
SYNC-ACCT-012-PRODUCT-20251206,2025-12-06,ACCT-012,PRODUCT,Production,SUCCESS,200,942,938,4,722,0,
SYNC-ACCT-012-PRODUCT-20251209,2025-12-09,ACCT-012,PRODUCT,Production,SUCCESS,200,805,802,3,657,0,
SYNC-ACCT-012-PRODUCT-20251212,2025-12-12,ACCT-012,PRODUCT,Production,SUCCESS,200,756,753,3,2824,0,
SYNC-ACCT-012-PRODUCT-20251215,2025-12-15,ACCT-012,PRODUCT,Production,SUCCESS,200,866,861,5,678,0,
SYNC-ACCT-012-PRODUCT-20251218,2025-12-18,ACCT-012,PRODUCT,Production,SUCCESS,200,746,741,5,3191,0,
SYNC-ACCT-012-PRODUCT-20251221,2025-12-21,ACCT-012,PRODUCT,Production,SUCCESS,200,912,912,0,2384,0,
SYNC-ACCT-012-PRODUCT-20251224,2025-12-24,ACCT-012,PRODUCT,Production,SUCCESS,200,1153,1148,5,2120,0,
SYNC-ACCT-012-PRODUCT-20251227,2025-12-27,ACCT-012,PRODUCT,Production,SUCCESS,200,1138,1133,5,2122,0,
SYNC-ACCT-012-PRODUCT-20251230,2025-12-30,ACCT-012,PRODUCT,Production,SUCCESS,200,1626,1614,12,952,0,
SYNC-ACCT-012-PRODUCT-20260102,2026-01-02,ACCT-012,PRODUCT,Production,SUCCESS,200,1501,1501,0,3177,0,
SYNC-ACCT-012-PRODUCT-20260105,2026-01-05,ACCT-012,PRODUCT,Production,SUCCESS,200,787,784,3,1212,0,
SYNC-ACCT-012-PRODUCT-20260108,2026-01-08,ACCT-012,PRODUCT,Production,SUCCESS,200,1584,1577,7,2231,0,
SYNC-ACCT-012-PRODUCT-20260111,2026-01-11,ACCT-012,PRODUCT,Production,SUCCESS,200,1101,1101,0,2299,0,
SYNC-ACCT-012-PRODUCT-20260114,2026-01-14,ACCT-012,PRODUCT,Production,SUCCESS,200,1679,1674,5,629,0,
SYNC-ACCT-012-PRODUCT-20260117,2026-01-17,ACCT-012,PRODUCT,Production,SUCCESS,200,1588,1577,11,534,0,
SYNC-ACCT-012-PRODUCT-20260120,2026-01-20,ACCT-012,PRODUCT,Production,SUCCESS,200,1653,1652,1,1689,0,
SYNC-ACCT-012-PRODUCT-20260123,2026-01-23,ACCT-012,PRODUCT,Production,SUCCESS,200,1024,1020,4,3083,0,
SYNC-ACCT-012-PRODUCT-20260126,2026-01-26,ACCT-012,PRODUCT,Production,SUCCESS,200,1433,1428,5,1830,0,
SYNC-ACCT-012-PRODUCT-20260129,2026-01-29,ACCT-012,PRODUCT,Production,SUCCESS,200,1523,1511,12,1141,0,
SYNC-ACCT-012-PRODUCT-20260201,2026-02-01,ACCT-012,PRODUCT,Production,FAILED,503,1252,0,1252,2564,2,UPSTREAM_UNAVAILABLE
SYNC-ACCT-012-PRODUCT-20260204,2026-02-04,ACCT-012,PRODUCT,Production,SUCCESS,200,1214,1209,5,2046,0,
SYNC-ACCT-012-PRODUCT-20260207,2026-02-07,ACCT-012,PRODUCT,Production,SUCCESS,200,1364,1354,10,1351,0,
SYNC-ACCT-012-PRODUCT-20260210,2026-02-10,ACCT-012,PRODUCT,Production,SUCCESS,200,1472,1463,9,1804,0,
SYNC-ACCT-012-PRODUCT-20260213,2026-02-13,ACCT-012,PRODUCT,Production,SUCCESS,200,776,772,4,828,0,
SYNC-ACCT-012-PRODUCT-20260216,2026-02-16,ACCT-012,PRODUCT,Production,SUCCESS,200,1029,1026,3,2577,0,
SYNC-ACCT-012-PRODUCT-20260219,2026-02-19,ACCT-012,PRODUCT,Production,SUCCESS,200,1097,1092,5,561,0,
SYNC-ACCT-012-PRODUCT-20260222,2026-02-22,ACCT-012,PRODUCT,Production,FAILED,503,1071,0,1071,2727,2,UPSTREAM_UNAVAILABLE
SYNC-ACCT-012-PRODUCT-20260225,2026-02-25,ACCT-012,PRODUCT,Production,SUCCESS,200,1194,1187,7,1100,0,
SYNC-ACCT-012-PRODUCT-20260228,2026-02-28,ACCT-012,PRODUCT,Production,SUCCESS,200,1672,1664,8,1963,0,
SYNC-ACCT-012-PRODUCT-20260303,2026-03-03,ACCT-012,PRODUCT,Production,SUCCESS,200,1241,1233,8,1948,0,
SYNC-ACCT-012-PRODUCT-20260306,2026-03-06,ACCT-012,PRODUCT,Production,SUCCESS,200,1540,1531,9,1757,0,
SYNC-ACCT-012-PRODUCT-20260309,2026-03-09,ACCT-012,PRODUCT,Production,SUCCESS,200,738,733,5,2900,0,
SYNC-ACCT-012-PRODUCT-20260312,2026-03-12,ACCT-012,PRODUCT,Production,SUCCESS,200,1264,1260,4,2643,0,
SYNC-ACCT-012-PRODUCT-20260315,2026-03-15,ACCT-012,PRODUCT,Production,SUCCESS,200,881,878,3,1540,0,
SYNC-ACCT-012-PRODUCT-20260318,2026-03-18,ACCT-012,PRODUCT,Production,SUCCESS,200,1606,1603,3,568,0,
SYNC-ACCT-012-PRODUCT-20260321,2026-03-21,ACCT-012,PRODUCT,Production,SUCCESS,200,1332,1331,1,1856,0,
SYNC-ACCT-012-PRODUCT-20260324,2026-03-24,ACCT-012,PRODUCT,Production,SUCCESS,200,1357,1352,5,1355,0,
SYNC-ACCT-012-PRODUCT-20260327,2026-03-27,ACCT-012,PRODUCT,Production,SUCCESS,200,1154,1146,8,1955,0,
SYNC-ACCT-012-PRODUCT-20260330,2026-03-30,ACCT-012,PRODUCT,Production,SUCCESS,200,1508,1499,9,1335,0,
SYNC-ACCT-012-PRODUCT-20260402,2026-04-02,ACCT-012,PRODUCT,Production,SUCCESS,200,1293,1284,9,2538,0,
SYNC-ACCT-012-PRODUCT-20260405,2026-04-05,ACCT-012,PRODUCT,Production,SUCCESS,200,1322,1312,10,1824,0,
SYNC-ACCT-012-PRODUCT-20260408,2026-04-08,ACCT-012,PRODUCT,Production,SUCCESS,200,977,976,1,2131,0,
SYNC-ACCT-012-PRODUCT-20260411,2026-04-11,ACCT-012,PRODUCT,Production,SUCCESS,200,905,900,5,1124,0,
SYNC-ACCT-012-PRODUCT-20260414,2026-04-14,ACCT-012,PRODUCT,Production,SUCCESS,200,947,944,3,2322,0,
SYNC-ACCT-012-PRODUCT-20260417,2026-04-17,ACCT-012,PRODUCT,Production,SUCCESS,200,1185,1177,8,1845,0,
SYNC-ACCT-012-PRODUCT-20260420,2026-04-20,ACCT-012,PRODUCT,Production,SUCCESS,200,1065,1062,3,786,0,
SYNC-ACCT-012-PRODUCT-20260423,2026-04-23,ACCT-012,PRODUCT,Production,SUCCESS,200,1190,1180,10,780,0,
SYNC-ACCT-012-PRODUCT-20260426,2026-04-26,ACCT-012,PRODUCT,Production,SUCCESS,200,1664,1661,3,2199,0,
SYNC-ACCT-012-PRODUCT-20260429,2026-04-29,ACCT-012,PRODUCT,Production,SUCCESS,200,974,970,4,1506,0,
SYNC-ACCT-012-PRODUCT-20260502,2026-05-02,ACCT-012,PRODUCT,Production,SUCCESS,200,1236,1236,0,2050,0,
SYNC-ACCT-012-PRODUCT-20260505,2026-05-05,ACCT-012,PRODUCT,Production,SUCCESS,200,1085,1076,9,879,0,
SYNC-ACCT-012-PRODUCT-20260508,2026-05-08,ACCT-012,PRODUCT,Production,SUCCESS,200,1193,1192,1,1217,0,
SYNC-ACCT-012-PRODUCT-20260511,2026-05-11,ACCT-012,PRODUCT,Production,SUCCESS,200,831,824,7,3020,0,
SYNC-ACCT-012-PRODUCT-20260514,2026-05-14,ACCT-012,PRODUCT,Production,SUCCESS,200,1107,1098,9,1293,0,
SYNC-ACCT-012-PRODUCT-20260517,2026-05-17,ACCT-012,PRODUCT,Production,SUCCESS,200,1044,1043,1,3111,0,
SYNC-ACCT-012-PRODUCT-20260520,2026-05-20,ACCT-012,PRODUCT,Production,SUCCESS,200,1147,1140,7,3249,0,
SYNC-ACCT-012-PRODUCT-20260523,2026-05-23,ACCT-012,PRODUCT,Production,SUCCESS,200,1102,1093,9,1103,0,
SYNC-ACCT-012-PRODUCT-20260526,2026-05-26,ACCT-012,PRODUCT,Production,SUCCESS,200,1021,1014,7,2204,0,
SYNC-ACCT-012-PRODUCT-20260529,2026-05-29,ACCT-012,PRODUCT,Production,SUCCESS,200,1579,1571,8,2792,0,
SYNC-ACCT-012-PRODUCT-20260601,2026-06-01,ACCT-012,PRODUCT,Production,SUCCESS,200,1025,1018,7,3025,0,
SYNC-ACCT-012-PRODUCT-20260604,2026-06-04,ACCT-012,PRODUCT,Production,SUCCESS,200,1664,1663,1,1772,0,
SYNC-ACCT-012-PRODUCT-20260607,2026-06-07,ACCT-012,PRODUCT,Production,SUCCESS,200,997,992,5,883,0,
SYNC-ACCT-012-PRODUCT-20260610,2026-06-10,ACCT-012,PRODUCT,Production,SUCCESS,200,1455,1447,8,1770,0,
SYNC-ACCT-012-PRODUCT-20260613,2026-06-13,ACCT-012,PRODUCT,Production,SUCCESS,200,1315,1311,4,2887,0,
SYNC-ACCT-012-PRODUCT-20260616,2026-06-16,ACCT-012,PRODUCT,Production,SUCCESS,200,1091,1091,0,2699,0,
SYNC-ACCT-012-PRODUCT-20260619,2026-06-19,ACCT-012,PRODUCT,Production,SUCCESS,200,1604,1594,10,2834,0,
SYNC-ACCT-012-PRODUCT-20260622,2026-06-22,ACCT-012,PRODUCT,Production,SUCCESS,200,777,771,6,3268,0,
SYNC-ACCT-012-PRODUCT-20260625,2026-06-25,ACCT-012,PRODUCT,Production,SUCCESS,200,1162,1155,7,600,0,
SYNC-ACCT-012-PRODUCT-20260628,2026-06-28,ACCT-012,PRODUCT,Production,SUCCESS,200,1164,1163,1,797,0,
SYNC-ACCT-013-CRM-20251013,2025-10-13,ACCT-013,CRM,Production,SUCCESS,200,1135,1129,6,2855,0,
SYNC-ACCT-013-CRM-20251016,2025-10-16,ACCT-013,CRM,Production,SUCCESS,200,1600,1591,9,2666,0,
SYNC-ACCT-013-CRM-20251019,2025-10-19,ACCT-013,CRM,Production,SUCCESS,200,1429,1423,6,2793,0,
SYNC-ACCT-013-CRM-20251022,2025-10-22,ACCT-013,CRM,Production,SUCCESS,200,1120,1113,7,1265,0,
SYNC-ACCT-013-CRM-20251025,2025-10-25,ACCT-013,CRM,Production,SUCCESS,200,1448,1448,0,3231,0,
SYNC-ACCT-013-CRM-20251028,2025-10-28,ACCT-013,CRM,Production,SUCCESS,200,756,755,1,1306,0,
SYNC-ACCT-013-CRM-20251031,2025-10-31,ACCT-013,CRM,Production,SUCCESS,200,897,896,1,1496,0,
SYNC-ACCT-013-CRM-20251103,2025-11-03,ACCT-013,CRM,Production,SUCCESS,200,1091,1082,9,1208,0,
SYNC-ACCT-013-CRM-20251106,2025-11-06,ACCT-013,CRM,Production,SUCCESS,200,1492,1482,10,2189,0,
SYNC-ACCT-013-CRM-20251109,2025-11-09,ACCT-013,CRM,Production,SUCCESS,200,867,862,5,2833,0,
SYNC-ACCT-013-CRM-20251112,2025-11-12,ACCT-013,CRM,Production,SUCCESS,200,1477,1468,9,1147,0,
SYNC-ACCT-013-CRM-20251115,2025-11-15,ACCT-013,CRM,Production,SUCCESS,200,1653,1640,13,1014,0,
SYNC-ACCT-013-CRM-20251118,2025-11-18,ACCT-013,CRM,Production,SUCCESS,200,847,843,4,1328,0,
SYNC-ACCT-013-CRM-20251121,2025-11-21,ACCT-013,CRM,Production,SUCCESS,200,766,760,6,3216,0,
SYNC-ACCT-013-CRM-20251124,2025-11-24,ACCT-013,CRM,Production,SUCCESS,200,1673,1660,13,1907,0,
SYNC-ACCT-013-CRM-20251127,2025-11-27,ACCT-013,CRM,Production,SUCCESS,200,806,802,4,885,0,
SYNC-ACCT-013-CRM-20251130,2025-11-30,ACCT-013,CRM,Production,SUCCESS,200,1422,1415,7,2282,0,
SYNC-ACCT-013-CRM-20251203,2025-12-03,ACCT-013,CRM,Production,SUCCESS,200,1125,1117,8,1102,0,
SYNC-ACCT-013-CRM-20251206,2025-12-06,ACCT-013,CRM,Production,SUCCESS,200,1111,1102,9,1014,0,
SYNC-ACCT-013-CRM-20251209,2025-12-09,ACCT-013,CRM,Production,SUCCESS,200,1374,1366,8,1107,0,
SYNC-ACCT-013-CRM-20251212,2025-12-12,ACCT-013,CRM,Production,SUCCESS,200,1565,1565,0,2680,0,
SYNC-ACCT-013-CRM-20251215,2025-12-15,ACCT-013,CRM,Production,SUCCESS,200,1542,1540,2,1967,0,
SYNC-ACCT-013-CRM-20251218,2025-12-18,ACCT-013,CRM,Production,SUCCESS,200,1370,1361,9,852,0,
SYNC-ACCT-013-CRM-20251221,2025-12-21,ACCT-013,CRM,Production,SUCCESS,200,938,933,5,1060,0,
SYNC-ACCT-013-CRM-20251224,2025-12-24,ACCT-013,CRM,Production,SUCCESS,200,1216,1215,1,2938,0,
SYNC-ACCT-013-CRM-20251227,2025-12-27,ACCT-013,CRM,Production,SUCCESS,200,755,750,5,2459,0,
SYNC-ACCT-013-CRM-20251230,2025-12-30,ACCT-013,CRM,Production,SUCCESS,200,1140,1132,8,3207,0,
SYNC-ACCT-013-CRM-20260102,2026-01-02,ACCT-013,CRM,Production,SUCCESS,200,1030,1023,7,2576,0,
SYNC-ACCT-013-CRM-20260105,2026-01-05,ACCT-013,CRM,Production,SUCCESS,200,1565,1563,2,542,0,
SYNC-ACCT-013-CRM-20260108,2026-01-08,ACCT-013,CRM,Production,SUCCESS,200,885,878,7,3179,0,
SYNC-ACCT-013-CRM-20260111,2026-01-11,ACCT-013,CRM,Production,SUCCESS,200,1025,1023,2,2425,0,
SYNC-ACCT-013-CRM-20260114,2026-01-14,ACCT-013,CRM,Production,SUCCESS,200,1415,1412,3,2226,0,
SYNC-ACCT-013-CRM-20260117,2026-01-17,ACCT-013,CRM,Production,SUCCESS,200,881,879,2,1064,0,
SYNC-ACCT-013-CRM-20260120,2026-01-20,ACCT-013,CRM,Production,SUCCESS,200,860,856,4,1417,0,
SYNC-ACCT-013-CRM-20260123,2026-01-23,ACCT-013,CRM,Production,SUCCESS,200,1062,1059,3,2260,0,
SYNC-ACCT-013-CRM-20260126,2026-01-26,ACCT-013,CRM,Production,SUCCESS,200,790,790,0,1591,0,
SYNC-ACCT-013-CRM-20260129,2026-01-29,ACCT-013,CRM,Production,SUCCESS,200,966,962,4,1955,0,
SYNC-ACCT-013-CRM-20260201,2026-02-01,ACCT-013,CRM,Production,SUCCESS,200,754,753,1,1310,0,
SYNC-ACCT-013-CRM-20260204,2026-02-04,ACCT-013,CRM,Production,SUCCESS,200,1284,1284,0,2179,0,
SYNC-ACCT-013-CRM-20260207,2026-02-07,ACCT-013,CRM,Production,SUCCESS,200,952,945,7,2714,0,
SYNC-ACCT-013-CRM-20260210,2026-02-10,ACCT-013,CRM,Production,SUCCESS,200,980,980,0,2603,0,
SYNC-ACCT-013-CRM-20260213,2026-02-13,ACCT-013,CRM,Production,SUCCESS,200,754,753,1,2805,0,
SYNC-ACCT-013-CRM-20260216,2026-02-16,ACCT-013,CRM,Production,SUCCESS,200,1506,1501,5,3024,0,
SYNC-ACCT-013-CRM-20260219,2026-02-19,ACCT-013,CRM,Production,SUCCESS,200,734,732,2,2803,0,
SYNC-ACCT-013-CRM-20260222,2026-02-22,ACCT-013,CRM,Production,SUCCESS,200,1542,1540,2,792,0,
SYNC-ACCT-013-CRM-20260225,2026-02-25,ACCT-013,CRM,Production,SUCCESS,200,1219,1218,1,2633,0,
SYNC-ACCT-013-CRM-20260228,2026-02-28,ACCT-013,CRM,Production,SUCCESS,200,1475,1472,3,1507,0,
SYNC-ACCT-013-CRM-20260303,2026-03-03,ACCT-013,CRM,Production,SUCCESS,200,1563,1559,4,1307,0,
SYNC-ACCT-013-CRM-20260306,2026-03-06,ACCT-013,CRM,Production,SUCCESS,200,1553,1548,5,1370,0,
SYNC-ACCT-013-CRM-20260309,2026-03-09,ACCT-013,CRM,Production,SUCCESS,200,1485,1476,9,3120,0,
SYNC-ACCT-013-CRM-20260312,2026-03-12,ACCT-013,CRM,Production,SUCCESS,200,1256,1254,2,1517,0,
SYNC-ACCT-013-CRM-20260315,2026-03-15,ACCT-013,CRM,Production,SUCCESS,200,1001,1001,0,2882,0,
SYNC-ACCT-013-CRM-20260318,2026-03-18,ACCT-013,CRM,Production,SUCCESS,200,898,895,3,846,0,
SYNC-ACCT-013-CRM-20260321,2026-03-21,ACCT-013,CRM,Production,SUCCESS,200,729,729,0,2849,0,
SYNC-ACCT-013-CRM-20260324,2026-03-24,ACCT-013,CRM,Production,SUCCESS,200,1461,1452,9,3006,0,
SYNC-ACCT-013-CRM-20260327,2026-03-27,ACCT-013,CRM,Production,SUCCESS,200,1299,1291,8,3116,0,
SYNC-ACCT-013-CRM-20260330,2026-03-30,ACCT-013,CRM,Production,SUCCESS,200,1543,1543,0,2644,0,
SYNC-ACCT-013-CRM-20260402,2026-04-02,ACCT-013,CRM,Production,SUCCESS,200,1530,1528,2,827,0,
SYNC-ACCT-013-CRM-20260405,2026-04-05,ACCT-013,CRM,Production,SUCCESS,200,1112,1107,5,3099,0,
SYNC-ACCT-013-CRM-20260408,2026-04-08,ACCT-013,CRM,Production,SUCCESS,200,1343,1337,6,2304,0,
SYNC-ACCT-013-CRM-20260411,2026-04-11,ACCT-013,CRM,Production,SUCCESS,200,853,846,7,1820,0,
SYNC-ACCT-013-CRM-20260414,2026-04-14,ACCT-013,CRM,Production,SUCCESS,200,1009,1009,0,1219,0,
SYNC-ACCT-013-CRM-20260417,2026-04-17,ACCT-013,CRM,Production,SUCCESS,200,1180,1176,4,2370,0,
SYNC-ACCT-013-CRM-20260420,2026-04-20,ACCT-013,CRM,Production,SUCCESS,200,1672,1671,1,1346,0,
SYNC-ACCT-013-CRM-20260423,2026-04-23,ACCT-013,CRM,Production,SUCCESS,200,1573,1563,10,2337,0,
SYNC-ACCT-013-CRM-20260426,2026-04-26,ACCT-013,CRM,Production,SUCCESS,200,1474,1466,8,853,0,
SYNC-ACCT-013-CRM-20260429,2026-04-29,ACCT-013,CRM,Production,SUCCESS,200,1207,1204,3,2854,0,
SYNC-ACCT-013-CRM-20260502,2026-05-02,ACCT-013,CRM,Production,SUCCESS,200,829,824,5,2578,0,
SYNC-ACCT-013-CRM-20260505,2026-05-05,ACCT-013,CRM,Production,SUCCESS,200,1459,1454,5,1009,0,
SYNC-ACCT-013-CRM-20260508,2026-05-08,ACCT-013,CRM,Production,SUCCESS,200,1670,1660,10,1690,0,
SYNC-ACCT-013-CRM-20260511,2026-05-11,ACCT-013,CRM,Production,SUCCESS,200,760,755,5,1607,0,
SYNC-ACCT-013-CRM-20260514,2026-05-14,ACCT-013,CRM,Production,SUCCESS,200,749,746,3,2047,0,
SYNC-ACCT-013-CRM-20260517,2026-05-17,ACCT-013,CRM,Production,SUCCESS,200,872,871,1,1236,0,
SYNC-ACCT-013-CRM-20260520,2026-05-20,ACCT-013,CRM,Production,SUCCESS,200,1283,1276,7,529,0,
SYNC-ACCT-013-CRM-20260523,2026-05-23,ACCT-013,CRM,Production,SUCCESS,200,761,758,3,2478,0,
SYNC-ACCT-013-CRM-20260526,2026-05-26,ACCT-013,CRM,Production,SUCCESS,200,1601,1595,6,3223,0,
SYNC-ACCT-013-CRM-20260529,2026-05-29,ACCT-013,CRM,Production,SUCCESS,200,850,850,0,1216,0,
SYNC-ACCT-013-CRM-20260601,2026-06-01,ACCT-013,CRM,Production,SUCCESS,200,771,766,5,2524,0,
SYNC-ACCT-013-CRM-20260604,2026-06-04,ACCT-013,CRM,Production,SUCCESS,200,1341,1330,11,1469,0,
SYNC-ACCT-013-CRM-20260607,2026-06-07,ACCT-013,CRM,Production,SUCCESS,200,1444,1441,3,2289,0,
SYNC-ACCT-013-CRM-20260610,2026-06-10,ACCT-013,CRM,Production,SUCCESS,200,1663,1652,11,2279,0,
SYNC-ACCT-013-CRM-20260613,2026-06-13,ACCT-013,CRM,Production,SUCCESS,200,1601,1597,4,2329,0,
SYNC-ACCT-013-CRM-20260616,2026-06-16,ACCT-013,CRM,Production,SUCCESS,200,732,726,6,1293,0,
SYNC-ACCT-013-CRM-20260619,2026-06-19,ACCT-013,CRM,Production,SUCCESS,200,1098,1095,3,3016,0,
SYNC-ACCT-013-CRM-20260622,2026-06-22,ACCT-013,CRM,Production,SUCCESS,200,1560,1550,10,1455,0,
SYNC-ACCT-013-CRM-20260625,2026-06-25,ACCT-013,CRM,Production,SUCCESS,200,918,912,6,619,0,
SYNC-ACCT-013-CRM-20260628,2026-06-28,ACCT-013,CRM,Production,SUCCESS,200,864,863,1,1806,0,
SYNC-ACCT-013-BILLING-20251013,2025-10-13,ACCT-013,BILLING,Production,SUCCESS,200,778,777,1,2012,0,
SYNC-ACCT-013-BILLING-20251016,2025-10-16,ACCT-013,BILLING,Production,SUCCESS,200,1210,1208,2,1732,0,
SYNC-ACCT-013-BILLING-20251019,2025-10-19,ACCT-013,BILLING,Production,SUCCESS,200,1136,1127,9,2894,0,
SYNC-ACCT-013-BILLING-20251022,2025-10-22,ACCT-013,BILLING,Production,SUCCESS,200,1047,1045,2,923,0,
SYNC-ACCT-013-BILLING-20251025,2025-10-25,ACCT-013,BILLING,Production,SUCCESS,200,1113,1105,8,740,0,
SYNC-ACCT-013-BILLING-20251028,2025-10-28,ACCT-013,BILLING,Production,SUCCESS,200,1072,1072,0,3110,0,
SYNC-ACCT-013-BILLING-20251031,2025-10-31,ACCT-013,BILLING,Production,SUCCESS,200,1437,1426,11,2775,0,
SYNC-ACCT-013-BILLING-20251103,2025-11-03,ACCT-013,BILLING,Production,SUCCESS,200,1302,1298,4,3300,0,
SYNC-ACCT-013-BILLING-20251106,2025-11-06,ACCT-013,BILLING,Production,SUCCESS,200,1057,1051,6,1478,0,
SYNC-ACCT-013-BILLING-20251109,2025-11-09,ACCT-013,BILLING,Production,SUCCESS,200,909,902,7,1241,0,
SYNC-ACCT-013-BILLING-20251112,2025-11-12,ACCT-013,BILLING,Production,SUCCESS,200,1509,1504,5,721,0,
SYNC-ACCT-013-BILLING-20251115,2025-11-15,ACCT-013,BILLING,Production,SUCCESS,200,1622,1611,11,2610,0,
SYNC-ACCT-013-BILLING-20251118,2025-11-18,ACCT-013,BILLING,Production,SUCCESS,200,775,773,2,1545,0,
SYNC-ACCT-013-BILLING-20251121,2025-11-21,ACCT-013,BILLING,Production,SUCCESS,200,950,944,6,3038,0,
SYNC-ACCT-013-BILLING-20251124,2025-11-24,ACCT-013,BILLING,Production,SUCCESS,200,1079,1076,3,1303,0,
SYNC-ACCT-013-BILLING-20251127,2025-11-27,ACCT-013,BILLING,Production,SUCCESS,200,1222,1222,0,1256,0,
SYNC-ACCT-013-BILLING-20251130,2025-11-30,ACCT-013,BILLING,Production,SUCCESS,200,1486,1486,0,2351,0,
SYNC-ACCT-013-BILLING-20251203,2025-12-03,ACCT-013,BILLING,Production,SUCCESS,200,1477,1472,5,820,0,
SYNC-ACCT-013-BILLING-20251206,2025-12-06,ACCT-013,BILLING,Production,SUCCESS,200,1275,1271,4,652,0,
SYNC-ACCT-013-BILLING-20251209,2025-12-09,ACCT-013,BILLING,Production,SUCCESS,200,1334,1333,1,2182,0,
SYNC-ACCT-013-BILLING-20251212,2025-12-12,ACCT-013,BILLING,Production,SUCCESS,200,1272,1271,1,1680,0,
SYNC-ACCT-013-BILLING-20251215,2025-12-15,ACCT-013,BILLING,Production,SUCCESS,200,1583,1570,13,2559,0,
SYNC-ACCT-013-BILLING-20251218,2025-12-18,ACCT-013,BILLING,Production,SUCCESS,200,1042,1036,6,890,0,
SYNC-ACCT-013-BILLING-20251221,2025-12-21,ACCT-013,BILLING,Production,SUCCESS,200,1334,1327,7,1659,0,
SYNC-ACCT-013-BILLING-20251224,2025-12-24,ACCT-013,BILLING,Production,SUCCESS,200,1420,1415,5,1567,0,
SYNC-ACCT-013-BILLING-20251227,2025-12-27,ACCT-013,BILLING,Production,SUCCESS,200,1248,1245,3,2807,0,
SYNC-ACCT-013-BILLING-20251230,2025-12-30,ACCT-013,BILLING,Production,SUCCESS,200,961,958,3,1623,0,
SYNC-ACCT-013-BILLING-20260102,2026-01-02,ACCT-013,BILLING,Production,SUCCESS,200,732,726,6,2842,0,
SYNC-ACCT-013-BILLING-20260105,2026-01-05,ACCT-013,BILLING,Production,SUCCESS,200,1077,1071,6,720,0,
SYNC-ACCT-013-BILLING-20260108,2026-01-08,ACCT-013,BILLING,Production,SUCCESS,200,998,993,5,2102,0,
SYNC-ACCT-013-BILLING-20260111,2026-01-11,ACCT-013,BILLING,Production,SUCCESS,200,1473,1469,4,1744,0,
SYNC-ACCT-013-BILLING-20260114,2026-01-14,ACCT-013,BILLING,Production,SUCCESS,200,872,868,4,2033,0,
SYNC-ACCT-013-BILLING-20260117,2026-01-17,ACCT-013,BILLING,Production,SUCCESS,200,1347,1344,3,912,0,
SYNC-ACCT-013-BILLING-20260120,2026-01-20,ACCT-013,BILLING,Production,SUCCESS,200,996,995,1,1379,0,
SYNC-ACCT-013-BILLING-20260123,2026-01-23,ACCT-013,BILLING,Production,SUCCESS,200,1627,1619,8,2615,0,
SYNC-ACCT-013-BILLING-20260126,2026-01-26,ACCT-013,BILLING,Production,SUCCESS,200,1127,1123,4,535,0,
SYNC-ACCT-013-BILLING-20260129,2026-01-29,ACCT-013,BILLING,Production,SUCCESS,200,1016,1012,4,3151,0,
SYNC-ACCT-013-BILLING-20260201,2026-02-01,ACCT-013,BILLING,Production,SUCCESS,200,1491,1489,2,3195,0,
SYNC-ACCT-013-BILLING-20260204,2026-02-04,ACCT-013,BILLING,Production,SUCCESS,200,1037,1031,6,1582,0,
SYNC-ACCT-013-BILLING-20260207,2026-02-07,ACCT-013,BILLING,Production,SUCCESS,200,1054,1050,4,1783,0,
SYNC-ACCT-013-BILLING-20260210,2026-02-10,ACCT-013,BILLING,Production,SUCCESS,200,896,890,6,739,0,
SYNC-ACCT-013-BILLING-20260213,2026-02-13,ACCT-013,BILLING,Production,SUCCESS,200,1139,1137,2,1463,0,
SYNC-ACCT-013-BILLING-20260216,2026-02-16,ACCT-013,BILLING,Production,SUCCESS,200,950,943,7,3161,0,
SYNC-ACCT-013-BILLING-20260219,2026-02-19,ACCT-013,BILLING,Production,SUCCESS,200,796,792,4,1139,0,
SYNC-ACCT-013-BILLING-20260222,2026-02-22,ACCT-013,BILLING,Production,SUCCESS,200,1291,1281,10,2831,0,
SYNC-ACCT-013-BILLING-20260225,2026-02-25,ACCT-013,BILLING,Production,SUCCESS,200,757,757,0,3161,0,
SYNC-ACCT-013-BILLING-20260228,2026-02-28,ACCT-013,BILLING,Production,SUCCESS,200,1522,1520,2,1429,0,
SYNC-ACCT-013-BILLING-20260303,2026-03-03,ACCT-013,BILLING,Production,SUCCESS,200,1465,1459,6,2885,0,
SYNC-ACCT-013-BILLING-20260306,2026-03-06,ACCT-013,BILLING,Production,SUCCESS,200,832,832,0,2807,0,
SYNC-ACCT-013-BILLING-20260309,2026-03-09,ACCT-013,BILLING,Production,SUCCESS,200,897,892,5,3288,0,
SYNC-ACCT-013-BILLING-20260312,2026-03-12,ACCT-013,BILLING,Production,SUCCESS,200,770,766,4,2898,0,
SYNC-ACCT-013-BILLING-20260315,2026-03-15,ACCT-013,BILLING,Production,SUCCESS,200,1214,1214,0,2653,0,
SYNC-ACCT-013-BILLING-20260318,2026-03-18,ACCT-013,BILLING,Production,SUCCESS,200,1136,1134,2,2273,0,
SYNC-ACCT-013-BILLING-20260321,2026-03-21,ACCT-013,BILLING,Production,SUCCESS,200,976,975,1,922,0,
SYNC-ACCT-013-BILLING-20260324,2026-03-24,ACCT-013,BILLING,Production,SUCCESS,200,1637,1629,8,812,0,
SYNC-ACCT-013-BILLING-20260327,2026-03-27,ACCT-013,BILLING,Production,SUCCESS,200,1298,1298,0,2028,0,
SYNC-ACCT-013-BILLING-20260330,2026-03-30,ACCT-013,BILLING,Production,SUCCESS,200,828,826,2,1912,0,
SYNC-ACCT-013-BILLING-20260402,2026-04-02,ACCT-013,BILLING,Production,SUCCESS,200,1001,995,6,3379,0,
SYNC-ACCT-013-BILLING-20260405,2026-04-05,ACCT-013,BILLING,Production,SUCCESS,200,1373,1362,11,2549,0,
SYNC-ACCT-013-BILLING-20260408,2026-04-08,ACCT-013,BILLING,Production,SUCCESS,200,1525,1518,7,1123,0,
SYNC-ACCT-013-BILLING-20260411,2026-04-11,ACCT-013,BILLING,Production,SUCCESS,200,1533,1528,5,1117,0,
SYNC-ACCT-013-BILLING-20260414,2026-04-14,ACCT-013,BILLING,Production,SUCCESS,200,1311,1301,10,3214,0,
SYNC-ACCT-013-BILLING-20260417,2026-04-17,ACCT-013,BILLING,Production,SUCCESS,200,1404,1397,7,2537,0,
SYNC-ACCT-013-BILLING-20260420,2026-04-20,ACCT-013,BILLING,Production,SUCCESS,200,1452,1444,8,1341,0,
SYNC-ACCT-013-BILLING-20260423,2026-04-23,ACCT-013,BILLING,Production,SUCCESS,200,975,973,2,3313,0,
SYNC-ACCT-013-BILLING-20260426,2026-04-26,ACCT-013,BILLING,Production,SUCCESS,200,1436,1433,3,2226,0,
SYNC-ACCT-013-BILLING-20260429,2026-04-29,ACCT-013,BILLING,Production,SUCCESS,200,1541,1529,12,753,0,
SYNC-ACCT-013-BILLING-20260502,2026-05-02,ACCT-013,BILLING,Production,SUCCESS,200,1382,1371,11,826,0,
SYNC-ACCT-013-BILLING-20260505,2026-05-05,ACCT-013,BILLING,Production,SUCCESS,200,1420,1410,10,1022,0,
SYNC-ACCT-013-BILLING-20260508,2026-05-08,ACCT-013,BILLING,Production,SUCCESS,200,1313,1312,1,2509,0,
SYNC-ACCT-013-BILLING-20260511,2026-05-11,ACCT-013,BILLING,Production,SUCCESS,200,1497,1488,9,3082,0,
SYNC-ACCT-013-BILLING-20260514,2026-05-14,ACCT-013,BILLING,Production,SUCCESS,200,1424,1421,3,2252,0,
SYNC-ACCT-013-BILLING-20260517,2026-05-17,ACCT-013,BILLING,Production,SUCCESS,200,878,872,6,632,0,
SYNC-ACCT-013-BILLING-20260520,2026-05-20,ACCT-013,BILLING,Production,SUCCESS,200,1472,1470,2,1221,0,
SYNC-ACCT-013-BILLING-20260523,2026-05-23,ACCT-013,BILLING,Production,SUCCESS,200,1024,1022,2,2592,0,
SYNC-ACCT-013-BILLING-20260526,2026-05-26,ACCT-013,BILLING,Production,SUCCESS,200,1135,1131,4,1879,0,
SYNC-ACCT-013-BILLING-20260529,2026-05-29,ACCT-013,BILLING,Production,SUCCESS,200,1302,1296,6,2841,0,
SYNC-ACCT-013-BILLING-20260601,2026-06-01,ACCT-013,BILLING,Production,SUCCESS,200,916,912,4,2350,0,
SYNC-ACCT-013-BILLING-20260604,2026-06-04,ACCT-013,BILLING,Production,SUCCESS,200,1449,1445,4,2267,0,
SYNC-ACCT-013-BILLING-20260607,2026-06-07,ACCT-013,BILLING,Production,SUCCESS,200,1529,1517,12,648,0,
SYNC-ACCT-013-BILLING-20260610,2026-06-10,ACCT-013,BILLING,Production,SUCCESS,200,1028,1024,4,2028,0,
SYNC-ACCT-013-BILLING-20260613,2026-06-13,ACCT-013,BILLING,Production,SUCCESS,200,759,754,5,3013,0,
SYNC-ACCT-013-BILLING-20260616,2026-06-16,ACCT-013,BILLING,Production,SUCCESS,200,1142,1142,0,2100,0,
SYNC-ACCT-013-BILLING-20260619,2026-06-19,ACCT-013,BILLING,Production,SUCCESS,200,835,833,2,580,0,
SYNC-ACCT-013-BILLING-20260622,2026-06-22,ACCT-013,BILLING,Production,SUCCESS,200,782,781,1,763,0,
SYNC-ACCT-013-BILLING-20260625,2026-06-25,ACCT-013,BILLING,Production,SUCCESS,200,730,728,2,540,0,
SYNC-ACCT-013-BILLING-20260628,2026-06-28,ACCT-013,BILLING,Production,SUCCESS,200,938,937,1,2815,0,
SYNC-ACCT-014-CRM-20251019,2025-10-19,ACCT-014,CRM,Production,SUCCESS,200,1289,1281,8,3168,0,
SYNC-ACCT-014-CRM-20251022,2025-10-22,ACCT-014,CRM,Production,SUCCESS,200,1139,1130,9,2205,0,
SYNC-ACCT-014-CRM-20251025,2025-10-25,ACCT-014,CRM,Production,SUCCESS,200,1637,1633,4,726,0,
SYNC-ACCT-014-CRM-20251028,2025-10-28,ACCT-014,CRM,Production,SUCCESS,200,820,819,1,3355,0,
SYNC-ACCT-014-CRM-20251031,2025-10-31,ACCT-014,CRM,Production,SUCCESS,200,872,868,4,3233,0,
SYNC-ACCT-014-CRM-20251103,2025-11-03,ACCT-014,CRM,Production,SUCCESS,200,1058,1055,3,944,0,
SYNC-ACCT-014-CRM-20251106,2025-11-06,ACCT-014,CRM,Production,SUCCESS,200,884,879,5,1545,0,
SYNC-ACCT-014-CRM-20251109,2025-11-09,ACCT-014,CRM,Production,SUCCESS,200,1312,1310,2,1102,0,
SYNC-ACCT-014-CRM-20251112,2025-11-12,ACCT-014,CRM,Production,SUCCESS,200,1612,1602,10,2429,0,
SYNC-ACCT-014-CRM-20251115,2025-11-15,ACCT-014,CRM,Production,SUCCESS,200,1346,1337,9,1795,0,
SYNC-ACCT-014-CRM-20251118,2025-11-18,ACCT-014,CRM,Production,FAILED,503,999,0,999,2519,2,UPSTREAM_UNAVAILABLE
SYNC-ACCT-014-CRM-20251121,2025-11-21,ACCT-014,CRM,Production,SUCCESS,200,1038,1034,4,2787,0,
SYNC-ACCT-014-CRM-20251124,2025-11-24,ACCT-014,CRM,Production,SUCCESS,200,1482,1470,12,1792,0,
SYNC-ACCT-014-CRM-20251127,2025-11-27,ACCT-014,CRM,Production,SUCCESS,200,1360,1352,8,567,0,
SYNC-ACCT-014-CRM-20251130,2025-11-30,ACCT-014,CRM,Production,SUCCESS,200,1432,1432,0,3369,0,
SYNC-ACCT-014-CRM-20251203,2025-12-03,ACCT-014,CRM,Production,SUCCESS,200,1589,1583,6,3326,0,
SYNC-ACCT-014-CRM-20251206,2025-12-06,ACCT-014,CRM,Production,SUCCESS,200,1286,1276,10,2718,0,
SYNC-ACCT-014-CRM-20251209,2025-12-09,ACCT-014,CRM,Production,SUCCESS,200,1138,1134,4,1867,0,
SYNC-ACCT-014-CRM-20251212,2025-12-12,ACCT-014,CRM,Production,SUCCESS,200,1626,1625,1,1015,0,
SYNC-ACCT-014-CRM-20251215,2025-12-15,ACCT-014,CRM,Production,SUCCESS,200,1653,1651,2,2611,0,
SYNC-ACCT-014-CRM-20251218,2025-12-18,ACCT-014,CRM,Production,SUCCESS,200,911,909,2,2300,0,
SYNC-ACCT-014-CRM-20251221,2025-12-21,ACCT-014,CRM,Production,SUCCESS,200,750,746,4,947,0,
SYNC-ACCT-014-CRM-20251224,2025-12-24,ACCT-014,CRM,Production,SUCCESS,200,1549,1547,2,2980,0,
SYNC-ACCT-014-CRM-20251227,2025-12-27,ACCT-014,CRM,Production,SUCCESS,200,1425,1418,7,1527,0,
SYNC-ACCT-014-CRM-20251230,2025-12-30,ACCT-014,CRM,Production,SUCCESS,200,818,811,7,3362,0,
SYNC-ACCT-014-CRM-20260102,2026-01-02,ACCT-014,CRM,Production,SUCCESS,200,1239,1231,8,1508,0,
SYNC-ACCT-014-CRM-20260105,2026-01-05,ACCT-014,CRM,Production,SUCCESS,200,1276,1271,5,3232,0,
SYNC-ACCT-014-CRM-20260108,2026-01-08,ACCT-014,CRM,Production,SUCCESS,200,1132,1124,8,2307,0,
SYNC-ACCT-014-CRM-20260111,2026-01-11,ACCT-014,CRM,Production,SUCCESS,200,1134,1134,0,2223,0,
SYNC-ACCT-014-CRM-20260114,2026-01-14,ACCT-014,CRM,Production,SUCCESS,200,1019,1012,7,1708,0,
SYNC-ACCT-014-CRM-20260117,2026-01-17,ACCT-014,CRM,Production,SUCCESS,200,1435,1428,7,894,0,
SYNC-ACCT-014-CRM-20260120,2026-01-20,ACCT-014,CRM,Production,SUCCESS,200,1337,1333,4,2838,0,
SYNC-ACCT-014-CRM-20260123,2026-01-23,ACCT-014,CRM,Production,SUCCESS,200,1628,1618,10,3266,0,
SYNC-ACCT-014-CRM-20260126,2026-01-26,ACCT-014,CRM,Production,SUCCESS,200,815,809,6,1318,0,
SYNC-ACCT-014-CRM-20260129,2026-01-29,ACCT-014,CRM,Production,SUCCESS,200,917,917,0,1428,0,
SYNC-ACCT-014-CRM-20260201,2026-02-01,ACCT-014,CRM,Production,SUCCESS,200,985,977,8,2915,0,
SYNC-ACCT-014-CRM-20260204,2026-02-04,ACCT-014,CRM,Production,SUCCESS,200,1408,1398,10,1123,0,
SYNC-ACCT-014-CRM-20260207,2026-02-07,ACCT-014,CRM,Production,SUCCESS,200,839,836,3,1006,0,
SYNC-ACCT-014-CRM-20260210,2026-02-10,ACCT-014,CRM,Production,SUCCESS,200,818,813,5,2872,0,
SYNC-ACCT-014-CRM-20260213,2026-02-13,ACCT-014,CRM,Production,SUCCESS,200,1217,1217,0,1016,0,
SYNC-ACCT-014-CRM-20260216,2026-02-16,ACCT-014,CRM,Production,SUCCESS,200,876,871,5,2708,0,
SYNC-ACCT-014-CRM-20260219,2026-02-19,ACCT-014,CRM,Production,SUCCESS,200,1461,1453,8,3275,0,
SYNC-ACCT-014-CRM-20260222,2026-02-22,ACCT-014,CRM,Production,SUCCESS,200,1118,1109,9,2621,0,
SYNC-ACCT-014-CRM-20260225,2026-02-25,ACCT-014,CRM,Production,SUCCESS,200,1475,1472,3,1495,0,
SYNC-ACCT-014-CRM-20260228,2026-02-28,ACCT-014,CRM,Production,SUCCESS,200,1493,1491,2,3051,0,
SYNC-ACCT-014-CRM-20260303,2026-03-03,ACCT-014,CRM,Production,SUCCESS,200,1564,1552,12,2731,0,
SYNC-ACCT-014-CRM-20260306,2026-03-06,ACCT-014,CRM,Production,SUCCESS,200,1323,1314,9,1680,0,
SYNC-ACCT-014-CRM-20260309,2026-03-09,ACCT-014,CRM,Production,SUCCESS,200,1462,1453,9,1496,0,
SYNC-ACCT-014-CRM-20260312,2026-03-12,ACCT-014,CRM,Production,SUCCESS,200,1547,1542,5,3394,0,
SYNC-ACCT-014-CRM-20260315,2026-03-15,ACCT-014,CRM,Production,SUCCESS,200,893,893,0,2851,0,
SYNC-ACCT-014-CRM-20260318,2026-03-18,ACCT-014,CRM,Production,SUCCESS,200,1147,1147,0,2423,0,
SYNC-ACCT-014-CRM-20260321,2026-03-21,ACCT-014,CRM,Production,SUCCESS,200,1669,1665,4,1386,0,
SYNC-ACCT-014-CRM-20260324,2026-03-24,ACCT-014,CRM,Production,SUCCESS,200,1434,1434,0,1127,0,
SYNC-ACCT-014-CRM-20260327,2026-03-27,ACCT-014,CRM,Production,SUCCESS,200,887,887,0,2492,0,
SYNC-ACCT-014-CRM-20260330,2026-03-30,ACCT-014,CRM,Production,SUCCESS,200,1495,1492,3,2581,0,
SYNC-ACCT-014-CRM-20260402,2026-04-02,ACCT-014,CRM,Production,SUCCESS,200,1614,1602,12,2821,0,
SYNC-ACCT-014-CRM-20260405,2026-04-05,ACCT-014,CRM,Production,SUCCESS,200,1095,1095,0,2859,0,
SYNC-ACCT-014-CRM-20260408,2026-04-08,ACCT-014,CRM,Production,SUCCESS,200,1075,1075,0,662,0,
SYNC-ACCT-014-CRM-20260411,2026-04-11,ACCT-014,CRM,Production,FAILED,401,973,0,973,1773,1,OAUTH_TOKEN_EXPIRED
SYNC-ACCT-014-CRM-20260414,2026-04-14,ACCT-014,CRM,Production,SUCCESS,200,845,838,7,1147,0,
SYNC-ACCT-014-CRM-20260417,2026-04-17,ACCT-014,CRM,Production,SUCCESS,200,943,939,4,3308,0,
SYNC-ACCT-014-CRM-20260420,2026-04-20,ACCT-014,CRM,Production,SUCCESS,200,1340,1331,9,3300,0,
SYNC-ACCT-014-CRM-20260423,2026-04-23,ACCT-014,CRM,Production,SUCCESS,200,865,861,4,3327,0,
SYNC-ACCT-014-CRM-20260426,2026-04-26,ACCT-014,CRM,Production,SUCCESS,200,1658,1658,0,1686,0,
SYNC-ACCT-014-CRM-20260429,2026-04-29,ACCT-014,CRM,Production,SUCCESS,200,1015,1012,3,2285,0,
SYNC-ACCT-014-CRM-20260502,2026-05-02,ACCT-014,CRM,Production,SUCCESS,200,1672,1660,12,1494,0,
SYNC-ACCT-014-CRM-20260505,2026-05-05,ACCT-014,CRM,Production,FAILED,503,1056,0,1056,1326,2,UPSTREAM_UNAVAILABLE
SYNC-ACCT-014-CRM-20260508,2026-05-08,ACCT-014,CRM,Production,SUCCESS,200,1547,1538,9,959,0,
SYNC-ACCT-014-CRM-20260511,2026-05-11,ACCT-014,CRM,Production,SUCCESS,200,1524,1524,0,1640,0,
SYNC-ACCT-014-CRM-20260514,2026-05-14,ACCT-014,CRM,Production,SUCCESS,200,933,929,4,1173,0,
SYNC-ACCT-014-CRM-20260517,2026-05-17,ACCT-014,CRM,Production,SUCCESS,200,1180,1175,5,2858,0,
SYNC-ACCT-014-CRM-20260520,2026-05-20,ACCT-014,CRM,Production,SUCCESS,200,1189,1180,9,1310,0,
SYNC-ACCT-014-CRM-20260523,2026-05-23,ACCT-014,CRM,Production,SUCCESS,200,1514,1506,8,985,0,
SYNC-ACCT-014-CRM-20260526,2026-05-26,ACCT-014,CRM,Production,SUCCESS,200,1472,1472,0,1657,0,
SYNC-ACCT-014-CRM-20260529,2026-05-29,ACCT-014,CRM,Production,SUCCESS,200,1382,1376,6,2695,0,
SYNC-ACCT-014-CRM-20260601,2026-06-01,ACCT-014,CRM,Production,SUCCESS,200,763,762,1,1705,0,
SYNC-ACCT-014-CRM-20260604,2026-06-04,ACCT-014,CRM,Production,FAILED,503,904,0,904,2523,2,UPSTREAM_UNAVAILABLE
SYNC-ACCT-014-CRM-20260607,2026-06-07,ACCT-014,CRM,Production,SUCCESS,200,1038,1036,2,3187,0,
SYNC-ACCT-014-CRM-20260610,2026-06-10,ACCT-014,CRM,Production,SUCCESS,200,1197,1190,7,2509,0,
SYNC-ACCT-014-CRM-20260613,2026-06-13,ACCT-014,CRM,Production,SUCCESS,200,1232,1230,2,2636,0,
SYNC-ACCT-014-CRM-20260616,2026-06-16,ACCT-014,CRM,Production,SUCCESS,200,979,973,6,2788,0,
SYNC-ACCT-014-CRM-20260619,2026-06-19,ACCT-014,CRM,Production,SUCCESS,200,1070,1064,6,1871,0,
SYNC-ACCT-014-CRM-20260622,2026-06-22,ACCT-014,CRM,Production,SUCCESS,200,1114,1111,3,1808,0,
SYNC-ACCT-014-CRM-20260625,2026-06-25,ACCT-014,CRM,Production,SUCCESS,200,1307,1297,10,1344,0,
SYNC-ACCT-014-CRM-20260628,2026-06-28,ACCT-014,CRM,Production,SUCCESS,200,836,831,5,707,0,
SYNC-ACCT-014-BILLING-20251019,2025-10-19,ACCT-014,BILLING,Production,SUCCESS,200,1195,1187,8,2213,0,
SYNC-ACCT-014-BILLING-20251022,2025-10-22,ACCT-014,BILLING,Production,SUCCESS,200,869,868,1,2804,0,
SYNC-ACCT-014-BILLING-20251025,2025-10-25,ACCT-014,BILLING,Production,SUCCESS,200,1477,1474,3,657,0,
SYNC-ACCT-014-BILLING-20251028,2025-10-28,ACCT-014,BILLING,Production,SUCCESS,200,1373,1366,7,2070,0,
SYNC-ACCT-014-BILLING-20251031,2025-10-31,ACCT-014,BILLING,Production,SUCCESS,200,1066,1058,8,2813,0,
SYNC-ACCT-014-BILLING-20251103,2025-11-03,ACCT-014,BILLING,Production,SUCCESS,200,1428,1423,5,3333,0,
SYNC-ACCT-014-BILLING-20251106,2025-11-06,ACCT-014,BILLING,Production,SUCCESS,200,1533,1524,9,1706,0,
SYNC-ACCT-014-BILLING-20251109,2025-11-09,ACCT-014,BILLING,Production,SUCCESS,200,851,844,7,1555,0,
SYNC-ACCT-014-BILLING-20251112,2025-11-12,ACCT-014,BILLING,Production,SUCCESS,200,823,822,1,2984,0,
SYNC-ACCT-014-BILLING-20251115,2025-11-15,ACCT-014,BILLING,Production,SUCCESS,200,846,846,0,946,0,
SYNC-ACCT-014-BILLING-20251118,2025-11-18,ACCT-014,BILLING,Production,SUCCESS,200,1280,1278,2,2378,0,
SYNC-ACCT-014-BILLING-20251121,2025-11-21,ACCT-014,BILLING,Production,SUCCESS,200,1036,1030,6,523,0,
SYNC-ACCT-014-BILLING-20251124,2025-11-24,ACCT-014,BILLING,Production,SUCCESS,200,1400,1391,9,1851,0,
SYNC-ACCT-014-BILLING-20251127,2025-11-27,ACCT-014,BILLING,Production,SUCCESS,200,1112,1105,7,2419,0,
SYNC-ACCT-014-BILLING-20251130,2025-11-30,ACCT-014,BILLING,Production,SUCCESS,200,1404,1400,4,2793,0,
SYNC-ACCT-014-BILLING-20251203,2025-12-03,ACCT-014,BILLING,Production,SUCCESS,200,1045,1041,4,3394,0,
SYNC-ACCT-014-BILLING-20251206,2025-12-06,ACCT-014,BILLING,Production,SUCCESS,200,1597,1594,3,1398,0,
SYNC-ACCT-014-BILLING-20251209,2025-12-09,ACCT-014,BILLING,Production,SUCCESS,200,1156,1156,0,2591,0,
SYNC-ACCT-014-BILLING-20251212,2025-12-12,ACCT-014,BILLING,Production,SUCCESS,200,763,758,5,2150,0,
SYNC-ACCT-014-BILLING-20251215,2025-12-15,ACCT-014,BILLING,Production,SUCCESS,200,1033,1029,4,2436,0,
SYNC-ACCT-014-BILLING-20251218,2025-12-18,ACCT-014,BILLING,Production,SUCCESS,200,1094,1087,7,2671,0,
SYNC-ACCT-014-BILLING-20251221,2025-12-21,ACCT-014,BILLING,Production,SUCCESS,200,860,859,1,2901,0,
SYNC-ACCT-014-BILLING-20251224,2025-12-24,ACCT-014,BILLING,Production,SUCCESS,200,1024,1021,3,695,0,
SYNC-ACCT-014-BILLING-20251227,2025-12-27,ACCT-014,BILLING,Production,SUCCESS,200,1577,1569,8,2491,0,
SYNC-ACCT-014-BILLING-20251230,2025-12-30,ACCT-014,BILLING,Production,SUCCESS,200,861,861,0,819,0,
SYNC-ACCT-014-BILLING-20260102,2026-01-02,ACCT-014,BILLING,Production,SUCCESS,200,1072,1069,3,1062,0,
SYNC-ACCT-014-BILLING-20260105,2026-01-05,ACCT-014,BILLING,Production,SUCCESS,200,1672,1670,2,550,0,
SYNC-ACCT-014-BILLING-20260108,2026-01-08,ACCT-014,BILLING,Production,SUCCESS,200,841,840,1,2205,0,
SYNC-ACCT-014-BILLING-20260111,2026-01-11,ACCT-014,BILLING,Production,SUCCESS,200,960,955,5,538,0,
SYNC-ACCT-014-BILLING-20260114,2026-01-14,ACCT-014,BILLING,Production,SUCCESS,200,1663,1662,1,3000,0,
SYNC-ACCT-014-BILLING-20260117,2026-01-17,ACCT-014,BILLING,Production,SUCCESS,200,951,947,4,1492,0,
SYNC-ACCT-014-BILLING-20260120,2026-01-20,ACCT-014,BILLING,Production,SUCCESS,200,1037,1031,6,3184,0,
SYNC-ACCT-014-BILLING-20260123,2026-01-23,ACCT-014,BILLING,Production,SUCCESS,200,1188,1186,2,2953,0,
SYNC-ACCT-014-BILLING-20260126,2026-01-26,ACCT-014,BILLING,Production,SUCCESS,200,949,941,8,684,0,
SYNC-ACCT-014-BILLING-20260129,2026-01-29,ACCT-014,BILLING,Production,SUCCESS,200,1222,1222,0,2052,0,
SYNC-ACCT-014-BILLING-20260201,2026-02-01,ACCT-014,BILLING,Production,SUCCESS,200,1135,1129,6,1437,0,
SYNC-ACCT-014-BILLING-20260204,2026-02-04,ACCT-014,BILLING,Production,SUCCESS,200,972,966,6,1503,0,
SYNC-ACCT-014-BILLING-20260207,2026-02-07,ACCT-014,BILLING,Production,SUCCESS,200,941,941,0,1360,0,
SYNC-ACCT-014-BILLING-20260210,2026-02-10,ACCT-014,BILLING,Production,SUCCESS,200,1650,1639,11,3341,0,
SYNC-ACCT-014-BILLING-20260213,2026-02-13,ACCT-014,BILLING,Production,SUCCESS,200,1619,1611,8,3094,0,
SYNC-ACCT-014-BILLING-20260216,2026-02-16,ACCT-014,BILLING,Production,SUCCESS,200,1103,1101,2,2695,0,
SYNC-ACCT-014-BILLING-20260219,2026-02-19,ACCT-014,BILLING,Production,SUCCESS,200,1618,1614,4,1390,0,
SYNC-ACCT-014-BILLING-20260222,2026-02-22,ACCT-014,BILLING,Production,SUCCESS,200,1124,1116,8,3329,0,
SYNC-ACCT-014-BILLING-20260225,2026-02-25,ACCT-014,BILLING,Production,SUCCESS,200,1444,1434,10,902,0,
SYNC-ACCT-014-BILLING-20260228,2026-02-28,ACCT-014,BILLING,Production,SUCCESS,200,845,844,1,1457,0,
SYNC-ACCT-014-BILLING-20260303,2026-03-03,ACCT-014,BILLING,Production,SUCCESS,200,1007,1006,1,1955,0,
SYNC-ACCT-014-BILLING-20260306,2026-03-06,ACCT-014,BILLING,Production,SUCCESS,200,1001,993,8,2411,0,
SYNC-ACCT-014-BILLING-20260309,2026-03-09,ACCT-014,BILLING,Production,SUCCESS,200,734,734,0,2037,0,
SYNC-ACCT-014-BILLING-20260312,2026-03-12,ACCT-014,BILLING,Production,SUCCESS,200,861,854,7,1494,0,
SYNC-ACCT-014-BILLING-20260315,2026-03-15,ACCT-014,BILLING,Production,SUCCESS,200,1229,1219,10,2925,0,
SYNC-ACCT-014-BILLING-20260318,2026-03-18,ACCT-014,BILLING,Production,SUCCESS,200,1445,1436,9,1632,0,
SYNC-ACCT-014-BILLING-20260321,2026-03-21,ACCT-014,BILLING,Production,SUCCESS,200,1521,1520,1,1572,0,
SYNC-ACCT-014-BILLING-20260324,2026-03-24,ACCT-014,BILLING,Production,SUCCESS,200,978,975,3,1041,0,
SYNC-ACCT-014-BILLING-20260327,2026-03-27,ACCT-014,BILLING,Production,SUCCESS,200,1453,1441,12,3118,0,
SYNC-ACCT-014-BILLING-20260330,2026-03-30,ACCT-014,BILLING,Production,SUCCESS,200,791,785,6,1691,0,
SYNC-ACCT-014-BILLING-20260402,2026-04-02,ACCT-014,BILLING,Production,SUCCESS,200,1348,1343,5,2039,0,
SYNC-ACCT-014-BILLING-20260405,2026-04-05,ACCT-014,BILLING,Production,SUCCESS,200,1300,1291,9,1329,0,
SYNC-ACCT-014-BILLING-20260408,2026-04-08,ACCT-014,BILLING,Production,SUCCESS,200,927,921,6,1071,0,
SYNC-ACCT-014-BILLING-20260411,2026-04-11,ACCT-014,BILLING,Production,SUCCESS,200,1191,1190,1,3288,0,
SYNC-ACCT-014-BILLING-20260414,2026-04-14,ACCT-014,BILLING,Production,SUCCESS,200,1489,1485,4,1044,0,
SYNC-ACCT-014-BILLING-20260417,2026-04-17,ACCT-014,BILLING,Production,SUCCESS,200,1105,1104,1,1079,0,
SYNC-ACCT-014-BILLING-20260420,2026-04-20,ACCT-014,BILLING,Production,SUCCESS,200,910,905,5,1451,0,
SYNC-ACCT-014-BILLING-20260423,2026-04-23,ACCT-014,BILLING,Production,SUCCESS,200,1441,1430,11,1298,0,
SYNC-ACCT-014-BILLING-20260426,2026-04-26,ACCT-014,BILLING,Production,SUCCESS,200,1555,1543,12,1484,0,
SYNC-ACCT-014-BILLING-20260429,2026-04-29,ACCT-014,BILLING,Production,SUCCESS,200,1214,1208,6,802,0,
SYNC-ACCT-014-BILLING-20260502,2026-05-02,ACCT-014,BILLING,Production,SUCCESS,200,1198,1193,5,1671,0,
SYNC-ACCT-014-BILLING-20260505,2026-05-05,ACCT-014,BILLING,Production,SUCCESS,200,1390,1389,1,2361,0,
SYNC-ACCT-014-BILLING-20260508,2026-05-08,ACCT-014,BILLING,Production,SUCCESS,200,1514,1513,1,2182,0,
SYNC-ACCT-014-BILLING-20260511,2026-05-11,ACCT-014,BILLING,Production,SUCCESS,200,1645,1638,7,3352,0,
SYNC-ACCT-014-BILLING-20260514,2026-05-14,ACCT-014,BILLING,Production,SUCCESS,200,1633,1628,5,2153,0,
SYNC-ACCT-014-BILLING-20260517,2026-05-17,ACCT-014,BILLING,Production,SUCCESS,200,1358,1350,8,793,0,
SYNC-ACCT-014-BILLING-20260520,2026-05-20,ACCT-014,BILLING,Production,SUCCESS,200,1241,1234,7,1657,0,
SYNC-ACCT-014-BILLING-20260523,2026-05-23,ACCT-014,BILLING,Production,SUCCESS,200,1397,1390,7,867,0,
SYNC-ACCT-014-BILLING-20260526,2026-05-26,ACCT-014,BILLING,Production,SUCCESS,200,1507,1498,9,1113,0,
SYNC-ACCT-014-BILLING-20260529,2026-05-29,ACCT-014,BILLING,Production,SUCCESS,200,873,867,6,1773,0,
SYNC-ACCT-014-BILLING-20260601,2026-06-01,ACCT-014,BILLING,Production,SUCCESS,200,1076,1070,6,1847,0,
SYNC-ACCT-014-BILLING-20260604,2026-06-04,ACCT-014,BILLING,Production,SUCCESS,200,1304,1301,3,3010,0,
SYNC-ACCT-014-BILLING-20260607,2026-06-07,ACCT-014,BILLING,Production,SUCCESS,200,1252,1252,0,2849,0,
SYNC-ACCT-014-BILLING-20260610,2026-06-10,ACCT-014,BILLING,Production,SUCCESS,200,1677,1677,0,2093,0,
SYNC-ACCT-014-BILLING-20260613,2026-06-13,ACCT-014,BILLING,Production,SUCCESS,200,1548,1536,12,962,0,
SYNC-ACCT-014-BILLING-20260616,2026-06-16,ACCT-014,BILLING,Production,SUCCESS,200,947,940,7,742,0,
SYNC-ACCT-014-BILLING-20260619,2026-06-19,ACCT-014,BILLING,Production,SUCCESS,200,1197,1191,6,2581,0,
SYNC-ACCT-014-BILLING-20260622,2026-06-22,ACCT-014,BILLING,Production,SUCCESS,200,1364,1355,9,1983,0,
SYNC-ACCT-014-BILLING-20260625,2026-06-25,ACCT-014,BILLING,Production,SUCCESS,200,1368,1359,9,3264,0,
SYNC-ACCT-014-BILLING-20260628,2026-06-28,ACCT-014,BILLING,Production,SUCCESS,200,1054,1049,5,2868,0,
SYNC-ACCT-015-CRM-20251022,2025-10-22,ACCT-015,CRM,Production,SUCCESS,200,823,816,7,2706,0,
SYNC-ACCT-015-CRM-20251025,2025-10-25,ACCT-015,CRM,Production,SUCCESS,200,984,980,4,1645,0,
SYNC-ACCT-015-CRM-20251028,2025-10-28,ACCT-015,CRM,Production,SUCCESS,200,1579,1577,2,588,0,
SYNC-ACCT-015-CRM-20251031,2025-10-31,ACCT-015,CRM,Production,SUCCESS,200,750,744,6,1362,0,
SYNC-ACCT-015-CRM-20251103,2025-11-03,ACCT-015,CRM,Production,SUCCESS,200,1287,1280,7,2706,0,
SYNC-ACCT-015-CRM-20251106,2025-11-06,ACCT-015,CRM,Production,SUCCESS,200,1000,993,7,2351,0,
SYNC-ACCT-015-CRM-20251109,2025-11-09,ACCT-015,CRM,Production,SUCCESS,200,1390,1388,2,3242,0,
SYNC-ACCT-015-CRM-20251112,2025-11-12,ACCT-015,CRM,Production,SUCCESS,200,868,863,5,522,0,
SYNC-ACCT-015-CRM-20251115,2025-11-15,ACCT-015,CRM,Production,SUCCESS,200,1505,1500,5,2224,0,
SYNC-ACCT-015-CRM-20251118,2025-11-18,ACCT-015,CRM,Production,SUCCESS,200,1564,1553,11,3362,0,
SYNC-ACCT-015-CRM-20251121,2025-11-21,ACCT-015,CRM,Production,SUCCESS,200,844,843,1,1255,0,
SYNC-ACCT-015-CRM-20251124,2025-11-24,ACCT-015,CRM,Production,SUCCESS,200,1505,1494,11,2964,0,
SYNC-ACCT-015-CRM-20251127,2025-11-27,ACCT-015,CRM,Production,SUCCESS,200,904,904,0,1807,0,
SYNC-ACCT-015-CRM-20251130,2025-11-30,ACCT-015,CRM,Production,SUCCESS,200,1473,1471,2,1623,0,
SYNC-ACCT-015-CRM-20251203,2025-12-03,ACCT-015,CRM,Production,SUCCESS,200,1052,1044,8,714,0,
SYNC-ACCT-015-CRM-20251206,2025-12-06,ACCT-015,CRM,Production,SUCCESS,200,837,831,6,1124,0,
SYNC-ACCT-015-CRM-20251209,2025-12-09,ACCT-015,CRM,Production,SUCCESS,200,929,927,2,2677,0,
SYNC-ACCT-015-CRM-20251212,2025-12-12,ACCT-015,CRM,Production,SUCCESS,200,1647,1645,2,2506,0,
SYNC-ACCT-015-CRM-20251215,2025-12-15,ACCT-015,CRM,Production,SUCCESS,200,1417,1417,0,1896,0,
SYNC-ACCT-015-CRM-20251218,2025-12-18,ACCT-015,CRM,Production,SUCCESS,200,1206,1198,8,1565,0,
SYNC-ACCT-015-CRM-20251221,2025-12-21,ACCT-015,CRM,Production,SUCCESS,200,1270,1264,6,1713,0,
SYNC-ACCT-015-CRM-20251224,2025-12-24,ACCT-015,CRM,Production,SUCCESS,200,1057,1050,7,1682,0,
SYNC-ACCT-015-CRM-20251227,2025-12-27,ACCT-015,CRM,Production,SUCCESS,200,1653,1645,8,1063,0,
SYNC-ACCT-015-CRM-20251230,2025-12-30,ACCT-015,CRM,Production,SUCCESS,200,1310,1308,2,3279,0,
SYNC-ACCT-015-CRM-20260102,2026-01-02,ACCT-015,CRM,Production,SUCCESS,200,1572,1567,5,2213,0,
SYNC-ACCT-015-CRM-20260105,2026-01-05,ACCT-015,CRM,Production,SUCCESS,200,1131,1126,5,1306,0,
SYNC-ACCT-015-CRM-20260108,2026-01-08,ACCT-015,CRM,Production,SUCCESS,200,1330,1324,6,1020,0,
SYNC-ACCT-015-CRM-20260111,2026-01-11,ACCT-015,CRM,Production,SUCCESS,200,1155,1152,3,1506,0,
SYNC-ACCT-015-CRM-20260114,2026-01-14,ACCT-015,CRM,Production,SUCCESS,200,903,896,7,2915,0,
SYNC-ACCT-015-CRM-20260117,2026-01-17,ACCT-015,CRM,Production,SUCCESS,200,1094,1091,3,535,0,
SYNC-ACCT-015-CRM-20260120,2026-01-20,ACCT-015,CRM,Production,SUCCESS,200,1091,1083,8,1302,0,
SYNC-ACCT-015-CRM-20260123,2026-01-23,ACCT-015,CRM,Production,SUCCESS,200,890,887,3,3165,0,
SYNC-ACCT-015-CRM-20260126,2026-01-26,ACCT-015,CRM,Production,SUCCESS,200,1082,1081,1,3314,0,
SYNC-ACCT-015-CRM-20260129,2026-01-29,ACCT-015,CRM,Production,SUCCESS,200,1004,996,8,2662,0,
SYNC-ACCT-015-CRM-20260201,2026-02-01,ACCT-015,CRM,Production,SUCCESS,200,1103,1096,7,2835,0,
SYNC-ACCT-015-CRM-20260204,2026-02-04,ACCT-015,CRM,Production,SUCCESS,200,870,867,3,801,0,
SYNC-ACCT-015-CRM-20260207,2026-02-07,ACCT-015,CRM,Production,SUCCESS,200,1579,1578,1,2173,0,
SYNC-ACCT-015-CRM-20260210,2026-02-10,ACCT-015,CRM,Production,SUCCESS,200,831,829,2,937,0,
SYNC-ACCT-015-CRM-20260213,2026-02-13,ACCT-015,CRM,Production,SUCCESS,200,1174,1170,4,820,0,
SYNC-ACCT-015-CRM-20260216,2026-02-16,ACCT-015,CRM,Production,SUCCESS,200,813,813,0,3338,0,
SYNC-ACCT-015-CRM-20260219,2026-02-19,ACCT-015,CRM,Production,SUCCESS,200,1479,1467,12,2618,0,
SYNC-ACCT-015-CRM-20260222,2026-02-22,ACCT-015,CRM,Production,SUCCESS,200,805,800,5,1676,0,
SYNC-ACCT-015-CRM-20260225,2026-02-25,ACCT-015,CRM,Production,SUCCESS,200,1439,1428,11,2994,0,
SYNC-ACCT-015-CRM-20260228,2026-02-28,ACCT-015,CRM,Production,SUCCESS,200,1253,1251,2,2296,0,
SYNC-ACCT-015-CRM-20260303,2026-03-03,ACCT-015,CRM,Production,SUCCESS,200,829,827,2,3381,0,
SYNC-ACCT-015-CRM-20260306,2026-03-06,ACCT-015,CRM,Production,SUCCESS,200,897,891,6,1584,0,
SYNC-ACCT-015-CRM-20260309,2026-03-09,ACCT-015,CRM,Production,SUCCESS,200,1434,1433,1,3289,0,
SYNC-ACCT-015-CRM-20260312,2026-03-12,ACCT-015,CRM,Production,SUCCESS,200,1346,1346,0,2336,0,
SYNC-ACCT-015-CRM-20260315,2026-03-15,ACCT-015,CRM,Production,SUCCESS,200,1107,1105,2,2847,0,
SYNC-ACCT-015-CRM-20260318,2026-03-18,ACCT-015,CRM,Production,SUCCESS,200,1151,1150,1,2427,0,
SYNC-ACCT-015-CRM-20260321,2026-03-21,ACCT-015,CRM,Production,SUCCESS,200,1460,1448,12,1148,0,
SYNC-ACCT-015-CRM-20260324,2026-03-24,ACCT-015,CRM,Production,SUCCESS,200,1479,1472,7,2114,0,
SYNC-ACCT-015-CRM-20260327,2026-03-27,ACCT-015,CRM,Production,SUCCESS,200,1110,1104,6,1351,0,
SYNC-ACCT-015-CRM-20260330,2026-03-30,ACCT-015,CRM,Production,SUCCESS,200,1103,1097,6,2455,0,
SYNC-ACCT-015-CRM-20260402,2026-04-02,ACCT-015,CRM,Production,SUCCESS,200,812,811,1,2025,0,
SYNC-ACCT-015-CRM-20260405,2026-04-05,ACCT-015,CRM,Production,SUCCESS,200,1466,1460,6,1131,0,
SYNC-ACCT-015-CRM-20260408,2026-04-08,ACCT-015,CRM,Production,SUCCESS,200,1454,1442,12,1480,0,
SYNC-ACCT-015-CRM-20260411,2026-04-11,ACCT-015,CRM,Production,SUCCESS,200,1318,1318,0,2281,0,
SYNC-ACCT-015-CRM-20260414,2026-04-14,ACCT-015,CRM,Production,SUCCESS,200,1418,1410,8,950,0,
SYNC-ACCT-015-CRM-20260417,2026-04-17,ACCT-015,CRM,Production,SUCCESS,200,1393,1388,5,1523,0,
SYNC-ACCT-015-CRM-20260420,2026-04-20,ACCT-015,CRM,Production,SUCCESS,200,1602,1595,7,1205,0,
SYNC-ACCT-015-CRM-20260423,2026-04-23,ACCT-015,CRM,Production,SUCCESS,200,1540,1530,10,969,0,
SYNC-ACCT-015-CRM-20260426,2026-04-26,ACCT-015,CRM,Production,SUCCESS,200,1282,1274,8,1809,0,
SYNC-ACCT-015-CRM-20260429,2026-04-29,ACCT-015,CRM,Production,SUCCESS,200,744,741,3,2235,0,
SYNC-ACCT-015-CRM-20260502,2026-05-02,ACCT-015,CRM,Production,SUCCESS,200,1300,1295,5,1894,0,
SYNC-ACCT-015-CRM-20260505,2026-05-05,ACCT-015,CRM,Production,SUCCESS,200,1298,1295,3,1965,0,
SYNC-ACCT-015-CRM-20260508,2026-05-08,ACCT-015,CRM,Production,SUCCESS,200,1408,1406,2,2084,0,
SYNC-ACCT-015-CRM-20260511,2026-05-11,ACCT-015,CRM,Production,SUCCESS,200,1185,1183,2,1264,0,
SYNC-ACCT-015-CRM-20260514,2026-05-14,ACCT-015,CRM,Production,SUCCESS,200,746,744,2,2708,0,
SYNC-ACCT-015-CRM-20260517,2026-05-17,ACCT-015,CRM,Production,SUCCESS,200,754,752,2,2185,0,
SYNC-ACCT-015-CRM-20260520,2026-05-20,ACCT-015,CRM,Production,SUCCESS,200,1517,1507,10,2039,0,
SYNC-ACCT-015-CRM-20260523,2026-05-23,ACCT-015,CRM,Production,SUCCESS,200,1657,1654,3,892,0,
SYNC-ACCT-015-CRM-20260526,2026-05-26,ACCT-015,CRM,Production,SUCCESS,200,1119,1118,1,3132,0,
SYNC-ACCT-015-CRM-20260529,2026-05-29,ACCT-015,CRM,Production,SUCCESS,200,1598,1589,9,2278,0,
SYNC-ACCT-015-CRM-20260601,2026-06-01,ACCT-015,CRM,Production,SUCCESS,200,1281,1279,2,1054,0,
SYNC-ACCT-015-CRM-20260604,2026-06-04,ACCT-015,CRM,Production,SUCCESS,200,1332,1328,4,1131,0,
SYNC-ACCT-015-CRM-20260607,2026-06-07,ACCT-015,CRM,Production,SUCCESS,200,1312,1309,3,3258,0,
SYNC-ACCT-015-CRM-20260610,2026-06-10,ACCT-015,CRM,Production,SUCCESS,200,1471,1463,8,2961,0,
SYNC-ACCT-015-CRM-20260613,2026-06-13,ACCT-015,CRM,Production,SUCCESS,200,1388,1386,2,3365,0,
SYNC-ACCT-015-CRM-20260616,2026-06-16,ACCT-015,CRM,Production,SUCCESS,200,855,848,7,3367,0,
SYNC-ACCT-015-CRM-20260619,2026-06-19,ACCT-015,CRM,Production,SUCCESS,200,981,978,3,2876,0,
SYNC-ACCT-015-CRM-20260622,2026-06-22,ACCT-015,CRM,Production,SUCCESS,200,1215,1206,9,2894,0,
SYNC-ACCT-015-CRM-20260625,2026-06-25,ACCT-015,CRM,Production,SUCCESS,200,1471,1465,6,1232,0,
SYNC-ACCT-015-CRM-20260628,2026-06-28,ACCT-015,CRM,Production,SUCCESS,200,991,989,2,2845,0,
SYNC-ACCT-015-BILLING-20251022,2025-10-22,ACCT-015,BILLING,Production,SUCCESS,200,905,900,5,2249,0,
SYNC-ACCT-015-BILLING-20251025,2025-10-25,ACCT-015,BILLING,Production,SUCCESS,200,841,841,0,659,0,
SYNC-ACCT-015-BILLING-20251028,2025-10-28,ACCT-015,BILLING,Production,SUCCESS,200,1503,1495,8,984,0,
SYNC-ACCT-015-BILLING-20251031,2025-10-31,ACCT-015,BILLING,Production,SUCCESS,200,799,795,4,2202,0,
SYNC-ACCT-015-BILLING-20251103,2025-11-03,ACCT-015,BILLING,Production,SUCCESS,200,963,959,4,1445,0,
SYNC-ACCT-015-BILLING-20251106,2025-11-06,ACCT-015,BILLING,Production,SUCCESS,200,1381,1372,9,1442,0,
SYNC-ACCT-015-BILLING-20251109,2025-11-09,ACCT-015,BILLING,Production,SUCCESS,200,1635,1624,11,1549,0,
SYNC-ACCT-015-BILLING-20251112,2025-11-12,ACCT-015,BILLING,Production,SUCCESS,200,1481,1471,10,2445,0,
SYNC-ACCT-015-BILLING-20251115,2025-11-15,ACCT-015,BILLING,Production,SUCCESS,200,1466,1459,7,1919,0,
SYNC-ACCT-015-BILLING-20251118,2025-11-18,ACCT-015,BILLING,Production,SUCCESS,200,1590,1583,7,1335,0,
SYNC-ACCT-015-BILLING-20251121,2025-11-21,ACCT-015,BILLING,Production,SUCCESS,200,915,909,6,3021,0,
SYNC-ACCT-015-BILLING-20251124,2025-11-24,ACCT-015,BILLING,Production,SUCCESS,200,1181,1177,4,616,0,
SYNC-ACCT-015-BILLING-20251127,2025-11-27,ACCT-015,BILLING,Production,SUCCESS,200,1056,1050,6,961,0,
SYNC-ACCT-015-BILLING-20251130,2025-11-30,ACCT-015,BILLING,Production,SUCCESS,200,1620,1607,13,2530,0,
SYNC-ACCT-015-BILLING-20251203,2025-12-03,ACCT-015,BILLING,Production,SUCCESS,200,1430,1421,9,2595,0,
SYNC-ACCT-015-BILLING-20251206,2025-12-06,ACCT-015,BILLING,Production,SUCCESS,200,1522,1511,11,2825,0,
SYNC-ACCT-015-BILLING-20251209,2025-12-09,ACCT-015,BILLING,Production,SUCCESS,200,1505,1497,8,2470,0,
SYNC-ACCT-015-BILLING-20251212,2025-12-12,ACCT-015,BILLING,Production,SUCCESS,200,1091,1087,4,3032,0,
SYNC-ACCT-015-BILLING-20251215,2025-12-15,ACCT-015,BILLING,Production,SUCCESS,200,890,890,0,1653,0,
SYNC-ACCT-015-BILLING-20251218,2025-12-18,ACCT-015,BILLING,Production,SUCCESS,200,1279,1274,5,1328,0,
SYNC-ACCT-015-BILLING-20251221,2025-12-21,ACCT-015,BILLING,Production,FAILED,503,1183,0,1183,1375,2,UPSTREAM_UNAVAILABLE
SYNC-ACCT-015-BILLING-20251224,2025-12-24,ACCT-015,BILLING,Production,SUCCESS,200,1224,1217,7,1327,0,
SYNC-ACCT-015-BILLING-20251227,2025-12-27,ACCT-015,BILLING,Production,SUCCESS,200,922,919,3,2103,0,
SYNC-ACCT-015-BILLING-20251230,2025-12-30,ACCT-015,BILLING,Production,SUCCESS,200,1327,1324,3,3347,0,
SYNC-ACCT-015-BILLING-20260102,2026-01-02,ACCT-015,BILLING,Production,SUCCESS,200,832,828,4,651,0,
SYNC-ACCT-015-BILLING-20260105,2026-01-05,ACCT-015,BILLING,Production,SUCCESS,200,936,930,6,1570,0,
SYNC-ACCT-015-BILLING-20260108,2026-01-08,ACCT-015,BILLING,Production,SUCCESS,200,1652,1639,13,3357,0,
SYNC-ACCT-015-BILLING-20260111,2026-01-11,ACCT-015,BILLING,Production,SUCCESS,200,1292,1288,4,2751,0,
SYNC-ACCT-015-BILLING-20260114,2026-01-14,ACCT-015,BILLING,Production,SUCCESS,200,898,898,0,3368,0,
SYNC-ACCT-015-BILLING-20260117,2026-01-17,ACCT-015,BILLING,Production,SUCCESS,200,1659,1657,2,1336,0,
SYNC-ACCT-015-BILLING-20260120,2026-01-20,ACCT-015,BILLING,Production,SUCCESS,200,1014,1010,4,2051,0,
SYNC-ACCT-015-BILLING-20260123,2026-01-23,ACCT-015,BILLING,Production,SUCCESS,200,1485,1479,6,630,0,
SYNC-ACCT-015-BILLING-20260126,2026-01-26,ACCT-015,BILLING,Production,SUCCESS,200,1411,1402,9,1430,0,
SYNC-ACCT-015-BILLING-20260129,2026-01-29,ACCT-015,BILLING,Production,SUCCESS,200,1666,1665,1,2005,0,
SYNC-ACCT-015-BILLING-20260201,2026-02-01,ACCT-015,BILLING,Production,SUCCESS,200,1403,1395,8,2345,0,
SYNC-ACCT-015-BILLING-20260204,2026-02-04,ACCT-015,BILLING,Production,SUCCESS,200,934,929,5,2980,0,
SYNC-ACCT-015-BILLING-20260207,2026-02-07,ACCT-015,BILLING,Production,SUCCESS,200,1431,1424,7,2325,0,
SYNC-ACCT-015-BILLING-20260210,2026-02-10,ACCT-015,BILLING,Production,SUCCESS,200,920,914,6,2960,0,
SYNC-ACCT-015-BILLING-20260213,2026-02-13,ACCT-015,BILLING,Production,SUCCESS,200,1040,1038,2,1496,0,
SYNC-ACCT-015-BILLING-20260216,2026-02-16,ACCT-015,BILLING,Production,SUCCESS,200,1546,1534,12,3044,0,
SYNC-ACCT-015-BILLING-20260219,2026-02-19,ACCT-015,BILLING,Production,SUCCESS,200,1424,1421,3,2274,0,
SYNC-ACCT-015-BILLING-20260222,2026-02-22,ACCT-015,BILLING,Production,SUCCESS,200,1624,1617,7,2207,0,
SYNC-ACCT-015-BILLING-20260225,2026-02-25,ACCT-015,BILLING,Production,SUCCESS,200,1044,1042,2,1361,0,
SYNC-ACCT-015-BILLING-20260228,2026-02-28,ACCT-015,BILLING,Production,SUCCESS,200,903,896,7,1441,0,
SYNC-ACCT-015-BILLING-20260303,2026-03-03,ACCT-015,BILLING,Production,SUCCESS,200,1464,1461,3,2891,0,
SYNC-ACCT-015-BILLING-20260306,2026-03-06,ACCT-015,BILLING,Production,SUCCESS,200,1613,1612,1,744,0,
SYNC-ACCT-015-BILLING-20260309,2026-03-09,ACCT-015,BILLING,Production,SUCCESS,200,1629,1616,13,2990,0,
SYNC-ACCT-015-BILLING-20260312,2026-03-12,ACCT-015,BILLING,Production,SUCCESS,200,1410,1399,11,2694,0,
SYNC-ACCT-015-BILLING-20260315,2026-03-15,ACCT-015,BILLING,Production,SUCCESS,200,761,759,2,2268,0,
SYNC-ACCT-015-BILLING-20260318,2026-03-18,ACCT-015,BILLING,Production,SUCCESS,200,724,719,5,2623,0,
SYNC-ACCT-015-BILLING-20260321,2026-03-21,ACCT-015,BILLING,Production,SUCCESS,200,1315,1315,0,502,0,
SYNC-ACCT-015-BILLING-20260324,2026-03-24,ACCT-015,BILLING,Production,SUCCESS,200,891,887,4,605,0,
SYNC-ACCT-015-BILLING-20260327,2026-03-27,ACCT-015,BILLING,Production,SUCCESS,200,1652,1652,0,2821,0,
SYNC-ACCT-015-BILLING-20260330,2026-03-30,ACCT-015,BILLING,Production,SUCCESS,200,1289,1285,4,1990,0,
SYNC-ACCT-015-BILLING-20260402,2026-04-02,ACCT-015,BILLING,Production,SUCCESS,200,1635,1631,4,2188,0,
SYNC-ACCT-015-BILLING-20260405,2026-04-05,ACCT-015,BILLING,Production,SUCCESS,200,1515,1505,10,3207,0,
SYNC-ACCT-015-BILLING-20260408,2026-04-08,ACCT-015,BILLING,Production,SUCCESS,200,809,808,1,1935,0,
SYNC-ACCT-015-BILLING-20260411,2026-04-11,ACCT-015,BILLING,Production,SUCCESS,200,1514,1507,7,1938,0,
SYNC-ACCT-015-BILLING-20260414,2026-04-14,ACCT-015,BILLING,Production,SUCCESS,200,1364,1359,5,2934,0,
SYNC-ACCT-015-BILLING-20260417,2026-04-17,ACCT-015,BILLING,Production,SUCCESS,200,1635,1629,6,1174,0,
SYNC-ACCT-015-BILLING-20260420,2026-04-20,ACCT-015,BILLING,Production,SUCCESS,200,1284,1280,4,1977,0,
SYNC-ACCT-015-BILLING-20260423,2026-04-23,ACCT-015,BILLING,Production,SUCCESS,200,991,991,0,1949,0,
SYNC-ACCT-015-BILLING-20260426,2026-04-26,ACCT-015,BILLING,Production,SUCCESS,200,1126,1118,8,2176,0,
SYNC-ACCT-015-BILLING-20260429,2026-04-29,ACCT-015,BILLING,Production,SUCCESS,200,972,965,7,1245,0,
SYNC-ACCT-015-BILLING-20260502,2026-05-02,ACCT-015,BILLING,Production,SUCCESS,200,969,965,4,1805,0,
SYNC-ACCT-015-BILLING-20260505,2026-05-05,ACCT-015,BILLING,Production,SUCCESS,200,1242,1239,3,2874,0,
SYNC-ACCT-015-BILLING-20260508,2026-05-08,ACCT-015,BILLING,Production,SUCCESS,200,1514,1513,1,3110,0,
SYNC-ACCT-015-BILLING-20260511,2026-05-11,ACCT-015,BILLING,Production,SUCCESS,200,915,910,5,654,0,
SYNC-ACCT-015-BILLING-20260514,2026-05-14,ACCT-015,BILLING,Production,SUCCESS,200,808,803,5,670,0,
SYNC-ACCT-015-BILLING-20260517,2026-05-17,ACCT-015,BILLING,Production,SUCCESS,200,1240,1236,4,1531,0,
SYNC-ACCT-015-BILLING-20260520,2026-05-20,ACCT-015,BILLING,Production,FAILED,503,1500,0,1500,2399,2,UPSTREAM_UNAVAILABLE
SYNC-ACCT-015-BILLING-20260523,2026-05-23,ACCT-015,BILLING,Production,SUCCESS,200,1062,1056,6,3131,0,
SYNC-ACCT-015-BILLING-20260526,2026-05-26,ACCT-015,BILLING,Production,SUCCESS,200,872,872,0,544,0,
SYNC-ACCT-015-BILLING-20260529,2026-05-29,ACCT-015,BILLING,Production,SUCCESS,200,1258,1252,6,2643,0,
SYNC-ACCT-015-BILLING-20260601,2026-06-01,ACCT-015,BILLING,Production,SUCCESS,200,1620,1618,2,2373,0,
SYNC-ACCT-015-BILLING-20260604,2026-06-04,ACCT-015,BILLING,Production,SUCCESS,200,1116,1112,4,2181,0,
SYNC-ACCT-015-BILLING-20260607,2026-06-07,ACCT-015,BILLING,Production,SUCCESS,200,826,821,5,937,0,
SYNC-ACCT-015-BILLING-20260610,2026-06-10,ACCT-015,BILLING,Production,SUCCESS,200,1173,1164,9,2746,0,
SYNC-ACCT-015-BILLING-20260613,2026-06-13,ACCT-015,BILLING,Production,SUCCESS,200,1082,1081,1,1274,0,
SYNC-ACCT-015-BILLING-20260616,2026-06-16,ACCT-015,BILLING,Production,SUCCESS,200,796,796,0,1388,0,
SYNC-ACCT-015-BILLING-20260619,2026-06-19,ACCT-015,BILLING,Production,SUCCESS,200,1211,1206,5,2200,0,
SYNC-ACCT-015-BILLING-20260622,2026-06-22,ACCT-015,BILLING,Production,SUCCESS,200,1052,1048,4,3345,0,
SYNC-ACCT-015-BILLING-20260625,2026-06-25,ACCT-015,BILLING,Production,SUCCESS,200,800,795,5,2749,0,
SYNC-ACCT-015-BILLING-20260628,2026-06-28,ACCT-015,BILLING,Production,SUCCESS,200,1462,1452,10,1655,0,
SYNC-ACCT-015-PRODUCT-20251022,2025-10-22,ACCT-015,PRODUCT,Production,SUCCESS,200,1198,1188,10,1650,0,
SYNC-ACCT-015-PRODUCT-20251025,2025-10-25,ACCT-015,PRODUCT,Production,SUCCESS,200,1572,1570,2,2137,0,
SYNC-ACCT-015-PRODUCT-20251028,2025-10-28,ACCT-015,PRODUCT,Production,SUCCESS,200,1679,1675,4,1431,0,
SYNC-ACCT-015-PRODUCT-20251031,2025-10-31,ACCT-015,PRODUCT,Production,SUCCESS,200,1480,1468,12,866,0,
SYNC-ACCT-015-PRODUCT-20251103,2025-11-03,ACCT-015,PRODUCT,Production,SUCCESS,200,809,803,6,2366,0,
SYNC-ACCT-015-PRODUCT-20251106,2025-11-06,ACCT-015,PRODUCT,Production,SUCCESS,200,1144,1138,6,725,0,
SYNC-ACCT-015-PRODUCT-20251109,2025-11-09,ACCT-015,PRODUCT,Production,SUCCESS,200,1372,1362,10,1256,0,
SYNC-ACCT-015-PRODUCT-20251112,2025-11-12,ACCT-015,PRODUCT,Production,SUCCESS,200,803,798,5,2870,0,
SYNC-ACCT-015-PRODUCT-20251115,2025-11-15,ACCT-015,PRODUCT,Production,SUCCESS,200,1337,1332,5,647,0,
SYNC-ACCT-015-PRODUCT-20251118,2025-11-18,ACCT-015,PRODUCT,Production,SUCCESS,200,771,770,1,1396,0,
SYNC-ACCT-015-PRODUCT-20251121,2025-11-21,ACCT-015,PRODUCT,Production,SUCCESS,200,1289,1284,5,2272,0,
SYNC-ACCT-015-PRODUCT-20251124,2025-11-24,ACCT-015,PRODUCT,Production,SUCCESS,200,1140,1132,8,1984,0,
SYNC-ACCT-015-PRODUCT-20251127,2025-11-27,ACCT-015,PRODUCT,Production,SUCCESS,200,1619,1608,11,1547,0,
SYNC-ACCT-015-PRODUCT-20251130,2025-11-30,ACCT-015,PRODUCT,Production,SUCCESS,200,750,744,6,2592,0,
SYNC-ACCT-015-PRODUCT-20251203,2025-12-03,ACCT-015,PRODUCT,Production,SUCCESS,200,1484,1484,0,1812,0,
SYNC-ACCT-015-PRODUCT-20251206,2025-12-06,ACCT-015,PRODUCT,Production,SUCCESS,200,930,930,0,2692,0,
SYNC-ACCT-015-PRODUCT-20251209,2025-12-09,ACCT-015,PRODUCT,Production,SUCCESS,200,859,854,5,2888,0,
SYNC-ACCT-015-PRODUCT-20251212,2025-12-12,ACCT-015,PRODUCT,Production,SUCCESS,200,734,733,1,740,0,
SYNC-ACCT-015-PRODUCT-20251215,2025-12-15,ACCT-015,PRODUCT,Production,SUCCESS,200,1195,1193,2,2521,0,
SYNC-ACCT-015-PRODUCT-20251218,2025-12-18,ACCT-015,PRODUCT,Production,SUCCESS,200,935,930,5,640,0,
SYNC-ACCT-015-PRODUCT-20251221,2025-12-21,ACCT-015,PRODUCT,Production,SUCCESS,200,1358,1349,9,1927,0,
SYNC-ACCT-015-PRODUCT-20251224,2025-12-24,ACCT-015,PRODUCT,Production,SUCCESS,200,1510,1508,2,2132,0,
SYNC-ACCT-015-PRODUCT-20251227,2025-12-27,ACCT-015,PRODUCT,Production,SUCCESS,200,963,961,2,1056,0,
SYNC-ACCT-015-PRODUCT-20251230,2025-12-30,ACCT-015,PRODUCT,Production,SUCCESS,200,1565,1559,6,2836,0,
SYNC-ACCT-015-PRODUCT-20260102,2026-01-02,ACCT-015,PRODUCT,Production,SUCCESS,200,1374,1372,2,1358,0,
SYNC-ACCT-015-PRODUCT-20260105,2026-01-05,ACCT-015,PRODUCT,Production,SUCCESS,200,1220,1214,6,3128,0,
SYNC-ACCT-015-PRODUCT-20260108,2026-01-08,ACCT-015,PRODUCT,Production,SUCCESS,200,934,927,7,2680,0,
SYNC-ACCT-015-PRODUCT-20260111,2026-01-11,ACCT-015,PRODUCT,Production,SUCCESS,200,930,929,1,2089,0,
SYNC-ACCT-015-PRODUCT-20260114,2026-01-14,ACCT-015,PRODUCT,Production,SUCCESS,200,936,930,6,1075,0,
SYNC-ACCT-015-PRODUCT-20260117,2026-01-17,ACCT-015,PRODUCT,Production,SUCCESS,200,1370,1366,4,987,0,
SYNC-ACCT-015-PRODUCT-20260120,2026-01-20,ACCT-015,PRODUCT,Production,SUCCESS,200,1245,1237,8,508,0,
SYNC-ACCT-015-PRODUCT-20260123,2026-01-23,ACCT-015,PRODUCT,Production,SUCCESS,200,968,967,1,1874,0,
SYNC-ACCT-015-PRODUCT-20260126,2026-01-26,ACCT-015,PRODUCT,Production,SUCCESS,200,790,788,2,2439,0,
SYNC-ACCT-015-PRODUCT-20260129,2026-01-29,ACCT-015,PRODUCT,Production,SUCCESS,200,831,828,3,2352,0,
SYNC-ACCT-015-PRODUCT-20260201,2026-02-01,ACCT-015,PRODUCT,Production,SUCCESS,200,1470,1467,3,1504,0,
SYNC-ACCT-015-PRODUCT-20260204,2026-02-04,ACCT-015,PRODUCT,Production,SUCCESS,200,1260,1253,7,1260,0,
SYNC-ACCT-015-PRODUCT-20260207,2026-02-07,ACCT-015,PRODUCT,Production,SUCCESS,200,877,874,3,2821,0,
SYNC-ACCT-015-PRODUCT-20260210,2026-02-10,ACCT-015,PRODUCT,Production,SUCCESS,200,1368,1366,2,2574,0,
SYNC-ACCT-015-PRODUCT-20260213,2026-02-13,ACCT-015,PRODUCT,Production,SUCCESS,200,1532,1530,2,1363,0,
SYNC-ACCT-015-PRODUCT-20260216,2026-02-16,ACCT-015,PRODUCT,Production,SUCCESS,200,972,967,5,2336,0,
SYNC-ACCT-015-PRODUCT-20260219,2026-02-19,ACCT-015,PRODUCT,Production,SUCCESS,200,1143,1137,6,3378,0,
SYNC-ACCT-015-PRODUCT-20260222,2026-02-22,ACCT-015,PRODUCT,Production,SUCCESS,200,1502,1501,1,3276,0,
SYNC-ACCT-015-PRODUCT-20260225,2026-02-25,ACCT-015,PRODUCT,Production,SUCCESS,200,897,892,5,643,0,
SYNC-ACCT-015-PRODUCT-20260228,2026-02-28,ACCT-015,PRODUCT,Production,SUCCESS,200,927,925,2,1344,0,
SYNC-ACCT-015-PRODUCT-20260303,2026-03-03,ACCT-015,PRODUCT,Production,SUCCESS,200,872,868,4,1220,0,
SYNC-ACCT-015-PRODUCT-20260306,2026-03-06,ACCT-015,PRODUCT,Production,SUCCESS,200,1172,1165,7,1525,0,
SYNC-ACCT-015-PRODUCT-20260309,2026-03-09,ACCT-015,PRODUCT,Production,SUCCESS,200,1081,1077,4,1330,0,
SYNC-ACCT-015-PRODUCT-20260312,2026-03-12,ACCT-015,PRODUCT,Production,SUCCESS,200,1445,1444,1,2858,0,
SYNC-ACCT-015-PRODUCT-20260315,2026-03-15,ACCT-015,PRODUCT,Production,SUCCESS,200,1594,1589,5,2650,0,
SYNC-ACCT-015-PRODUCT-20260318,2026-03-18,ACCT-015,PRODUCT,Production,SUCCESS,200,1160,1159,1,1225,0,
SYNC-ACCT-015-PRODUCT-20260321,2026-03-21,ACCT-015,PRODUCT,Production,SUCCESS,200,797,792,5,2263,0,
SYNC-ACCT-015-PRODUCT-20260324,2026-03-24,ACCT-015,PRODUCT,Production,SUCCESS,200,1126,1118,8,2901,0,
SYNC-ACCT-015-PRODUCT-20260327,2026-03-27,ACCT-015,PRODUCT,Production,SUCCESS,200,1649,1644,5,2895,0,
SYNC-ACCT-015-PRODUCT-20260330,2026-03-30,ACCT-015,PRODUCT,Production,SUCCESS,200,1638,1637,1,1626,0,
SYNC-ACCT-015-PRODUCT-20260402,2026-04-02,ACCT-015,PRODUCT,Production,SUCCESS,200,1126,1125,1,2315,0,
SYNC-ACCT-015-PRODUCT-20260405,2026-04-05,ACCT-015,PRODUCT,Production,SUCCESS,200,1079,1075,4,1814,0,
SYNC-ACCT-015-PRODUCT-20260408,2026-04-08,ACCT-015,PRODUCT,Production,SUCCESS,200,882,876,6,2803,0,
SYNC-ACCT-015-PRODUCT-20260411,2026-04-11,ACCT-015,PRODUCT,Production,SUCCESS,200,1501,1494,7,2234,0,
SYNC-ACCT-015-PRODUCT-20260414,2026-04-14,ACCT-015,PRODUCT,Production,SUCCESS,200,1558,1546,12,3021,0,
SYNC-ACCT-015-PRODUCT-20260417,2026-04-17,ACCT-015,PRODUCT,Production,SUCCESS,200,1260,1251,9,2974,0,
SYNC-ACCT-015-PRODUCT-20260420,2026-04-20,ACCT-015,PRODUCT,Production,SUCCESS,200,1012,1012,0,3098,0,
SYNC-ACCT-015-PRODUCT-20260423,2026-04-23,ACCT-015,PRODUCT,Production,SUCCESS,200,1607,1597,10,1677,0,
SYNC-ACCT-015-PRODUCT-20260426,2026-04-26,ACCT-015,PRODUCT,Production,SUCCESS,200,835,832,3,1906,0,
SYNC-ACCT-015-PRODUCT-20260429,2026-04-29,ACCT-015,PRODUCT,Production,FAILED,503,1419,0,1419,2070,2,UPSTREAM_UNAVAILABLE
SYNC-ACCT-015-PRODUCT-20260502,2026-05-02,ACCT-015,PRODUCT,Production,SUCCESS,200,1035,1027,8,1680,0,
SYNC-ACCT-015-PRODUCT-20260505,2026-05-05,ACCT-015,PRODUCT,Production,SUCCESS,200,1615,1608,7,2581,0,
SYNC-ACCT-015-PRODUCT-20260508,2026-05-08,ACCT-015,PRODUCT,Production,SUCCESS,200,1044,1043,1,2462,0,
SYNC-ACCT-015-PRODUCT-20260511,2026-05-11,ACCT-015,PRODUCT,Production,SUCCESS,200,747,745,2,2387,0,
SYNC-ACCT-015-PRODUCT-20260514,2026-05-14,ACCT-015,PRODUCT,Production,SUCCESS,200,928,923,5,1856,0,
SYNC-ACCT-015-PRODUCT-20260517,2026-05-17,ACCT-015,PRODUCT,Production,SUCCESS,200,1410,1399,11,3314,0,
SYNC-ACCT-015-PRODUCT-20260520,2026-05-20,ACCT-015,PRODUCT,Production,SUCCESS,200,722,716,6,2370,0,
SYNC-ACCT-015-PRODUCT-20260523,2026-05-23,ACCT-015,PRODUCT,Production,SUCCESS,200,1207,1206,1,1884,0,
SYNC-ACCT-015-PRODUCT-20260526,2026-05-26,ACCT-015,PRODUCT,Production,SUCCESS,200,968,968,0,1190,0,
SYNC-ACCT-015-PRODUCT-20260529,2026-05-29,ACCT-015,PRODUCT,Production,SUCCESS,200,745,743,2,3320,0,
SYNC-ACCT-015-PRODUCT-20260601,2026-06-01,ACCT-015,PRODUCT,Production,SUCCESS,200,1329,1321,8,604,0,
SYNC-ACCT-015-PRODUCT-20260604,2026-06-04,ACCT-015,PRODUCT,Production,SUCCESS,200,1186,1183,3,2303,0,
SYNC-ACCT-015-PRODUCT-20260607,2026-06-07,ACCT-015,PRODUCT,Production,SUCCESS,200,1661,1657,4,3114,0,
SYNC-ACCT-015-PRODUCT-20260610,2026-06-10,ACCT-015,PRODUCT,Production,FAILED,503,1394,0,1394,2454,2,UPSTREAM_UNAVAILABLE
SYNC-ACCT-015-PRODUCT-20260613,2026-06-13,ACCT-015,PRODUCT,Production,SUCCESS,200,853,850,3,1778,0,
SYNC-ACCT-015-PRODUCT-20260616,2026-06-16,ACCT-015,PRODUCT,Production,SUCCESS,200,1274,1268,6,3298,0,
SYNC-ACCT-015-PRODUCT-20260619,2026-06-19,ACCT-015,PRODUCT,Production,SUCCESS,200,1502,1495,7,697,0,
SYNC-ACCT-015-PRODUCT-20260622,2026-06-22,ACCT-015,PRODUCT,Production,SUCCESS,200,1216,1212,4,2845,0,
SYNC-ACCT-015-PRODUCT-20260625,2026-06-25,ACCT-015,PRODUCT,Production,SUCCESS,200,1469,1461,8,2933,0,
SYNC-ACCT-015-PRODUCT-20260628,2026-06-28,ACCT-015,PRODUCT,Production,SUCCESS,200,743,742,1,3398,0,
SYNC-ACCT-015-WAREHOUSE-20251022,2025-10-22,ACCT-015,WAREHOUSE,Production,SUCCESS,200,1662,1653,9,3381,0,
SYNC-ACCT-015-WAREHOUSE-20251025,2025-10-25,ACCT-015,WAREHOUSE,Production,SUCCESS,200,1644,1635,9,2408,0,
SYNC-ACCT-015-WAREHOUSE-20251028,2025-10-28,ACCT-015,WAREHOUSE,Production,SUCCESS,200,1378,1373,5,1267,0,
SYNC-ACCT-015-WAREHOUSE-20251031,2025-10-31,ACCT-015,WAREHOUSE,Production,SUCCESS,200,1612,1611,1,3281,0,
SYNC-ACCT-015-WAREHOUSE-20251103,2025-11-03,ACCT-015,WAREHOUSE,Production,SUCCESS,200,940,938,2,2290,0,
SYNC-ACCT-015-WAREHOUSE-20251106,2025-11-06,ACCT-015,WAREHOUSE,Production,SUCCESS,200,1279,1278,1,1558,0,
SYNC-ACCT-015-WAREHOUSE-20251109,2025-11-09,ACCT-015,WAREHOUSE,Production,SUCCESS,200,1270,1270,0,3292,0,
SYNC-ACCT-015-WAREHOUSE-20251112,2025-11-12,ACCT-015,WAREHOUSE,Production,SUCCESS,200,1466,1466,0,2430,0,
SYNC-ACCT-015-WAREHOUSE-20251115,2025-11-15,ACCT-015,WAREHOUSE,Production,SUCCESS,200,840,840,0,1645,0,
SYNC-ACCT-015-WAREHOUSE-20251118,2025-11-18,ACCT-015,WAREHOUSE,Production,SUCCESS,200,1348,1348,0,2143,0,
SYNC-ACCT-015-WAREHOUSE-20251121,2025-11-21,ACCT-015,WAREHOUSE,Production,SUCCESS,200,945,945,0,3375,0,
SYNC-ACCT-015-WAREHOUSE-20251124,2025-11-24,ACCT-015,WAREHOUSE,Production,SUCCESS,200,1056,1051,5,622,0,
SYNC-ACCT-015-WAREHOUSE-20251127,2025-11-27,ACCT-015,WAREHOUSE,Production,SUCCESS,200,843,838,5,3245,0,
SYNC-ACCT-015-WAREHOUSE-20251130,2025-11-30,ACCT-015,WAREHOUSE,Production,SUCCESS,200,849,848,1,2662,0,
SYNC-ACCT-015-WAREHOUSE-20251203,2025-12-03,ACCT-015,WAREHOUSE,Production,SUCCESS,200,1680,1667,13,1605,0,
SYNC-ACCT-015-WAREHOUSE-20251206,2025-12-06,ACCT-015,WAREHOUSE,Production,SUCCESS,200,1114,1111,3,1227,0,
SYNC-ACCT-015-WAREHOUSE-20251209,2025-12-09,ACCT-015,WAREHOUSE,Production,SUCCESS,200,1259,1249,10,3228,0,
SYNC-ACCT-015-WAREHOUSE-20251212,2025-12-12,ACCT-015,WAREHOUSE,Production,SUCCESS,200,1176,1168,8,1785,0,
SYNC-ACCT-015-WAREHOUSE-20251215,2025-12-15,ACCT-015,WAREHOUSE,Production,SUCCESS,200,1014,1008,6,1295,0,
SYNC-ACCT-015-WAREHOUSE-20251218,2025-12-18,ACCT-015,WAREHOUSE,Production,SUCCESS,200,1492,1488,4,776,0,
SYNC-ACCT-015-WAREHOUSE-20251221,2025-12-21,ACCT-015,WAREHOUSE,Production,SUCCESS,200,1052,1049,3,1709,0,
SYNC-ACCT-015-WAREHOUSE-20251224,2025-12-24,ACCT-015,WAREHOUSE,Production,SUCCESS,200,1115,1106,9,1779,0,
SYNC-ACCT-015-WAREHOUSE-20251227,2025-12-27,ACCT-015,WAREHOUSE,Production,SUCCESS,200,817,815,2,2974,0,
SYNC-ACCT-015-WAREHOUSE-20251230,2025-12-30,ACCT-015,WAREHOUSE,Production,SUCCESS,200,1424,1416,8,2371,0,
SYNC-ACCT-015-WAREHOUSE-20260102,2026-01-02,ACCT-015,WAREHOUSE,Production,SUCCESS,200,928,921,7,880,0,
SYNC-ACCT-015-WAREHOUSE-20260105,2026-01-05,ACCT-015,WAREHOUSE,Production,SUCCESS,200,761,761,0,748,0,
SYNC-ACCT-015-WAREHOUSE-20260108,2026-01-08,ACCT-015,WAREHOUSE,Production,SUCCESS,200,1287,1285,2,619,0,
SYNC-ACCT-015-WAREHOUSE-20260111,2026-01-11,ACCT-015,WAREHOUSE,Production,SUCCESS,200,773,771,2,1933,0,
SYNC-ACCT-015-WAREHOUSE-20260114,2026-01-14,ACCT-015,WAREHOUSE,Production,SUCCESS,200,870,866,4,1198,0,
SYNC-ACCT-015-WAREHOUSE-20260117,2026-01-17,ACCT-015,WAREHOUSE,Production,SUCCESS,200,910,905,5,3082,0,
SYNC-ACCT-015-WAREHOUSE-20260120,2026-01-20,ACCT-015,WAREHOUSE,Production,SUCCESS,200,1240,1230,10,1773,0,
SYNC-ACCT-015-WAREHOUSE-20260123,2026-01-23,ACCT-015,WAREHOUSE,Production,SUCCESS,200,735,733,2,2864,0,
SYNC-ACCT-015-WAREHOUSE-20260126,2026-01-26,ACCT-015,WAREHOUSE,Production,SUCCESS,200,1640,1633,7,3276,0,
SYNC-ACCT-015-WAREHOUSE-20260129,2026-01-29,ACCT-015,WAREHOUSE,Production,SUCCESS,200,830,827,3,2280,0,
SYNC-ACCT-015-WAREHOUSE-20260201,2026-02-01,ACCT-015,WAREHOUSE,Production,SUCCESS,200,1157,1148,9,2801,0,
SYNC-ACCT-015-WAREHOUSE-20260204,2026-02-04,ACCT-015,WAREHOUSE,Production,SUCCESS,200,1082,1082,0,3234,0,
SYNC-ACCT-015-WAREHOUSE-20260207,2026-02-07,ACCT-015,WAREHOUSE,Production,SUCCESS,200,1151,1147,4,2664,0,
SYNC-ACCT-015-WAREHOUSE-20260210,2026-02-10,ACCT-015,WAREHOUSE,Production,SUCCESS,200,1151,1147,4,1427,0,
SYNC-ACCT-015-WAREHOUSE-20260213,2026-02-13,ACCT-015,WAREHOUSE,Production,SUCCESS,200,1635,1627,8,1516,0,
SYNC-ACCT-015-WAREHOUSE-20260216,2026-02-16,ACCT-015,WAREHOUSE,Production,SUCCESS,200,1611,1609,2,1770,0,
SYNC-ACCT-015-WAREHOUSE-20260219,2026-02-19,ACCT-015,WAREHOUSE,Production,SUCCESS,200,1577,1573,4,1893,0,
SYNC-ACCT-015-WAREHOUSE-20260222,2026-02-22,ACCT-015,WAREHOUSE,Production,SUCCESS,200,1391,1388,3,2963,0,
SYNC-ACCT-015-WAREHOUSE-20260225,2026-02-25,ACCT-015,WAREHOUSE,Production,SUCCESS,200,1590,1587,3,2230,0,
SYNC-ACCT-015-WAREHOUSE-20260228,2026-02-28,ACCT-015,WAREHOUSE,Production,SUCCESS,200,1447,1437,10,2951,0,
SYNC-ACCT-015-WAREHOUSE-20260303,2026-03-03,ACCT-015,WAREHOUSE,Production,SUCCESS,200,1199,1197,2,2176,0,
SYNC-ACCT-015-WAREHOUSE-20260306,2026-03-06,ACCT-015,WAREHOUSE,Production,SUCCESS,200,1306,1303,3,1925,0,
SYNC-ACCT-015-WAREHOUSE-20260309,2026-03-09,ACCT-015,WAREHOUSE,Production,SUCCESS,200,767,766,1,1769,0,
SYNC-ACCT-015-WAREHOUSE-20260312,2026-03-12,ACCT-015,WAREHOUSE,Production,SUCCESS,200,1246,1246,0,2328,0,
SYNC-ACCT-015-WAREHOUSE-20260315,2026-03-15,ACCT-015,WAREHOUSE,Production,SUCCESS,200,1447,1441,6,1058,0,
SYNC-ACCT-015-WAREHOUSE-20260318,2026-03-18,ACCT-015,WAREHOUSE,Production,SUCCESS,200,1514,1503,11,1284,0,
SYNC-ACCT-015-WAREHOUSE-20260321,2026-03-21,ACCT-015,WAREHOUSE,Production,SUCCESS,200,1051,1050,1,3230,0,
SYNC-ACCT-015-WAREHOUSE-20260324,2026-03-24,ACCT-015,WAREHOUSE,Production,SUCCESS,200,990,984,6,3099,0,
SYNC-ACCT-015-WAREHOUSE-20260327,2026-03-27,ACCT-015,WAREHOUSE,Production,SUCCESS,200,922,917,5,2930,0,
SYNC-ACCT-015-WAREHOUSE-20260330,2026-03-30,ACCT-015,WAREHOUSE,Production,SUCCESS,200,1523,1523,0,2081,0,
SYNC-ACCT-015-WAREHOUSE-20260402,2026-04-02,ACCT-015,WAREHOUSE,Production,SUCCESS,200,1223,1215,8,2001,0,
SYNC-ACCT-015-WAREHOUSE-20260405,2026-04-05,ACCT-015,WAREHOUSE,Production,SUCCESS,200,904,904,0,1148,0,
SYNC-ACCT-015-WAREHOUSE-20260408,2026-04-08,ACCT-015,WAREHOUSE,Production,SUCCESS,200,1065,1064,1,1321,0,
SYNC-ACCT-015-WAREHOUSE-20260411,2026-04-11,ACCT-015,WAREHOUSE,Production,SUCCESS,200,1344,1336,8,1449,0,
SYNC-ACCT-015-WAREHOUSE-20260414,2026-04-14,ACCT-015,WAREHOUSE,Production,SUCCESS,200,1169,1166,3,2156,0,
SYNC-ACCT-015-WAREHOUSE-20260417,2026-04-17,ACCT-015,WAREHOUSE,Production,SUCCESS,200,900,893,7,1742,0,
SYNC-ACCT-015-WAREHOUSE-20260420,2026-04-20,ACCT-015,WAREHOUSE,Production,SUCCESS,200,1517,1516,1,3239,0,
SYNC-ACCT-015-WAREHOUSE-20260423,2026-04-23,ACCT-015,WAREHOUSE,Production,SUCCESS,200,1235,1234,1,2746,0,
SYNC-ACCT-015-WAREHOUSE-20260426,2026-04-26,ACCT-015,WAREHOUSE,Production,SUCCESS,200,1385,1383,2,905,0,
SYNC-ACCT-015-WAREHOUSE-20260429,2026-04-29,ACCT-015,WAREHOUSE,Production,SUCCESS,200,1401,1393,8,915,0,
SYNC-ACCT-015-WAREHOUSE-20260502,2026-05-02,ACCT-015,WAREHOUSE,Production,SUCCESS,200,727,724,3,781,0,
SYNC-ACCT-015-WAREHOUSE-20260505,2026-05-05,ACCT-015,WAREHOUSE,Production,SUCCESS,200,1050,1043,7,1323,0,
SYNC-ACCT-015-WAREHOUSE-20260508,2026-05-08,ACCT-015,WAREHOUSE,Production,SUCCESS,200,1586,1581,5,3275,0,
SYNC-ACCT-015-WAREHOUSE-20260511,2026-05-11,ACCT-015,WAREHOUSE,Production,SUCCESS,200,1100,1093,7,1295,0,
SYNC-ACCT-015-WAREHOUSE-20260514,2026-05-14,ACCT-015,WAREHOUSE,Production,SUCCESS,200,1551,1550,1,3283,0,
SYNC-ACCT-015-WAREHOUSE-20260517,2026-05-17,ACCT-015,WAREHOUSE,Production,SUCCESS,200,1079,1075,4,2893,0,
SYNC-ACCT-015-WAREHOUSE-20260520,2026-05-20,ACCT-015,WAREHOUSE,Production,FAILED,429,1015,0,1015,14068,3,RATE_LIMITED
SYNC-ACCT-015-WAREHOUSE-20260523,2026-05-23,ACCT-015,WAREHOUSE,Production,FAILED,429,980,0,980,17530,3,RATE_LIMITED
SYNC-ACCT-015-WAREHOUSE-20260526,2026-05-26,ACCT-015,WAREHOUSE,Production,SUCCESS,200,1663,1652,11,530,0,
SYNC-ACCT-015-WAREHOUSE-20260529,2026-05-29,ACCT-015,WAREHOUSE,Production,SUCCESS,200,1231,1225,6,2162,0,
SYNC-ACCT-015-WAREHOUSE-20260601,2026-06-01,ACCT-015,WAREHOUSE,Production,SUCCESS,200,1293,1283,10,2889,0,
SYNC-ACCT-015-WAREHOUSE-20260604,2026-06-04,ACCT-015,WAREHOUSE,Production,SUCCESS,200,1087,1078,9,2024,0,
SYNC-ACCT-015-WAREHOUSE-20260607,2026-06-07,ACCT-015,WAREHOUSE,Production,SUCCESS,200,927,927,0,791,0,
SYNC-ACCT-015-WAREHOUSE-20260610,2026-06-10,ACCT-015,WAREHOUSE,Production,SUCCESS,200,1051,1049,2,3041,0,
SYNC-ACCT-015-WAREHOUSE-20260613,2026-06-13,ACCT-015,WAREHOUSE,Production,SUCCESS,200,870,870,0,771,0,
SYNC-ACCT-015-WAREHOUSE-20260616,2026-06-16,ACCT-015,WAREHOUSE,Production,SUCCESS,200,857,855,2,2662,0,
SYNC-ACCT-015-WAREHOUSE-20260619,2026-06-19,ACCT-015,WAREHOUSE,Production,SUCCESS,200,1527,1520,7,2216,0,
SYNC-ACCT-015-WAREHOUSE-20260622,2026-06-22,ACCT-015,WAREHOUSE,Production,SUCCESS,200,1178,1173,5,1492,0,
SYNC-ACCT-015-WAREHOUSE-20260625,2026-06-25,ACCT-015,WAREHOUSE,Production,SUCCESS,200,1350,1346,4,1725,0,
SYNC-ACCT-015-WAREHOUSE-20260628,2026-06-28,ACCT-015,WAREHOUSE,Production,SUCCESS,200,940,932,8,2958,0,
SYNC-ACCT-016-CRM-20251028,2025-10-28,ACCT-016,CRM,Production,SUCCESS,200,1196,1196,0,1935,0,
SYNC-ACCT-016-CRM-20251031,2025-10-31,ACCT-016,CRM,Production,SUCCESS,200,1352,1345,7,2018,0,
SYNC-ACCT-016-CRM-20251103,2025-11-03,ACCT-016,CRM,Production,SUCCESS,200,779,777,2,2697,0,
SYNC-ACCT-016-CRM-20251106,2025-11-06,ACCT-016,CRM,Production,SUCCESS,200,833,831,2,1930,0,
SYNC-ACCT-016-CRM-20251109,2025-11-09,ACCT-016,CRM,Production,SUCCESS,200,1076,1072,4,1548,0,
SYNC-ACCT-016-CRM-20251112,2025-11-12,ACCT-016,CRM,Production,SUCCESS,200,944,944,0,1033,0,
SYNC-ACCT-016-CRM-20251115,2025-11-15,ACCT-016,CRM,Production,SUCCESS,200,1055,1052,3,3324,0,
SYNC-ACCT-016-CRM-20251118,2025-11-18,ACCT-016,CRM,Production,SUCCESS,200,917,910,7,1680,0,
SYNC-ACCT-016-CRM-20251121,2025-11-21,ACCT-016,CRM,Production,SUCCESS,200,1314,1309,5,817,0,
SYNC-ACCT-016-CRM-20251124,2025-11-24,ACCT-016,CRM,Production,SUCCESS,200,1063,1061,2,1756,0,
SYNC-ACCT-016-CRM-20251127,2025-11-27,ACCT-016,CRM,Production,SUCCESS,200,1189,1186,3,2838,0,
SYNC-ACCT-016-CRM-20251130,2025-11-30,ACCT-016,CRM,Production,SUCCESS,200,855,853,2,1827,0,
SYNC-ACCT-016-CRM-20251203,2025-12-03,ACCT-016,CRM,Production,SUCCESS,200,1025,1019,6,3014,0,
SYNC-ACCT-016-CRM-20251206,2025-12-06,ACCT-016,CRM,Production,SUCCESS,200,1566,1556,10,3377,0,
SYNC-ACCT-016-CRM-20251209,2025-12-09,ACCT-016,CRM,Production,SUCCESS,200,1392,1387,5,1571,0,
SYNC-ACCT-016-CRM-20251212,2025-12-12,ACCT-016,CRM,Production,SUCCESS,200,1098,1091,7,1463,0,
SYNC-ACCT-016-CRM-20251215,2025-12-15,ACCT-016,CRM,Production,SUCCESS,200,1622,1621,1,3107,0,
SYNC-ACCT-016-CRM-20251218,2025-12-18,ACCT-016,CRM,Production,SUCCESS,200,1282,1281,1,1566,0,
SYNC-ACCT-016-CRM-20251221,2025-12-21,ACCT-016,CRM,Production,SUCCESS,200,1068,1066,2,1311,0,
SYNC-ACCT-016-CRM-20251224,2025-12-24,ACCT-016,CRM,Production,SUCCESS,200,1203,1194,9,3121,0,
SYNC-ACCT-016-CRM-20251227,2025-12-27,ACCT-016,CRM,Production,SUCCESS,200,833,827,6,1846,0,
SYNC-ACCT-016-CRM-20251230,2025-12-30,ACCT-016,CRM,Production,SUCCESS,200,1037,1033,4,1949,0,
SYNC-ACCT-016-CRM-20260102,2026-01-02,ACCT-016,CRM,Production,SUCCESS,200,818,813,5,3186,0,
SYNC-ACCT-016-CRM-20260105,2026-01-05,ACCT-016,CRM,Production,SUCCESS,200,1417,1410,7,1138,0,
SYNC-ACCT-016-CRM-20260108,2026-01-08,ACCT-016,CRM,Production,SUCCESS,200,1677,1673,4,879,0,
SYNC-ACCT-016-CRM-20260111,2026-01-11,ACCT-016,CRM,Production,SUCCESS,200,1372,1371,1,1398,0,
SYNC-ACCT-016-CRM-20260114,2026-01-14,ACCT-016,CRM,Production,SUCCESS,200,1456,1448,8,3203,0,
SYNC-ACCT-016-CRM-20260117,2026-01-17,ACCT-016,CRM,Production,SUCCESS,200,1259,1251,8,2936,0,
SYNC-ACCT-016-CRM-20260120,2026-01-20,ACCT-016,CRM,Production,SUCCESS,200,1659,1648,11,3233,0,
SYNC-ACCT-016-CRM-20260123,2026-01-23,ACCT-016,CRM,Production,SUCCESS,200,1535,1533,2,2160,0,
SYNC-ACCT-016-CRM-20260126,2026-01-26,ACCT-016,CRM,Production,SUCCESS,200,1067,1059,8,1231,0,
SYNC-ACCT-016-CRM-20260129,2026-01-29,ACCT-016,CRM,Production,SUCCESS,200,1381,1371,10,1660,0,
SYNC-ACCT-016-CRM-20260201,2026-02-01,ACCT-016,CRM,Production,SUCCESS,200,784,778,6,3005,0,
SYNC-ACCT-016-CRM-20260204,2026-02-04,ACCT-016,CRM,Production,SUCCESS,200,1371,1369,2,1690,0,
SYNC-ACCT-016-CRM-20260207,2026-02-07,ACCT-016,CRM,Production,SUCCESS,200,804,804,0,1386,0,
SYNC-ACCT-016-CRM-20260210,2026-02-10,ACCT-016,CRM,Production,SUCCESS,200,1297,1294,3,744,0,
SYNC-ACCT-016-CRM-20260213,2026-02-13,ACCT-016,CRM,Production,SUCCESS,200,785,780,5,657,0,
SYNC-ACCT-016-CRM-20260216,2026-02-16,ACCT-016,CRM,Production,SUCCESS,200,1479,1471,8,2204,0,
SYNC-ACCT-016-CRM-20260219,2026-02-19,ACCT-016,CRM,Production,SUCCESS,200,1215,1209,6,3312,0,
SYNC-ACCT-016-CRM-20260222,2026-02-22,ACCT-016,CRM,Production,SUCCESS,200,1569,1560,9,2241,0,
SYNC-ACCT-016-CRM-20260225,2026-02-25,ACCT-016,CRM,Production,SUCCESS,200,1108,1106,2,2734,0,
SYNC-ACCT-016-CRM-20260228,2026-02-28,ACCT-016,CRM,Production,SUCCESS,200,1649,1644,5,3143,0,
SYNC-ACCT-016-CRM-20260303,2026-03-03,ACCT-016,CRM,Production,SUCCESS,200,976,976,0,1265,0,
SYNC-ACCT-016-CRM-20260306,2026-03-06,ACCT-016,CRM,Production,SUCCESS,200,1067,1067,0,3034,0,
SYNC-ACCT-016-CRM-20260309,2026-03-09,ACCT-016,CRM,Production,SUCCESS,200,790,787,3,3054,0,
SYNC-ACCT-016-CRM-20260312,2026-03-12,ACCT-016,CRM,Production,SUCCESS,200,987,987,0,3315,0,
SYNC-ACCT-016-CRM-20260315,2026-03-15,ACCT-016,CRM,Production,SUCCESS,200,1616,1616,0,2542,0,
SYNC-ACCT-016-CRM-20260318,2026-03-18,ACCT-016,CRM,Production,SUCCESS,200,846,840,6,2318,0,
SYNC-ACCT-016-CRM-20260321,2026-03-21,ACCT-016,CRM,Production,SUCCESS,200,947,940,7,2050,0,
SYNC-ACCT-016-CRM-20260324,2026-03-24,ACCT-016,CRM,Production,SUCCESS,200,956,956,0,873,0,
SYNC-ACCT-016-CRM-20260327,2026-03-27,ACCT-016,CRM,Production,SUCCESS,200,838,838,0,2084,0,
SYNC-ACCT-016-CRM-20260330,2026-03-30,ACCT-016,CRM,Production,SUCCESS,200,1106,1102,4,3241,0,
SYNC-ACCT-016-CRM-20260402,2026-04-02,ACCT-016,CRM,Production,SUCCESS,200,1370,1359,11,2358,0,
SYNC-ACCT-016-CRM-20260405,2026-04-05,ACCT-016,CRM,Production,SUCCESS,200,980,975,5,1071,0,
SYNC-ACCT-016-CRM-20260408,2026-04-08,ACCT-016,CRM,Production,SUCCESS,200,1380,1379,1,549,0,
SYNC-ACCT-016-CRM-20260411,2026-04-11,ACCT-016,CRM,Production,SUCCESS,200,945,938,7,2378,0,
SYNC-ACCT-016-CRM-20260414,2026-04-14,ACCT-016,CRM,Production,SUCCESS,200,1190,1188,2,3118,0,
SYNC-ACCT-016-CRM-20260417,2026-04-17,ACCT-016,CRM,Production,SUCCESS,200,757,754,3,737,0,
SYNC-ACCT-016-CRM-20260420,2026-04-20,ACCT-016,CRM,Production,SUCCESS,200,764,760,4,3281,0,
SYNC-ACCT-016-CRM-20260423,2026-04-23,ACCT-016,CRM,Production,SUCCESS,200,748,742,6,3396,0,
SYNC-ACCT-016-CRM-20260426,2026-04-26,ACCT-016,CRM,Production,SUCCESS,200,1062,1054,8,2712,0,
SYNC-ACCT-016-CRM-20260429,2026-04-29,ACCT-016,CRM,Production,SUCCESS,200,1213,1212,1,963,0,
SYNC-ACCT-016-CRM-20260502,2026-05-02,ACCT-016,CRM,Production,SUCCESS,200,1277,1267,10,678,0,
SYNC-ACCT-016-CRM-20260505,2026-05-05,ACCT-016,CRM,Production,SUCCESS,200,1078,1077,1,1008,0,
SYNC-ACCT-016-CRM-20260508,2026-05-08,ACCT-016,CRM,Production,SUCCESS,200,860,857,3,2580,0,
SYNC-ACCT-016-CRM-20260511,2026-05-11,ACCT-016,CRM,Production,SUCCESS,200,729,728,1,1655,0,
SYNC-ACCT-016-CRM-20260514,2026-05-14,ACCT-016,CRM,Production,SUCCESS,200,952,944,8,2431,0,
SYNC-ACCT-016-CRM-20260517,2026-05-17,ACCT-016,CRM,Production,SUCCESS,200,1397,1397,0,2250,0,
SYNC-ACCT-016-CRM-20260520,2026-05-20,ACCT-016,CRM,Production,SUCCESS,200,1060,1057,3,1608,0,
SYNC-ACCT-016-CRM-20260523,2026-05-23,ACCT-016,CRM,Production,SUCCESS,200,991,991,0,1851,0,
SYNC-ACCT-016-CRM-20260526,2026-05-26,ACCT-016,CRM,Production,SUCCESS,200,1210,1204,6,1288,0,
SYNC-ACCT-016-CRM-20260529,2026-05-29,ACCT-016,CRM,Production,SUCCESS,200,1193,1192,1,1736,0,
SYNC-ACCT-016-CRM-20260601,2026-06-01,ACCT-016,CRM,Production,SUCCESS,200,915,908,7,3139,0,
SYNC-ACCT-016-CRM-20260604,2026-06-04,ACCT-016,CRM,Production,SUCCESS,200,1237,1232,5,1087,0,
SYNC-ACCT-016-CRM-20260607,2026-06-07,ACCT-016,CRM,Production,SUCCESS,200,867,866,1,2725,0,
SYNC-ACCT-016-CRM-20260610,2026-06-10,ACCT-016,CRM,Production,SUCCESS,200,1365,1359,6,1274,0,
SYNC-ACCT-016-CRM-20260613,2026-06-13,ACCT-016,CRM,Production,SUCCESS,200,1598,1593,5,1079,0,
SYNC-ACCT-016-CRM-20260616,2026-06-16,ACCT-016,CRM,Production,SUCCESS,200,1158,1151,7,2557,0,
SYNC-ACCT-016-CRM-20260619,2026-06-19,ACCT-016,CRM,Production,SUCCESS,200,1574,1572,2,2251,0,
SYNC-ACCT-016-CRM-20260622,2026-06-22,ACCT-016,CRM,Production,SUCCESS,200,1440,1428,12,2284,0,
SYNC-ACCT-016-CRM-20260625,2026-06-25,ACCT-016,CRM,Production,SUCCESS,200,1614,1611,3,2372,0,
SYNC-ACCT-016-CRM-20260628,2026-06-28,ACCT-016,CRM,Production,SUCCESS,200,765,761,4,2016,0,
SYNC-ACCT-016-BILLING-20251028,2025-10-28,ACCT-016,BILLING,Production,SUCCESS,200,1585,1576,9,2699,0,
SYNC-ACCT-016-BILLING-20251031,2025-10-31,ACCT-016,BILLING,Production,SUCCESS,200,825,825,0,2612,0,
SYNC-ACCT-016-BILLING-20251103,2025-11-03,ACCT-016,BILLING,Production,SUCCESS,200,852,848,4,2608,0,
SYNC-ACCT-016-BILLING-20251106,2025-11-06,ACCT-016,BILLING,Production,SUCCESS,200,958,958,0,934,0,
SYNC-ACCT-016-BILLING-20251109,2025-11-09,ACCT-016,BILLING,Production,SUCCESS,200,1235,1235,0,2458,0,
SYNC-ACCT-016-BILLING-20251112,2025-11-12,ACCT-016,BILLING,Production,SUCCESS,200,1169,1164,5,1656,0,
SYNC-ACCT-016-BILLING-20251115,2025-11-15,ACCT-016,BILLING,Production,SUCCESS,200,1594,1591,3,3032,0,
SYNC-ACCT-016-BILLING-20251118,2025-11-18,ACCT-016,BILLING,Production,SUCCESS,200,1631,1623,8,2704,0,
SYNC-ACCT-016-BILLING-20251121,2025-11-21,ACCT-016,BILLING,Production,SUCCESS,200,956,948,8,1949,0,
SYNC-ACCT-016-BILLING-20251124,2025-11-24,ACCT-016,BILLING,Production,SUCCESS,200,971,971,0,2991,0,
SYNC-ACCT-016-BILLING-20251127,2025-11-27,ACCT-016,BILLING,Production,SUCCESS,200,1007,1006,1,2202,0,
SYNC-ACCT-016-BILLING-20251130,2025-11-30,ACCT-016,BILLING,Production,SUCCESS,200,1645,1642,3,1593,0,
SYNC-ACCT-016-BILLING-20251203,2025-12-03,ACCT-016,BILLING,Production,SUCCESS,200,1556,1545,11,1547,0,
SYNC-ACCT-016-BILLING-20251206,2025-12-06,ACCT-016,BILLING,Production,SUCCESS,200,884,884,0,1848,0,
SYNC-ACCT-016-BILLING-20251209,2025-12-09,ACCT-016,BILLING,Production,SUCCESS,200,1645,1645,0,2906,0,
SYNC-ACCT-016-BILLING-20251212,2025-12-12,ACCT-016,BILLING,Production,SUCCESS,200,1245,1245,0,2501,0,
SYNC-ACCT-016-BILLING-20251215,2025-12-15,ACCT-016,BILLING,Production,SUCCESS,200,837,836,1,1485,0,
SYNC-ACCT-016-BILLING-20251218,2025-12-18,ACCT-016,BILLING,Production,SUCCESS,200,835,832,3,2600,0,
SYNC-ACCT-016-BILLING-20251221,2025-12-21,ACCT-016,BILLING,Production,SUCCESS,200,1417,1411,6,2014,0,
SYNC-ACCT-016-BILLING-20251224,2025-12-24,ACCT-016,BILLING,Production,SUCCESS,200,1185,1185,0,2244,0,
SYNC-ACCT-016-BILLING-20251227,2025-12-27,ACCT-016,BILLING,Production,SUCCESS,200,795,789,6,1723,0,
SYNC-ACCT-016-BILLING-20251230,2025-12-30,ACCT-016,BILLING,Production,SUCCESS,200,1465,1457,8,3221,0,
SYNC-ACCT-016-BILLING-20260102,2026-01-02,ACCT-016,BILLING,Production,SUCCESS,200,1427,1422,5,2283,0,
SYNC-ACCT-016-BILLING-20260105,2026-01-05,ACCT-016,BILLING,Production,SUCCESS,200,1083,1074,9,1724,0,
SYNC-ACCT-016-BILLING-20260108,2026-01-08,ACCT-016,BILLING,Production,SUCCESS,200,1555,1555,0,1461,0,
SYNC-ACCT-016-BILLING-20260111,2026-01-11,ACCT-016,BILLING,Production,SUCCESS,200,1465,1462,3,2940,0,
SYNC-ACCT-016-BILLING-20260114,2026-01-14,ACCT-016,BILLING,Production,SUCCESS,200,1009,1007,2,3053,0,
SYNC-ACCT-016-BILLING-20260117,2026-01-17,ACCT-016,BILLING,Production,SUCCESS,200,803,800,3,2218,0,
SYNC-ACCT-016-BILLING-20260120,2026-01-20,ACCT-016,BILLING,Production,SUCCESS,200,1653,1644,9,1950,0,
SYNC-ACCT-016-BILLING-20260123,2026-01-23,ACCT-016,BILLING,Production,SUCCESS,200,1236,1229,7,2340,0,
SYNC-ACCT-016-BILLING-20260126,2026-01-26,ACCT-016,BILLING,Production,SUCCESS,200,1657,1652,5,1524,0,
SYNC-ACCT-016-BILLING-20260129,2026-01-29,ACCT-016,BILLING,Production,SUCCESS,200,1398,1396,2,2775,0,
SYNC-ACCT-016-BILLING-20260201,2026-02-01,ACCT-016,BILLING,Production,SUCCESS,200,1223,1214,9,694,0,
SYNC-ACCT-016-BILLING-20260204,2026-02-04,ACCT-016,BILLING,Production,SUCCESS,200,887,881,6,1994,0,
SYNC-ACCT-016-BILLING-20260207,2026-02-07,ACCT-016,BILLING,Production,SUCCESS,200,1488,1488,0,811,0,
SYNC-ACCT-016-BILLING-20260210,2026-02-10,ACCT-016,BILLING,Production,SUCCESS,200,1457,1456,1,3154,0,
SYNC-ACCT-016-BILLING-20260213,2026-02-13,ACCT-016,BILLING,Production,SUCCESS,200,933,930,3,1566,0,
SYNC-ACCT-016-BILLING-20260216,2026-02-16,ACCT-016,BILLING,Production,SUCCESS,200,812,809,3,1484,0,
SYNC-ACCT-016-BILLING-20260219,2026-02-19,ACCT-016,BILLING,Production,SUCCESS,200,1164,1156,8,1908,0,
SYNC-ACCT-016-BILLING-20260222,2026-02-22,ACCT-016,BILLING,Production,SUCCESS,200,788,783,5,2732,0,
SYNC-ACCT-016-BILLING-20260225,2026-02-25,ACCT-016,BILLING,Production,SUCCESS,200,785,781,4,1109,0,
SYNC-ACCT-016-BILLING-20260228,2026-02-28,ACCT-016,BILLING,Production,SUCCESS,200,1559,1548,11,2352,0,
SYNC-ACCT-016-BILLING-20260303,2026-03-03,ACCT-016,BILLING,Production,SUCCESS,200,1292,1286,6,1831,0,
SYNC-ACCT-016-BILLING-20260306,2026-03-06,ACCT-016,BILLING,Production,SUCCESS,200,1580,1567,13,938,0,
SYNC-ACCT-016-BILLING-20260309,2026-03-09,ACCT-016,BILLING,Production,SUCCESS,200,898,893,5,3146,0,
SYNC-ACCT-016-BILLING-20260312,2026-03-12,ACCT-016,BILLING,Production,SUCCESS,200,892,886,6,3161,0,
SYNC-ACCT-016-BILLING-20260315,2026-03-15,ACCT-016,BILLING,Production,SUCCESS,200,1430,1426,4,513,0,
SYNC-ACCT-016-BILLING-20260318,2026-03-18,ACCT-016,BILLING,Production,SUCCESS,200,1057,1049,8,1181,0,
SYNC-ACCT-016-BILLING-20260321,2026-03-21,ACCT-016,BILLING,Production,SUCCESS,200,1475,1472,3,875,0,
SYNC-ACCT-016-BILLING-20260324,2026-03-24,ACCT-016,BILLING,Production,SUCCESS,200,1087,1083,4,1290,0,
SYNC-ACCT-016-BILLING-20260327,2026-03-27,ACCT-016,BILLING,Production,SUCCESS,200,934,932,2,561,0,
SYNC-ACCT-016-BILLING-20260330,2026-03-30,ACCT-016,BILLING,Production,SUCCESS,200,1079,1079,0,2709,0,
SYNC-ACCT-016-BILLING-20260402,2026-04-02,ACCT-016,BILLING,Production,SUCCESS,200,1348,1337,11,1011,0,
SYNC-ACCT-016-BILLING-20260405,2026-04-05,ACCT-016,BILLING,Production,SUCCESS,200,1232,1227,5,508,0,
SYNC-ACCT-016-BILLING-20260408,2026-04-08,ACCT-016,BILLING,Production,SUCCESS,200,1052,1048,4,3385,0,
SYNC-ACCT-016-BILLING-20260411,2026-04-11,ACCT-016,BILLING,Production,SUCCESS,200,1416,1406,10,1095,0,
SYNC-ACCT-016-BILLING-20260414,2026-04-14,ACCT-016,BILLING,Production,SUCCESS,200,1105,1102,3,2633,0,
SYNC-ACCT-016-BILLING-20260417,2026-04-17,ACCT-016,BILLING,Production,SUCCESS,200,1021,1013,8,1443,0,
SYNC-ACCT-016-BILLING-20260420,2026-04-20,ACCT-016,BILLING,Production,SUCCESS,200,1003,997,6,1696,0,
SYNC-ACCT-016-BILLING-20260423,2026-04-23,ACCT-016,BILLING,Production,SUCCESS,200,1602,1602,0,1093,0,
SYNC-ACCT-016-BILLING-20260426,2026-04-26,ACCT-016,BILLING,Production,SUCCESS,200,1312,1312,0,2161,0,
SYNC-ACCT-016-BILLING-20260429,2026-04-29,ACCT-016,BILLING,Production,SUCCESS,200,1151,1147,4,2063,0,
SYNC-ACCT-016-BILLING-20260502,2026-05-02,ACCT-016,BILLING,Production,SUCCESS,200,948,946,2,1179,0,
SYNC-ACCT-016-BILLING-20260505,2026-05-05,ACCT-016,BILLING,Production,FAILED,422,766,582,184,2349,0,SCHEMA_FIELD_CHANGED
SYNC-ACCT-016-BILLING-20260508,2026-05-08,ACCT-016,BILLING,Production,FAILED,422,1152,876,276,1543,0,SCHEMA_FIELD_CHANGED
SYNC-ACCT-016-BILLING-20260511,2026-05-11,ACCT-016,BILLING,Production,FAILED,422,1306,993,313,2361,0,SCHEMA_FIELD_CHANGED
SYNC-ACCT-016-BILLING-20260514,2026-05-14,ACCT-016,BILLING,Production,SUCCESS,200,857,853,4,2488,0,
SYNC-ACCT-016-BILLING-20260517,2026-05-17,ACCT-016,BILLING,Production,SUCCESS,200,1517,1517,0,1345,0,
SYNC-ACCT-016-BILLING-20260520,2026-05-20,ACCT-016,BILLING,Production,SUCCESS,200,1040,1039,1,2366,0,
SYNC-ACCT-016-BILLING-20260523,2026-05-23,ACCT-016,BILLING,Production,SUCCESS,200,1418,1416,2,3156,0,
SYNC-ACCT-016-BILLING-20260526,2026-05-26,ACCT-016,BILLING,Production,SUCCESS,200,1347,1344,3,2130,0,
SYNC-ACCT-016-BILLING-20260529,2026-05-29,ACCT-016,BILLING,Production,SUCCESS,200,1242,1232,10,1439,0,
SYNC-ACCT-016-BILLING-20260601,2026-06-01,ACCT-016,BILLING,Production,SUCCESS,200,877,870,7,2404,0,
SYNC-ACCT-016-BILLING-20260604,2026-06-04,ACCT-016,BILLING,Production,SUCCESS,200,924,918,6,2704,0,
SYNC-ACCT-016-BILLING-20260607,2026-06-07,ACCT-016,BILLING,Production,SUCCESS,200,811,807,4,2183,0,
SYNC-ACCT-016-BILLING-20260610,2026-06-10,ACCT-016,BILLING,Production,SUCCESS,200,1436,1436,0,1156,0,
SYNC-ACCT-016-BILLING-20260613,2026-06-13,ACCT-016,BILLING,Production,SUCCESS,200,1594,1591,3,2361,0,
SYNC-ACCT-016-BILLING-20260616,2026-06-16,ACCT-016,BILLING,Production,SUCCESS,200,1212,1208,4,1082,0,
SYNC-ACCT-016-BILLING-20260619,2026-06-19,ACCT-016,BILLING,Production,SUCCESS,200,918,911,7,2665,0,
SYNC-ACCT-016-BILLING-20260622,2026-06-22,ACCT-016,BILLING,Production,SUCCESS,200,988,983,5,1788,0,
SYNC-ACCT-016-BILLING-20260625,2026-06-25,ACCT-016,BILLING,Production,SUCCESS,200,920,915,5,2064,0,
SYNC-ACCT-016-BILLING-20260628,2026-06-28,ACCT-016,BILLING,Production,SUCCESS,200,1290,1287,3,983,0,
SYNC-ACCT-017-CRM-20251103,2025-11-03,ACCT-017,CRM,Production,SUCCESS,200,979,977,2,1848,0,
SYNC-ACCT-017-CRM-20251106,2025-11-06,ACCT-017,CRM,Production,SUCCESS,200,1532,1526,6,757,0,
SYNC-ACCT-017-CRM-20251109,2025-11-09,ACCT-017,CRM,Production,SUCCESS,200,1436,1435,1,2933,0,
SYNC-ACCT-017-CRM-20251112,2025-11-12,ACCT-017,CRM,Production,SUCCESS,200,1302,1295,7,1914,0,
SYNC-ACCT-017-CRM-20251115,2025-11-15,ACCT-017,CRM,Production,SUCCESS,200,1229,1226,3,1440,0,
SYNC-ACCT-017-CRM-20251118,2025-11-18,ACCT-017,CRM,Production,SUCCESS,200,1415,1410,5,1654,0,
SYNC-ACCT-017-CRM-20251121,2025-11-21,ACCT-017,CRM,Production,SUCCESS,200,1444,1434,10,1532,0,
SYNC-ACCT-017-CRM-20251124,2025-11-24,ACCT-017,CRM,Production,SUCCESS,200,1143,1143,0,1790,0,
SYNC-ACCT-017-CRM-20251127,2025-11-27,ACCT-017,CRM,Production,SUCCESS,200,1106,1098,8,2629,0,
SYNC-ACCT-017-CRM-20251130,2025-11-30,ACCT-017,CRM,Production,SUCCESS,200,1167,1165,2,2381,0,
SYNC-ACCT-017-CRM-20251203,2025-12-03,ACCT-017,CRM,Production,SUCCESS,200,1220,1218,2,692,0,
SYNC-ACCT-017-CRM-20251206,2025-12-06,ACCT-017,CRM,Production,SUCCESS,200,1477,1476,1,1199,0,
SYNC-ACCT-017-CRM-20251209,2025-12-09,ACCT-017,CRM,Production,SUCCESS,200,1186,1177,9,1438,0,
SYNC-ACCT-017-CRM-20251212,2025-12-12,ACCT-017,CRM,Production,SUCCESS,200,865,859,6,2925,0,
SYNC-ACCT-017-CRM-20251215,2025-12-15,ACCT-017,CRM,Production,SUCCESS,200,1499,1487,12,1879,0,
SYNC-ACCT-017-CRM-20251218,2025-12-18,ACCT-017,CRM,Production,SUCCESS,200,1352,1351,1,2832,0,
SYNC-ACCT-017-CRM-20251221,2025-12-21,ACCT-017,CRM,Production,SUCCESS,200,1376,1371,5,2711,0,
SYNC-ACCT-017-CRM-20251224,2025-12-24,ACCT-017,CRM,Production,SUCCESS,200,832,828,4,3246,0,
SYNC-ACCT-017-CRM-20251227,2025-12-27,ACCT-017,CRM,Production,SUCCESS,200,1548,1542,6,2099,0,
SYNC-ACCT-017-CRM-20251230,2025-12-30,ACCT-017,CRM,Production,SUCCESS,200,764,758,6,798,0,
SYNC-ACCT-017-CRM-20260102,2026-01-02,ACCT-017,CRM,Production,SUCCESS,200,957,954,3,1483,0,
SYNC-ACCT-017-CRM-20260105,2026-01-05,ACCT-017,CRM,Production,SUCCESS,200,1212,1204,8,3094,0,
SYNC-ACCT-017-CRM-20260108,2026-01-08,ACCT-017,CRM,Production,SUCCESS,200,906,900,6,619,0,
SYNC-ACCT-017-CRM-20260111,2026-01-11,ACCT-017,CRM,Production,SUCCESS,200,724,724,0,1271,0,
SYNC-ACCT-017-CRM-20260114,2026-01-14,ACCT-017,CRM,Production,SUCCESS,200,1668,1664,4,770,0,
SYNC-ACCT-017-CRM-20260117,2026-01-17,ACCT-017,CRM,Production,SUCCESS,200,1343,1340,3,514,0,
SYNC-ACCT-017-CRM-20260120,2026-01-20,ACCT-017,CRM,Production,SUCCESS,200,1077,1077,0,1350,0,
SYNC-ACCT-017-CRM-20260123,2026-01-23,ACCT-017,CRM,Production,SUCCESS,200,1094,1085,9,1556,0,
SYNC-ACCT-017-CRM-20260126,2026-01-26,ACCT-017,CRM,Production,SUCCESS,200,1656,1654,2,889,0,
SYNC-ACCT-017-CRM-20260129,2026-01-29,ACCT-017,CRM,Production,SUCCESS,200,1423,1413,10,1054,0,
SYNC-ACCT-017-CRM-20260201,2026-02-01,ACCT-017,CRM,Production,SUCCESS,200,1275,1275,0,1251,0,
SYNC-ACCT-017-CRM-20260204,2026-02-04,ACCT-017,CRM,Production,SUCCESS,200,1224,1214,10,1921,0,
SYNC-ACCT-017-CRM-20260207,2026-02-07,ACCT-017,CRM,Production,SUCCESS,200,1422,1411,11,726,0,
SYNC-ACCT-017-CRM-20260210,2026-02-10,ACCT-017,CRM,Production,SUCCESS,200,1418,1417,1,1534,0,
SYNC-ACCT-017-CRM-20260213,2026-02-13,ACCT-017,CRM,Production,SUCCESS,200,1508,1501,7,1998,0,
SYNC-ACCT-017-CRM-20260216,2026-02-16,ACCT-017,CRM,Production,SUCCESS,200,1371,1360,11,1915,0,
SYNC-ACCT-017-CRM-20260219,2026-02-19,ACCT-017,CRM,Production,SUCCESS,200,1053,1045,8,1060,0,
SYNC-ACCT-017-CRM-20260222,2026-02-22,ACCT-017,CRM,Production,SUCCESS,200,1013,1013,0,694,0,
SYNC-ACCT-017-CRM-20260225,2026-02-25,ACCT-017,CRM,Production,SUCCESS,200,1351,1346,5,2872,0,
SYNC-ACCT-017-CRM-20260228,2026-02-28,ACCT-017,CRM,Production,SUCCESS,200,1226,1219,7,2531,0,
SYNC-ACCT-017-CRM-20260303,2026-03-03,ACCT-017,CRM,Production,SUCCESS,200,1591,1579,12,536,0,
SYNC-ACCT-017-CRM-20260306,2026-03-06,ACCT-017,CRM,Production,SUCCESS,200,1570,1567,3,691,0,
SYNC-ACCT-017-CRM-20260309,2026-03-09,ACCT-017,CRM,Production,SUCCESS,200,1308,1308,0,1186,0,
SYNC-ACCT-017-CRM-20260312,2026-03-12,ACCT-017,CRM,Production,SUCCESS,200,796,794,2,3263,0,
SYNC-ACCT-017-CRM-20260315,2026-03-15,ACCT-017,CRM,Production,SUCCESS,200,1624,1618,6,1889,0,
SYNC-ACCT-017-CRM-20260318,2026-03-18,ACCT-017,CRM,Production,SUCCESS,200,1654,1652,2,2691,0,
SYNC-ACCT-017-CRM-20260321,2026-03-21,ACCT-017,CRM,Production,SUCCESS,200,1523,1519,4,3193,0,
SYNC-ACCT-017-CRM-20260324,2026-03-24,ACCT-017,CRM,Production,SUCCESS,200,1076,1069,7,1090,0,
SYNC-ACCT-017-CRM-20260327,2026-03-27,ACCT-017,CRM,Production,SUCCESS,200,1637,1635,2,2501,0,
SYNC-ACCT-017-CRM-20260330,2026-03-30,ACCT-017,CRM,Production,SUCCESS,200,1285,1278,7,2281,0,
SYNC-ACCT-017-CRM-20260402,2026-04-02,ACCT-017,CRM,Production,SUCCESS,200,872,866,6,1183,0,
SYNC-ACCT-017-CRM-20260405,2026-04-05,ACCT-017,CRM,Production,SUCCESS,200,974,973,1,2948,0,
SYNC-ACCT-017-CRM-20260408,2026-04-08,ACCT-017,CRM,Production,SUCCESS,200,988,987,1,595,0,
SYNC-ACCT-017-CRM-20260411,2026-04-11,ACCT-017,CRM,Production,SUCCESS,200,803,802,1,2299,0,
SYNC-ACCT-017-CRM-20260414,2026-04-14,ACCT-017,CRM,Production,SUCCESS,200,1023,1020,3,2204,0,
SYNC-ACCT-017-CRM-20260417,2026-04-17,ACCT-017,CRM,Production,SUCCESS,200,1472,1461,11,1848,0,
SYNC-ACCT-017-CRM-20260420,2026-04-20,ACCT-017,CRM,Production,SUCCESS,200,1412,1412,0,1064,0,
SYNC-ACCT-017-CRM-20260423,2026-04-23,ACCT-017,CRM,Production,SUCCESS,200,1215,1208,7,1960,0,
SYNC-ACCT-017-CRM-20260426,2026-04-26,ACCT-017,CRM,Production,SUCCESS,200,1632,1631,1,3145,0,
SYNC-ACCT-017-CRM-20260429,2026-04-29,ACCT-017,CRM,Production,SUCCESS,200,1370,1367,3,1458,0,
SYNC-ACCT-017-CRM-20260502,2026-05-02,ACCT-017,CRM,Production,SUCCESS,200,753,749,4,2655,0,
SYNC-ACCT-017-CRM-20260505,2026-05-05,ACCT-017,CRM,Production,SUCCESS,200,726,721,5,2139,0,
SYNC-ACCT-017-CRM-20260508,2026-05-08,ACCT-017,CRM,Production,SUCCESS,200,746,740,6,1055,0,
SYNC-ACCT-017-CRM-20260511,2026-05-11,ACCT-017,CRM,Production,SUCCESS,200,1098,1097,1,2907,0,
SYNC-ACCT-017-CRM-20260514,2026-05-14,ACCT-017,CRM,Production,SUCCESS,200,923,922,1,1095,0,
SYNC-ACCT-017-CRM-20260517,2026-05-17,ACCT-017,CRM,Production,SUCCESS,200,1395,1390,5,2039,0,
SYNC-ACCT-017-CRM-20260520,2026-05-20,ACCT-017,CRM,Production,SUCCESS,200,1245,1241,4,2258,0,
SYNC-ACCT-017-CRM-20260523,2026-05-23,ACCT-017,CRM,Production,SUCCESS,200,1344,1342,2,3162,0,
SYNC-ACCT-017-CRM-20260526,2026-05-26,ACCT-017,CRM,Production,SUCCESS,200,1544,1541,3,2585,0,
SYNC-ACCT-017-CRM-20260529,2026-05-29,ACCT-017,CRM,Production,SUCCESS,200,1295,1291,4,2529,0,
SYNC-ACCT-017-CRM-20260601,2026-06-01,ACCT-017,CRM,Production,SUCCESS,200,1467,1460,7,1791,0,
SYNC-ACCT-017-CRM-20260604,2026-06-04,ACCT-017,CRM,Production,SUCCESS,200,755,754,1,992,0,
SYNC-ACCT-017-CRM-20260607,2026-06-07,ACCT-017,CRM,Production,SUCCESS,200,1398,1398,0,966,0,
SYNC-ACCT-017-CRM-20260610,2026-06-10,ACCT-017,CRM,Production,SUCCESS,200,841,835,6,2967,0,
SYNC-ACCT-017-CRM-20260613,2026-06-13,ACCT-017,CRM,Production,SUCCESS,200,1231,1221,10,3329,0,
SYNC-ACCT-017-CRM-20260616,2026-06-16,ACCT-017,CRM,Production,SUCCESS,200,1230,1225,5,1220,0,
SYNC-ACCT-017-CRM-20260619,2026-06-19,ACCT-017,CRM,Production,SUCCESS,200,1129,1125,4,1921,0,
SYNC-ACCT-017-CRM-20260622,2026-06-22,ACCT-017,CRM,Production,SUCCESS,200,1258,1249,9,2469,0,
SYNC-ACCT-017-CRM-20260625,2026-06-25,ACCT-017,CRM,Production,SUCCESS,200,804,801,3,2718,0,
SYNC-ACCT-017-CRM-20260628,2026-06-28,ACCT-017,CRM,Production,SUCCESS,200,1197,1193,4,2717,0,
SYNC-ACCT-017-BILLING-20251103,2025-11-03,ACCT-017,BILLING,Production,SUCCESS,200,1679,1667,12,1338,0,
SYNC-ACCT-017-BILLING-20251106,2025-11-06,ACCT-017,BILLING,Production,SUCCESS,200,1191,1186,5,2665,0,
SYNC-ACCT-017-BILLING-20251109,2025-11-09,ACCT-017,BILLING,Production,SUCCESS,200,1083,1081,2,992,0,
SYNC-ACCT-017-BILLING-20251112,2025-11-12,ACCT-017,BILLING,Production,SUCCESS,200,1187,1185,2,1962,0,
SYNC-ACCT-017-BILLING-20251115,2025-11-15,ACCT-017,BILLING,Production,SUCCESS,200,1355,1351,4,1300,0,
SYNC-ACCT-017-BILLING-20251118,2025-11-18,ACCT-017,BILLING,Production,SUCCESS,200,819,812,7,921,0,
SYNC-ACCT-017-BILLING-20251121,2025-11-21,ACCT-017,BILLING,Production,FAILED,503,1639,0,1639,2649,2,UPSTREAM_UNAVAILABLE
SYNC-ACCT-017-BILLING-20251124,2025-11-24,ACCT-017,BILLING,Production,SUCCESS,200,990,988,2,3046,0,
SYNC-ACCT-017-BILLING-20251127,2025-11-27,ACCT-017,BILLING,Production,SUCCESS,200,1506,1494,12,922,0,
SYNC-ACCT-017-BILLING-20251130,2025-11-30,ACCT-017,BILLING,Production,SUCCESS,200,1357,1348,9,621,0,
SYNC-ACCT-017-BILLING-20251203,2025-12-03,ACCT-017,BILLING,Production,SUCCESS,200,1401,1395,6,1929,0,
SYNC-ACCT-017-BILLING-20251206,2025-12-06,ACCT-017,BILLING,Production,SUCCESS,200,1627,1627,0,2810,0,
SYNC-ACCT-017-BILLING-20251209,2025-12-09,ACCT-017,BILLING,Production,SUCCESS,200,888,886,2,1574,0,
SYNC-ACCT-017-BILLING-20251212,2025-12-12,ACCT-017,BILLING,Production,SUCCESS,200,1141,1134,7,2697,0,
SYNC-ACCT-017-BILLING-20251215,2025-12-15,ACCT-017,BILLING,Production,SUCCESS,200,767,765,2,1655,0,
SYNC-ACCT-017-BILLING-20251218,2025-12-18,ACCT-017,BILLING,Production,SUCCESS,200,1110,1107,3,884,0,
SYNC-ACCT-017-BILLING-20251221,2025-12-21,ACCT-017,BILLING,Production,SUCCESS,200,1220,1213,7,2705,0,
SYNC-ACCT-017-BILLING-20251224,2025-12-24,ACCT-017,BILLING,Production,SUCCESS,200,1447,1445,2,3196,0,
SYNC-ACCT-017-BILLING-20251227,2025-12-27,ACCT-017,BILLING,Production,SUCCESS,200,1264,1256,8,2998,0,
SYNC-ACCT-017-BILLING-20251230,2025-12-30,ACCT-017,BILLING,Production,SUCCESS,200,992,986,6,1592,0,
SYNC-ACCT-017-BILLING-20260102,2026-01-02,ACCT-017,BILLING,Production,SUCCESS,200,980,972,8,3122,0,
SYNC-ACCT-017-BILLING-20260105,2026-01-05,ACCT-017,BILLING,Production,SUCCESS,200,898,896,2,1390,0,
SYNC-ACCT-017-BILLING-20260108,2026-01-08,ACCT-017,BILLING,Production,SUCCESS,200,1494,1494,0,2769,0,
SYNC-ACCT-017-BILLING-20260111,2026-01-11,ACCT-017,BILLING,Production,SUCCESS,200,1638,1626,12,1797,0,
SYNC-ACCT-017-BILLING-20260114,2026-01-14,ACCT-017,BILLING,Production,SUCCESS,200,734,732,2,1332,0,
SYNC-ACCT-017-BILLING-20260117,2026-01-17,ACCT-017,BILLING,Production,SUCCESS,200,1443,1435,8,1171,0,
SYNC-ACCT-017-BILLING-20260120,2026-01-20,ACCT-017,BILLING,Production,SUCCESS,200,1510,1507,3,3307,0,
SYNC-ACCT-017-BILLING-20260123,2026-01-23,ACCT-017,BILLING,Production,SUCCESS,200,982,976,6,2157,0,
SYNC-ACCT-017-BILLING-20260126,2026-01-26,ACCT-017,BILLING,Production,SUCCESS,200,1213,1213,0,3323,0,
SYNC-ACCT-017-BILLING-20260129,2026-01-29,ACCT-017,BILLING,Production,SUCCESS,200,1024,1016,8,1359,0,
SYNC-ACCT-017-BILLING-20260201,2026-02-01,ACCT-017,BILLING,Production,SUCCESS,200,985,977,8,2789,0,
SYNC-ACCT-017-BILLING-20260204,2026-02-04,ACCT-017,BILLING,Production,SUCCESS,200,1436,1435,1,2908,0,
SYNC-ACCT-017-BILLING-20260207,2026-02-07,ACCT-017,BILLING,Production,SUCCESS,200,990,985,5,1408,0,
SYNC-ACCT-017-BILLING-20260210,2026-02-10,ACCT-017,BILLING,Production,SUCCESS,200,866,865,1,3206,0,
SYNC-ACCT-017-BILLING-20260213,2026-02-13,ACCT-017,BILLING,Production,SUCCESS,200,1462,1452,10,2030,0,
SYNC-ACCT-017-BILLING-20260216,2026-02-16,ACCT-017,BILLING,Production,SUCCESS,200,1464,1453,11,1295,0,
SYNC-ACCT-017-BILLING-20260219,2026-02-19,ACCT-017,BILLING,Production,SUCCESS,200,1335,1330,5,1866,0,
SYNC-ACCT-017-BILLING-20260222,2026-02-22,ACCT-017,BILLING,Production,SUCCESS,200,830,825,5,1237,0,
SYNC-ACCT-017-BILLING-20260225,2026-02-25,ACCT-017,BILLING,Production,SUCCESS,200,928,922,6,1893,0,
SYNC-ACCT-017-BILLING-20260228,2026-02-28,ACCT-017,BILLING,Production,SUCCESS,200,1474,1466,8,1310,0,
SYNC-ACCT-017-BILLING-20260303,2026-03-03,ACCT-017,BILLING,Production,SUCCESS,200,1254,1253,1,1635,0,
SYNC-ACCT-017-BILLING-20260306,2026-03-06,ACCT-017,BILLING,Production,SUCCESS,200,967,961,6,1690,0,
SYNC-ACCT-017-BILLING-20260309,2026-03-09,ACCT-017,BILLING,Production,SUCCESS,200,1272,1269,3,2870,0,
SYNC-ACCT-017-BILLING-20260312,2026-03-12,ACCT-017,BILLING,Production,SUCCESS,200,1148,1146,2,1482,0,
SYNC-ACCT-017-BILLING-20260315,2026-03-15,ACCT-017,BILLING,Production,SUCCESS,200,1345,1343,2,744,0,
SYNC-ACCT-017-BILLING-20260318,2026-03-18,ACCT-017,BILLING,Production,SUCCESS,200,1277,1274,3,869,0,
SYNC-ACCT-017-BILLING-20260321,2026-03-21,ACCT-017,BILLING,Production,SUCCESS,200,818,813,5,1005,0,
SYNC-ACCT-017-BILLING-20260324,2026-03-24,ACCT-017,BILLING,Production,SUCCESS,200,860,860,0,797,0,
SYNC-ACCT-017-BILLING-20260327,2026-03-27,ACCT-017,BILLING,Production,SUCCESS,200,1168,1164,4,2728,0,
SYNC-ACCT-017-BILLING-20260330,2026-03-30,ACCT-017,BILLING,Production,SUCCESS,200,1657,1652,5,3031,0,
SYNC-ACCT-017-BILLING-20260402,2026-04-02,ACCT-017,BILLING,Production,SUCCESS,200,739,735,4,950,0,
SYNC-ACCT-017-BILLING-20260405,2026-04-05,ACCT-017,BILLING,Production,SUCCESS,200,1676,1668,8,2708,0,
SYNC-ACCT-017-BILLING-20260408,2026-04-08,ACCT-017,BILLING,Production,FAILED,503,845,0,845,2725,2,UPSTREAM_UNAVAILABLE
SYNC-ACCT-017-BILLING-20260411,2026-04-11,ACCT-017,BILLING,Production,SUCCESS,200,834,830,4,2588,0,
SYNC-ACCT-017-BILLING-20260414,2026-04-14,ACCT-017,BILLING,Production,SUCCESS,200,1317,1308,9,2135,0,
SYNC-ACCT-017-BILLING-20260417,2026-04-17,ACCT-017,BILLING,Production,SUCCESS,200,831,829,2,2810,0,
SYNC-ACCT-017-BILLING-20260420,2026-04-20,ACCT-017,BILLING,Production,SUCCESS,200,870,864,6,607,0,
SYNC-ACCT-017-BILLING-20260423,2026-04-23,ACCT-017,BILLING,Production,SUCCESS,200,793,792,1,808,0,
SYNC-ACCT-017-BILLING-20260426,2026-04-26,ACCT-017,BILLING,Production,SUCCESS,200,844,841,3,2236,0,
SYNC-ACCT-017-BILLING-20260429,2026-04-29,ACCT-017,BILLING,Production,SUCCESS,200,1290,1289,1,2241,0,
SYNC-ACCT-017-BILLING-20260502,2026-05-02,ACCT-017,BILLING,Production,SUCCESS,200,1415,1406,9,761,0,
SYNC-ACCT-017-BILLING-20260505,2026-05-05,ACCT-017,BILLING,Production,SUCCESS,200,1048,1045,3,3378,0,
SYNC-ACCT-017-BILLING-20260508,2026-05-08,ACCT-017,BILLING,Production,SUCCESS,200,1049,1042,7,1178,0,
SYNC-ACCT-017-BILLING-20260511,2026-05-11,ACCT-017,BILLING,Production,SUCCESS,200,1198,1195,3,1647,0,
SYNC-ACCT-017-BILLING-20260514,2026-05-14,ACCT-017,BILLING,Production,SUCCESS,200,1478,1471,7,1213,0,
SYNC-ACCT-017-BILLING-20260517,2026-05-17,ACCT-017,BILLING,Production,SUCCESS,200,939,932,7,1724,0,
SYNC-ACCT-017-BILLING-20260520,2026-05-20,ACCT-017,BILLING,Production,SUCCESS,200,1022,1021,1,3348,0,
SYNC-ACCT-017-BILLING-20260523,2026-05-23,ACCT-017,BILLING,Production,SUCCESS,200,1458,1450,8,3053,0,
SYNC-ACCT-017-BILLING-20260526,2026-05-26,ACCT-017,BILLING,Production,SUCCESS,200,1435,1424,11,1588,0,
SYNC-ACCT-017-BILLING-20260529,2026-05-29,ACCT-017,BILLING,Production,SUCCESS,200,723,718,5,1013,0,
SYNC-ACCT-017-BILLING-20260601,2026-06-01,ACCT-017,BILLING,Production,SUCCESS,200,1468,1461,7,3343,0,
SYNC-ACCT-017-BILLING-20260604,2026-06-04,ACCT-017,BILLING,Production,SUCCESS,200,1075,1074,1,1834,0,
SYNC-ACCT-017-BILLING-20260607,2026-06-07,ACCT-017,BILLING,Production,SUCCESS,200,981,978,3,882,0,
SYNC-ACCT-017-BILLING-20260610,2026-06-10,ACCT-017,BILLING,Production,SUCCESS,200,743,740,3,2181,0,
SYNC-ACCT-017-BILLING-20260613,2026-06-13,ACCT-017,BILLING,Production,SUCCESS,200,845,844,1,2965,0,
SYNC-ACCT-017-BILLING-20260616,2026-06-16,ACCT-017,BILLING,Production,SUCCESS,200,815,808,7,2051,0,
SYNC-ACCT-017-BILLING-20260619,2026-06-19,ACCT-017,BILLING,Production,SUCCESS,200,893,890,3,664,0,
SYNC-ACCT-017-BILLING-20260622,2026-06-22,ACCT-017,BILLING,Production,SUCCESS,200,776,771,5,1868,0,
SYNC-ACCT-017-BILLING-20260625,2026-06-25,ACCT-017,BILLING,Production,SUCCESS,200,1534,1524,10,1994,0,
SYNC-ACCT-017-BILLING-20260628,2026-06-28,ACCT-017,BILLING,Production,SUCCESS,200,1206,1205,1,1565,0,
SYNC-ACCT-018-CRM-20251106,2025-11-06,ACCT-018,CRM,Production,SUCCESS,200,1496,1486,10,1837,0,
SYNC-ACCT-018-CRM-20251109,2025-11-09,ACCT-018,CRM,Production,SUCCESS,200,1083,1078,5,1890,0,
SYNC-ACCT-018-CRM-20251112,2025-11-12,ACCT-018,CRM,Production,SUCCESS,200,774,768,6,1033,0,
SYNC-ACCT-018-CRM-20251115,2025-11-15,ACCT-018,CRM,Production,SUCCESS,200,1407,1407,0,1668,0,
SYNC-ACCT-018-CRM-20251118,2025-11-18,ACCT-018,CRM,Production,SUCCESS,200,877,876,1,1096,0,
SYNC-ACCT-018-CRM-20251121,2025-11-21,ACCT-018,CRM,Production,SUCCESS,200,910,904,6,2941,0,
SYNC-ACCT-018-CRM-20251124,2025-11-24,ACCT-018,CRM,Production,SUCCESS,200,1012,1012,0,1426,0,
SYNC-ACCT-018-CRM-20251127,2025-11-27,ACCT-018,CRM,Production,SUCCESS,200,885,878,7,1215,0,
SYNC-ACCT-018-CRM-20251130,2025-11-30,ACCT-018,CRM,Production,SUCCESS,200,1150,1142,8,3344,0,
SYNC-ACCT-018-CRM-20251203,2025-12-03,ACCT-018,CRM,Production,SUCCESS,200,824,824,0,529,0,
SYNC-ACCT-018-CRM-20251206,2025-12-06,ACCT-018,CRM,Production,SUCCESS,200,1571,1568,3,3012,0,
SYNC-ACCT-018-CRM-20251209,2025-12-09,ACCT-018,CRM,Production,SUCCESS,200,1155,1152,3,2342,0,
SYNC-ACCT-018-CRM-20251212,2025-12-12,ACCT-018,CRM,Production,SUCCESS,200,1400,1399,1,956,0,
SYNC-ACCT-018-CRM-20251215,2025-12-15,ACCT-018,CRM,Production,SUCCESS,200,1632,1629,3,3240,0,
SYNC-ACCT-018-CRM-20251218,2025-12-18,ACCT-018,CRM,Production,SUCCESS,200,1125,1121,4,1037,0,
SYNC-ACCT-018-CRM-20251221,2025-12-21,ACCT-018,CRM,Production,SUCCESS,200,1316,1308,8,1795,0,
SYNC-ACCT-018-CRM-20251224,2025-12-24,ACCT-018,CRM,Production,SUCCESS,200,1091,1087,4,2820,0,
SYNC-ACCT-018-CRM-20251227,2025-12-27,ACCT-018,CRM,Production,SUCCESS,200,945,937,8,2766,0,
SYNC-ACCT-018-CRM-20251230,2025-12-30,ACCT-018,CRM,Production,SUCCESS,200,1433,1423,10,3083,0,
SYNC-ACCT-018-CRM-20260102,2026-01-02,ACCT-018,CRM,Production,FAILED,503,1485,0,1485,2139,2,UPSTREAM_UNAVAILABLE
SYNC-ACCT-018-CRM-20260105,2026-01-05,ACCT-018,CRM,Production,SUCCESS,200,1101,1093,8,1642,0,
SYNC-ACCT-018-CRM-20260108,2026-01-08,ACCT-018,CRM,Production,SUCCESS,200,875,868,7,3244,0,
SYNC-ACCT-018-CRM-20260111,2026-01-11,ACCT-018,CRM,Production,SUCCESS,200,1349,1341,8,2397,0,
SYNC-ACCT-018-CRM-20260114,2026-01-14,ACCT-018,CRM,Production,FAILED,503,1353,0,1353,1156,2,UPSTREAM_UNAVAILABLE
SYNC-ACCT-018-CRM-20260117,2026-01-17,ACCT-018,CRM,Production,SUCCESS,200,1447,1444,3,2334,0,
SYNC-ACCT-018-CRM-20260120,2026-01-20,ACCT-018,CRM,Production,SUCCESS,200,777,771,6,2951,0,
SYNC-ACCT-018-CRM-20260123,2026-01-23,ACCT-018,CRM,Production,SUCCESS,200,1194,1188,6,1256,0,
SYNC-ACCT-018-CRM-20260126,2026-01-26,ACCT-018,CRM,Production,SUCCESS,200,1086,1085,1,703,0,
SYNC-ACCT-018-CRM-20260129,2026-01-29,ACCT-018,CRM,Production,SUCCESS,200,1419,1408,11,1551,0,
SYNC-ACCT-018-CRM-20260201,2026-02-01,ACCT-018,CRM,Production,SUCCESS,200,1190,1186,4,2340,0,
SYNC-ACCT-018-CRM-20260204,2026-02-04,ACCT-018,CRM,Production,SUCCESS,200,873,871,2,1726,0,
SYNC-ACCT-018-CRM-20260207,2026-02-07,ACCT-018,CRM,Production,SUCCESS,200,730,728,2,2594,0,
SYNC-ACCT-018-CRM-20260210,2026-02-10,ACCT-018,CRM,Production,SUCCESS,200,1646,1638,8,3236,0,
SYNC-ACCT-018-CRM-20260213,2026-02-13,ACCT-018,CRM,Production,SUCCESS,200,831,830,1,1402,0,
SYNC-ACCT-018-CRM-20260216,2026-02-16,ACCT-018,CRM,Production,SUCCESS,200,1088,1082,6,842,0,
SYNC-ACCT-018-CRM-20260219,2026-02-19,ACCT-018,CRM,Production,SUCCESS,200,1673,1672,1,611,0,
SYNC-ACCT-018-CRM-20260222,2026-02-22,ACCT-018,CRM,Production,SUCCESS,200,1426,1417,9,1573,0,
SYNC-ACCT-018-CRM-20260225,2026-02-25,ACCT-018,CRM,Production,SUCCESS,200,788,787,1,2112,0,
SYNC-ACCT-018-CRM-20260228,2026-02-28,ACCT-018,CRM,Production,SUCCESS,200,829,825,4,2863,0,
SYNC-ACCT-018-CRM-20260303,2026-03-03,ACCT-018,CRM,Production,SUCCESS,200,1132,1131,1,3106,0,
SYNC-ACCT-018-CRM-20260306,2026-03-06,ACCT-018,CRM,Production,SUCCESS,200,1242,1241,1,2923,0,
SYNC-ACCT-018-CRM-20260309,2026-03-09,ACCT-018,CRM,Production,SUCCESS,200,1220,1214,6,3307,0,
SYNC-ACCT-018-CRM-20260312,2026-03-12,ACCT-018,CRM,Production,SUCCESS,200,823,823,0,1929,0,
SYNC-ACCT-018-CRM-20260315,2026-03-15,ACCT-018,CRM,Production,SUCCESS,200,1418,1418,0,2705,0,
SYNC-ACCT-018-CRM-20260318,2026-03-18,ACCT-018,CRM,Production,SUCCESS,200,1679,1675,4,1482,0,
SYNC-ACCT-018-CRM-20260321,2026-03-21,ACCT-018,CRM,Production,SUCCESS,200,1269,1268,1,2454,0,
SYNC-ACCT-018-CRM-20260324,2026-03-24,ACCT-018,CRM,Production,SUCCESS,200,990,983,7,3156,0,
SYNC-ACCT-018-CRM-20260327,2026-03-27,ACCT-018,CRM,Production,SUCCESS,200,985,978,7,3083,0,
SYNC-ACCT-018-CRM-20260330,2026-03-30,ACCT-018,CRM,Production,SUCCESS,200,1434,1431,3,1514,0,
SYNC-ACCT-018-CRM-20260402,2026-04-02,ACCT-018,CRM,Production,SUCCESS,200,1207,1200,7,806,0,
SYNC-ACCT-018-CRM-20260405,2026-04-05,ACCT-018,CRM,Production,FAILED,503,1518,0,1518,1080,2,UPSTREAM_UNAVAILABLE
SYNC-ACCT-018-CRM-20260408,2026-04-08,ACCT-018,CRM,Production,SUCCESS,200,738,734,4,3268,0,
SYNC-ACCT-018-CRM-20260411,2026-04-11,ACCT-018,CRM,Production,SUCCESS,200,765,761,4,1594,0,
SYNC-ACCT-018-CRM-20260414,2026-04-14,ACCT-018,CRM,Production,SUCCESS,200,1363,1355,8,2107,0,
SYNC-ACCT-018-CRM-20260417,2026-04-17,ACCT-018,CRM,Production,SUCCESS,200,1560,1554,6,2843,0,
SYNC-ACCT-018-CRM-20260420,2026-04-20,ACCT-018,CRM,Production,SUCCESS,200,1668,1656,12,1118,0,
SYNC-ACCT-018-CRM-20260423,2026-04-23,ACCT-018,CRM,Production,SUCCESS,200,1335,1324,11,760,0,
SYNC-ACCT-018-CRM-20260426,2026-04-26,ACCT-018,CRM,Production,SUCCESS,200,1049,1042,7,3068,0,
SYNC-ACCT-018-CRM-20260429,2026-04-29,ACCT-018,CRM,Production,SUCCESS,200,981,978,3,2792,0,
SYNC-ACCT-018-CRM-20260502,2026-05-02,ACCT-018,CRM,Production,SUCCESS,200,920,919,1,2295,0,
SYNC-ACCT-018-CRM-20260505,2026-05-05,ACCT-018,CRM,Production,SUCCESS,200,1603,1601,2,2827,0,
SYNC-ACCT-018-CRM-20260508,2026-05-08,ACCT-018,CRM,Production,SUCCESS,200,1498,1498,0,2132,0,
SYNC-ACCT-018-CRM-20260511,2026-05-11,ACCT-018,CRM,Production,FAILED,503,1344,0,1344,3034,2,UPSTREAM_UNAVAILABLE
SYNC-ACCT-018-CRM-20260514,2026-05-14,ACCT-018,CRM,Production,SUCCESS,200,1531,1528,3,3143,0,
SYNC-ACCT-018-CRM-20260517,2026-05-17,ACCT-018,CRM,Production,SUCCESS,200,1124,1123,1,2660,0,
SYNC-ACCT-018-CRM-20260520,2026-05-20,ACCT-018,CRM,Production,SUCCESS,200,1531,1522,9,2715,0,
SYNC-ACCT-018-CRM-20260523,2026-05-23,ACCT-018,CRM,Production,SUCCESS,200,1000,999,1,1560,0,
SYNC-ACCT-018-CRM-20260526,2026-05-26,ACCT-018,CRM,Production,SUCCESS,200,812,812,0,744,0,
SYNC-ACCT-018-CRM-20260529,2026-05-29,ACCT-018,CRM,Production,SUCCESS,200,1653,1649,4,3171,0,
SYNC-ACCT-018-CRM-20260601,2026-06-01,ACCT-018,CRM,Production,SUCCESS,200,1536,1535,1,2415,0,
SYNC-ACCT-018-CRM-20260604,2026-06-04,ACCT-018,CRM,Production,SUCCESS,200,958,954,4,1374,0,
SYNC-ACCT-018-CRM-20260607,2026-06-07,ACCT-018,CRM,Production,SUCCESS,200,892,886,6,3382,0,
SYNC-ACCT-018-CRM-20260610,2026-06-10,ACCT-018,CRM,Production,SUCCESS,200,1295,1291,4,832,0,
SYNC-ACCT-018-CRM-20260613,2026-06-13,ACCT-018,CRM,Production,SUCCESS,200,1183,1177,6,1737,0,
SYNC-ACCT-018-CRM-20260616,2026-06-16,ACCT-018,CRM,Production,SUCCESS,200,1065,1063,2,2091,0,
SYNC-ACCT-018-CRM-20260619,2026-06-19,ACCT-018,CRM,Production,SUCCESS,200,1589,1582,7,2442,0,
SYNC-ACCT-018-CRM-20260622,2026-06-22,ACCT-018,CRM,Production,SUCCESS,200,789,788,1,1036,0,
SYNC-ACCT-018-CRM-20260625,2026-06-25,ACCT-018,CRM,Production,SUCCESS,200,956,955,1,1460,0,
SYNC-ACCT-018-CRM-20260628,2026-06-28,ACCT-018,CRM,Production,SUCCESS,200,731,729,2,1334,0,
SYNC-ACCT-018-BILLING-20251106,2025-11-06,ACCT-018,BILLING,Production,SUCCESS,200,1159,1153,6,3233,0,
SYNC-ACCT-018-BILLING-20251109,2025-11-09,ACCT-018,BILLING,Production,SUCCESS,200,1066,1061,5,1587,0,
SYNC-ACCT-018-BILLING-20251112,2025-11-12,ACCT-018,BILLING,Production,SUCCESS,200,1224,1222,2,2897,0,
SYNC-ACCT-018-BILLING-20251115,2025-11-15,ACCT-018,BILLING,Production,SUCCESS,200,1173,1172,1,2526,0,
SYNC-ACCT-018-BILLING-20251118,2025-11-18,ACCT-018,BILLING,Production,SUCCESS,200,1673,1666,7,1017,0,
SYNC-ACCT-018-BILLING-20251121,2025-11-21,ACCT-018,BILLING,Production,SUCCESS,200,1609,1600,9,1207,0,
SYNC-ACCT-018-BILLING-20251124,2025-11-24,ACCT-018,BILLING,Production,SUCCESS,200,900,896,4,1695,0,
SYNC-ACCT-018-BILLING-20251127,2025-11-27,ACCT-018,BILLING,Production,SUCCESS,200,1459,1448,11,600,0,
SYNC-ACCT-018-BILLING-20251130,2025-11-30,ACCT-018,BILLING,Production,SUCCESS,200,1061,1059,2,3187,0,
SYNC-ACCT-018-BILLING-20251203,2025-12-03,ACCT-018,BILLING,Production,SUCCESS,200,1033,1032,1,2802,0,
SYNC-ACCT-018-BILLING-20251206,2025-12-06,ACCT-018,BILLING,Production,SUCCESS,200,1673,1673,0,965,0,
SYNC-ACCT-018-BILLING-20251209,2025-12-09,ACCT-018,BILLING,Production,SUCCESS,200,953,953,0,2138,0,
SYNC-ACCT-018-BILLING-20251212,2025-12-12,ACCT-018,BILLING,Production,SUCCESS,200,1626,1622,4,2622,0,
SYNC-ACCT-018-BILLING-20251215,2025-12-15,ACCT-018,BILLING,Production,SUCCESS,200,1105,1103,2,2145,0,
SYNC-ACCT-018-BILLING-20251218,2025-12-18,ACCT-018,BILLING,Production,SUCCESS,200,750,746,4,1589,0,
SYNC-ACCT-018-BILLING-20251221,2025-12-21,ACCT-018,BILLING,Production,SUCCESS,200,1124,1116,8,2642,0,
SYNC-ACCT-018-BILLING-20251224,2025-12-24,ACCT-018,BILLING,Production,SUCCESS,200,839,832,7,2301,0,
SYNC-ACCT-018-BILLING-20251227,2025-12-27,ACCT-018,BILLING,Production,SUCCESS,200,728,723,5,3260,0,
SYNC-ACCT-018-BILLING-20251230,2025-12-30,ACCT-018,BILLING,Production,SUCCESS,200,1598,1589,9,1668,0,
SYNC-ACCT-018-BILLING-20260102,2026-01-02,ACCT-018,BILLING,Production,SUCCESS,200,1085,1083,2,1957,0,
SYNC-ACCT-018-BILLING-20260105,2026-01-05,ACCT-018,BILLING,Production,SUCCESS,200,1495,1490,5,1392,0,
SYNC-ACCT-018-BILLING-20260108,2026-01-08,ACCT-018,BILLING,Production,SUCCESS,200,1519,1510,9,2213,0,
SYNC-ACCT-018-BILLING-20260111,2026-01-11,ACCT-018,BILLING,Production,SUCCESS,200,826,825,1,617,0,
SYNC-ACCT-018-BILLING-20260114,2026-01-14,ACCT-018,BILLING,Production,SUCCESS,200,745,741,4,2332,0,
SYNC-ACCT-018-BILLING-20260117,2026-01-17,ACCT-018,BILLING,Production,SUCCESS,200,786,780,6,2762,0,
SYNC-ACCT-018-BILLING-20260120,2026-01-20,ACCT-018,BILLING,Production,SUCCESS,200,1072,1068,4,1040,0,
SYNC-ACCT-018-BILLING-20260123,2026-01-23,ACCT-018,BILLING,Production,SUCCESS,200,1481,1480,1,1371,0,
SYNC-ACCT-018-BILLING-20260126,2026-01-26,ACCT-018,BILLING,Production,FAILED,503,1359,0,1359,2960,2,UPSTREAM_UNAVAILABLE
SYNC-ACCT-018-BILLING-20260129,2026-01-29,ACCT-018,BILLING,Production,SUCCESS,200,1478,1473,5,1587,0,
SYNC-ACCT-018-BILLING-20260201,2026-02-01,ACCT-018,BILLING,Production,SUCCESS,200,1576,1567,9,1333,0,
SYNC-ACCT-018-BILLING-20260204,2026-02-04,ACCT-018,BILLING,Production,SUCCESS,200,902,900,2,2817,0,
SYNC-ACCT-018-BILLING-20260207,2026-02-07,ACCT-018,BILLING,Production,SUCCESS,200,1308,1307,1,3040,0,
SYNC-ACCT-018-BILLING-20260210,2026-02-10,ACCT-018,BILLING,Production,SUCCESS,200,1064,1061,3,732,0,
SYNC-ACCT-018-BILLING-20260213,2026-02-13,ACCT-018,BILLING,Production,SUCCESS,200,1006,1000,6,1458,0,
SYNC-ACCT-018-BILLING-20260216,2026-02-16,ACCT-018,BILLING,Production,SUCCESS,200,927,925,2,1672,0,
SYNC-ACCT-018-BILLING-20260219,2026-02-19,ACCT-018,BILLING,Production,SUCCESS,200,1666,1659,7,2858,0,
SYNC-ACCT-018-BILLING-20260222,2026-02-22,ACCT-018,BILLING,Production,SUCCESS,200,1587,1582,5,1400,0,
SYNC-ACCT-018-BILLING-20260225,2026-02-25,ACCT-018,BILLING,Production,SUCCESS,200,730,729,1,2752,0,
SYNC-ACCT-018-BILLING-20260228,2026-02-28,ACCT-018,BILLING,Production,SUCCESS,200,1268,1259,9,2871,0,
SYNC-ACCT-018-BILLING-20260303,2026-03-03,ACCT-018,BILLING,Production,SUCCESS,200,1348,1341,7,2449,0,
SYNC-ACCT-018-BILLING-20260306,2026-03-06,ACCT-018,BILLING,Production,SUCCESS,200,1292,1288,4,3235,0,
SYNC-ACCT-018-BILLING-20260309,2026-03-09,ACCT-018,BILLING,Production,SUCCESS,200,1653,1642,11,2740,0,
SYNC-ACCT-018-BILLING-20260312,2026-03-12,ACCT-018,BILLING,Production,SUCCESS,200,1202,1196,6,1621,0,
SYNC-ACCT-018-BILLING-20260315,2026-03-15,ACCT-018,BILLING,Production,SUCCESS,200,1340,1338,2,1233,0,
SYNC-ACCT-018-BILLING-20260318,2026-03-18,ACCT-018,BILLING,Production,SUCCESS,200,1044,1037,7,737,0,
SYNC-ACCT-018-BILLING-20260321,2026-03-21,ACCT-018,BILLING,Production,SUCCESS,200,1230,1229,1,2872,0,
SYNC-ACCT-018-BILLING-20260324,2026-03-24,ACCT-018,BILLING,Production,SUCCESS,200,807,807,0,802,0,
SYNC-ACCT-018-BILLING-20260327,2026-03-27,ACCT-018,BILLING,Production,SUCCESS,200,1493,1482,11,2877,0,
SYNC-ACCT-018-BILLING-20260330,2026-03-30,ACCT-018,BILLING,Production,SUCCESS,200,808,803,5,2928,0,
SYNC-ACCT-018-BILLING-20260402,2026-04-02,ACCT-018,BILLING,Production,SUCCESS,200,1233,1231,2,881,0,
SYNC-ACCT-018-BILLING-20260405,2026-04-05,ACCT-018,BILLING,Production,SUCCESS,200,1275,1265,10,3176,0,
SYNC-ACCT-018-BILLING-20260408,2026-04-08,ACCT-018,BILLING,Production,SUCCESS,200,1086,1081,5,2096,0,
SYNC-ACCT-018-BILLING-20260411,2026-04-11,ACCT-018,BILLING,Production,SUCCESS,200,817,816,1,2855,0,
SYNC-ACCT-018-BILLING-20260414,2026-04-14,ACCT-018,BILLING,Production,SUCCESS,200,1508,1506,2,2852,0,
SYNC-ACCT-018-BILLING-20260417,2026-04-17,ACCT-018,BILLING,Production,SUCCESS,200,864,862,2,1211,0,
SYNC-ACCT-018-BILLING-20260420,2026-04-20,ACCT-018,BILLING,Production,SUCCESS,200,1323,1320,3,755,0,
SYNC-ACCT-018-BILLING-20260423,2026-04-23,ACCT-018,BILLING,Production,SUCCESS,200,1211,1210,1,1901,0,
SYNC-ACCT-018-BILLING-20260426,2026-04-26,ACCT-018,BILLING,Production,SUCCESS,200,1121,1119,2,1269,0,
SYNC-ACCT-018-BILLING-20260429,2026-04-29,ACCT-018,BILLING,Production,SUCCESS,200,1240,1232,8,2821,0,
SYNC-ACCT-018-BILLING-20260502,2026-05-02,ACCT-018,BILLING,Production,SUCCESS,200,948,948,0,1101,0,
SYNC-ACCT-018-BILLING-20260505,2026-05-05,ACCT-018,BILLING,Production,SUCCESS,200,1346,1344,2,2227,0,
SYNC-ACCT-018-BILLING-20260508,2026-05-08,ACCT-018,BILLING,Production,SUCCESS,200,1204,1203,1,2089,0,
SYNC-ACCT-018-BILLING-20260511,2026-05-11,ACCT-018,BILLING,Production,SUCCESS,200,928,927,1,856,0,
SYNC-ACCT-018-BILLING-20260514,2026-05-14,ACCT-018,BILLING,Production,SUCCESS,200,1206,1198,8,1167,0,
SYNC-ACCT-018-BILLING-20260517,2026-05-17,ACCT-018,BILLING,Production,SUCCESS,200,1679,1673,6,889,0,
SYNC-ACCT-018-BILLING-20260520,2026-05-20,ACCT-018,BILLING,Production,SUCCESS,200,904,897,7,2093,0,
SYNC-ACCT-018-BILLING-20260523,2026-05-23,ACCT-018,BILLING,Production,SUCCESS,200,1410,1406,4,2051,0,
SYNC-ACCT-018-BILLING-20260526,2026-05-26,ACCT-018,BILLING,Production,SUCCESS,200,957,955,2,2579,0,
SYNC-ACCT-018-BILLING-20260529,2026-05-29,ACCT-018,BILLING,Production,SUCCESS,200,878,878,0,799,0,
SYNC-ACCT-018-BILLING-20260601,2026-06-01,ACCT-018,BILLING,Production,SUCCESS,200,1495,1487,8,3063,0,
SYNC-ACCT-018-BILLING-20260604,2026-06-04,ACCT-018,BILLING,Production,SUCCESS,200,1547,1541,6,980,0,
SYNC-ACCT-018-BILLING-20260607,2026-06-07,ACCT-018,BILLING,Production,SUCCESS,200,876,871,5,1336,0,
SYNC-ACCT-018-BILLING-20260610,2026-06-10,ACCT-018,BILLING,Production,SUCCESS,200,1231,1229,2,3279,0,
SYNC-ACCT-018-BILLING-20260613,2026-06-13,ACCT-018,BILLING,Production,SUCCESS,200,1014,1011,3,1525,0,
SYNC-ACCT-018-BILLING-20260616,2026-06-16,ACCT-018,BILLING,Production,SUCCESS,200,1402,1396,6,1793,0,
SYNC-ACCT-018-BILLING-20260619,2026-06-19,ACCT-018,BILLING,Production,SUCCESS,200,1468,1461,7,1456,0,
SYNC-ACCT-018-BILLING-20260622,2026-06-22,ACCT-018,BILLING,Production,SUCCESS,200,759,756,3,1127,0,
SYNC-ACCT-018-BILLING-20260625,2026-06-25,ACCT-018,BILLING,Production,SUCCESS,200,1117,1108,9,907,0,
SYNC-ACCT-018-BILLING-20260628,2026-06-28,ACCT-018,BILLING,Production,SUCCESS,200,1546,1537,9,3115,0,
SYNC-ACCT-018-PRODUCT-20251106,2025-11-06,ACCT-018,PRODUCT,Production,SUCCESS,200,910,904,6,3316,0,
SYNC-ACCT-018-PRODUCT-20251109,2025-11-09,ACCT-018,PRODUCT,Production,SUCCESS,200,1027,1022,5,1855,0,
SYNC-ACCT-018-PRODUCT-20251112,2025-11-12,ACCT-018,PRODUCT,Production,SUCCESS,200,1577,1571,6,3202,0,
SYNC-ACCT-018-PRODUCT-20251115,2025-11-15,ACCT-018,PRODUCT,Production,SUCCESS,200,1598,1596,2,2501,0,
SYNC-ACCT-018-PRODUCT-20251118,2025-11-18,ACCT-018,PRODUCT,Production,SUCCESS,200,1071,1070,1,2534,0,
SYNC-ACCT-018-PRODUCT-20251121,2025-11-21,ACCT-018,PRODUCT,Production,SUCCESS,200,853,848,5,821,0,
SYNC-ACCT-018-PRODUCT-20251124,2025-11-24,ACCT-018,PRODUCT,Production,SUCCESS,200,1483,1474,9,2921,0,
SYNC-ACCT-018-PRODUCT-20251127,2025-11-27,ACCT-018,PRODUCT,Production,SUCCESS,200,965,961,4,631,0,
SYNC-ACCT-018-PRODUCT-20251130,2025-11-30,ACCT-018,PRODUCT,Production,SUCCESS,200,1348,1342,6,1170,0,
SYNC-ACCT-018-PRODUCT-20251203,2025-12-03,ACCT-018,PRODUCT,Production,SUCCESS,200,1270,1267,3,2585,0,
SYNC-ACCT-018-PRODUCT-20251206,2025-12-06,ACCT-018,PRODUCT,Production,SUCCESS,200,1566,1557,9,1920,0,
SYNC-ACCT-018-PRODUCT-20251209,2025-12-09,ACCT-018,PRODUCT,Production,SUCCESS,200,1188,1184,4,1154,0,
SYNC-ACCT-018-PRODUCT-20251212,2025-12-12,ACCT-018,PRODUCT,Production,SUCCESS,200,910,907,3,2771,0,
SYNC-ACCT-018-PRODUCT-20251215,2025-12-15,ACCT-018,PRODUCT,Production,SUCCESS,200,814,809,5,3314,0,
SYNC-ACCT-018-PRODUCT-20251218,2025-12-18,ACCT-018,PRODUCT,Production,SUCCESS,200,889,886,3,1104,0,
SYNC-ACCT-018-PRODUCT-20251221,2025-12-21,ACCT-018,PRODUCT,Production,SUCCESS,200,1150,1150,0,2327,0,
SYNC-ACCT-018-PRODUCT-20251224,2025-12-24,ACCT-018,PRODUCT,Production,SUCCESS,200,1175,1168,7,1116,0,
SYNC-ACCT-018-PRODUCT-20251227,2025-12-27,ACCT-018,PRODUCT,Production,SUCCESS,200,1358,1357,1,2087,0,
SYNC-ACCT-018-PRODUCT-20251230,2025-12-30,ACCT-018,PRODUCT,Production,SUCCESS,200,1505,1498,7,791,0,
SYNC-ACCT-018-PRODUCT-20260102,2026-01-02,ACCT-018,PRODUCT,Production,SUCCESS,200,1412,1403,9,1320,0,
SYNC-ACCT-018-PRODUCT-20260105,2026-01-05,ACCT-018,PRODUCT,Production,SUCCESS,200,1248,1248,0,633,0,
SYNC-ACCT-018-PRODUCT-20260108,2026-01-08,ACCT-018,PRODUCT,Production,SUCCESS,200,1321,1321,0,1972,0,
SYNC-ACCT-018-PRODUCT-20260111,2026-01-11,ACCT-018,PRODUCT,Production,SUCCESS,200,1420,1418,2,3371,0,
SYNC-ACCT-018-PRODUCT-20260114,2026-01-14,ACCT-018,PRODUCT,Production,SUCCESS,200,1453,1447,6,2817,0,
SYNC-ACCT-018-PRODUCT-20260117,2026-01-17,ACCT-018,PRODUCT,Production,SUCCESS,200,1108,1104,4,1844,0,
SYNC-ACCT-018-PRODUCT-20260120,2026-01-20,ACCT-018,PRODUCT,Production,SUCCESS,200,1076,1076,0,1111,0,
SYNC-ACCT-018-PRODUCT-20260123,2026-01-23,ACCT-018,PRODUCT,Production,SUCCESS,200,1411,1411,0,1746,0,
SYNC-ACCT-018-PRODUCT-20260126,2026-01-26,ACCT-018,PRODUCT,Production,SUCCESS,200,1337,1331,6,1335,0,
SYNC-ACCT-018-PRODUCT-20260129,2026-01-29,ACCT-018,PRODUCT,Production,SUCCESS,200,930,923,7,727,0,
SYNC-ACCT-018-PRODUCT-20260201,2026-02-01,ACCT-018,PRODUCT,Production,SUCCESS,200,1476,1476,0,1121,0,
SYNC-ACCT-018-PRODUCT-20260204,2026-02-04,ACCT-018,PRODUCT,Production,SUCCESS,200,945,944,1,2215,0,
SYNC-ACCT-018-PRODUCT-20260207,2026-02-07,ACCT-018,PRODUCT,Production,SUCCESS,200,1549,1543,6,739,0,
SYNC-ACCT-018-PRODUCT-20260210,2026-02-10,ACCT-018,PRODUCT,Production,SUCCESS,200,1053,1045,8,2451,0,
SYNC-ACCT-018-PRODUCT-20260213,2026-02-13,ACCT-018,PRODUCT,Production,SUCCESS,200,1648,1635,13,2708,0,
SYNC-ACCT-018-PRODUCT-20260216,2026-02-16,ACCT-018,PRODUCT,Production,SUCCESS,200,1286,1281,5,2080,0,
SYNC-ACCT-018-PRODUCT-20260219,2026-02-19,ACCT-018,PRODUCT,Production,SUCCESS,200,1127,1124,3,3227,0,
SYNC-ACCT-018-PRODUCT-20260222,2026-02-22,ACCT-018,PRODUCT,Production,SUCCESS,200,1552,1542,10,2953,0,
SYNC-ACCT-018-PRODUCT-20260225,2026-02-25,ACCT-018,PRODUCT,Production,SUCCESS,200,1517,1510,7,1548,0,
SYNC-ACCT-018-PRODUCT-20260228,2026-02-28,ACCT-018,PRODUCT,Production,SUCCESS,200,1483,1473,10,2850,0,
SYNC-ACCT-018-PRODUCT-20260303,2026-03-03,ACCT-018,PRODUCT,Production,SUCCESS,200,1525,1514,11,1694,0,
SYNC-ACCT-018-PRODUCT-20260306,2026-03-06,ACCT-018,PRODUCT,Production,SUCCESS,200,1159,1151,8,3056,0,
SYNC-ACCT-018-PRODUCT-20260309,2026-03-09,ACCT-018,PRODUCT,Production,SUCCESS,200,1677,1675,2,2475,0,
SYNC-ACCT-018-PRODUCT-20260312,2026-03-12,ACCT-018,PRODUCT,Production,SUCCESS,200,1418,1418,0,3123,0,
SYNC-ACCT-018-PRODUCT-20260315,2026-03-15,ACCT-018,PRODUCT,Production,SUCCESS,200,1374,1366,8,2639,0,
SYNC-ACCT-018-PRODUCT-20260318,2026-03-18,ACCT-018,PRODUCT,Production,SUCCESS,200,895,889,6,1462,0,
SYNC-ACCT-018-PRODUCT-20260321,2026-03-21,ACCT-018,PRODUCT,Production,SUCCESS,200,1334,1329,5,1454,0,
SYNC-ACCT-018-PRODUCT-20260324,2026-03-24,ACCT-018,PRODUCT,Production,SUCCESS,200,1304,1298,6,938,0,
SYNC-ACCT-018-PRODUCT-20260327,2026-03-27,ACCT-018,PRODUCT,Production,SUCCESS,200,1208,1203,5,1997,0,
SYNC-ACCT-018-PRODUCT-20260330,2026-03-30,ACCT-018,PRODUCT,Production,SUCCESS,200,1673,1672,1,2231,0,
SYNC-ACCT-018-PRODUCT-20260402,2026-04-02,ACCT-018,PRODUCT,Production,SUCCESS,200,1012,1009,3,1553,0,
SYNC-ACCT-018-PRODUCT-20260405,2026-04-05,ACCT-018,PRODUCT,Production,SUCCESS,200,1514,1509,5,2532,0,
SYNC-ACCT-018-PRODUCT-20260408,2026-04-08,ACCT-018,PRODUCT,Production,SUCCESS,200,983,982,1,2830,0,
SYNC-ACCT-018-PRODUCT-20260411,2026-04-11,ACCT-018,PRODUCT,Production,SUCCESS,200,729,726,3,1501,0,
SYNC-ACCT-018-PRODUCT-20260414,2026-04-14,ACCT-018,PRODUCT,Production,SUCCESS,200,817,816,1,859,0,
SYNC-ACCT-018-PRODUCT-20260417,2026-04-17,ACCT-018,PRODUCT,Production,SUCCESS,200,1061,1060,1,616,0,
SYNC-ACCT-018-PRODUCT-20260420,2026-04-20,ACCT-018,PRODUCT,Production,SUCCESS,200,877,870,7,1893,0,
SYNC-ACCT-018-PRODUCT-20260423,2026-04-23,ACCT-018,PRODUCT,Production,SUCCESS,200,1254,1253,1,3257,0,
SYNC-ACCT-018-PRODUCT-20260426,2026-04-26,ACCT-018,PRODUCT,Production,SUCCESS,200,1667,1667,0,2469,0,
SYNC-ACCT-018-PRODUCT-20260429,2026-04-29,ACCT-018,PRODUCT,Production,SUCCESS,200,1525,1523,2,3279,0,
SYNC-ACCT-018-PRODUCT-20260502,2026-05-02,ACCT-018,PRODUCT,Production,SUCCESS,200,963,960,3,3342,0,
SYNC-ACCT-018-PRODUCT-20260505,2026-05-05,ACCT-018,PRODUCT,Production,SUCCESS,200,1313,1310,3,682,0,
SYNC-ACCT-018-PRODUCT-20260508,2026-05-08,ACCT-018,PRODUCT,Production,SUCCESS,200,797,795,2,2063,0,
SYNC-ACCT-018-PRODUCT-20260511,2026-05-11,ACCT-018,PRODUCT,Production,SUCCESS,200,862,856,6,3072,0,
SYNC-ACCT-018-PRODUCT-20260514,2026-05-14,ACCT-018,PRODUCT,Production,SUCCESS,200,775,773,2,1812,0,
SYNC-ACCT-018-PRODUCT-20260517,2026-05-17,ACCT-018,PRODUCT,Production,SUCCESS,200,955,951,4,2717,0,
SYNC-ACCT-018-PRODUCT-20260520,2026-05-20,ACCT-018,PRODUCT,Production,SUCCESS,200,728,725,3,1087,0,
SYNC-ACCT-018-PRODUCT-20260523,2026-05-23,ACCT-018,PRODUCT,Production,SUCCESS,200,1218,1208,10,816,0,
SYNC-ACCT-018-PRODUCT-20260526,2026-05-26,ACCT-018,PRODUCT,Production,SUCCESS,200,727,727,0,1512,0,
SYNC-ACCT-018-PRODUCT-20260529,2026-05-29,ACCT-018,PRODUCT,Production,SUCCESS,200,839,839,0,1317,0,
SYNC-ACCT-018-PRODUCT-20260601,2026-06-01,ACCT-018,PRODUCT,Production,SUCCESS,200,1567,1558,9,3387,0,
SYNC-ACCT-018-PRODUCT-20260604,2026-06-04,ACCT-018,PRODUCT,Production,SUCCESS,200,1626,1618,8,2224,0,
SYNC-ACCT-018-PRODUCT-20260607,2026-06-07,ACCT-018,PRODUCT,Production,SUCCESS,200,1352,1346,6,1155,0,
SYNC-ACCT-018-PRODUCT-20260610,2026-06-10,ACCT-018,PRODUCT,Production,SUCCESS,200,861,855,6,3384,0,
SYNC-ACCT-018-PRODUCT-20260613,2026-06-13,ACCT-018,PRODUCT,Production,SUCCESS,200,1058,1053,5,2194,0,
SYNC-ACCT-018-PRODUCT-20260616,2026-06-16,ACCT-018,PRODUCT,Production,SUCCESS,200,933,931,2,2605,0,
SYNC-ACCT-018-PRODUCT-20260619,2026-06-19,ACCT-018,PRODUCT,Production,SUCCESS,200,1097,1090,7,845,0,
SYNC-ACCT-018-PRODUCT-20260622,2026-06-22,ACCT-018,PRODUCT,Production,SUCCESS,200,1520,1511,9,3129,0,
SYNC-ACCT-018-PRODUCT-20260625,2026-06-25,ACCT-018,PRODUCT,Production,SUCCESS,200,1446,1434,12,1473,0,
SYNC-ACCT-018-PRODUCT-20260628,2026-06-28,ACCT-018,PRODUCT,Production,SUCCESS,200,1636,1636,0,1914,0,
SYNC-ACCT-019-CRM-20251112,2025-11-12,ACCT-019,CRM,Production,SUCCESS,200,980,973,7,1744,0,
SYNC-ACCT-019-CRM-20251115,2025-11-15,ACCT-019,CRM,Production,SUCCESS,200,1419,1417,2,1356,0,
SYNC-ACCT-019-CRM-20251118,2025-11-18,ACCT-019,CRM,Production,SUCCESS,200,994,993,1,2805,0,
SYNC-ACCT-019-CRM-20251121,2025-11-21,ACCT-019,CRM,Production,SUCCESS,200,1661,1656,5,2560,0,
SYNC-ACCT-019-CRM-20251124,2025-11-24,ACCT-019,CRM,Production,SUCCESS,200,786,782,4,1174,0,
SYNC-ACCT-019-CRM-20251127,2025-11-27,ACCT-019,CRM,Production,SUCCESS,200,1332,1324,8,1323,0,
SYNC-ACCT-019-CRM-20251130,2025-11-30,ACCT-019,CRM,Production,SUCCESS,200,1387,1376,11,518,0,
SYNC-ACCT-019-CRM-20251203,2025-12-03,ACCT-019,CRM,Production,SUCCESS,200,1630,1630,0,782,0,
SYNC-ACCT-019-CRM-20251206,2025-12-06,ACCT-019,CRM,Production,SUCCESS,200,1151,1149,2,3071,0,
SYNC-ACCT-019-CRM-20251209,2025-12-09,ACCT-019,CRM,Production,SUCCESS,200,1268,1262,6,1007,0,
SYNC-ACCT-019-CRM-20251212,2025-12-12,ACCT-019,CRM,Production,SUCCESS,200,1345,1341,4,2409,0,
SYNC-ACCT-019-CRM-20251215,2025-12-15,ACCT-019,CRM,Production,SUCCESS,200,1668,1664,4,1056,0,
SYNC-ACCT-019-CRM-20251218,2025-12-18,ACCT-019,CRM,Production,SUCCESS,200,1525,1525,0,760,0,
SYNC-ACCT-019-CRM-20251221,2025-12-21,ACCT-019,CRM,Production,SUCCESS,200,1187,1178,9,3022,0,
SYNC-ACCT-019-CRM-20251224,2025-12-24,ACCT-019,CRM,Production,SUCCESS,200,922,916,6,1852,0,
SYNC-ACCT-019-CRM-20251227,2025-12-27,ACCT-019,CRM,Production,SUCCESS,200,817,816,1,1495,0,
SYNC-ACCT-019-CRM-20251230,2025-12-30,ACCT-019,CRM,Production,SUCCESS,200,1131,1125,6,3347,0,
SYNC-ACCT-019-CRM-20260102,2026-01-02,ACCT-019,CRM,Production,SUCCESS,200,789,789,0,2572,0,
SYNC-ACCT-019-CRM-20260105,2026-01-05,ACCT-019,CRM,Production,SUCCESS,200,1158,1155,3,3312,0,
SYNC-ACCT-019-CRM-20260108,2026-01-08,ACCT-019,CRM,Production,FAILED,503,772,0,772,2765,2,UPSTREAM_UNAVAILABLE
SYNC-ACCT-019-CRM-20260111,2026-01-11,ACCT-019,CRM,Production,SUCCESS,200,1368,1360,8,3104,0,
SYNC-ACCT-019-CRM-20260114,2026-01-14,ACCT-019,CRM,Production,SUCCESS,200,847,844,3,1916,0,
SYNC-ACCT-019-CRM-20260117,2026-01-17,ACCT-019,CRM,Production,SUCCESS,200,1484,1473,11,1400,0,
SYNC-ACCT-019-CRM-20260120,2026-01-20,ACCT-019,CRM,Production,SUCCESS,200,1312,1303,9,544,0,
SYNC-ACCT-019-CRM-20260123,2026-01-23,ACCT-019,CRM,Production,SUCCESS,200,1178,1176,2,3345,0,
SYNC-ACCT-019-CRM-20260126,2026-01-26,ACCT-019,CRM,Production,SUCCESS,200,964,960,4,1114,0,
SYNC-ACCT-019-CRM-20260129,2026-01-29,ACCT-019,CRM,Production,SUCCESS,200,1433,1432,1,1576,0,
SYNC-ACCT-019-CRM-20260201,2026-02-01,ACCT-019,CRM,Production,SUCCESS,200,1569,1560,9,2016,0,
SYNC-ACCT-019-CRM-20260204,2026-02-04,ACCT-019,CRM,Production,SUCCESS,200,1294,1284,10,1764,0,
SYNC-ACCT-019-CRM-20260207,2026-02-07,ACCT-019,CRM,Production,SUCCESS,200,1250,1241,9,2644,0,
SYNC-ACCT-019-CRM-20260210,2026-02-10,ACCT-019,CRM,Production,SUCCESS,200,1082,1082,0,759,0,
SYNC-ACCT-019-CRM-20260213,2026-02-13,ACCT-019,CRM,Production,SUCCESS,200,1195,1191,4,940,0,
SYNC-ACCT-019-CRM-20260216,2026-02-16,ACCT-019,CRM,Production,SUCCESS,200,1220,1217,3,694,0,
SYNC-ACCT-019-CRM-20260219,2026-02-19,ACCT-019,CRM,Production,SUCCESS,200,1241,1232,9,1029,0,
SYNC-ACCT-019-CRM-20260222,2026-02-22,ACCT-019,CRM,Production,SUCCESS,200,913,909,4,563,0,
SYNC-ACCT-019-CRM-20260225,2026-02-25,ACCT-019,CRM,Production,SUCCESS,200,1351,1344,7,2684,0,
SYNC-ACCT-019-CRM-20260228,2026-02-28,ACCT-019,CRM,Production,SUCCESS,200,844,841,3,2073,0,
SYNC-ACCT-019-CRM-20260303,2026-03-03,ACCT-019,CRM,Production,SUCCESS,200,905,903,2,2602,0,
SYNC-ACCT-019-CRM-20260306,2026-03-06,ACCT-019,CRM,Production,SUCCESS,200,1657,1648,9,1235,0,
SYNC-ACCT-019-CRM-20260309,2026-03-09,ACCT-019,CRM,Production,SUCCESS,200,1194,1191,3,1708,0,
SYNC-ACCT-019-CRM-20260312,2026-03-12,ACCT-019,CRM,Production,SUCCESS,200,1617,1607,10,1535,0,
SYNC-ACCT-019-CRM-20260315,2026-03-15,ACCT-019,CRM,Production,SUCCESS,200,1019,1012,7,1603,0,
SYNC-ACCT-019-CRM-20260318,2026-03-18,ACCT-019,CRM,Production,SUCCESS,200,807,806,1,1061,0,
SYNC-ACCT-019-CRM-20260321,2026-03-21,ACCT-019,CRM,Production,SUCCESS,200,1266,1259,7,2449,0,
SYNC-ACCT-019-CRM-20260324,2026-03-24,ACCT-019,CRM,Production,SUCCESS,200,1386,1377,9,2629,0,
SYNC-ACCT-019-CRM-20260327,2026-03-27,ACCT-019,CRM,Production,SUCCESS,200,1623,1623,0,1222,0,
SYNC-ACCT-019-CRM-20260330,2026-03-30,ACCT-019,CRM,Production,SUCCESS,200,1675,1671,4,2003,0,
SYNC-ACCT-019-CRM-20260402,2026-04-02,ACCT-019,CRM,Production,SUCCESS,200,916,916,0,1435,0,
SYNC-ACCT-019-CRM-20260405,2026-04-05,ACCT-019,CRM,Production,SUCCESS,200,1162,1157,5,1620,0,
SYNC-ACCT-019-CRM-20260408,2026-04-08,ACCT-019,CRM,Production,SUCCESS,200,894,891,3,3101,0,
SYNC-ACCT-019-CRM-20260411,2026-04-11,ACCT-019,CRM,Production,SUCCESS,200,1009,1002,7,3081,0,
SYNC-ACCT-019-CRM-20260414,2026-04-14,ACCT-019,CRM,Production,SUCCESS,200,1175,1173,2,2751,0,
SYNC-ACCT-019-CRM-20260417,2026-04-17,ACCT-019,CRM,Production,SUCCESS,200,1049,1048,1,3033,0,
SYNC-ACCT-019-CRM-20260420,2026-04-20,ACCT-019,CRM,Production,SUCCESS,200,1353,1345,8,3134,0,
SYNC-ACCT-019-CRM-20260423,2026-04-23,ACCT-019,CRM,Production,SUCCESS,200,1080,1074,6,2574,0,
SYNC-ACCT-019-CRM-20260426,2026-04-26,ACCT-019,CRM,Production,SUCCESS,200,731,725,6,3208,0,
SYNC-ACCT-019-CRM-20260429,2026-04-29,ACCT-019,CRM,Production,SUCCESS,200,1063,1059,4,2540,0,
SYNC-ACCT-019-CRM-20260502,2026-05-02,ACCT-019,CRM,Production,SUCCESS,200,1658,1648,10,2854,0,
SYNC-ACCT-019-CRM-20260505,2026-05-05,ACCT-019,CRM,Production,SUCCESS,200,1181,1179,2,2676,0,
SYNC-ACCT-019-CRM-20260508,2026-05-08,ACCT-019,CRM,Production,SUCCESS,200,1077,1073,4,865,0,
SYNC-ACCT-019-CRM-20260511,2026-05-11,ACCT-019,CRM,Production,SUCCESS,200,1269,1260,9,3058,0,
SYNC-ACCT-019-CRM-20260514,2026-05-14,ACCT-019,CRM,Production,SUCCESS,200,1493,1484,9,956,0,
SYNC-ACCT-019-CRM-20260517,2026-05-17,ACCT-019,CRM,Production,SUCCESS,200,1035,1031,4,1210,0,
SYNC-ACCT-019-CRM-20260520,2026-05-20,ACCT-019,CRM,Production,SUCCESS,200,942,936,6,2525,0,
SYNC-ACCT-019-CRM-20260523,2026-05-23,ACCT-019,CRM,Production,SUCCESS,200,1377,1366,11,1317,0,
SYNC-ACCT-019-CRM-20260526,2026-05-26,ACCT-019,CRM,Production,SUCCESS,200,1150,1142,8,2862,0,
SYNC-ACCT-019-CRM-20260529,2026-05-29,ACCT-019,CRM,Production,SUCCESS,200,1103,1102,1,1765,0,
SYNC-ACCT-019-CRM-20260601,2026-06-01,ACCT-019,CRM,Production,SUCCESS,200,840,835,5,2035,0,
SYNC-ACCT-019-CRM-20260604,2026-06-04,ACCT-019,CRM,Production,SUCCESS,200,1224,1219,5,2016,0,
SYNC-ACCT-019-CRM-20260607,2026-06-07,ACCT-019,CRM,Production,SUCCESS,200,1633,1629,4,615,0,
SYNC-ACCT-019-CRM-20260610,2026-06-10,ACCT-019,CRM,Production,SUCCESS,200,853,850,3,3003,0,
SYNC-ACCT-019-CRM-20260613,2026-06-13,ACCT-019,CRM,Production,SUCCESS,200,1407,1407,0,1737,0,
SYNC-ACCT-019-CRM-20260616,2026-06-16,ACCT-019,CRM,Production,SUCCESS,200,1621,1613,8,2182,0,
SYNC-ACCT-019-CRM-20260619,2026-06-19,ACCT-019,CRM,Production,SUCCESS,200,1294,1289,5,3135,0,
SYNC-ACCT-019-CRM-20260622,2026-06-22,ACCT-019,CRM,Production,SUCCESS,200,1142,1134,8,2255,0,
SYNC-ACCT-019-CRM-20260625,2026-06-25,ACCT-019,CRM,Production,SUCCESS,200,1482,1470,12,2063,0,
SYNC-ACCT-019-CRM-20260628,2026-06-28,ACCT-019,CRM,Production,SUCCESS,200,1380,1372,8,3013,0,
SYNC-ACCT-019-BILLING-20251112,2025-11-12,ACCT-019,BILLING,Production,SUCCESS,200,938,933,5,1948,0,
SYNC-ACCT-019-BILLING-20251115,2025-11-15,ACCT-019,BILLING,Production,SUCCESS,200,943,939,4,3363,0,
SYNC-ACCT-019-BILLING-20251118,2025-11-18,ACCT-019,BILLING,Production,SUCCESS,200,881,876,5,621,0,
SYNC-ACCT-019-BILLING-20251121,2025-11-21,ACCT-019,BILLING,Production,SUCCESS,200,869,868,1,1701,0,
SYNC-ACCT-019-BILLING-20251124,2025-11-24,ACCT-019,BILLING,Production,SUCCESS,200,1324,1316,8,1897,0,
SYNC-ACCT-019-BILLING-20251127,2025-11-27,ACCT-019,BILLING,Production,SUCCESS,200,1555,1546,9,659,0,
SYNC-ACCT-019-BILLING-20251130,2025-11-30,ACCT-019,BILLING,Production,SUCCESS,200,849,848,1,1353,0,
SYNC-ACCT-019-BILLING-20251203,2025-12-03,ACCT-019,BILLING,Production,SUCCESS,200,1075,1074,1,2959,0,
SYNC-ACCT-019-BILLING-20251206,2025-12-06,ACCT-019,BILLING,Production,SUCCESS,200,1270,1264,6,2061,0,
SYNC-ACCT-019-BILLING-20251209,2025-12-09,ACCT-019,BILLING,Production,SUCCESS,200,1019,1019,0,3310,0,
SYNC-ACCT-019-BILLING-20251212,2025-12-12,ACCT-019,BILLING,Production,SUCCESS,200,955,948,7,962,0,
SYNC-ACCT-019-BILLING-20251215,2025-12-15,ACCT-019,BILLING,Production,SUCCESS,200,1536,1525,11,2051,0,
SYNC-ACCT-019-BILLING-20251218,2025-12-18,ACCT-019,BILLING,Production,SUCCESS,200,1426,1418,8,2108,0,
SYNC-ACCT-019-BILLING-20251221,2025-12-21,ACCT-019,BILLING,Production,SUCCESS,200,1070,1061,9,3134,0,
SYNC-ACCT-019-BILLING-20251224,2025-12-24,ACCT-019,BILLING,Production,SUCCESS,200,1166,1162,4,1292,0,
SYNC-ACCT-019-BILLING-20251227,2025-12-27,ACCT-019,BILLING,Production,SUCCESS,200,1347,1344,3,2859,0,
SYNC-ACCT-019-BILLING-20251230,2025-12-30,ACCT-019,BILLING,Production,SUCCESS,200,1077,1077,0,2033,0,
SYNC-ACCT-019-BILLING-20260102,2026-01-02,ACCT-019,BILLING,Production,SUCCESS,200,1279,1278,1,980,0,
SYNC-ACCT-019-BILLING-20260105,2026-01-05,ACCT-019,BILLING,Production,SUCCESS,200,905,901,4,2279,0,
SYNC-ACCT-019-BILLING-20260108,2026-01-08,ACCT-019,BILLING,Production,SUCCESS,200,1128,1125,3,747,0,
SYNC-ACCT-019-BILLING-20260111,2026-01-11,ACCT-019,BILLING,Production,SUCCESS,200,1115,1108,7,1583,0,
SYNC-ACCT-019-BILLING-20260114,2026-01-14,ACCT-019,BILLING,Production,SUCCESS,200,968,968,0,1367,0,
SYNC-ACCT-019-BILLING-20260117,2026-01-17,ACCT-019,BILLING,Production,SUCCESS,200,855,850,5,1994,0,
SYNC-ACCT-019-BILLING-20260120,2026-01-20,ACCT-019,BILLING,Production,SUCCESS,200,1040,1036,4,2133,0,
SYNC-ACCT-019-BILLING-20260123,2026-01-23,ACCT-019,BILLING,Production,SUCCESS,200,1477,1465,12,1268,0,
SYNC-ACCT-019-BILLING-20260126,2026-01-26,ACCT-019,BILLING,Production,SUCCESS,200,886,886,0,3198,0,
SYNC-ACCT-019-BILLING-20260129,2026-01-29,ACCT-019,BILLING,Production,SUCCESS,200,1181,1181,0,2990,0,
SYNC-ACCT-019-BILLING-20260201,2026-02-01,ACCT-019,BILLING,Production,SUCCESS,200,1234,1229,5,1140,0,
SYNC-ACCT-019-BILLING-20260204,2026-02-04,ACCT-019,BILLING,Production,SUCCESS,200,1064,1057,7,2264,0,
SYNC-ACCT-019-BILLING-20260207,2026-02-07,ACCT-019,BILLING,Production,SUCCESS,200,913,909,4,1662,0,
SYNC-ACCT-019-BILLING-20260210,2026-02-10,ACCT-019,BILLING,Production,SUCCESS,200,752,749,3,850,0,
SYNC-ACCT-019-BILLING-20260213,2026-02-13,ACCT-019,BILLING,Production,SUCCESS,200,897,896,1,1847,0,
SYNC-ACCT-019-BILLING-20260216,2026-02-16,ACCT-019,BILLING,Production,SUCCESS,200,1474,1471,3,1143,0,
SYNC-ACCT-019-BILLING-20260219,2026-02-19,ACCT-019,BILLING,Production,SUCCESS,200,1018,1010,8,1546,0,
SYNC-ACCT-019-BILLING-20260222,2026-02-22,ACCT-019,BILLING,Production,SUCCESS,200,749,749,0,634,0,
SYNC-ACCT-019-BILLING-20260225,2026-02-25,ACCT-019,BILLING,Production,SUCCESS,200,875,875,0,783,0,
SYNC-ACCT-019-BILLING-20260228,2026-02-28,ACCT-019,BILLING,Production,SUCCESS,200,1504,1494,10,3396,0,
SYNC-ACCT-019-BILLING-20260303,2026-03-03,ACCT-019,BILLING,Production,SUCCESS,200,1357,1348,9,1549,0,
SYNC-ACCT-019-BILLING-20260306,2026-03-06,ACCT-019,BILLING,Production,SUCCESS,200,1502,1500,2,1612,0,
SYNC-ACCT-019-BILLING-20260309,2026-03-09,ACCT-019,BILLING,Production,SUCCESS,200,1332,1326,6,1898,0,
SYNC-ACCT-019-BILLING-20260312,2026-03-12,ACCT-019,BILLING,Production,SUCCESS,200,1256,1252,4,699,0,
SYNC-ACCT-019-BILLING-20260315,2026-03-15,ACCT-019,BILLING,Production,SUCCESS,200,1502,1491,11,860,0,
SYNC-ACCT-019-BILLING-20260318,2026-03-18,ACCT-019,BILLING,Production,SUCCESS,200,1008,1004,4,2337,0,
SYNC-ACCT-019-BILLING-20260321,2026-03-21,ACCT-019,BILLING,Production,SUCCESS,200,1573,1572,1,2168,0,
SYNC-ACCT-019-BILLING-20260324,2026-03-24,ACCT-019,BILLING,Production,SUCCESS,200,1515,1508,7,2216,0,
SYNC-ACCT-019-BILLING-20260327,2026-03-27,ACCT-019,BILLING,Production,SUCCESS,200,1074,1069,5,633,0,
SYNC-ACCT-019-BILLING-20260330,2026-03-30,ACCT-019,BILLING,Production,SUCCESS,200,980,980,0,2452,0,
SYNC-ACCT-019-BILLING-20260402,2026-04-02,ACCT-019,BILLING,Production,SUCCESS,200,1546,1539,7,2789,0,
SYNC-ACCT-019-BILLING-20260405,2026-04-05,ACCT-019,BILLING,Production,SUCCESS,200,930,929,1,1965,0,
SYNC-ACCT-019-BILLING-20260408,2026-04-08,ACCT-019,BILLING,Production,SUCCESS,200,1487,1476,11,3080,0,
SYNC-ACCT-019-BILLING-20260411,2026-04-11,ACCT-019,BILLING,Production,SUCCESS,200,1178,1176,2,1593,0,
SYNC-ACCT-019-BILLING-20260414,2026-04-14,ACCT-019,BILLING,Production,SUCCESS,200,1344,1337,7,3355,0,
SYNC-ACCT-019-BILLING-20260417,2026-04-17,ACCT-019,BILLING,Production,SUCCESS,200,1250,1250,0,1980,0,
SYNC-ACCT-019-BILLING-20260420,2026-04-20,ACCT-019,BILLING,Production,SUCCESS,200,789,787,2,3179,0,
SYNC-ACCT-019-BILLING-20260423,2026-04-23,ACCT-019,BILLING,Production,SUCCESS,200,1549,1547,2,2000,0,
SYNC-ACCT-019-BILLING-20260426,2026-04-26,ACCT-019,BILLING,Production,SUCCESS,200,745,744,1,2220,0,
SYNC-ACCT-019-BILLING-20260429,2026-04-29,ACCT-019,BILLING,Production,SUCCESS,200,1473,1461,12,1410,0,
SYNC-ACCT-019-BILLING-20260502,2026-05-02,ACCT-019,BILLING,Production,SUCCESS,200,1156,1154,2,3126,0,
SYNC-ACCT-019-BILLING-20260505,2026-05-05,ACCT-019,BILLING,Production,FAILED,503,1118,0,1118,1171,2,UPSTREAM_UNAVAILABLE
SYNC-ACCT-019-BILLING-20260508,2026-05-08,ACCT-019,BILLING,Production,SUCCESS,200,765,759,6,2956,0,
SYNC-ACCT-019-BILLING-20260511,2026-05-11,ACCT-019,BILLING,Production,SUCCESS,200,1085,1077,8,1975,0,
SYNC-ACCT-019-BILLING-20260514,2026-05-14,ACCT-019,BILLING,Production,SUCCESS,200,1424,1414,10,2463,0,
SYNC-ACCT-019-BILLING-20260517,2026-05-17,ACCT-019,BILLING,Production,SUCCESS,200,1520,1518,2,2817,0,
SYNC-ACCT-019-BILLING-20260520,2026-05-20,ACCT-019,BILLING,Production,SUCCESS,200,1608,1598,10,532,0,
SYNC-ACCT-019-BILLING-20260523,2026-05-23,ACCT-019,BILLING,Production,SUCCESS,200,1016,1015,1,2253,0,
SYNC-ACCT-019-BILLING-20260526,2026-05-26,ACCT-019,BILLING,Production,SUCCESS,200,1502,1497,5,1065,0,
SYNC-ACCT-019-BILLING-20260529,2026-05-29,ACCT-019,BILLING,Production,SUCCESS,200,1518,1509,9,2941,0,
SYNC-ACCT-019-BILLING-20260601,2026-06-01,ACCT-019,BILLING,Production,SUCCESS,200,1398,1394,4,2161,0,
SYNC-ACCT-019-BILLING-20260604,2026-06-04,ACCT-019,BILLING,Production,SUCCESS,200,1368,1366,2,2950,0,
SYNC-ACCT-019-BILLING-20260607,2026-06-07,ACCT-019,BILLING,Production,SUCCESS,200,1575,1562,13,2147,0,
SYNC-ACCT-019-BILLING-20260610,2026-06-10,ACCT-019,BILLING,Production,SUCCESS,200,727,722,5,536,0,
SYNC-ACCT-019-BILLING-20260613,2026-06-13,ACCT-019,BILLING,Production,SUCCESS,200,1093,1085,8,2174,0,
SYNC-ACCT-019-BILLING-20260616,2026-06-16,ACCT-019,BILLING,Production,SUCCESS,200,916,909,7,2105,0,
SYNC-ACCT-019-BILLING-20260619,2026-06-19,ACCT-019,BILLING,Production,SUCCESS,200,1032,1031,1,1850,0,
SYNC-ACCT-019-BILLING-20260622,2026-06-22,ACCT-019,BILLING,Production,SUCCESS,200,1426,1418,8,1454,0,
SYNC-ACCT-019-BILLING-20260625,2026-06-25,ACCT-019,BILLING,Production,SUCCESS,200,1638,1633,5,3066,0,
SYNC-ACCT-019-BILLING-20260628,2026-06-28,ACCT-019,BILLING,Production,SUCCESS,200,1150,1149,1,2430,0,
SYNC-ACCT-020-CRM-20251118,2025-11-18,ACCT-020,CRM,Production,SUCCESS,200,1303,1296,7,1468,0,
SYNC-ACCT-020-CRM-20251121,2025-11-21,ACCT-020,CRM,Production,SUCCESS,200,1373,1363,10,694,0,
SYNC-ACCT-020-CRM-20251124,2025-11-24,ACCT-020,CRM,Production,SUCCESS,200,1637,1632,5,2366,0,
SYNC-ACCT-020-CRM-20251127,2025-11-27,ACCT-020,CRM,Production,SUCCESS,200,995,987,8,2046,0,
SYNC-ACCT-020-CRM-20251130,2025-11-30,ACCT-020,CRM,Production,FAILED,503,945,0,945,1632,2,UPSTREAM_UNAVAILABLE
SYNC-ACCT-020-CRM-20251203,2025-12-03,ACCT-020,CRM,Production,SUCCESS,200,1592,1590,2,2909,0,
SYNC-ACCT-020-CRM-20251206,2025-12-06,ACCT-020,CRM,Production,SUCCESS,200,1051,1044,7,735,0,
SYNC-ACCT-020-CRM-20251209,2025-12-09,ACCT-020,CRM,Production,SUCCESS,200,793,791,2,2976,0,
SYNC-ACCT-020-CRM-20251212,2025-12-12,ACCT-020,CRM,Production,SUCCESS,200,767,761,6,1159,0,
SYNC-ACCT-020-CRM-20251215,2025-12-15,ACCT-020,CRM,Production,SUCCESS,200,1448,1447,1,1415,0,
SYNC-ACCT-020-CRM-20251218,2025-12-18,ACCT-020,CRM,Production,SUCCESS,200,842,838,4,2705,0,
SYNC-ACCT-020-CRM-20251221,2025-12-21,ACCT-020,CRM,Production,SUCCESS,200,1311,1302,9,1518,0,
SYNC-ACCT-020-CRM-20251224,2025-12-24,ACCT-020,CRM,Production,SUCCESS,200,826,824,2,3181,0,
SYNC-ACCT-020-CRM-20251227,2025-12-27,ACCT-020,CRM,Production,SUCCESS,200,1528,1523,5,3351,0,
SYNC-ACCT-020-CRM-20251230,2025-12-30,ACCT-020,CRM,Production,SUCCESS,200,1254,1247,7,1299,0,
SYNC-ACCT-020-CRM-20260102,2026-01-02,ACCT-020,CRM,Production,SUCCESS,200,922,922,0,2637,0,
SYNC-ACCT-020-CRM-20260105,2026-01-05,ACCT-020,CRM,Production,SUCCESS,200,1592,1581,11,1265,0,
SYNC-ACCT-020-CRM-20260108,2026-01-08,ACCT-020,CRM,Production,SUCCESS,200,1663,1656,7,2948,0,
SYNC-ACCT-020-CRM-20260111,2026-01-11,ACCT-020,CRM,Production,SUCCESS,200,817,810,7,1024,0,
SYNC-ACCT-020-CRM-20260114,2026-01-14,ACCT-020,CRM,Production,SUCCESS,200,974,967,7,2109,0,
SYNC-ACCT-020-CRM-20260117,2026-01-17,ACCT-020,CRM,Production,SUCCESS,200,1273,1270,3,3373,0,
SYNC-ACCT-020-CRM-20260120,2026-01-20,ACCT-020,CRM,Production,SUCCESS,200,884,880,4,1663,0,
SYNC-ACCT-020-CRM-20260123,2026-01-23,ACCT-020,CRM,Production,SUCCESS,200,1117,1116,1,691,0,
SYNC-ACCT-020-CRM-20260126,2026-01-26,ACCT-020,CRM,Production,SUCCESS,200,1224,1215,9,1528,0,
SYNC-ACCT-020-CRM-20260129,2026-01-29,ACCT-020,CRM,Production,SUCCESS,200,1047,1045,2,2619,0,
SYNC-ACCT-020-CRM-20260201,2026-02-01,ACCT-020,CRM,Production,SUCCESS,200,1066,1064,2,1697,0,
SYNC-ACCT-020-CRM-20260204,2026-02-04,ACCT-020,CRM,Production,SUCCESS,200,857,851,6,2701,0,
SYNC-ACCT-020-CRM-20260207,2026-02-07,ACCT-020,CRM,Production,SUCCESS,200,1091,1086,5,2222,0,
SYNC-ACCT-020-CRM-20260210,2026-02-10,ACCT-020,CRM,Production,SUCCESS,200,847,847,0,2856,0,
SYNC-ACCT-020-CRM-20260213,2026-02-13,ACCT-020,CRM,Production,SUCCESS,200,1345,1344,1,1666,0,
SYNC-ACCT-020-CRM-20260216,2026-02-16,ACCT-020,CRM,Production,SUCCESS,200,1183,1183,0,3010,0,
SYNC-ACCT-020-CRM-20260219,2026-02-19,ACCT-020,CRM,Production,SUCCESS,200,1294,1287,7,1028,0,
SYNC-ACCT-020-CRM-20260222,2026-02-22,ACCT-020,CRM,Production,SUCCESS,200,1211,1205,6,2561,0,
SYNC-ACCT-020-CRM-20260225,2026-02-25,ACCT-020,CRM,Production,SUCCESS,200,1560,1559,1,2045,0,
SYNC-ACCT-020-CRM-20260228,2026-02-28,ACCT-020,CRM,Production,SUCCESS,200,1036,1030,6,1649,0,
SYNC-ACCT-020-CRM-20260303,2026-03-03,ACCT-020,CRM,Production,SUCCESS,200,1313,1307,6,2370,0,
SYNC-ACCT-020-CRM-20260306,2026-03-06,ACCT-020,CRM,Production,SUCCESS,200,978,972,6,1810,0,
SYNC-ACCT-020-CRM-20260309,2026-03-09,ACCT-020,CRM,Production,SUCCESS,200,1194,1187,7,598,0,
SYNC-ACCT-020-CRM-20260312,2026-03-12,ACCT-020,CRM,Production,SUCCESS,200,1048,1046,2,978,0,
SYNC-ACCT-020-CRM-20260315,2026-03-15,ACCT-020,CRM,Production,SUCCESS,200,1332,1330,2,3252,0,
SYNC-ACCT-020-CRM-20260318,2026-03-18,ACCT-020,CRM,Production,SUCCESS,200,1270,1269,1,2516,0,
SYNC-ACCT-020-CRM-20260321,2026-03-21,ACCT-020,CRM,Production,SUCCESS,200,1386,1376,10,2023,0,
SYNC-ACCT-020-CRM-20260324,2026-03-24,ACCT-020,CRM,Production,SUCCESS,200,1331,1326,5,2521,0,
SYNC-ACCT-020-CRM-20260327,2026-03-27,ACCT-020,CRM,Production,SUCCESS,200,1586,1576,10,1497,0,
SYNC-ACCT-020-CRM-20260330,2026-03-30,ACCT-020,CRM,Production,SUCCESS,200,830,825,5,567,0,
SYNC-ACCT-020-CRM-20260402,2026-04-02,ACCT-020,CRM,Production,SUCCESS,200,1413,1405,8,1235,0,
SYNC-ACCT-020-CRM-20260405,2026-04-05,ACCT-020,CRM,Production,SUCCESS,200,1249,1249,0,1458,0,
SYNC-ACCT-020-CRM-20260408,2026-04-08,ACCT-020,CRM,Production,SUCCESS,200,1457,1452,5,964,0,
SYNC-ACCT-020-CRM-20260411,2026-04-11,ACCT-020,CRM,Production,SUCCESS,200,1018,1010,8,2052,0,
SYNC-ACCT-020-CRM-20260414,2026-04-14,ACCT-020,CRM,Production,SUCCESS,200,1250,1242,8,622,0,
SYNC-ACCT-020-CRM-20260417,2026-04-17,ACCT-020,CRM,Production,SUCCESS,200,1240,1240,0,3384,0,
SYNC-ACCT-020-CRM-20260420,2026-04-20,ACCT-020,CRM,Production,SUCCESS,200,1592,1579,13,964,0,
SYNC-ACCT-020-CRM-20260423,2026-04-23,ACCT-020,CRM,Production,SUCCESS,200,1136,1128,8,1117,0,
SYNC-ACCT-020-CRM-20260426,2026-04-26,ACCT-020,CRM,Production,SUCCESS,200,1395,1388,7,576,0,
SYNC-ACCT-020-CRM-20260429,2026-04-29,ACCT-020,CRM,Production,SUCCESS,200,1022,1014,8,2619,0,
SYNC-ACCT-020-CRM-20260502,2026-05-02,ACCT-020,CRM,Production,SUCCESS,200,937,936,1,2557,0,
SYNC-ACCT-020-CRM-20260505,2026-05-05,ACCT-020,CRM,Production,SUCCESS,200,1312,1307,5,3286,0,
SYNC-ACCT-020-CRM-20260508,2026-05-08,ACCT-020,CRM,Production,SUCCESS,200,1100,1097,3,3192,0,
SYNC-ACCT-020-CRM-20260511,2026-05-11,ACCT-020,CRM,Production,SUCCESS,200,1050,1044,6,2164,0,
SYNC-ACCT-020-CRM-20260514,2026-05-14,ACCT-020,CRM,Production,SUCCESS,200,1643,1633,10,2353,0,
SYNC-ACCT-020-CRM-20260517,2026-05-17,ACCT-020,CRM,Production,SUCCESS,200,965,960,5,2122,0,
SYNC-ACCT-020-CRM-20260520,2026-05-20,ACCT-020,CRM,Production,SUCCESS,200,1679,1666,13,1847,0,
SYNC-ACCT-020-CRM-20260523,2026-05-23,ACCT-020,CRM,Production,SUCCESS,200,1454,1453,1,1168,0,
SYNC-ACCT-020-CRM-20260526,2026-05-26,ACCT-020,CRM,Production,SUCCESS,200,1358,1347,11,1425,0,
SYNC-ACCT-020-CRM-20260529,2026-05-29,ACCT-020,CRM,Production,SUCCESS,200,982,981,1,1333,0,
SYNC-ACCT-020-CRM-20260601,2026-06-01,ACCT-020,CRM,Production,SUCCESS,200,860,853,7,1307,0,
SYNC-ACCT-020-CRM-20260604,2026-06-04,ACCT-020,CRM,Production,SUCCESS,200,1055,1049,6,2383,0,
SYNC-ACCT-020-CRM-20260607,2026-06-07,ACCT-020,CRM,Production,SUCCESS,200,1005,999,6,682,0,
SYNC-ACCT-020-CRM-20260610,2026-06-10,ACCT-020,CRM,Production,SUCCESS,200,823,818,5,569,0,
SYNC-ACCT-020-CRM-20260613,2026-06-13,ACCT-020,CRM,Production,SUCCESS,200,871,864,7,653,0,
SYNC-ACCT-020-CRM-20260616,2026-06-16,ACCT-020,CRM,Production,SUCCESS,200,1610,1601,9,796,0,
SYNC-ACCT-020-CRM-20260619,2026-06-19,ACCT-020,CRM,Production,SUCCESS,200,1496,1484,12,3281,0,
SYNC-ACCT-020-CRM-20260622,2026-06-22,ACCT-020,CRM,Production,SUCCESS,200,795,789,6,779,0,
SYNC-ACCT-020-CRM-20260625,2026-06-25,ACCT-020,CRM,Production,SUCCESS,200,848,846,2,588,0,
SYNC-ACCT-020-CRM-20260628,2026-06-28,ACCT-020,CRM,Production,SUCCESS,200,1367,1359,8,1887,0,
SYNC-ACCT-020-BILLING-20251118,2025-11-18,ACCT-020,BILLING,Production,SUCCESS,200,1107,1098,9,2352,0,
SYNC-ACCT-020-BILLING-20251121,2025-11-21,ACCT-020,BILLING,Production,SUCCESS,200,1265,1259,6,2093,0,
SYNC-ACCT-020-BILLING-20251124,2025-11-24,ACCT-020,BILLING,Production,SUCCESS,200,1613,1607,6,3375,0,
SYNC-ACCT-020-BILLING-20251127,2025-11-27,ACCT-020,BILLING,Production,FAILED,503,1226,0,1226,2921,2,UPSTREAM_UNAVAILABLE
SYNC-ACCT-020-BILLING-20251130,2025-11-30,ACCT-020,BILLING,Production,SUCCESS,200,878,873,5,2171,0,
SYNC-ACCT-020-BILLING-20251203,2025-12-03,ACCT-020,BILLING,Production,SUCCESS,200,1570,1565,5,1340,0,
SYNC-ACCT-020-BILLING-20251206,2025-12-06,ACCT-020,BILLING,Production,SUCCESS,200,1221,1221,0,1208,0,
SYNC-ACCT-020-BILLING-20251209,2025-12-09,ACCT-020,BILLING,Production,SUCCESS,200,1266,1265,1,910,0,
SYNC-ACCT-020-BILLING-20251212,2025-12-12,ACCT-020,BILLING,Production,SUCCESS,200,872,869,3,2353,0,
SYNC-ACCT-020-BILLING-20251215,2025-12-15,ACCT-020,BILLING,Production,SUCCESS,200,804,798,6,1657,0,
SYNC-ACCT-020-BILLING-20251218,2025-12-18,ACCT-020,BILLING,Production,SUCCESS,200,979,974,5,2436,0,
SYNC-ACCT-020-BILLING-20251221,2025-12-21,ACCT-020,BILLING,Production,SUCCESS,200,730,725,5,2133,0,
SYNC-ACCT-020-BILLING-20251224,2025-12-24,ACCT-020,BILLING,Production,SUCCESS,200,948,946,2,2676,0,
SYNC-ACCT-020-BILLING-20251227,2025-12-27,ACCT-020,BILLING,Production,SUCCESS,200,1295,1288,7,2836,0,
SYNC-ACCT-020-BILLING-20251230,2025-12-30,ACCT-020,BILLING,Production,SUCCESS,200,1127,1127,0,1407,0,
SYNC-ACCT-020-BILLING-20260102,2026-01-02,ACCT-020,BILLING,Production,SUCCESS,200,810,808,2,2636,0,
SYNC-ACCT-020-BILLING-20260105,2026-01-05,ACCT-020,BILLING,Production,SUCCESS,200,742,741,1,3384,0,
SYNC-ACCT-020-BILLING-20260108,2026-01-08,ACCT-020,BILLING,Production,SUCCESS,200,1612,1608,4,1736,0,
SYNC-ACCT-020-BILLING-20260111,2026-01-11,ACCT-020,BILLING,Production,SUCCESS,200,1641,1635,6,2417,0,
SYNC-ACCT-020-BILLING-20260114,2026-01-14,ACCT-020,BILLING,Production,SUCCESS,200,1438,1434,4,1761,0,
SYNC-ACCT-020-BILLING-20260117,2026-01-17,ACCT-020,BILLING,Production,SUCCESS,200,1358,1357,1,1520,0,
SYNC-ACCT-020-BILLING-20260120,2026-01-20,ACCT-020,BILLING,Production,SUCCESS,200,1447,1445,2,2654,0,
SYNC-ACCT-020-BILLING-20260123,2026-01-23,ACCT-020,BILLING,Production,SUCCESS,200,1164,1163,1,1523,0,
SYNC-ACCT-020-BILLING-20260126,2026-01-26,ACCT-020,BILLING,Production,SUCCESS,200,1212,1209,3,2851,0,
SYNC-ACCT-020-BILLING-20260129,2026-01-29,ACCT-020,BILLING,Production,SUCCESS,200,809,806,3,2897,0,
SYNC-ACCT-020-BILLING-20260201,2026-02-01,ACCT-020,BILLING,Production,SUCCESS,200,1239,1231,8,722,0,
SYNC-ACCT-020-BILLING-20260204,2026-02-04,ACCT-020,BILLING,Production,SUCCESS,200,1090,1082,8,2099,0,
SYNC-ACCT-020-BILLING-20260207,2026-02-07,ACCT-020,BILLING,Production,SUCCESS,200,1024,1020,4,1933,0,
SYNC-ACCT-020-BILLING-20260210,2026-02-10,ACCT-020,BILLING,Production,SUCCESS,200,854,847,7,3378,0,
SYNC-ACCT-020-BILLING-20260213,2026-02-13,ACCT-020,BILLING,Production,SUCCESS,200,730,730,0,1306,0,
SYNC-ACCT-020-BILLING-20260216,2026-02-16,ACCT-020,BILLING,Production,SUCCESS,200,1172,1167,5,3215,0,
SYNC-ACCT-020-BILLING-20260219,2026-02-19,ACCT-020,BILLING,Production,SUCCESS,200,1295,1291,4,1552,0,
SYNC-ACCT-020-BILLING-20260222,2026-02-22,ACCT-020,BILLING,Production,SUCCESS,200,846,841,5,2665,0,
SYNC-ACCT-020-BILLING-20260225,2026-02-25,ACCT-020,BILLING,Production,SUCCESS,200,1636,1631,5,2433,0,
SYNC-ACCT-020-BILLING-20260228,2026-02-28,ACCT-020,BILLING,Production,SUCCESS,200,1248,1248,0,1833,0,
SYNC-ACCT-020-BILLING-20260303,2026-03-03,ACCT-020,BILLING,Production,SUCCESS,200,1669,1668,1,1950,0,
SYNC-ACCT-020-BILLING-20260306,2026-03-06,ACCT-020,BILLING,Production,SUCCESS,200,1642,1630,12,3264,0,
SYNC-ACCT-020-BILLING-20260309,2026-03-09,ACCT-020,BILLING,Production,SUCCESS,200,1401,1396,5,753,0,
SYNC-ACCT-020-BILLING-20260312,2026-03-12,ACCT-020,BILLING,Production,SUCCESS,200,1553,1543,10,1990,0,
SYNC-ACCT-020-BILLING-20260315,2026-03-15,ACCT-020,BILLING,Production,SUCCESS,200,1647,1641,6,1568,0,
SYNC-ACCT-020-BILLING-20260318,2026-03-18,ACCT-020,BILLING,Production,SUCCESS,200,1219,1212,7,1294,0,
SYNC-ACCT-020-BILLING-20260321,2026-03-21,ACCT-020,BILLING,Production,SUCCESS,200,988,987,1,2852,0,
SYNC-ACCT-020-BILLING-20260324,2026-03-24,ACCT-020,BILLING,Production,SUCCESS,200,1619,1615,4,902,0,
SYNC-ACCT-020-BILLING-20260327,2026-03-27,ACCT-020,BILLING,Production,FAILED,503,992,0,992,3037,2,UPSTREAM_UNAVAILABLE
SYNC-ACCT-020-BILLING-20260330,2026-03-30,ACCT-020,BILLING,Production,SUCCESS,200,979,973,6,2630,0,
SYNC-ACCT-020-BILLING-20260402,2026-04-02,ACCT-020,BILLING,Production,SUCCESS,200,1117,1112,5,1854,0,
SYNC-ACCT-020-BILLING-20260405,2026-04-05,ACCT-020,BILLING,Production,SUCCESS,200,757,755,2,2116,0,
SYNC-ACCT-020-BILLING-20260408,2026-04-08,ACCT-020,BILLING,Production,SUCCESS,200,869,868,1,2902,0,
SYNC-ACCT-020-BILLING-20260411,2026-04-11,ACCT-020,BILLING,Production,SUCCESS,200,1601,1595,6,3288,0,
SYNC-ACCT-020-BILLING-20260414,2026-04-14,ACCT-020,BILLING,Production,SUCCESS,200,1443,1443,0,1716,0,
SYNC-ACCT-020-BILLING-20260417,2026-04-17,ACCT-020,BILLING,Production,SUCCESS,200,1365,1357,8,591,0,
SYNC-ACCT-020-BILLING-20260420,2026-04-20,ACCT-020,BILLING,Production,SUCCESS,200,972,966,6,3278,0,
SYNC-ACCT-020-BILLING-20260423,2026-04-23,ACCT-020,BILLING,Production,SUCCESS,200,1149,1141,8,1489,0,
SYNC-ACCT-020-BILLING-20260426,2026-04-26,ACCT-020,BILLING,Production,SUCCESS,200,728,727,1,505,0,
SYNC-ACCT-020-BILLING-20260429,2026-04-29,ACCT-020,BILLING,Production,SUCCESS,200,990,989,1,810,0,
SYNC-ACCT-020-BILLING-20260502,2026-05-02,ACCT-020,BILLING,Production,SUCCESS,200,812,809,3,3313,0,
SYNC-ACCT-020-BILLING-20260505,2026-05-05,ACCT-020,BILLING,Production,FAILED,422,1519,1154,365,2497,0,SCHEMA_FIELD_CHANGED
SYNC-ACCT-020-BILLING-20260508,2026-05-08,ACCT-020,BILLING,Production,FAILED,422,1579,1200,379,2881,0,SCHEMA_FIELD_CHANGED
SYNC-ACCT-020-BILLING-20260511,2026-05-11,ACCT-020,BILLING,Production,FAILED,422,889,676,213,2399,0,SCHEMA_FIELD_CHANGED
SYNC-ACCT-020-BILLING-20260514,2026-05-14,ACCT-020,BILLING,Production,SUCCESS,200,1125,1123,2,1761,0,
SYNC-ACCT-020-BILLING-20260517,2026-05-17,ACCT-020,BILLING,Production,SUCCESS,200,1131,1130,1,2357,0,
SYNC-ACCT-020-BILLING-20260520,2026-05-20,ACCT-020,BILLING,Production,SUCCESS,200,1355,1353,2,941,0,
SYNC-ACCT-020-BILLING-20260523,2026-05-23,ACCT-020,BILLING,Production,SUCCESS,200,1296,1293,3,1126,0,
SYNC-ACCT-020-BILLING-20260526,2026-05-26,ACCT-020,BILLING,Production,SUCCESS,200,1242,1241,1,2231,0,
SYNC-ACCT-020-BILLING-20260529,2026-05-29,ACCT-020,BILLING,Production,SUCCESS,200,1416,1416,0,532,0,
SYNC-ACCT-020-BILLING-20260601,2026-06-01,ACCT-020,BILLING,Production,SUCCESS,200,1450,1441,9,2420,0,
SYNC-ACCT-020-BILLING-20260604,2026-06-04,ACCT-020,BILLING,Production,SUCCESS,200,1573,1571,2,1760,0,
SYNC-ACCT-020-BILLING-20260607,2026-06-07,ACCT-020,BILLING,Production,SUCCESS,200,1405,1401,4,1299,0,
SYNC-ACCT-020-BILLING-20260610,2026-06-10,ACCT-020,BILLING,Production,SUCCESS,200,791,791,0,2138,0,
SYNC-ACCT-020-BILLING-20260613,2026-06-13,ACCT-020,BILLING,Production,SUCCESS,200,965,957,8,535,0,
SYNC-ACCT-020-BILLING-20260616,2026-06-16,ACCT-020,BILLING,Production,SUCCESS,200,1317,1311,6,1901,0,
SYNC-ACCT-020-BILLING-20260619,2026-06-19,ACCT-020,BILLING,Production,SUCCESS,200,1095,1091,4,2572,0,
SYNC-ACCT-020-BILLING-20260622,2026-06-22,ACCT-020,BILLING,Production,SUCCESS,200,1254,1250,4,2704,0,
SYNC-ACCT-020-BILLING-20260625,2026-06-25,ACCT-020,BILLING,Production,SUCCESS,200,1515,1512,3,2931,0,
SYNC-ACCT-020-BILLING-20260628,2026-06-28,ACCT-020,BILLING,Production,FAILED,503,1503,0,1503,2810,2,UPSTREAM_UNAVAILABLE
SYNC-ACCT-020-PRODUCT-20251118,2025-11-18,ACCT-020,PRODUCT,Production,SUCCESS,200,813,806,7,1615,0,
SYNC-ACCT-020-PRODUCT-20251121,2025-11-21,ACCT-020,PRODUCT,Production,SUCCESS,200,1640,1637,3,1416,0,
SYNC-ACCT-020-PRODUCT-20251124,2025-11-24,ACCT-020,PRODUCT,Production,SUCCESS,200,1488,1478,10,2922,0,
SYNC-ACCT-020-PRODUCT-20251127,2025-11-27,ACCT-020,PRODUCT,Production,SUCCESS,200,1314,1314,0,2025,0,
SYNC-ACCT-020-PRODUCT-20251130,2025-11-30,ACCT-020,PRODUCT,Production,SUCCESS,200,1038,1032,6,2846,0,
SYNC-ACCT-020-PRODUCT-20251203,2025-12-03,ACCT-020,PRODUCT,Production,SUCCESS,200,1294,1291,3,1430,0,
SYNC-ACCT-020-PRODUCT-20251206,2025-12-06,ACCT-020,PRODUCT,Production,SUCCESS,200,977,973,4,1149,0,
SYNC-ACCT-020-PRODUCT-20251209,2025-12-09,ACCT-020,PRODUCT,Production,SUCCESS,200,775,775,0,2882,0,
SYNC-ACCT-020-PRODUCT-20251212,2025-12-12,ACCT-020,PRODUCT,Production,SUCCESS,200,1585,1576,9,525,0,
SYNC-ACCT-020-PRODUCT-20251215,2025-12-15,ACCT-020,PRODUCT,Production,SUCCESS,200,1460,1454,6,2431,0,
SYNC-ACCT-020-PRODUCT-20251218,2025-12-18,ACCT-020,PRODUCT,Production,SUCCESS,200,1108,1103,5,998,0,
SYNC-ACCT-020-PRODUCT-20251221,2025-12-21,ACCT-020,PRODUCT,Production,SUCCESS,200,1522,1516,6,515,0,
SYNC-ACCT-020-PRODUCT-20251224,2025-12-24,ACCT-020,PRODUCT,Production,SUCCESS,200,1430,1428,2,3378,0,
SYNC-ACCT-020-PRODUCT-20251227,2025-12-27,ACCT-020,PRODUCT,Production,SUCCESS,200,1014,1009,5,712,0,
SYNC-ACCT-020-PRODUCT-20251230,2025-12-30,ACCT-020,PRODUCT,Production,SUCCESS,200,1418,1407,11,2806,0,
SYNC-ACCT-020-PRODUCT-20260102,2026-01-02,ACCT-020,PRODUCT,Production,SUCCESS,200,1085,1079,6,1258,0,
SYNC-ACCT-020-PRODUCT-20260105,2026-01-05,ACCT-020,PRODUCT,Production,SUCCESS,200,1563,1562,1,1167,0,
SYNC-ACCT-020-PRODUCT-20260108,2026-01-08,ACCT-020,PRODUCT,Production,SUCCESS,200,798,795,3,1507,0,
SYNC-ACCT-020-PRODUCT-20260111,2026-01-11,ACCT-020,PRODUCT,Production,SUCCESS,200,811,806,5,2504,0,
SYNC-ACCT-020-PRODUCT-20260114,2026-01-14,ACCT-020,PRODUCT,Production,SUCCESS,200,1127,1124,3,2419,0,
SYNC-ACCT-020-PRODUCT-20260117,2026-01-17,ACCT-020,PRODUCT,Production,SUCCESS,200,1553,1541,12,1325,0,
SYNC-ACCT-020-PRODUCT-20260120,2026-01-20,ACCT-020,PRODUCT,Production,SUCCESS,200,901,900,1,2348,0,
SYNC-ACCT-020-PRODUCT-20260123,2026-01-23,ACCT-020,PRODUCT,Production,SUCCESS,200,1143,1142,1,1578,0,
SYNC-ACCT-020-PRODUCT-20260126,2026-01-26,ACCT-020,PRODUCT,Production,SUCCESS,200,1061,1054,7,2947,0,
SYNC-ACCT-020-PRODUCT-20260129,2026-01-29,ACCT-020,PRODUCT,Production,SUCCESS,200,727,724,3,1436,0,
SYNC-ACCT-020-PRODUCT-20260201,2026-02-01,ACCT-020,PRODUCT,Production,SUCCESS,200,1518,1518,0,1749,0,
SYNC-ACCT-020-PRODUCT-20260204,2026-02-04,ACCT-020,PRODUCT,Production,SUCCESS,200,1479,1473,6,3135,0,
SYNC-ACCT-020-PRODUCT-20260207,2026-02-07,ACCT-020,PRODUCT,Production,SUCCESS,200,893,892,1,2902,0,
SYNC-ACCT-020-PRODUCT-20260210,2026-02-10,ACCT-020,PRODUCT,Production,SUCCESS,200,975,970,5,3030,0,
SYNC-ACCT-020-PRODUCT-20260213,2026-02-13,ACCT-020,PRODUCT,Production,SUCCESS,200,1213,1210,3,2645,0,
SYNC-ACCT-020-PRODUCT-20260216,2026-02-16,ACCT-020,PRODUCT,Production,SUCCESS,200,1203,1195,8,2656,0,
SYNC-ACCT-020-PRODUCT-20260219,2026-02-19,ACCT-020,PRODUCT,Production,SUCCESS,200,902,900,2,1864,0,
SYNC-ACCT-020-PRODUCT-20260222,2026-02-22,ACCT-020,PRODUCT,Production,SUCCESS,200,1657,1657,0,1507,0,
SYNC-ACCT-020-PRODUCT-20260225,2026-02-25,ACCT-020,PRODUCT,Production,SUCCESS,200,1635,1623,12,1298,0,
SYNC-ACCT-020-PRODUCT-20260228,2026-02-28,ACCT-020,PRODUCT,Production,SUCCESS,200,1159,1152,7,1909,0,
SYNC-ACCT-020-PRODUCT-20260303,2026-03-03,ACCT-020,PRODUCT,Production,SUCCESS,200,1348,1340,8,2913,0,
SYNC-ACCT-020-PRODUCT-20260306,2026-03-06,ACCT-020,PRODUCT,Production,SUCCESS,200,1116,1109,7,2391,0,
SYNC-ACCT-020-PRODUCT-20260309,2026-03-09,ACCT-020,PRODUCT,Production,SUCCESS,200,910,904,6,509,0,
SYNC-ACCT-020-PRODUCT-20260312,2026-03-12,ACCT-020,PRODUCT,Production,SUCCESS,200,959,955,4,876,0,
SYNC-ACCT-020-PRODUCT-20260315,2026-03-15,ACCT-020,PRODUCT,Production,SUCCESS,200,804,801,3,1909,0,
SYNC-ACCT-020-PRODUCT-20260318,2026-03-18,ACCT-020,PRODUCT,Production,SUCCESS,200,1381,1380,1,2883,0,
SYNC-ACCT-020-PRODUCT-20260321,2026-03-21,ACCT-020,PRODUCT,Production,SUCCESS,200,790,789,1,1015,0,
SYNC-ACCT-020-PRODUCT-20260324,2026-03-24,ACCT-020,PRODUCT,Production,SUCCESS,200,1494,1493,1,3214,0,
SYNC-ACCT-020-PRODUCT-20260327,2026-03-27,ACCT-020,PRODUCT,Production,SUCCESS,200,1667,1656,11,1028,0,
SYNC-ACCT-020-PRODUCT-20260330,2026-03-30,ACCT-020,PRODUCT,Production,SUCCESS,200,1591,1585,6,992,0,
SYNC-ACCT-020-PRODUCT-20260402,2026-04-02,ACCT-020,PRODUCT,Production,SUCCESS,200,1003,1002,1,3399,0,
SYNC-ACCT-020-PRODUCT-20260405,2026-04-05,ACCT-020,PRODUCT,Production,SUCCESS,200,1537,1529,8,2009,0,
SYNC-ACCT-020-PRODUCT-20260408,2026-04-08,ACCT-020,PRODUCT,Production,SUCCESS,200,1228,1226,2,2851,0,
SYNC-ACCT-020-PRODUCT-20260411,2026-04-11,ACCT-020,PRODUCT,Production,SUCCESS,200,1372,1363,9,509,0,
SYNC-ACCT-020-PRODUCT-20260414,2026-04-14,ACCT-020,PRODUCT,Production,SUCCESS,200,1288,1287,1,3320,0,
SYNC-ACCT-020-PRODUCT-20260417,2026-04-17,ACCT-020,PRODUCT,Production,SUCCESS,200,1228,1219,9,3164,0,
SYNC-ACCT-020-PRODUCT-20260420,2026-04-20,ACCT-020,PRODUCT,Production,SUCCESS,200,1006,1003,3,3191,0,
SYNC-ACCT-020-PRODUCT-20260423,2026-04-23,ACCT-020,PRODUCT,Production,SUCCESS,200,1615,1608,7,1502,0,
SYNC-ACCT-020-PRODUCT-20260426,2026-04-26,ACCT-020,PRODUCT,Production,SUCCESS,200,1545,1543,2,1320,0,
SYNC-ACCT-020-PRODUCT-20260429,2026-04-29,ACCT-020,PRODUCT,Production,SUCCESS,200,798,796,2,3343,0,
SYNC-ACCT-020-PRODUCT-20260502,2026-05-02,ACCT-020,PRODUCT,Production,SUCCESS,200,987,984,3,2390,0,
SYNC-ACCT-020-PRODUCT-20260505,2026-05-05,ACCT-020,PRODUCT,Production,SUCCESS,200,1320,1312,8,912,0,
SYNC-ACCT-020-PRODUCT-20260508,2026-05-08,ACCT-020,PRODUCT,Production,SUCCESS,200,887,880,7,2358,0,
SYNC-ACCT-020-PRODUCT-20260511,2026-05-11,ACCT-020,PRODUCT,Production,SUCCESS,200,800,797,3,2847,0,
SYNC-ACCT-020-PRODUCT-20260514,2026-05-14,ACCT-020,PRODUCT,Production,SUCCESS,200,1529,1527,2,1658,0,
SYNC-ACCT-020-PRODUCT-20260517,2026-05-17,ACCT-020,PRODUCT,Production,SUCCESS,200,1043,1039,4,2413,0,
SYNC-ACCT-020-PRODUCT-20260520,2026-05-20,ACCT-020,PRODUCT,Production,SUCCESS,200,880,874,6,1069,0,
SYNC-ACCT-020-PRODUCT-20260523,2026-05-23,ACCT-020,PRODUCT,Production,SUCCESS,200,756,751,5,3263,0,
SYNC-ACCT-020-PRODUCT-20260526,2026-05-26,ACCT-020,PRODUCT,Production,SUCCESS,200,805,801,4,2956,0,
SYNC-ACCT-020-PRODUCT-20260529,2026-05-29,ACCT-020,PRODUCT,Production,SUCCESS,200,1078,1075,3,1962,0,
SYNC-ACCT-020-PRODUCT-20260601,2026-06-01,ACCT-020,PRODUCT,Production,SUCCESS,200,1011,1010,1,878,0,
SYNC-ACCT-020-PRODUCT-20260604,2026-06-04,ACCT-020,PRODUCT,Production,SUCCESS,200,1190,1180,10,2415,0,
SYNC-ACCT-020-PRODUCT-20260607,2026-06-07,ACCT-020,PRODUCT,Production,SUCCESS,200,937,936,1,587,0,
SYNC-ACCT-020-PRODUCT-20260610,2026-06-10,ACCT-020,PRODUCT,Production,SUCCESS,200,731,730,1,998,0,
SYNC-ACCT-020-PRODUCT-20260613,2026-06-13,ACCT-020,PRODUCT,Production,SUCCESS,200,1613,1610,3,1368,0,
SYNC-ACCT-020-PRODUCT-20260616,2026-06-16,ACCT-020,PRODUCT,Production,SUCCESS,200,1005,998,7,1335,0,
SYNC-ACCT-020-PRODUCT-20260619,2026-06-19,ACCT-020,PRODUCT,Production,SUCCESS,200,1559,1555,4,2700,0,
SYNC-ACCT-020-PRODUCT-20260622,2026-06-22,ACCT-020,PRODUCT,Production,SUCCESS,200,1157,1155,2,2716,0,
SYNC-ACCT-020-PRODUCT-20260625,2026-06-25,ACCT-020,PRODUCT,Production,SUCCESS,200,1395,1385,10,1552,0,
SYNC-ACCT-020-PRODUCT-20260628,2026-06-28,ACCT-020,PRODUCT,Production,SUCCESS,200,1011,1006,5,1042,0,
SYNC-ACCT-020-WAREHOUSE-20251118,2025-11-18,ACCT-020,WAREHOUSE,Production,SUCCESS,200,1444,1438,6,575,0,
SYNC-ACCT-020-WAREHOUSE-20251121,2025-11-21,ACCT-020,WAREHOUSE,Production,SUCCESS,200,1489,1484,5,1169,0,
SYNC-ACCT-020-WAREHOUSE-20251124,2025-11-24,ACCT-020,WAREHOUSE,Production,SUCCESS,200,1367,1361,6,3032,0,
SYNC-ACCT-020-WAREHOUSE-20251127,2025-11-27,ACCT-020,WAREHOUSE,Production,SUCCESS,200,1066,1062,4,2593,0,
SYNC-ACCT-020-WAREHOUSE-20251130,2025-11-30,ACCT-020,WAREHOUSE,Production,SUCCESS,200,1071,1064,7,1112,0,
SYNC-ACCT-020-WAREHOUSE-20251203,2025-12-03,ACCT-020,WAREHOUSE,Production,SUCCESS,200,1480,1469,11,639,0,
SYNC-ACCT-020-WAREHOUSE-20251206,2025-12-06,ACCT-020,WAREHOUSE,Production,SUCCESS,200,1226,1222,4,2632,0,
SYNC-ACCT-020-WAREHOUSE-20251209,2025-12-09,ACCT-020,WAREHOUSE,Production,SUCCESS,200,1580,1576,4,1304,0,
SYNC-ACCT-020-WAREHOUSE-20251212,2025-12-12,ACCT-020,WAREHOUSE,Production,SUCCESS,200,1611,1598,13,3145,0,
SYNC-ACCT-020-WAREHOUSE-20251215,2025-12-15,ACCT-020,WAREHOUSE,Production,SUCCESS,200,1223,1215,8,2873,0,
SYNC-ACCT-020-WAREHOUSE-20251218,2025-12-18,ACCT-020,WAREHOUSE,Production,SUCCESS,200,984,981,3,1526,0,
SYNC-ACCT-020-WAREHOUSE-20251221,2025-12-21,ACCT-020,WAREHOUSE,Production,SUCCESS,200,1226,1225,1,3367,0,
SYNC-ACCT-020-WAREHOUSE-20251224,2025-12-24,ACCT-020,WAREHOUSE,Production,SUCCESS,200,1341,1332,9,3009,0,
SYNC-ACCT-020-WAREHOUSE-20251227,2025-12-27,ACCT-020,WAREHOUSE,Production,SUCCESS,200,1215,1212,3,1906,0,
SYNC-ACCT-020-WAREHOUSE-20251230,2025-12-30,ACCT-020,WAREHOUSE,Production,SUCCESS,200,906,901,5,1034,0,
SYNC-ACCT-020-WAREHOUSE-20260102,2026-01-02,ACCT-020,WAREHOUSE,Production,SUCCESS,200,1322,1314,8,2041,0,
SYNC-ACCT-020-WAREHOUSE-20260105,2026-01-05,ACCT-020,WAREHOUSE,Production,SUCCESS,200,971,971,0,1845,0,
SYNC-ACCT-020-WAREHOUSE-20260108,2026-01-08,ACCT-020,WAREHOUSE,Production,SUCCESS,200,1281,1275,6,2376,0,
SYNC-ACCT-020-WAREHOUSE-20260111,2026-01-11,ACCT-020,WAREHOUSE,Production,SUCCESS,200,1216,1214,2,2548,0,
SYNC-ACCT-020-WAREHOUSE-20260114,2026-01-14,ACCT-020,WAREHOUSE,Production,SUCCESS,200,981,979,2,2043,0,
SYNC-ACCT-020-WAREHOUSE-20260117,2026-01-17,ACCT-020,WAREHOUSE,Production,SUCCESS,200,741,739,2,1331,0,
SYNC-ACCT-020-WAREHOUSE-20260120,2026-01-20,ACCT-020,WAREHOUSE,Production,SUCCESS,200,786,783,3,3264,0,
SYNC-ACCT-020-WAREHOUSE-20260123,2026-01-23,ACCT-020,WAREHOUSE,Production,SUCCESS,200,1209,1203,6,596,0,
SYNC-ACCT-020-WAREHOUSE-20260126,2026-01-26,ACCT-020,WAREHOUSE,Production,SUCCESS,200,1510,1505,5,2305,0,
SYNC-ACCT-020-WAREHOUSE-20260129,2026-01-29,ACCT-020,WAREHOUSE,Production,SUCCESS,200,1668,1663,5,2967,0,
SYNC-ACCT-020-WAREHOUSE-20260201,2026-02-01,ACCT-020,WAREHOUSE,Production,SUCCESS,200,786,784,2,1406,0,
SYNC-ACCT-020-WAREHOUSE-20260204,2026-02-04,ACCT-020,WAREHOUSE,Production,SUCCESS,200,818,817,1,2631,0,
SYNC-ACCT-020-WAREHOUSE-20260207,2026-02-07,ACCT-020,WAREHOUSE,Production,SUCCESS,200,988,985,3,3249,0,
SYNC-ACCT-020-WAREHOUSE-20260210,2026-02-10,ACCT-020,WAREHOUSE,Production,SUCCESS,200,1417,1412,5,1531,0,
SYNC-ACCT-020-WAREHOUSE-20260213,2026-02-13,ACCT-020,WAREHOUSE,Production,SUCCESS,200,1365,1355,10,2741,0,
SYNC-ACCT-020-WAREHOUSE-20260216,2026-02-16,ACCT-020,WAREHOUSE,Production,SUCCESS,200,1488,1477,11,955,0,
SYNC-ACCT-020-WAREHOUSE-20260219,2026-02-19,ACCT-020,WAREHOUSE,Production,SUCCESS,200,1525,1522,3,1623,0,
SYNC-ACCT-020-WAREHOUSE-20260222,2026-02-22,ACCT-020,WAREHOUSE,Production,SUCCESS,200,1137,1135,2,1725,0,
SYNC-ACCT-020-WAREHOUSE-20260225,2026-02-25,ACCT-020,WAREHOUSE,Production,SUCCESS,200,1470,1458,12,2590,0,
SYNC-ACCT-020-WAREHOUSE-20260228,2026-02-28,ACCT-020,WAREHOUSE,Production,SUCCESS,200,957,956,1,588,0,
SYNC-ACCT-020-WAREHOUSE-20260303,2026-03-03,ACCT-020,WAREHOUSE,Production,SUCCESS,200,861,854,7,1202,0,
SYNC-ACCT-020-WAREHOUSE-20260306,2026-03-06,ACCT-020,WAREHOUSE,Production,SUCCESS,200,1456,1446,10,1202,0,
SYNC-ACCT-020-WAREHOUSE-20260309,2026-03-09,ACCT-020,WAREHOUSE,Production,SUCCESS,200,996,995,1,3070,0,
SYNC-ACCT-020-WAREHOUSE-20260312,2026-03-12,ACCT-020,WAREHOUSE,Production,SUCCESS,200,1513,1511,2,1323,0,
SYNC-ACCT-020-WAREHOUSE-20260315,2026-03-15,ACCT-020,WAREHOUSE,Production,SUCCESS,200,1396,1396,0,2067,0,
SYNC-ACCT-020-WAREHOUSE-20260318,2026-03-18,ACCT-020,WAREHOUSE,Production,SUCCESS,200,1007,1002,5,1783,0,
SYNC-ACCT-020-WAREHOUSE-20260321,2026-03-21,ACCT-020,WAREHOUSE,Production,SUCCESS,200,1680,1679,1,1656,0,
SYNC-ACCT-020-WAREHOUSE-20260324,2026-03-24,ACCT-020,WAREHOUSE,Production,SUCCESS,200,1466,1455,11,1024,0,
SYNC-ACCT-020-WAREHOUSE-20260327,2026-03-27,ACCT-020,WAREHOUSE,Production,SUCCESS,200,1050,1048,2,1722,0,
SYNC-ACCT-020-WAREHOUSE-20260330,2026-03-30,ACCT-020,WAREHOUSE,Production,SUCCESS,200,1531,1524,7,826,0,
SYNC-ACCT-020-WAREHOUSE-20260402,2026-04-02,ACCT-020,WAREHOUSE,Production,SUCCESS,200,1121,1112,9,864,0,
SYNC-ACCT-020-WAREHOUSE-20260405,2026-04-05,ACCT-020,WAREHOUSE,Production,SUCCESS,200,1376,1374,2,771,0,
SYNC-ACCT-020-WAREHOUSE-20260408,2026-04-08,ACCT-020,WAREHOUSE,Production,SUCCESS,200,998,990,8,2642,0,
SYNC-ACCT-020-WAREHOUSE-20260411,2026-04-11,ACCT-020,WAREHOUSE,Production,SUCCESS,200,1294,1288,6,574,0,
SYNC-ACCT-020-WAREHOUSE-20260414,2026-04-14,ACCT-020,WAREHOUSE,Production,SUCCESS,200,1651,1642,9,689,0,
SYNC-ACCT-020-WAREHOUSE-20260417,2026-04-17,ACCT-020,WAREHOUSE,Production,SUCCESS,200,755,754,1,2609,0,
SYNC-ACCT-020-WAREHOUSE-20260420,2026-04-20,ACCT-020,WAREHOUSE,Production,SUCCESS,200,1352,1352,0,2857,0,
SYNC-ACCT-020-WAREHOUSE-20260423,2026-04-23,ACCT-020,WAREHOUSE,Production,SUCCESS,200,1098,1090,8,2981,0,
SYNC-ACCT-020-WAREHOUSE-20260426,2026-04-26,ACCT-020,WAREHOUSE,Production,SUCCESS,200,1104,1098,6,3075,0,
SYNC-ACCT-020-WAREHOUSE-20260429,2026-04-29,ACCT-020,WAREHOUSE,Production,SUCCESS,200,770,765,5,904,0,
SYNC-ACCT-020-WAREHOUSE-20260502,2026-05-02,ACCT-020,WAREHOUSE,Production,SUCCESS,200,1137,1132,5,3330,0,
SYNC-ACCT-020-WAREHOUSE-20260505,2026-05-05,ACCT-020,WAREHOUSE,Production,SUCCESS,200,818,812,6,1515,0,
SYNC-ACCT-020-WAREHOUSE-20260508,2026-05-08,ACCT-020,WAREHOUSE,Production,SUCCESS,200,1557,1557,0,1828,0,
SYNC-ACCT-020-WAREHOUSE-20260511,2026-05-11,ACCT-020,WAREHOUSE,Production,SUCCESS,200,1557,1549,8,942,0,
SYNC-ACCT-020-WAREHOUSE-20260514,2026-05-14,ACCT-020,WAREHOUSE,Production,SUCCESS,200,1632,1623,9,2135,0,
SYNC-ACCT-020-WAREHOUSE-20260517,2026-05-17,ACCT-020,WAREHOUSE,Production,SUCCESS,200,1084,1081,3,3344,0,
SYNC-ACCT-020-WAREHOUSE-20260520,2026-05-20,ACCT-020,WAREHOUSE,Production,FAILED,429,877,0,877,12707,3,RATE_LIMITED
SYNC-ACCT-020-WAREHOUSE-20260523,2026-05-23,ACCT-020,WAREHOUSE,Production,FAILED,429,1560,0,1560,12467,3,RATE_LIMITED
SYNC-ACCT-020-WAREHOUSE-20260526,2026-05-26,ACCT-020,WAREHOUSE,Production,SUCCESS,200,721,715,6,2177,0,
SYNC-ACCT-020-WAREHOUSE-20260529,2026-05-29,ACCT-020,WAREHOUSE,Production,SUCCESS,200,1234,1224,10,1326,0,
SYNC-ACCT-020-WAREHOUSE-20260601,2026-06-01,ACCT-020,WAREHOUSE,Production,SUCCESS,200,1143,1138,5,2684,0,
SYNC-ACCT-020-WAREHOUSE-20260604,2026-06-04,ACCT-020,WAREHOUSE,Production,SUCCESS,200,1198,1191,7,1524,0,
SYNC-ACCT-020-WAREHOUSE-20260607,2026-06-07,ACCT-020,WAREHOUSE,Production,SUCCESS,200,1397,1389,8,2866,0,
SYNC-ACCT-020-WAREHOUSE-20260610,2026-06-10,ACCT-020,WAREHOUSE,Production,SUCCESS,200,789,786,3,1335,0,
SYNC-ACCT-020-WAREHOUSE-20260613,2026-06-13,ACCT-020,WAREHOUSE,Production,SUCCESS,200,1464,1460,4,2831,0,
SYNC-ACCT-020-WAREHOUSE-20260616,2026-06-16,ACCT-020,WAREHOUSE,Production,SUCCESS,200,818,813,5,2384,0,
SYNC-ACCT-020-WAREHOUSE-20260619,2026-06-19,ACCT-020,WAREHOUSE,Production,SUCCESS,200,863,863,0,1377,0,
SYNC-ACCT-020-WAREHOUSE-20260622,2026-06-22,ACCT-020,WAREHOUSE,Production,SUCCESS,200,1247,1238,9,1913,0,
SYNC-ACCT-020-WAREHOUSE-20260625,2026-06-25,ACCT-020,WAREHOUSE,Production,SUCCESS,200,1152,1145,7,1975,0,
SYNC-ACCT-020-WAREHOUSE-20260628,2026-06-28,ACCT-020,WAREHOUSE,Production,SUCCESS,200,1292,1288,4,1268,0,
SYNC-ACCT-021-CRM-20251121,2025-11-21,ACCT-021,CRM,Production,SUCCESS,200,789,783,6,3159,0,
SYNC-ACCT-021-CRM-20251124,2025-11-24,ACCT-021,CRM,Production,SUCCESS,200,1235,1234,1,900,0,
SYNC-ACCT-021-CRM-20251127,2025-11-27,ACCT-021,CRM,Production,SUCCESS,200,1339,1339,0,2049,0,
SYNC-ACCT-021-CRM-20251130,2025-11-30,ACCT-021,CRM,Production,SUCCESS,200,1039,1038,1,1646,0,
SYNC-ACCT-021-CRM-20251203,2025-12-03,ACCT-021,CRM,Production,SUCCESS,200,1308,1300,8,2604,0,
SYNC-ACCT-021-CRM-20251206,2025-12-06,ACCT-021,CRM,Production,SUCCESS,200,1641,1640,1,2496,0,
SYNC-ACCT-021-CRM-20251209,2025-12-09,ACCT-021,CRM,Production,SUCCESS,200,1364,1354,10,2273,0,
SYNC-ACCT-021-CRM-20251212,2025-12-12,ACCT-021,CRM,Production,SUCCESS,200,1006,1003,3,2720,0,
SYNC-ACCT-021-CRM-20251215,2025-12-15,ACCT-021,CRM,Production,SUCCESS,200,807,804,3,2361,0,
SYNC-ACCT-021-CRM-20251218,2025-12-18,ACCT-021,CRM,Production,SUCCESS,200,1013,1012,1,1720,0,
SYNC-ACCT-021-CRM-20251221,2025-12-21,ACCT-021,CRM,Production,SUCCESS,200,1505,1504,1,2078,0,
SYNC-ACCT-021-CRM-20251224,2025-12-24,ACCT-021,CRM,Production,SUCCESS,200,1143,1135,8,3114,0,
SYNC-ACCT-021-CRM-20251227,2025-12-27,ACCT-021,CRM,Production,SUCCESS,200,1133,1127,6,2318,0,
SYNC-ACCT-021-CRM-20251230,2025-12-30,ACCT-021,CRM,Production,SUCCESS,200,1130,1122,8,1020,0,
SYNC-ACCT-021-CRM-20260102,2026-01-02,ACCT-021,CRM,Production,SUCCESS,200,1495,1490,5,1664,0,
SYNC-ACCT-021-CRM-20260105,2026-01-05,ACCT-021,CRM,Production,SUCCESS,200,1664,1656,8,2448,0,
SYNC-ACCT-021-CRM-20260108,2026-01-08,ACCT-021,CRM,Production,SUCCESS,200,917,913,4,3130,0,
SYNC-ACCT-021-CRM-20260111,2026-01-11,ACCT-021,CRM,Production,SUCCESS,200,921,918,3,1725,0,
SYNC-ACCT-021-CRM-20260114,2026-01-14,ACCT-021,CRM,Production,SUCCESS,200,831,827,4,2698,0,
SYNC-ACCT-021-CRM-20260117,2026-01-17,ACCT-021,CRM,Production,SUCCESS,200,889,887,2,2903,0,
SYNC-ACCT-021-CRM-20260120,2026-01-20,ACCT-021,CRM,Production,SUCCESS,200,1150,1142,8,2430,0,
SYNC-ACCT-021-CRM-20260123,2026-01-23,ACCT-021,CRM,Production,SUCCESS,200,733,728,5,1652,0,
SYNC-ACCT-021-CRM-20260126,2026-01-26,ACCT-021,CRM,Production,SUCCESS,200,1060,1054,6,1408,0,
SYNC-ACCT-021-CRM-20260129,2026-01-29,ACCT-021,CRM,Production,SUCCESS,200,1218,1217,1,1845,0,
SYNC-ACCT-021-CRM-20260201,2026-02-01,ACCT-021,CRM,Production,SUCCESS,200,931,924,7,1261,0,
SYNC-ACCT-021-CRM-20260204,2026-02-04,ACCT-021,CRM,Production,SUCCESS,200,1496,1494,2,1732,0,
SYNC-ACCT-021-CRM-20260207,2026-02-07,ACCT-021,CRM,Production,SUCCESS,200,1587,1576,11,2129,0,
SYNC-ACCT-021-CRM-20260210,2026-02-10,ACCT-021,CRM,Production,SUCCESS,200,775,770,5,1010,0,
SYNC-ACCT-021-CRM-20260213,2026-02-13,ACCT-021,CRM,Production,SUCCESS,200,1240,1230,10,3195,0,
SYNC-ACCT-021-CRM-20260216,2026-02-16,ACCT-021,CRM,Production,SUCCESS,200,893,890,3,1977,0,
SYNC-ACCT-021-CRM-20260219,2026-02-19,ACCT-021,CRM,Production,SUCCESS,200,1176,1170,6,1065,0,
SYNC-ACCT-021-CRM-20260222,2026-02-22,ACCT-021,CRM,Production,SUCCESS,200,909,906,3,2177,0,
SYNC-ACCT-021-CRM-20260225,2026-02-25,ACCT-021,CRM,Production,SUCCESS,200,1142,1138,4,1064,0,
SYNC-ACCT-021-CRM-20260228,2026-02-28,ACCT-021,CRM,Production,SUCCESS,200,1290,1289,1,3105,0,
SYNC-ACCT-021-CRM-20260303,2026-03-03,ACCT-021,CRM,Production,SUCCESS,200,1226,1226,0,3112,0,
SYNC-ACCT-021-CRM-20260306,2026-03-06,ACCT-021,CRM,Production,SUCCESS,200,1036,1036,0,692,0,
SYNC-ACCT-021-CRM-20260309,2026-03-09,ACCT-021,CRM,Production,SUCCESS,200,788,786,2,549,0,
SYNC-ACCT-021-CRM-20260312,2026-03-12,ACCT-021,CRM,Production,SUCCESS,200,942,936,6,2779,0,
SYNC-ACCT-021-CRM-20260315,2026-03-15,ACCT-021,CRM,Production,SUCCESS,200,1263,1262,1,744,0,
SYNC-ACCT-021-CRM-20260318,2026-03-18,ACCT-021,CRM,Production,SUCCESS,200,755,750,5,1293,0,
SYNC-ACCT-021-CRM-20260321,2026-03-21,ACCT-021,CRM,Production,SUCCESS,200,1127,1125,2,1316,0,
SYNC-ACCT-021-CRM-20260324,2026-03-24,ACCT-021,CRM,Production,SUCCESS,200,1010,1004,6,2104,0,
SYNC-ACCT-021-CRM-20260327,2026-03-27,ACCT-021,CRM,Production,SUCCESS,200,761,755,6,2394,0,
SYNC-ACCT-021-CRM-20260330,2026-03-30,ACCT-021,CRM,Production,SUCCESS,200,1655,1646,9,2775,0,
SYNC-ACCT-021-CRM-20260402,2026-04-02,ACCT-021,CRM,Production,SUCCESS,200,852,851,1,2072,0,
SYNC-ACCT-021-CRM-20260405,2026-04-05,ACCT-021,CRM,Production,SUCCESS,200,1460,1459,1,1190,0,
SYNC-ACCT-021-CRM-20260408,2026-04-08,ACCT-021,CRM,Production,SUCCESS,200,1044,1044,0,2604,0,
SYNC-ACCT-021-CRM-20260411,2026-04-11,ACCT-021,CRM,Production,FAILED,401,1175,0,1175,1761,1,OAUTH_TOKEN_EXPIRED
SYNC-ACCT-021-CRM-20260414,2026-04-14,ACCT-021,CRM,Production,SUCCESS,200,805,802,3,1534,0,
SYNC-ACCT-021-CRM-20260417,2026-04-17,ACCT-021,CRM,Production,SUCCESS,200,1258,1250,8,2110,0,
SYNC-ACCT-021-CRM-20260420,2026-04-20,ACCT-021,CRM,Production,SUCCESS,200,914,908,6,1712,0,
SYNC-ACCT-021-CRM-20260423,2026-04-23,ACCT-021,CRM,Production,SUCCESS,200,934,927,7,3359,0,
SYNC-ACCT-021-CRM-20260426,2026-04-26,ACCT-021,CRM,Production,SUCCESS,200,1320,1318,2,1612,0,
SYNC-ACCT-021-CRM-20260429,2026-04-29,ACCT-021,CRM,Production,SUCCESS,200,1388,1385,3,701,0,
SYNC-ACCT-021-CRM-20260502,2026-05-02,ACCT-021,CRM,Production,SUCCESS,200,1189,1181,8,1526,0,
SYNC-ACCT-021-CRM-20260505,2026-05-05,ACCT-021,CRM,Production,SUCCESS,200,1124,1123,1,2252,0,
SYNC-ACCT-021-CRM-20260508,2026-05-08,ACCT-021,CRM,Production,SUCCESS,200,866,865,1,2349,0,
SYNC-ACCT-021-CRM-20260511,2026-05-11,ACCT-021,CRM,Production,SUCCESS,200,763,762,1,1817,0,
SYNC-ACCT-021-CRM-20260514,2026-05-14,ACCT-021,CRM,Production,SUCCESS,200,798,794,4,2396,0,
SYNC-ACCT-021-CRM-20260517,2026-05-17,ACCT-021,CRM,Production,SUCCESS,200,1239,1233,6,1228,0,
SYNC-ACCT-021-CRM-20260520,2026-05-20,ACCT-021,CRM,Production,SUCCESS,200,1594,1586,8,1183,0,
SYNC-ACCT-021-CRM-20260523,2026-05-23,ACCT-021,CRM,Production,SUCCESS,200,1273,1271,2,2747,0,
SYNC-ACCT-021-CRM-20260526,2026-05-26,ACCT-021,CRM,Production,SUCCESS,200,1123,1114,9,2943,0,
SYNC-ACCT-021-CRM-20260529,2026-05-29,ACCT-021,CRM,Production,SUCCESS,200,1426,1419,7,2581,0,
SYNC-ACCT-021-CRM-20260601,2026-06-01,ACCT-021,CRM,Production,SUCCESS,200,1348,1347,1,1931,0,
SYNC-ACCT-021-CRM-20260604,2026-06-04,ACCT-021,CRM,Production,SUCCESS,200,1139,1131,8,1094,0,
SYNC-ACCT-021-CRM-20260607,2026-06-07,ACCT-021,CRM,Production,SUCCESS,200,767,764,3,1330,0,
SYNC-ACCT-021-CRM-20260610,2026-06-10,ACCT-021,CRM,Production,SUCCESS,200,1311,1309,2,1999,0,
SYNC-ACCT-021-CRM-20260613,2026-06-13,ACCT-021,CRM,Production,SUCCESS,200,1556,1555,1,1001,0,
SYNC-ACCT-021-CRM-20260616,2026-06-16,ACCT-021,CRM,Production,FAILED,503,1299,0,1299,3088,2,UPSTREAM_UNAVAILABLE
SYNC-ACCT-021-CRM-20260619,2026-06-19,ACCT-021,CRM,Production,SUCCESS,200,1276,1275,1,1286,0,
SYNC-ACCT-021-CRM-20260622,2026-06-22,ACCT-021,CRM,Production,SUCCESS,200,1542,1530,12,3261,0,
SYNC-ACCT-021-CRM-20260625,2026-06-25,ACCT-021,CRM,Production,SUCCESS,200,1205,1196,9,1446,0,
SYNC-ACCT-021-CRM-20260628,2026-06-28,ACCT-021,CRM,Production,SUCCESS,200,1556,1550,6,3369,0,
SYNC-ACCT-021-BILLING-20251121,2025-11-21,ACCT-021,BILLING,Production,SUCCESS,200,943,938,5,2747,0,
SYNC-ACCT-021-BILLING-20251124,2025-11-24,ACCT-021,BILLING,Production,SUCCESS,200,1067,1063,4,2248,0,
SYNC-ACCT-021-BILLING-20251127,2025-11-27,ACCT-021,BILLING,Production,SUCCESS,200,983,979,4,2416,0,
SYNC-ACCT-021-BILLING-20251130,2025-11-30,ACCT-021,BILLING,Production,SUCCESS,200,868,867,1,2280,0,
SYNC-ACCT-021-BILLING-20251203,2025-12-03,ACCT-021,BILLING,Production,SUCCESS,200,1329,1321,8,1863,0,
SYNC-ACCT-021-BILLING-20251206,2025-12-06,ACCT-021,BILLING,Production,SUCCESS,200,1012,1011,1,1401,0,
SYNC-ACCT-021-BILLING-20251209,2025-12-09,ACCT-021,BILLING,Production,SUCCESS,200,1056,1055,1,1986,0,
SYNC-ACCT-021-BILLING-20251212,2025-12-12,ACCT-021,BILLING,Production,SUCCESS,200,1142,1137,5,1586,0,
SYNC-ACCT-021-BILLING-20251215,2025-12-15,ACCT-021,BILLING,Production,FAILED,503,1258,0,1258,996,2,UPSTREAM_UNAVAILABLE
SYNC-ACCT-021-BILLING-20251218,2025-12-18,ACCT-021,BILLING,Production,SUCCESS,200,994,991,3,2406,0,
SYNC-ACCT-021-BILLING-20251221,2025-12-21,ACCT-021,BILLING,Production,SUCCESS,200,770,765,5,2895,0,
SYNC-ACCT-021-BILLING-20251224,2025-12-24,ACCT-021,BILLING,Production,SUCCESS,200,729,724,5,3371,0,
SYNC-ACCT-021-BILLING-20251227,2025-12-27,ACCT-021,BILLING,Production,SUCCESS,200,1390,1382,8,1910,0,
SYNC-ACCT-021-BILLING-20251230,2025-12-30,ACCT-021,BILLING,Production,SUCCESS,200,831,828,3,1792,0,
SYNC-ACCT-021-BILLING-20260102,2026-01-02,ACCT-021,BILLING,Production,SUCCESS,200,1261,1257,4,1752,0,
SYNC-ACCT-021-BILLING-20260105,2026-01-05,ACCT-021,BILLING,Production,SUCCESS,200,965,964,1,2899,0,
SYNC-ACCT-021-BILLING-20260108,2026-01-08,ACCT-021,BILLING,Production,SUCCESS,200,1363,1359,4,2898,0,
SYNC-ACCT-021-BILLING-20260111,2026-01-11,ACCT-021,BILLING,Production,SUCCESS,200,1404,1404,0,2171,0,
SYNC-ACCT-021-BILLING-20260114,2026-01-14,ACCT-021,BILLING,Production,SUCCESS,200,1293,1285,8,1383,0,
SYNC-ACCT-021-BILLING-20260117,2026-01-17,ACCT-021,BILLING,Production,SUCCESS,200,1225,1223,2,1419,0,
SYNC-ACCT-021-BILLING-20260120,2026-01-20,ACCT-021,BILLING,Production,SUCCESS,200,994,987,7,3310,0,
SYNC-ACCT-021-BILLING-20260123,2026-01-23,ACCT-021,BILLING,Production,SUCCESS,200,1292,1282,10,2908,0,
SYNC-ACCT-021-BILLING-20260126,2026-01-26,ACCT-021,BILLING,Production,SUCCESS,200,824,823,1,1293,0,
SYNC-ACCT-021-BILLING-20260129,2026-01-29,ACCT-021,BILLING,Production,SUCCESS,200,1441,1439,2,588,0,
SYNC-ACCT-021-BILLING-20260201,2026-02-01,ACCT-021,BILLING,Production,FAILED,503,1410,0,1410,615,2,UPSTREAM_UNAVAILABLE
SYNC-ACCT-021-BILLING-20260204,2026-02-04,ACCT-021,BILLING,Production,SUCCESS,200,1468,1468,0,2448,0,
SYNC-ACCT-021-BILLING-20260207,2026-02-07,ACCT-021,BILLING,Production,SUCCESS,200,1496,1494,2,1121,0,
SYNC-ACCT-021-BILLING-20260210,2026-02-10,ACCT-021,BILLING,Production,SUCCESS,200,1352,1350,2,2591,0,
SYNC-ACCT-021-BILLING-20260213,2026-02-13,ACCT-021,BILLING,Production,SUCCESS,200,849,847,2,2338,0,
SYNC-ACCT-021-BILLING-20260216,2026-02-16,ACCT-021,BILLING,Production,SUCCESS,200,1064,1062,2,1708,0,
SYNC-ACCT-021-BILLING-20260219,2026-02-19,ACCT-021,BILLING,Production,SUCCESS,200,1459,1458,1,974,0,
SYNC-ACCT-021-BILLING-20260222,2026-02-22,ACCT-021,BILLING,Production,SUCCESS,200,1224,1219,5,2115,0,
SYNC-ACCT-021-BILLING-20260225,2026-02-25,ACCT-021,BILLING,Production,SUCCESS,200,1001,998,3,3268,0,
SYNC-ACCT-021-BILLING-20260228,2026-02-28,ACCT-021,BILLING,Production,SUCCESS,200,1448,1447,1,3101,0,
SYNC-ACCT-021-BILLING-20260303,2026-03-03,ACCT-021,BILLING,Production,SUCCESS,200,1578,1573,5,2061,0,
SYNC-ACCT-021-BILLING-20260306,2026-03-06,ACCT-021,BILLING,Production,SUCCESS,200,1416,1415,1,3255,0,
SYNC-ACCT-021-BILLING-20260309,2026-03-09,ACCT-021,BILLING,Production,SUCCESS,200,975,975,0,1534,0,
SYNC-ACCT-021-BILLING-20260312,2026-03-12,ACCT-021,BILLING,Production,SUCCESS,200,915,909,6,2054,0,
SYNC-ACCT-021-BILLING-20260315,2026-03-15,ACCT-021,BILLING,Production,SUCCESS,200,1672,1659,13,774,0,
SYNC-ACCT-021-BILLING-20260318,2026-03-18,ACCT-021,BILLING,Production,SUCCESS,200,1462,1461,1,778,0,
SYNC-ACCT-021-BILLING-20260321,2026-03-21,ACCT-021,BILLING,Production,SUCCESS,200,1528,1521,7,3394,0,
SYNC-ACCT-021-BILLING-20260324,2026-03-24,ACCT-021,BILLING,Production,SUCCESS,200,1306,1300,6,3296,0,
SYNC-ACCT-021-BILLING-20260327,2026-03-27,ACCT-021,BILLING,Production,SUCCESS,200,727,723,4,1090,0,
SYNC-ACCT-021-BILLING-20260330,2026-03-30,ACCT-021,BILLING,Production,SUCCESS,200,994,987,7,2252,0,
SYNC-ACCT-021-BILLING-20260402,2026-04-02,ACCT-021,BILLING,Production,SUCCESS,200,1204,1200,4,2754,0,
SYNC-ACCT-021-BILLING-20260405,2026-04-05,ACCT-021,BILLING,Production,SUCCESS,200,1511,1511,0,3278,0,
SYNC-ACCT-021-BILLING-20260408,2026-04-08,ACCT-021,BILLING,Production,SUCCESS,200,1541,1539,2,1724,0,
SYNC-ACCT-021-BILLING-20260411,2026-04-11,ACCT-021,BILLING,Production,SUCCESS,200,897,895,2,2372,0,
SYNC-ACCT-021-BILLING-20260414,2026-04-14,ACCT-021,BILLING,Production,SUCCESS,200,1305,1298,7,1412,0,
SYNC-ACCT-021-BILLING-20260417,2026-04-17,ACCT-021,BILLING,Production,SUCCESS,200,886,882,4,1416,0,
SYNC-ACCT-021-BILLING-20260420,2026-04-20,ACCT-021,BILLING,Production,SUCCESS,200,789,785,4,2976,0,
SYNC-ACCT-021-BILLING-20260423,2026-04-23,ACCT-021,BILLING,Production,SUCCESS,200,985,978,7,1017,0,
SYNC-ACCT-021-BILLING-20260426,2026-04-26,ACCT-021,BILLING,Production,SUCCESS,200,1595,1595,0,864,0,
SYNC-ACCT-021-BILLING-20260429,2026-04-29,ACCT-021,BILLING,Production,FAILED,503,1389,0,1389,1630,2,UPSTREAM_UNAVAILABLE
SYNC-ACCT-021-BILLING-20260502,2026-05-02,ACCT-021,BILLING,Production,SUCCESS,200,1316,1307,9,2896,0,
SYNC-ACCT-021-BILLING-20260505,2026-05-05,ACCT-021,BILLING,Production,SUCCESS,200,872,871,1,1527,0,
SYNC-ACCT-021-BILLING-20260508,2026-05-08,ACCT-021,BILLING,Production,SUCCESS,200,1012,1011,1,2574,0,
SYNC-ACCT-021-BILLING-20260511,2026-05-11,ACCT-021,BILLING,Production,SUCCESS,200,1239,1239,0,3211,0,
SYNC-ACCT-021-BILLING-20260514,2026-05-14,ACCT-021,BILLING,Production,SUCCESS,200,936,936,0,1482,0,
SYNC-ACCT-021-BILLING-20260517,2026-05-17,ACCT-021,BILLING,Production,FAILED,503,998,0,998,2671,2,UPSTREAM_UNAVAILABLE
SYNC-ACCT-021-BILLING-20260520,2026-05-20,ACCT-021,BILLING,Production,SUCCESS,200,1337,1328,9,1416,0,
SYNC-ACCT-021-BILLING-20260523,2026-05-23,ACCT-021,BILLING,Production,SUCCESS,200,1004,1001,3,1068,0,
SYNC-ACCT-021-BILLING-20260526,2026-05-26,ACCT-021,BILLING,Production,SUCCESS,200,1188,1182,6,1595,0,
SYNC-ACCT-021-BILLING-20260529,2026-05-29,ACCT-021,BILLING,Production,SUCCESS,200,1066,1060,6,2694,0,
SYNC-ACCT-021-BILLING-20260601,2026-06-01,ACCT-021,BILLING,Production,SUCCESS,200,1091,1087,4,1209,0,
SYNC-ACCT-021-BILLING-20260604,2026-06-04,ACCT-021,BILLING,Production,SUCCESS,200,1053,1045,8,2578,0,
SYNC-ACCT-021-BILLING-20260607,2026-06-07,ACCT-021,BILLING,Production,SUCCESS,200,1423,1415,8,2872,0,
SYNC-ACCT-021-BILLING-20260610,2026-06-10,ACCT-021,BILLING,Production,SUCCESS,200,781,778,3,2086,0,
SYNC-ACCT-021-BILLING-20260613,2026-06-13,ACCT-021,BILLING,Production,SUCCESS,200,1650,1643,7,2813,0,
SYNC-ACCT-021-BILLING-20260616,2026-06-16,ACCT-021,BILLING,Production,SUCCESS,200,760,754,6,999,0,
SYNC-ACCT-021-BILLING-20260619,2026-06-19,ACCT-021,BILLING,Production,SUCCESS,200,1273,1268,5,2733,0,
SYNC-ACCT-021-BILLING-20260622,2026-06-22,ACCT-021,BILLING,Production,SUCCESS,200,1247,1239,8,2630,0,
SYNC-ACCT-021-BILLING-20260625,2026-06-25,ACCT-021,BILLING,Production,SUCCESS,200,919,917,2,2484,0,
SYNC-ACCT-021-BILLING-20260628,2026-06-28,ACCT-021,BILLING,Production,SUCCESS,200,752,749,3,1228,0,
SYNC-ACCT-021-PRODUCT-20251121,2025-11-21,ACCT-021,PRODUCT,Production,SUCCESS,200,1581,1577,4,2029,0,
SYNC-ACCT-021-PRODUCT-20251124,2025-11-24,ACCT-021,PRODUCT,Production,SUCCESS,200,800,798,2,1448,0,
SYNC-ACCT-021-PRODUCT-20251127,2025-11-27,ACCT-021,PRODUCT,Production,SUCCESS,200,1403,1399,4,1798,0,
SYNC-ACCT-021-PRODUCT-20251130,2025-11-30,ACCT-021,PRODUCT,Production,SUCCESS,200,1439,1432,7,1971,0,
SYNC-ACCT-021-PRODUCT-20251203,2025-12-03,ACCT-021,PRODUCT,Production,SUCCESS,200,1302,1299,3,3297,0,
SYNC-ACCT-021-PRODUCT-20251206,2025-12-06,ACCT-021,PRODUCT,Production,SUCCESS,200,1146,1143,3,2269,0,
SYNC-ACCT-021-PRODUCT-20251209,2025-12-09,ACCT-021,PRODUCT,Production,SUCCESS,200,1450,1439,11,729,0,
SYNC-ACCT-021-PRODUCT-20251212,2025-12-12,ACCT-021,PRODUCT,Production,SUCCESS,200,1022,1021,1,1147,0,
SYNC-ACCT-021-PRODUCT-20251215,2025-12-15,ACCT-021,PRODUCT,Production,SUCCESS,200,1662,1659,3,3144,0,
SYNC-ACCT-021-PRODUCT-20251218,2025-12-18,ACCT-021,PRODUCT,Production,SUCCESS,200,1650,1650,0,2763,0,
SYNC-ACCT-021-PRODUCT-20251221,2025-12-21,ACCT-021,PRODUCT,Production,SUCCESS,200,912,910,2,3122,0,
SYNC-ACCT-021-PRODUCT-20251224,2025-12-24,ACCT-021,PRODUCT,Production,SUCCESS,200,1341,1341,0,3148,0,
SYNC-ACCT-021-PRODUCT-20251227,2025-12-27,ACCT-021,PRODUCT,Production,SUCCESS,200,837,837,0,1976,0,
SYNC-ACCT-021-PRODUCT-20251230,2025-12-30,ACCT-021,PRODUCT,Production,SUCCESS,200,1477,1472,5,2384,0,
SYNC-ACCT-021-PRODUCT-20260102,2026-01-02,ACCT-021,PRODUCT,Production,SUCCESS,200,994,992,2,3399,0,
SYNC-ACCT-021-PRODUCT-20260105,2026-01-05,ACCT-021,PRODUCT,Production,SUCCESS,200,1339,1338,1,787,0,
SYNC-ACCT-021-PRODUCT-20260108,2026-01-08,ACCT-021,PRODUCT,Production,SUCCESS,200,1256,1250,6,880,0,
SYNC-ACCT-021-PRODUCT-20260111,2026-01-11,ACCT-021,PRODUCT,Production,SUCCESS,200,1122,1121,1,3256,0,
SYNC-ACCT-021-PRODUCT-20260114,2026-01-14,ACCT-021,PRODUCT,Production,SUCCESS,200,1254,1246,8,1928,0,
SYNC-ACCT-021-PRODUCT-20260117,2026-01-17,ACCT-021,PRODUCT,Production,SUCCESS,200,1398,1389,9,1561,0,
SYNC-ACCT-021-PRODUCT-20260120,2026-01-20,ACCT-021,PRODUCT,Production,SUCCESS,200,1221,1218,3,2988,0,
SYNC-ACCT-021-PRODUCT-20260123,2026-01-23,ACCT-021,PRODUCT,Production,SUCCESS,200,992,986,6,3019,0,
SYNC-ACCT-021-PRODUCT-20260126,2026-01-26,ACCT-021,PRODUCT,Production,SUCCESS,200,1670,1660,10,1450,0,
SYNC-ACCT-021-PRODUCT-20260129,2026-01-29,ACCT-021,PRODUCT,Production,SUCCESS,200,771,767,4,1507,0,
SYNC-ACCT-021-PRODUCT-20260201,2026-02-01,ACCT-021,PRODUCT,Production,SUCCESS,200,1578,1578,0,712,0,
SYNC-ACCT-021-PRODUCT-20260204,2026-02-04,ACCT-021,PRODUCT,Production,SUCCESS,200,771,767,4,1845,0,
SYNC-ACCT-021-PRODUCT-20260207,2026-02-07,ACCT-021,PRODUCT,Production,SUCCESS,200,1174,1169,5,1038,0,
SYNC-ACCT-021-PRODUCT-20260210,2026-02-10,ACCT-021,PRODUCT,Production,SUCCESS,200,1509,1502,7,2479,0,
SYNC-ACCT-021-PRODUCT-20260213,2026-02-13,ACCT-021,PRODUCT,Production,SUCCESS,200,1626,1623,3,2222,0,
SYNC-ACCT-021-PRODUCT-20260216,2026-02-16,ACCT-021,PRODUCT,Production,SUCCESS,200,831,831,0,1525,0,
SYNC-ACCT-021-PRODUCT-20260219,2026-02-19,ACCT-021,PRODUCT,Production,SUCCESS,200,1035,1028,7,3338,0,
SYNC-ACCT-021-PRODUCT-20260222,2026-02-22,ACCT-021,PRODUCT,Production,SUCCESS,200,1184,1181,3,855,0,
SYNC-ACCT-021-PRODUCT-20260225,2026-02-25,ACCT-021,PRODUCT,Production,SUCCESS,200,1529,1522,7,2153,0,
SYNC-ACCT-021-PRODUCT-20260228,2026-02-28,ACCT-021,PRODUCT,Production,SUCCESS,200,1608,1599,9,1689,0,
SYNC-ACCT-021-PRODUCT-20260303,2026-03-03,ACCT-021,PRODUCT,Production,SUCCESS,200,1339,1338,1,1519,0,
SYNC-ACCT-021-PRODUCT-20260306,2026-03-06,ACCT-021,PRODUCT,Production,SUCCESS,200,1017,1010,7,1736,0,
SYNC-ACCT-021-PRODUCT-20260309,2026-03-09,ACCT-021,PRODUCT,Production,SUCCESS,200,1389,1383,6,1222,0,
SYNC-ACCT-021-PRODUCT-20260312,2026-03-12,ACCT-021,PRODUCT,Production,SUCCESS,200,1205,1196,9,885,0,
SYNC-ACCT-021-PRODUCT-20260315,2026-03-15,ACCT-021,PRODUCT,Production,SUCCESS,200,1590,1583,7,1431,0,
SYNC-ACCT-021-PRODUCT-20260318,2026-03-18,ACCT-021,PRODUCT,Production,SUCCESS,200,875,871,4,1263,0,
SYNC-ACCT-021-PRODUCT-20260321,2026-03-21,ACCT-021,PRODUCT,Production,SUCCESS,200,1663,1654,9,3081,0,
SYNC-ACCT-021-PRODUCT-20260324,2026-03-24,ACCT-021,PRODUCT,Production,SUCCESS,200,948,943,5,2117,0,
SYNC-ACCT-021-PRODUCT-20260327,2026-03-27,ACCT-021,PRODUCT,Production,SUCCESS,200,1051,1043,8,812,0,
SYNC-ACCT-021-PRODUCT-20260330,2026-03-30,ACCT-021,PRODUCT,Production,SUCCESS,200,1050,1047,3,1538,0,
SYNC-ACCT-021-PRODUCT-20260402,2026-04-02,ACCT-021,PRODUCT,Production,SUCCESS,200,818,815,3,2505,0,
SYNC-ACCT-021-PRODUCT-20260405,2026-04-05,ACCT-021,PRODUCT,Production,SUCCESS,200,1202,1200,2,2851,0,
SYNC-ACCT-021-PRODUCT-20260408,2026-04-08,ACCT-021,PRODUCT,Production,SUCCESS,200,952,947,5,2182,0,
SYNC-ACCT-021-PRODUCT-20260411,2026-04-11,ACCT-021,PRODUCT,Production,SUCCESS,200,1052,1046,6,2387,0,
SYNC-ACCT-021-PRODUCT-20260414,2026-04-14,ACCT-021,PRODUCT,Production,SUCCESS,200,1142,1142,0,861,0,
SYNC-ACCT-021-PRODUCT-20260417,2026-04-17,ACCT-021,PRODUCT,Production,SUCCESS,200,1010,1003,7,2072,0,
SYNC-ACCT-021-PRODUCT-20260420,2026-04-20,ACCT-021,PRODUCT,Production,SUCCESS,200,1172,1163,9,1394,0,
SYNC-ACCT-021-PRODUCT-20260423,2026-04-23,ACCT-021,PRODUCT,Production,SUCCESS,200,1000,997,3,2921,0,
SYNC-ACCT-021-PRODUCT-20260426,2026-04-26,ACCT-021,PRODUCT,Production,SUCCESS,200,770,764,6,1746,0,
SYNC-ACCT-021-PRODUCT-20260429,2026-04-29,ACCT-021,PRODUCT,Production,SUCCESS,200,732,732,0,789,0,
SYNC-ACCT-021-PRODUCT-20260502,2026-05-02,ACCT-021,PRODUCT,Production,SUCCESS,200,775,770,5,3004,0,
SYNC-ACCT-021-PRODUCT-20260505,2026-05-05,ACCT-021,PRODUCT,Production,SUCCESS,200,1586,1573,13,3094,0,
SYNC-ACCT-021-PRODUCT-20260508,2026-05-08,ACCT-021,PRODUCT,Production,SUCCESS,200,1594,1582,12,531,0,
SYNC-ACCT-021-PRODUCT-20260511,2026-05-11,ACCT-021,PRODUCT,Production,SUCCESS,200,1632,1620,12,1296,0,
SYNC-ACCT-021-PRODUCT-20260514,2026-05-14,ACCT-021,PRODUCT,Production,SUCCESS,200,1494,1482,12,1853,0,
SYNC-ACCT-021-PRODUCT-20260517,2026-05-17,ACCT-021,PRODUCT,Production,SUCCESS,200,1414,1407,7,1647,0,
SYNC-ACCT-021-PRODUCT-20260520,2026-05-20,ACCT-021,PRODUCT,Production,SUCCESS,200,1460,1453,7,1781,0,
SYNC-ACCT-021-PRODUCT-20260523,2026-05-23,ACCT-021,PRODUCT,Production,SUCCESS,200,1362,1361,1,1042,0,
SYNC-ACCT-021-PRODUCT-20260526,2026-05-26,ACCT-021,PRODUCT,Production,SUCCESS,200,895,895,0,3345,0,
SYNC-ACCT-021-PRODUCT-20260529,2026-05-29,ACCT-021,PRODUCT,Production,SUCCESS,200,909,905,4,2010,0,
SYNC-ACCT-021-PRODUCT-20260601,2026-06-01,ACCT-021,PRODUCT,Production,SUCCESS,200,1275,1270,5,2583,0,
SYNC-ACCT-021-PRODUCT-20260604,2026-06-04,ACCT-021,PRODUCT,Production,SUCCESS,200,1282,1273,9,2123,0,
SYNC-ACCT-021-PRODUCT-20260607,2026-06-07,ACCT-021,PRODUCT,Production,SUCCESS,200,1192,1192,0,1584,0,
SYNC-ACCT-021-PRODUCT-20260610,2026-06-10,ACCT-021,PRODUCT,Production,SUCCESS,200,1637,1628,9,3372,0,
SYNC-ACCT-021-PRODUCT-20260613,2026-06-13,ACCT-021,PRODUCT,Production,SUCCESS,200,741,740,1,1420,0,
SYNC-ACCT-021-PRODUCT-20260616,2026-06-16,ACCT-021,PRODUCT,Production,SUCCESS,200,1591,1584,7,3212,0,
SYNC-ACCT-021-PRODUCT-20260619,2026-06-19,ACCT-021,PRODUCT,Production,SUCCESS,200,1299,1290,9,2947,0,
SYNC-ACCT-021-PRODUCT-20260622,2026-06-22,ACCT-021,PRODUCT,Production,SUCCESS,200,978,975,3,1637,0,
SYNC-ACCT-021-PRODUCT-20260625,2026-06-25,ACCT-021,PRODUCT,Production,SUCCESS,200,1278,1274,4,3237,0,
SYNC-ACCT-021-PRODUCT-20260628,2026-06-28,ACCT-021,PRODUCT,Production,SUCCESS,200,897,894,3,1102,0,
SYNC-ACCT-022-CRM-20251127,2025-11-27,ACCT-022,CRM,Production,SUCCESS,200,1493,1489,4,784,0,
SYNC-ACCT-022-CRM-20251130,2025-11-30,ACCT-022,CRM,Production,SUCCESS,200,979,973,6,1932,0,
SYNC-ACCT-022-CRM-20251203,2025-12-03,ACCT-022,CRM,Production,SUCCESS,200,849,844,5,1431,0,
SYNC-ACCT-022-CRM-20251206,2025-12-06,ACCT-022,CRM,Production,SUCCESS,200,1597,1597,0,1478,0,
SYNC-ACCT-022-CRM-20251209,2025-12-09,ACCT-022,CRM,Production,SUCCESS,200,1033,1032,1,1846,0,
SYNC-ACCT-022-CRM-20251212,2025-12-12,ACCT-022,CRM,Production,SUCCESS,200,1501,1489,12,2961,0,
SYNC-ACCT-022-CRM-20251215,2025-12-15,ACCT-022,CRM,Production,SUCCESS,200,1567,1565,2,2999,0,
SYNC-ACCT-022-CRM-20251218,2025-12-18,ACCT-022,CRM,Production,SUCCESS,200,932,926,6,1652,0,
SYNC-ACCT-022-CRM-20251221,2025-12-21,ACCT-022,CRM,Production,SUCCESS,200,1551,1551,0,1523,0,
SYNC-ACCT-022-CRM-20251224,2025-12-24,ACCT-022,CRM,Production,SUCCESS,200,899,894,5,885,0,
SYNC-ACCT-022-CRM-20251227,2025-12-27,ACCT-022,CRM,Production,SUCCESS,200,846,846,0,891,0,
SYNC-ACCT-022-CRM-20251230,2025-12-30,ACCT-022,CRM,Production,SUCCESS,200,761,761,0,1967,0,
SYNC-ACCT-022-CRM-20260102,2026-01-02,ACCT-022,CRM,Production,FAILED,503,1010,0,1010,1379,2,UPSTREAM_UNAVAILABLE
SYNC-ACCT-022-CRM-20260105,2026-01-05,ACCT-022,CRM,Production,SUCCESS,200,911,907,4,3112,0,
SYNC-ACCT-022-CRM-20260108,2026-01-08,ACCT-022,CRM,Production,SUCCESS,200,1261,1260,1,544,0,
SYNC-ACCT-022-CRM-20260111,2026-01-11,ACCT-022,CRM,Production,SUCCESS,200,808,802,6,907,0,
SYNC-ACCT-022-CRM-20260114,2026-01-14,ACCT-022,CRM,Production,SUCCESS,200,1464,1458,6,2905,0,
SYNC-ACCT-022-CRM-20260117,2026-01-17,ACCT-022,CRM,Production,SUCCESS,200,931,931,0,2689,0,
SYNC-ACCT-022-CRM-20260120,2026-01-20,ACCT-022,CRM,Production,SUCCESS,200,1641,1628,13,1972,0,
SYNC-ACCT-022-CRM-20260123,2026-01-23,ACCT-022,CRM,Production,SUCCESS,200,1092,1087,5,2990,0,
SYNC-ACCT-022-CRM-20260126,2026-01-26,ACCT-022,CRM,Production,SUCCESS,200,1515,1511,4,1343,0,
SYNC-ACCT-022-CRM-20260129,2026-01-29,ACCT-022,CRM,Production,SUCCESS,200,1672,1671,1,2783,0,
SYNC-ACCT-022-CRM-20260201,2026-02-01,ACCT-022,CRM,Production,SUCCESS,200,939,937,2,940,0,
SYNC-ACCT-022-CRM-20260204,2026-02-04,ACCT-022,CRM,Production,SUCCESS,200,1271,1261,10,669,0,
SYNC-ACCT-022-CRM-20260207,2026-02-07,ACCT-022,CRM,Production,SUCCESS,200,1359,1357,2,2307,0,
SYNC-ACCT-022-CRM-20260210,2026-02-10,ACCT-022,CRM,Production,SUCCESS,200,1548,1548,0,1984,0,
SYNC-ACCT-022-CRM-20260213,2026-02-13,ACCT-022,CRM,Production,SUCCESS,200,1665,1664,1,1714,0,
SYNC-ACCT-022-CRM-20260216,2026-02-16,ACCT-022,CRM,Production,SUCCESS,200,1015,1011,4,2220,0,
SYNC-ACCT-022-CRM-20260219,2026-02-19,ACCT-022,CRM,Production,SUCCESS,200,1339,1339,0,1480,0,
SYNC-ACCT-022-CRM-20260222,2026-02-22,ACCT-022,CRM,Production,SUCCESS,200,1548,1536,12,998,0,
SYNC-ACCT-022-CRM-20260225,2026-02-25,ACCT-022,CRM,Production,SUCCESS,200,768,767,1,2135,0,
SYNC-ACCT-022-CRM-20260228,2026-02-28,ACCT-022,CRM,Production,SUCCESS,200,1321,1319,2,555,0,
SYNC-ACCT-022-CRM-20260303,2026-03-03,ACCT-022,CRM,Production,SUCCESS,200,1502,1502,0,2299,0,
SYNC-ACCT-022-CRM-20260306,2026-03-06,ACCT-022,CRM,Production,SUCCESS,200,1547,1537,10,1425,0,
SYNC-ACCT-022-CRM-20260309,2026-03-09,ACCT-022,CRM,Production,SUCCESS,200,798,796,2,1384,0,
SYNC-ACCT-022-CRM-20260312,2026-03-12,ACCT-022,CRM,Production,SUCCESS,200,766,760,6,814,0,
SYNC-ACCT-022-CRM-20260315,2026-03-15,ACCT-022,CRM,Production,SUCCESS,200,1596,1591,5,3298,0,
SYNC-ACCT-022-CRM-20260318,2026-03-18,ACCT-022,CRM,Production,SUCCESS,200,1599,1593,6,617,0,
SYNC-ACCT-022-CRM-20260321,2026-03-21,ACCT-022,CRM,Production,SUCCESS,200,1466,1465,1,2020,0,
SYNC-ACCT-022-CRM-20260324,2026-03-24,ACCT-022,CRM,Production,SUCCESS,200,731,730,1,2466,0,
SYNC-ACCT-022-CRM-20260327,2026-03-27,ACCT-022,CRM,Production,SUCCESS,200,1252,1245,7,2553,0,
SYNC-ACCT-022-CRM-20260330,2026-03-30,ACCT-022,CRM,Production,SUCCESS,200,890,886,4,1116,0,
SYNC-ACCT-022-CRM-20260402,2026-04-02,ACCT-022,CRM,Production,SUCCESS,200,1488,1484,4,1828,0,
SYNC-ACCT-022-CRM-20260405,2026-04-05,ACCT-022,CRM,Production,SUCCESS,200,1638,1627,11,1483,0,
SYNC-ACCT-022-CRM-20260408,2026-04-08,ACCT-022,CRM,Production,SUCCESS,200,1648,1639,9,2334,0,
SYNC-ACCT-022-CRM-20260411,2026-04-11,ACCT-022,CRM,Production,SUCCESS,200,1623,1617,6,2112,0,
SYNC-ACCT-022-CRM-20260414,2026-04-14,ACCT-022,CRM,Production,SUCCESS,200,1539,1539,0,1550,0,
SYNC-ACCT-022-CRM-20260417,2026-04-17,ACCT-022,CRM,Production,SUCCESS,200,1085,1076,9,2105,0,
SYNC-ACCT-022-CRM-20260420,2026-04-20,ACCT-022,CRM,Production,SUCCESS,200,1346,1344,2,1039,0,
SYNC-ACCT-022-CRM-20260423,2026-04-23,ACCT-022,CRM,Production,SUCCESS,200,1196,1191,5,2588,0,
SYNC-ACCT-022-CRM-20260426,2026-04-26,ACCT-022,CRM,Production,SUCCESS,200,1624,1612,12,2650,0,
SYNC-ACCT-022-CRM-20260429,2026-04-29,ACCT-022,CRM,Production,FAILED,503,1013,0,1013,1511,2,UPSTREAM_UNAVAILABLE
SYNC-ACCT-022-CRM-20260502,2026-05-02,ACCT-022,CRM,Production,SUCCESS,200,1065,1060,5,1408,0,
SYNC-ACCT-022-CRM-20260505,2026-05-05,ACCT-022,CRM,Production,SUCCESS,200,982,978,4,554,0,
SYNC-ACCT-022-CRM-20260508,2026-05-08,ACCT-022,CRM,Production,SUCCESS,200,959,953,6,3051,0,
SYNC-ACCT-022-CRM-20260511,2026-05-11,ACCT-022,CRM,Production,SUCCESS,200,1077,1073,4,2858,0,
SYNC-ACCT-022-CRM-20260514,2026-05-14,ACCT-022,CRM,Production,SUCCESS,200,1087,1083,4,1755,0,
SYNC-ACCT-022-CRM-20260517,2026-05-17,ACCT-022,CRM,Production,SUCCESS,200,1024,1016,8,2709,0,
SYNC-ACCT-022-CRM-20260520,2026-05-20,ACCT-022,CRM,Production,SUCCESS,200,1086,1085,1,512,0,
SYNC-ACCT-022-CRM-20260523,2026-05-23,ACCT-022,CRM,Production,SUCCESS,200,1167,1163,4,1965,0,
SYNC-ACCT-022-CRM-20260526,2026-05-26,ACCT-022,CRM,Production,SUCCESS,200,1677,1667,10,2940,0,
SYNC-ACCT-022-CRM-20260529,2026-05-29,ACCT-022,CRM,Production,SUCCESS,200,822,820,2,954,0,
SYNC-ACCT-022-CRM-20260601,2026-06-01,ACCT-022,CRM,Production,SUCCESS,200,988,988,0,667,0,
SYNC-ACCT-022-CRM-20260604,2026-06-04,ACCT-022,CRM,Production,SUCCESS,200,1093,1088,5,1097,0,
SYNC-ACCT-022-CRM-20260607,2026-06-07,ACCT-022,CRM,Production,SUCCESS,200,1138,1130,8,966,0,
SYNC-ACCT-022-CRM-20260610,2026-06-10,ACCT-022,CRM,Production,SUCCESS,200,1133,1128,5,3220,0,
SYNC-ACCT-022-CRM-20260613,2026-06-13,ACCT-022,CRM,Production,SUCCESS,200,1027,1023,4,2982,0,
SYNC-ACCT-022-CRM-20260616,2026-06-16,ACCT-022,CRM,Production,SUCCESS,200,1301,1300,1,2042,0,
SYNC-ACCT-022-CRM-20260619,2026-06-19,ACCT-022,CRM,Production,SUCCESS,200,991,989,2,2097,0,
SYNC-ACCT-022-CRM-20260622,2026-06-22,ACCT-022,CRM,Production,SUCCESS,200,1022,1016,6,943,0,
SYNC-ACCT-022-CRM-20260625,2026-06-25,ACCT-022,CRM,Production,SUCCESS,200,1143,1134,9,2015,0,
SYNC-ACCT-022-CRM-20260628,2026-06-28,ACCT-022,CRM,Production,SUCCESS,200,1540,1536,4,2896,0,
SYNC-ACCT-022-BILLING-20251127,2025-11-27,ACCT-022,BILLING,Production,SUCCESS,200,1103,1098,5,3223,0,
SYNC-ACCT-022-BILLING-20251130,2025-11-30,ACCT-022,BILLING,Production,SUCCESS,200,730,724,6,1167,0,
SYNC-ACCT-022-BILLING-20251203,2025-12-03,ACCT-022,BILLING,Production,SUCCESS,200,1367,1360,7,3107,0,
SYNC-ACCT-022-BILLING-20251206,2025-12-06,ACCT-022,BILLING,Production,SUCCESS,200,1569,1567,2,1093,0,
SYNC-ACCT-022-BILLING-20251209,2025-12-09,ACCT-022,BILLING,Production,SUCCESS,200,1435,1425,10,2201,0,
SYNC-ACCT-022-BILLING-20251212,2025-12-12,ACCT-022,BILLING,Production,SUCCESS,200,1256,1248,8,2586,0,
SYNC-ACCT-022-BILLING-20251215,2025-12-15,ACCT-022,BILLING,Production,SUCCESS,200,1277,1276,1,814,0,
SYNC-ACCT-022-BILLING-20251218,2025-12-18,ACCT-022,BILLING,Production,SUCCESS,200,1390,1381,9,2174,0,
SYNC-ACCT-022-BILLING-20251221,2025-12-21,ACCT-022,BILLING,Production,SUCCESS,200,1411,1405,6,534,0,
SYNC-ACCT-022-BILLING-20251224,2025-12-24,ACCT-022,BILLING,Production,SUCCESS,200,796,796,0,2890,0,
SYNC-ACCT-022-BILLING-20251227,2025-12-27,ACCT-022,BILLING,Production,SUCCESS,200,791,785,6,1074,0,
SYNC-ACCT-022-BILLING-20251230,2025-12-30,ACCT-022,BILLING,Production,SUCCESS,200,1568,1556,12,2010,0,
SYNC-ACCT-022-BILLING-20260102,2026-01-02,ACCT-022,BILLING,Production,SUCCESS,200,1111,1102,9,1064,0,
SYNC-ACCT-022-BILLING-20260105,2026-01-05,ACCT-022,BILLING,Production,SUCCESS,200,899,898,1,2981,0,
SYNC-ACCT-022-BILLING-20260108,2026-01-08,ACCT-022,BILLING,Production,SUCCESS,200,813,808,5,2286,0,
SYNC-ACCT-022-BILLING-20260111,2026-01-11,ACCT-022,BILLING,Production,SUCCESS,200,1620,1616,4,1480,0,
SYNC-ACCT-022-BILLING-20260114,2026-01-14,ACCT-022,BILLING,Production,SUCCESS,200,1051,1051,0,643,0,
SYNC-ACCT-022-BILLING-20260117,2026-01-17,ACCT-022,BILLING,Production,SUCCESS,200,1497,1491,6,1360,0,
SYNC-ACCT-022-BILLING-20260120,2026-01-20,ACCT-022,BILLING,Production,SUCCESS,200,825,818,7,1483,0,
SYNC-ACCT-022-BILLING-20260123,2026-01-23,ACCT-022,BILLING,Production,SUCCESS,200,1287,1283,4,1028,0,
SYNC-ACCT-022-BILLING-20260126,2026-01-26,ACCT-022,BILLING,Production,SUCCESS,200,955,951,4,2384,0,
SYNC-ACCT-022-BILLING-20260129,2026-01-29,ACCT-022,BILLING,Production,SUCCESS,200,951,949,2,1420,0,
SYNC-ACCT-022-BILLING-20260201,2026-02-01,ACCT-022,BILLING,Production,SUCCESS,200,1145,1145,0,2965,0,
SYNC-ACCT-022-BILLING-20260204,2026-02-04,ACCT-022,BILLING,Production,SUCCESS,200,1632,1629,3,1467,0,
SYNC-ACCT-022-BILLING-20260207,2026-02-07,ACCT-022,BILLING,Production,SUCCESS,200,943,941,2,1682,0,
SYNC-ACCT-022-BILLING-20260210,2026-02-10,ACCT-022,BILLING,Production,SUCCESS,200,865,864,1,603,0,
SYNC-ACCT-022-BILLING-20260213,2026-02-13,ACCT-022,BILLING,Production,SUCCESS,200,1074,1066,8,2547,0,
SYNC-ACCT-022-BILLING-20260216,2026-02-16,ACCT-022,BILLING,Production,SUCCESS,200,1290,1284,6,812,0,
SYNC-ACCT-022-BILLING-20260219,2026-02-19,ACCT-022,BILLING,Production,SUCCESS,200,1062,1059,3,2072,0,
SYNC-ACCT-022-BILLING-20260222,2026-02-22,ACCT-022,BILLING,Production,SUCCESS,200,835,829,6,2157,0,
SYNC-ACCT-022-BILLING-20260225,2026-02-25,ACCT-022,BILLING,Production,SUCCESS,200,1001,993,8,2197,0,
SYNC-ACCT-022-BILLING-20260228,2026-02-28,ACCT-022,BILLING,Production,SUCCESS,200,1593,1592,1,3381,0,
SYNC-ACCT-022-BILLING-20260303,2026-03-03,ACCT-022,BILLING,Production,SUCCESS,200,926,922,4,2926,0,
SYNC-ACCT-022-BILLING-20260306,2026-03-06,ACCT-022,BILLING,Production,SUCCESS,200,1647,1647,0,2037,0,
SYNC-ACCT-022-BILLING-20260309,2026-03-09,ACCT-022,BILLING,Production,SUCCESS,200,1108,1104,4,2015,0,
SYNC-ACCT-022-BILLING-20260312,2026-03-12,ACCT-022,BILLING,Production,FAILED,503,1055,0,1055,1608,2,UPSTREAM_UNAVAILABLE
SYNC-ACCT-022-BILLING-20260315,2026-03-15,ACCT-022,BILLING,Production,SUCCESS,200,798,793,5,2134,0,
SYNC-ACCT-022-BILLING-20260318,2026-03-18,ACCT-022,BILLING,Production,SUCCESS,200,1183,1180,3,1759,0,
SYNC-ACCT-022-BILLING-20260321,2026-03-21,ACCT-022,BILLING,Production,SUCCESS,200,1361,1359,2,1067,0,
SYNC-ACCT-022-BILLING-20260324,2026-03-24,ACCT-022,BILLING,Production,SUCCESS,200,1537,1527,10,1037,0,
SYNC-ACCT-022-BILLING-20260327,2026-03-27,ACCT-022,BILLING,Production,SUCCESS,200,831,829,2,1426,0,
SYNC-ACCT-022-BILLING-20260330,2026-03-30,ACCT-022,BILLING,Production,SUCCESS,200,1080,1077,3,1927,0,
SYNC-ACCT-022-BILLING-20260402,2026-04-02,ACCT-022,BILLING,Production,SUCCESS,200,1456,1451,5,2210,0,
SYNC-ACCT-022-BILLING-20260405,2026-04-05,ACCT-022,BILLING,Production,SUCCESS,200,1074,1074,0,3005,0,
SYNC-ACCT-022-BILLING-20260408,2026-04-08,ACCT-022,BILLING,Production,SUCCESS,200,1595,1591,4,953,0,
SYNC-ACCT-022-BILLING-20260411,2026-04-11,ACCT-022,BILLING,Production,SUCCESS,200,1041,1038,3,2666,0,
SYNC-ACCT-022-BILLING-20260414,2026-04-14,ACCT-022,BILLING,Production,SUCCESS,200,842,835,7,2322,0,
SYNC-ACCT-022-BILLING-20260417,2026-04-17,ACCT-022,BILLING,Production,SUCCESS,200,1347,1347,0,1764,0,
SYNC-ACCT-022-BILLING-20260420,2026-04-20,ACCT-022,BILLING,Production,SUCCESS,200,1292,1290,2,1592,0,
SYNC-ACCT-022-BILLING-20260423,2026-04-23,ACCT-022,BILLING,Production,SUCCESS,200,1122,1121,1,2575,0,
SYNC-ACCT-022-BILLING-20260426,2026-04-26,ACCT-022,BILLING,Production,SUCCESS,200,999,993,6,1895,0,
SYNC-ACCT-022-BILLING-20260429,2026-04-29,ACCT-022,BILLING,Production,SUCCESS,200,1476,1464,12,1818,0,
SYNC-ACCT-022-BILLING-20260502,2026-05-02,ACCT-022,BILLING,Production,SUCCESS,200,1596,1596,0,1517,0,
SYNC-ACCT-022-BILLING-20260505,2026-05-05,ACCT-022,BILLING,Production,SUCCESS,200,1510,1504,6,1737,0,
SYNC-ACCT-022-BILLING-20260508,2026-05-08,ACCT-022,BILLING,Production,SUCCESS,200,1143,1140,3,2512,0,
SYNC-ACCT-022-BILLING-20260511,2026-05-11,ACCT-022,BILLING,Production,SUCCESS,200,924,918,6,539,0,
SYNC-ACCT-022-BILLING-20260514,2026-05-14,ACCT-022,BILLING,Production,SUCCESS,200,1508,1508,0,1014,0,
SYNC-ACCT-022-BILLING-20260517,2026-05-17,ACCT-022,BILLING,Production,SUCCESS,200,952,947,5,1371,0,
SYNC-ACCT-022-BILLING-20260520,2026-05-20,ACCT-022,BILLING,Production,SUCCESS,200,1201,1191,10,3249,0,
SYNC-ACCT-022-BILLING-20260523,2026-05-23,ACCT-022,BILLING,Production,FAILED,503,851,0,851,2611,2,UPSTREAM_UNAVAILABLE
SYNC-ACCT-022-BILLING-20260526,2026-05-26,ACCT-022,BILLING,Production,SUCCESS,200,1437,1435,2,1012,0,
SYNC-ACCT-022-BILLING-20260529,2026-05-29,ACCT-022,BILLING,Production,FAILED,503,1431,0,1431,2656,2,UPSTREAM_UNAVAILABLE
SYNC-ACCT-022-BILLING-20260601,2026-06-01,ACCT-022,BILLING,Production,SUCCESS,200,1143,1138,5,2441,0,
SYNC-ACCT-022-BILLING-20260604,2026-06-04,ACCT-022,BILLING,Production,SUCCESS,200,1290,1288,2,771,0,
SYNC-ACCT-022-BILLING-20260607,2026-06-07,ACCT-022,BILLING,Production,SUCCESS,200,1656,1655,1,1983,0,
SYNC-ACCT-022-BILLING-20260610,2026-06-10,ACCT-022,BILLING,Production,SUCCESS,200,1485,1483,2,2264,0,
SYNC-ACCT-022-BILLING-20260613,2026-06-13,ACCT-022,BILLING,Production,SUCCESS,200,819,816,3,2477,0,
SYNC-ACCT-022-BILLING-20260616,2026-06-16,ACCT-022,BILLING,Production,SUCCESS,200,1045,1039,6,3000,0,
SYNC-ACCT-022-BILLING-20260619,2026-06-19,ACCT-022,BILLING,Production,SUCCESS,200,759,754,5,1302,0,
SYNC-ACCT-022-BILLING-20260622,2026-06-22,ACCT-022,BILLING,Production,SUCCESS,200,1394,1389,5,3064,0,
SYNC-ACCT-022-BILLING-20260625,2026-06-25,ACCT-022,BILLING,Production,SUCCESS,200,1420,1417,3,1876,0,
SYNC-ACCT-022-BILLING-20260628,2026-06-28,ACCT-022,BILLING,Production,SUCCESS,200,832,827,5,2060,0,
SYNC-ACCT-023-CRM-20251203,2025-12-03,ACCT-023,CRM,Production,SUCCESS,200,943,937,6,628,0,
SYNC-ACCT-023-CRM-20251206,2025-12-06,ACCT-023,CRM,Production,SUCCESS,200,874,867,7,3362,0,
SYNC-ACCT-023-CRM-20251209,2025-12-09,ACCT-023,CRM,Production,SUCCESS,200,975,967,8,2396,0,
SYNC-ACCT-023-CRM-20251212,2025-12-12,ACCT-023,CRM,Production,SUCCESS,200,1081,1080,1,582,0,
SYNC-ACCT-023-CRM-20251215,2025-12-15,ACCT-023,CRM,Production,SUCCESS,200,1295,1295,0,2215,0,
SYNC-ACCT-023-CRM-20251218,2025-12-18,ACCT-023,CRM,Production,SUCCESS,200,785,783,2,537,0,
SYNC-ACCT-023-CRM-20251221,2025-12-21,ACCT-023,CRM,Production,SUCCESS,200,1341,1340,1,1775,0,
SYNC-ACCT-023-CRM-20251224,2025-12-24,ACCT-023,CRM,Production,SUCCESS,200,1252,1243,9,551,0,
SYNC-ACCT-023-CRM-20251227,2025-12-27,ACCT-023,CRM,Production,SUCCESS,200,1214,1205,9,2505,0,
SYNC-ACCT-023-CRM-20251230,2025-12-30,ACCT-023,CRM,Production,SUCCESS,200,1395,1395,0,2393,0,
SYNC-ACCT-023-CRM-20260102,2026-01-02,ACCT-023,CRM,Production,SUCCESS,200,1017,1012,5,1237,0,
SYNC-ACCT-023-CRM-20260105,2026-01-05,ACCT-023,CRM,Production,SUCCESS,200,1059,1051,8,865,0,
SYNC-ACCT-023-CRM-20260108,2026-01-08,ACCT-023,CRM,Production,SUCCESS,200,1248,1247,1,2334,0,
SYNC-ACCT-023-CRM-20260111,2026-01-11,ACCT-023,CRM,Production,SUCCESS,200,765,763,2,1519,0,
SYNC-ACCT-023-CRM-20260114,2026-01-14,ACCT-023,CRM,Production,SUCCESS,200,1669,1660,9,2891,0,
SYNC-ACCT-023-CRM-20260117,2026-01-17,ACCT-023,CRM,Production,SUCCESS,200,1644,1631,13,2873,0,
SYNC-ACCT-023-CRM-20260120,2026-01-20,ACCT-023,CRM,Production,SUCCESS,200,1031,1027,4,1915,0,
SYNC-ACCT-023-CRM-20260123,2026-01-23,ACCT-023,CRM,Production,SUCCESS,200,1676,1666,10,1572,0,
SYNC-ACCT-023-CRM-20260126,2026-01-26,ACCT-023,CRM,Production,SUCCESS,200,1342,1342,0,1184,0,
SYNC-ACCT-023-CRM-20260129,2026-01-29,ACCT-023,CRM,Production,SUCCESS,200,1323,1320,3,1970,0,
SYNC-ACCT-023-CRM-20260201,2026-02-01,ACCT-023,CRM,Production,SUCCESS,200,1519,1515,4,2945,0,
SYNC-ACCT-023-CRM-20260204,2026-02-04,ACCT-023,CRM,Production,SUCCESS,200,1667,1663,4,1929,0,
SYNC-ACCT-023-CRM-20260207,2026-02-07,ACCT-023,CRM,Production,SUCCESS,200,754,752,2,851,0,
SYNC-ACCT-023-CRM-20260210,2026-02-10,ACCT-023,CRM,Production,SUCCESS,200,1203,1193,10,2440,0,
SYNC-ACCT-023-CRM-20260213,2026-02-13,ACCT-023,CRM,Production,SUCCESS,200,829,826,3,1358,0,
SYNC-ACCT-023-CRM-20260216,2026-02-16,ACCT-023,CRM,Production,SUCCESS,200,922,919,3,2358,0,
SYNC-ACCT-023-CRM-20260219,2026-02-19,ACCT-023,CRM,Production,SUCCESS,200,1560,1553,7,725,0,
SYNC-ACCT-023-CRM-20260222,2026-02-22,ACCT-023,CRM,Production,SUCCESS,200,1214,1207,7,2729,0,
SYNC-ACCT-023-CRM-20260225,2026-02-25,ACCT-023,CRM,Production,SUCCESS,200,1678,1674,4,2409,0,
SYNC-ACCT-023-CRM-20260228,2026-02-28,ACCT-023,CRM,Production,SUCCESS,200,1214,1211,3,1402,0,
SYNC-ACCT-023-CRM-20260303,2026-03-03,ACCT-023,CRM,Production,SUCCESS,200,1395,1392,3,3083,0,
SYNC-ACCT-023-CRM-20260306,2026-03-06,ACCT-023,CRM,Production,SUCCESS,200,1444,1437,7,2643,0,
SYNC-ACCT-023-CRM-20260309,2026-03-09,ACCT-023,CRM,Production,SUCCESS,200,1250,1246,4,2061,0,
SYNC-ACCT-023-CRM-20260312,2026-03-12,ACCT-023,CRM,Production,SUCCESS,200,1420,1409,11,1893,0,
SYNC-ACCT-023-CRM-20260315,2026-03-15,ACCT-023,CRM,Production,SUCCESS,200,1078,1078,0,1259,0,
SYNC-ACCT-023-CRM-20260318,2026-03-18,ACCT-023,CRM,Production,SUCCESS,200,1000,996,4,1622,0,
SYNC-ACCT-023-CRM-20260321,2026-03-21,ACCT-023,CRM,Production,SUCCESS,200,1090,1088,2,1092,0,
SYNC-ACCT-023-CRM-20260324,2026-03-24,ACCT-023,CRM,Production,SUCCESS,200,1036,1028,8,3212,0,
SYNC-ACCT-023-CRM-20260327,2026-03-27,ACCT-023,CRM,Production,SUCCESS,200,1628,1624,4,539,0,
SYNC-ACCT-023-CRM-20260330,2026-03-30,ACCT-023,CRM,Production,SUCCESS,200,1040,1037,3,1565,0,
SYNC-ACCT-023-CRM-20260402,2026-04-02,ACCT-023,CRM,Production,SUCCESS,200,1533,1526,7,1456,0,
SYNC-ACCT-023-CRM-20260405,2026-04-05,ACCT-023,CRM,Production,SUCCESS,200,1264,1259,5,2408,0,
SYNC-ACCT-023-CRM-20260408,2026-04-08,ACCT-023,CRM,Production,SUCCESS,200,1405,1403,2,2891,0,
SYNC-ACCT-023-CRM-20260411,2026-04-11,ACCT-023,CRM,Production,SUCCESS,200,824,820,4,1674,0,
SYNC-ACCT-023-CRM-20260414,2026-04-14,ACCT-023,CRM,Production,SUCCESS,200,1536,1524,12,2355,0,
SYNC-ACCT-023-CRM-20260417,2026-04-17,ACCT-023,CRM,Production,SUCCESS,200,915,915,0,3196,0,
SYNC-ACCT-023-CRM-20260420,2026-04-20,ACCT-023,CRM,Production,SUCCESS,200,1393,1389,4,971,0,
SYNC-ACCT-023-CRM-20260423,2026-04-23,ACCT-023,CRM,Production,SUCCESS,200,1550,1541,9,719,0,
SYNC-ACCT-023-CRM-20260426,2026-04-26,ACCT-023,CRM,Production,SUCCESS,200,1426,1419,7,1223,0,
SYNC-ACCT-023-CRM-20260429,2026-04-29,ACCT-023,CRM,Production,SUCCESS,200,1208,1199,9,3024,0,
SYNC-ACCT-023-CRM-20260502,2026-05-02,ACCT-023,CRM,Production,SUCCESS,200,1628,1618,10,1470,0,
SYNC-ACCT-023-CRM-20260505,2026-05-05,ACCT-023,CRM,Production,SUCCESS,200,813,806,7,1139,0,
SYNC-ACCT-023-CRM-20260508,2026-05-08,ACCT-023,CRM,Production,SUCCESS,200,1491,1488,3,2160,0,
SYNC-ACCT-023-CRM-20260511,2026-05-11,ACCT-023,CRM,Production,SUCCESS,200,1383,1376,7,2834,0,
SYNC-ACCT-023-CRM-20260514,2026-05-14,ACCT-023,CRM,Production,SUCCESS,200,1665,1652,13,2179,0,
SYNC-ACCT-023-CRM-20260517,2026-05-17,ACCT-023,CRM,Production,SUCCESS,200,778,776,2,1423,0,
SYNC-ACCT-023-CRM-20260520,2026-05-20,ACCT-023,CRM,Production,SUCCESS,200,859,858,1,862,0,
SYNC-ACCT-023-CRM-20260523,2026-05-23,ACCT-023,CRM,Production,SUCCESS,200,1316,1305,11,2673,0,
SYNC-ACCT-023-CRM-20260526,2026-05-26,ACCT-023,CRM,Production,SUCCESS,200,1571,1569,2,1695,0,
SYNC-ACCT-023-CRM-20260529,2026-05-29,ACCT-023,CRM,Production,SUCCESS,200,1012,1009,3,3050,0,
SYNC-ACCT-023-CRM-20260601,2026-06-01,ACCT-023,CRM,Production,SUCCESS,200,1607,1605,2,2319,0,
SYNC-ACCT-023-CRM-20260604,2026-06-04,ACCT-023,CRM,Production,SUCCESS,200,855,853,2,3138,0,
SYNC-ACCT-023-CRM-20260607,2026-06-07,ACCT-023,CRM,Production,SUCCESS,200,1431,1422,9,1569,0,
SYNC-ACCT-023-CRM-20260610,2026-06-10,ACCT-023,CRM,Production,SUCCESS,200,1069,1064,5,990,0,
SYNC-ACCT-023-CRM-20260613,2026-06-13,ACCT-023,CRM,Production,SUCCESS,200,912,909,3,2270,0,
SYNC-ACCT-023-CRM-20260616,2026-06-16,ACCT-023,CRM,Production,SUCCESS,200,1483,1473,10,1664,0,
SYNC-ACCT-023-CRM-20260619,2026-06-19,ACCT-023,CRM,Production,SUCCESS,200,1106,1098,8,2672,0,
SYNC-ACCT-023-CRM-20260622,2026-06-22,ACCT-023,CRM,Production,SUCCESS,200,970,969,1,3157,0,
SYNC-ACCT-023-CRM-20260625,2026-06-25,ACCT-023,CRM,Production,SUCCESS,200,816,816,0,2010,0,
SYNC-ACCT-023-CRM-20260628,2026-06-28,ACCT-023,CRM,Production,SUCCESS,200,900,898,2,2355,0,
SYNC-ACCT-023-BILLING-20251203,2025-12-03,ACCT-023,BILLING,Production,SUCCESS,200,894,889,5,1099,0,
SYNC-ACCT-023-BILLING-20251206,2025-12-06,ACCT-023,BILLING,Production,SUCCESS,200,1274,1270,4,829,0,
SYNC-ACCT-023-BILLING-20251209,2025-12-09,ACCT-023,BILLING,Production,SUCCESS,200,1634,1632,2,1941,0,
SYNC-ACCT-023-BILLING-20251212,2025-12-12,ACCT-023,BILLING,Production,SUCCESS,200,1342,1337,5,3089,0,
SYNC-ACCT-023-BILLING-20251215,2025-12-15,ACCT-023,BILLING,Production,SUCCESS,200,1244,1239,5,3199,0,
SYNC-ACCT-023-BILLING-20251218,2025-12-18,ACCT-023,BILLING,Production,SUCCESS,200,1085,1085,0,897,0,
SYNC-ACCT-023-BILLING-20251221,2025-12-21,ACCT-023,BILLING,Production,SUCCESS,200,806,801,5,1744,0,
SYNC-ACCT-023-BILLING-20251224,2025-12-24,ACCT-023,BILLING,Production,SUCCESS,200,1200,1199,1,2891,0,
SYNC-ACCT-023-BILLING-20251227,2025-12-27,ACCT-023,BILLING,Production,SUCCESS,200,1552,1543,9,1761,0,
SYNC-ACCT-023-BILLING-20251230,2025-12-30,ACCT-023,BILLING,Production,SUCCESS,200,1374,1364,10,531,0,
SYNC-ACCT-023-BILLING-20260102,2026-01-02,ACCT-023,BILLING,Production,FAILED,503,1069,0,1069,921,2,UPSTREAM_UNAVAILABLE
SYNC-ACCT-023-BILLING-20260105,2026-01-05,ACCT-023,BILLING,Production,SUCCESS,200,1667,1663,4,1938,0,
SYNC-ACCT-023-BILLING-20260108,2026-01-08,ACCT-023,BILLING,Production,SUCCESS,200,975,968,7,2524,0,
SYNC-ACCT-023-BILLING-20260111,2026-01-11,ACCT-023,BILLING,Production,SUCCESS,200,1606,1600,6,2236,0,
SYNC-ACCT-023-BILLING-20260114,2026-01-14,ACCT-023,BILLING,Production,SUCCESS,200,1028,1021,7,1907,0,
SYNC-ACCT-023-BILLING-20260117,2026-01-17,ACCT-023,BILLING,Production,SUCCESS,200,958,952,6,1391,0,
SYNC-ACCT-023-BILLING-20260120,2026-01-20,ACCT-023,BILLING,Production,SUCCESS,200,766,764,2,1955,0,
SYNC-ACCT-023-BILLING-20260123,2026-01-23,ACCT-023,BILLING,Production,SUCCESS,200,1614,1606,8,3395,0,
SYNC-ACCT-023-BILLING-20260126,2026-01-26,ACCT-023,BILLING,Production,SUCCESS,200,811,811,0,2008,0,
SYNC-ACCT-023-BILLING-20260129,2026-01-29,ACCT-023,BILLING,Production,SUCCESS,200,805,805,0,825,0,
SYNC-ACCT-023-BILLING-20260201,2026-02-01,ACCT-023,BILLING,Production,SUCCESS,200,777,777,0,2584,0,
SYNC-ACCT-023-BILLING-20260204,2026-02-04,ACCT-023,BILLING,Production,SUCCESS,200,1252,1249,3,509,0,
SYNC-ACCT-023-BILLING-20260207,2026-02-07,ACCT-023,BILLING,Production,SUCCESS,200,1382,1371,11,1955,0,
SYNC-ACCT-023-BILLING-20260210,2026-02-10,ACCT-023,BILLING,Production,SUCCESS,200,1619,1615,4,2769,0,
SYNC-ACCT-023-BILLING-20260213,2026-02-13,ACCT-023,BILLING,Production,SUCCESS,200,1009,1008,1,3248,0,
SYNC-ACCT-023-BILLING-20260216,2026-02-16,ACCT-023,BILLING,Production,SUCCESS,200,1557,1548,9,813,0,
SYNC-ACCT-023-BILLING-20260219,2026-02-19,ACCT-023,BILLING,Production,SUCCESS,200,1299,1291,8,642,0,
SYNC-ACCT-023-BILLING-20260222,2026-02-22,ACCT-023,BILLING,Production,SUCCESS,200,1317,1307,10,614,0,
SYNC-ACCT-023-BILLING-20260225,2026-02-25,ACCT-023,BILLING,Production,SUCCESS,200,1361,1353,8,3246,0,
SYNC-ACCT-023-BILLING-20260228,2026-02-28,ACCT-023,BILLING,Production,SUCCESS,200,1086,1084,2,1211,0,
SYNC-ACCT-023-BILLING-20260303,2026-03-03,ACCT-023,BILLING,Production,SUCCESS,200,1526,1522,4,971,0,
SYNC-ACCT-023-BILLING-20260306,2026-03-06,ACCT-023,BILLING,Production,SUCCESS,200,1280,1280,0,1682,0,
SYNC-ACCT-023-BILLING-20260309,2026-03-09,ACCT-023,BILLING,Production,SUCCESS,200,1386,1385,1,1350,0,
SYNC-ACCT-023-BILLING-20260312,2026-03-12,ACCT-023,BILLING,Production,SUCCESS,200,993,987,6,539,0,
SYNC-ACCT-023-BILLING-20260315,2026-03-15,ACCT-023,BILLING,Production,SUCCESS,200,1121,1113,8,1334,0,
SYNC-ACCT-023-BILLING-20260318,2026-03-18,ACCT-023,BILLING,Production,SUCCESS,200,799,793,6,2449,0,
SYNC-ACCT-023-BILLING-20260321,2026-03-21,ACCT-023,BILLING,Production,SUCCESS,200,1622,1612,10,1716,0,
SYNC-ACCT-023-BILLING-20260324,2026-03-24,ACCT-023,BILLING,Production,SUCCESS,200,1329,1324,5,3031,0,
SYNC-ACCT-023-BILLING-20260327,2026-03-27,ACCT-023,BILLING,Production,SUCCESS,200,1394,1393,1,1066,0,
SYNC-ACCT-023-BILLING-20260330,2026-03-30,ACCT-023,BILLING,Production,SUCCESS,200,755,755,0,1408,0,
SYNC-ACCT-023-BILLING-20260402,2026-04-02,ACCT-023,BILLING,Production,SUCCESS,200,1251,1251,0,1118,0,
SYNC-ACCT-023-BILLING-20260405,2026-04-05,ACCT-023,BILLING,Production,SUCCESS,200,809,808,1,2844,0,
SYNC-ACCT-023-BILLING-20260408,2026-04-08,ACCT-023,BILLING,Production,SUCCESS,200,1380,1380,0,2627,0,
SYNC-ACCT-023-BILLING-20260411,2026-04-11,ACCT-023,BILLING,Production,SUCCESS,200,1406,1402,4,2662,0,
SYNC-ACCT-023-BILLING-20260414,2026-04-14,ACCT-023,BILLING,Production,SUCCESS,200,1210,1206,4,1280,0,
SYNC-ACCT-023-BILLING-20260417,2026-04-17,ACCT-023,BILLING,Production,SUCCESS,200,1628,1615,13,2953,0,
SYNC-ACCT-023-BILLING-20260420,2026-04-20,ACCT-023,BILLING,Production,SUCCESS,200,995,995,0,2350,0,
SYNC-ACCT-023-BILLING-20260423,2026-04-23,ACCT-023,BILLING,Production,SUCCESS,200,1583,1575,8,2993,0,
SYNC-ACCT-023-BILLING-20260426,2026-04-26,ACCT-023,BILLING,Production,SUCCESS,200,749,749,0,2846,0,
SYNC-ACCT-023-BILLING-20260429,2026-04-29,ACCT-023,BILLING,Production,SUCCESS,200,1396,1392,4,516,0,
SYNC-ACCT-023-BILLING-20260502,2026-05-02,ACCT-023,BILLING,Production,SUCCESS,200,1444,1436,8,1469,0,
SYNC-ACCT-023-BILLING-20260505,2026-05-05,ACCT-023,BILLING,Production,SUCCESS,200,1347,1339,8,618,0,
SYNC-ACCT-023-BILLING-20260508,2026-05-08,ACCT-023,BILLING,Production,SUCCESS,200,1554,1548,6,2634,0,
SYNC-ACCT-023-BILLING-20260511,2026-05-11,ACCT-023,BILLING,Production,SUCCESS,200,739,736,3,1099,0,
SYNC-ACCT-023-BILLING-20260514,2026-05-14,ACCT-023,BILLING,Production,SUCCESS,200,1232,1231,1,1068,0,
SYNC-ACCT-023-BILLING-20260517,2026-05-17,ACCT-023,BILLING,Production,SUCCESS,200,830,830,0,967,0,
SYNC-ACCT-023-BILLING-20260520,2026-05-20,ACCT-023,BILLING,Production,SUCCESS,200,1621,1614,7,1421,0,
SYNC-ACCT-023-BILLING-20260523,2026-05-23,ACCT-023,BILLING,Production,SUCCESS,200,1036,1034,2,684,0,
SYNC-ACCT-023-BILLING-20260526,2026-05-26,ACCT-023,BILLING,Production,SUCCESS,200,1219,1211,8,1589,0,
SYNC-ACCT-023-BILLING-20260529,2026-05-29,ACCT-023,BILLING,Production,SUCCESS,200,798,795,3,1196,0,
SYNC-ACCT-023-BILLING-20260601,2026-06-01,ACCT-023,BILLING,Production,SUCCESS,200,865,863,2,1981,0,
SYNC-ACCT-023-BILLING-20260604,2026-06-04,ACCT-023,BILLING,Production,SUCCESS,200,1082,1081,1,1245,0,
SYNC-ACCT-023-BILLING-20260607,2026-06-07,ACCT-023,BILLING,Production,SUCCESS,200,1320,1316,4,2129,0,
SYNC-ACCT-023-BILLING-20260610,2026-06-10,ACCT-023,BILLING,Production,SUCCESS,200,1673,1673,0,510,0,
SYNC-ACCT-023-BILLING-20260613,2026-06-13,ACCT-023,BILLING,Production,SUCCESS,200,1473,1468,5,2639,0,
SYNC-ACCT-023-BILLING-20260616,2026-06-16,ACCT-023,BILLING,Production,SUCCESS,200,1092,1086,6,827,0,
SYNC-ACCT-023-BILLING-20260619,2026-06-19,ACCT-023,BILLING,Production,SUCCESS,200,930,930,0,619,0,
SYNC-ACCT-023-BILLING-20260622,2026-06-22,ACCT-023,BILLING,Production,SUCCESS,200,1332,1330,2,2228,0,
SYNC-ACCT-023-BILLING-20260625,2026-06-25,ACCT-023,BILLING,Production,SUCCESS,200,931,930,1,740,0,
SYNC-ACCT-023-BILLING-20260628,2026-06-28,ACCT-023,BILLING,Production,SUCCESS,200,1489,1483,6,3378,0,
SYNC-ACCT-024-CRM-20251206,2025-12-06,ACCT-024,CRM,Production,SUCCESS,200,1612,1607,5,972,0,
SYNC-ACCT-024-CRM-20251209,2025-12-09,ACCT-024,CRM,Production,SUCCESS,200,813,810,3,3219,0,
SYNC-ACCT-024-CRM-20251212,2025-12-12,ACCT-024,CRM,Production,SUCCESS,200,1268,1261,7,1026,0,
SYNC-ACCT-024-CRM-20251215,2025-12-15,ACCT-024,CRM,Production,SUCCESS,200,970,964,6,2909,0,
SYNC-ACCT-024-CRM-20251218,2025-12-18,ACCT-024,CRM,Production,SUCCESS,200,1207,1203,4,1331,0,
SYNC-ACCT-024-CRM-20251221,2025-12-21,ACCT-024,CRM,Production,SUCCESS,200,829,823,6,825,0,
SYNC-ACCT-024-CRM-20251224,2025-12-24,ACCT-024,CRM,Production,SUCCESS,200,820,820,0,1762,0,
SYNC-ACCT-024-CRM-20251227,2025-12-27,ACCT-024,CRM,Production,SUCCESS,200,1324,1315,9,1842,0,
SYNC-ACCT-024-CRM-20251230,2025-12-30,ACCT-024,CRM,Production,SUCCESS,200,1135,1127,8,2142,0,
SYNC-ACCT-024-CRM-20260102,2026-01-02,ACCT-024,CRM,Production,SUCCESS,200,1606,1598,8,2346,0,
SYNC-ACCT-024-CRM-20260105,2026-01-05,ACCT-024,CRM,Production,SUCCESS,200,1402,1394,8,621,0,
SYNC-ACCT-024-CRM-20260108,2026-01-08,ACCT-024,CRM,Production,SUCCESS,200,931,924,7,1220,0,
SYNC-ACCT-024-CRM-20260111,2026-01-11,ACCT-024,CRM,Production,SUCCESS,200,1158,1151,7,3230,0,
SYNC-ACCT-024-CRM-20260114,2026-01-14,ACCT-024,CRM,Production,SUCCESS,200,1546,1535,11,2162,0,
SYNC-ACCT-024-CRM-20260117,2026-01-17,ACCT-024,CRM,Production,SUCCESS,200,1660,1649,11,712,0,
SYNC-ACCT-024-CRM-20260120,2026-01-20,ACCT-024,CRM,Production,SUCCESS,200,1067,1066,1,864,0,
SYNC-ACCT-024-CRM-20260123,2026-01-23,ACCT-024,CRM,Production,SUCCESS,200,1096,1087,9,2684,0,
SYNC-ACCT-024-CRM-20260126,2026-01-26,ACCT-024,CRM,Production,SUCCESS,200,758,756,2,1510,0,
SYNC-ACCT-024-CRM-20260129,2026-01-29,ACCT-024,CRM,Production,SUCCESS,200,1292,1284,8,2785,0,
SYNC-ACCT-024-CRM-20260201,2026-02-01,ACCT-024,CRM,Production,SUCCESS,200,1479,1472,7,2602,0,
SYNC-ACCT-024-CRM-20260204,2026-02-04,ACCT-024,CRM,Production,SUCCESS,200,1110,1106,4,1893,0,
SYNC-ACCT-024-CRM-20260207,2026-02-07,ACCT-024,CRM,Production,SUCCESS,200,1565,1553,12,700,0,
SYNC-ACCT-024-CRM-20260210,2026-02-10,ACCT-024,CRM,Production,SUCCESS,200,1550,1548,2,3143,0,
SYNC-ACCT-024-CRM-20260213,2026-02-13,ACCT-024,CRM,Production,SUCCESS,200,1489,1486,3,2357,0,
SYNC-ACCT-024-CRM-20260216,2026-02-16,ACCT-024,CRM,Production,SUCCESS,200,1413,1407,6,2590,0,
SYNC-ACCT-024-CRM-20260219,2026-02-19,ACCT-024,CRM,Production,SUCCESS,200,968,967,1,2321,0,
SYNC-ACCT-024-CRM-20260222,2026-02-22,ACCT-024,CRM,Production,SUCCESS,200,1613,1603,10,1138,0,
SYNC-ACCT-024-CRM-20260225,2026-02-25,ACCT-024,CRM,Production,SUCCESS,200,1084,1079,5,2625,0,
SYNC-ACCT-024-CRM-20260228,2026-02-28,ACCT-024,CRM,Production,SUCCESS,200,1342,1337,5,2317,0,
SYNC-ACCT-024-CRM-20260303,2026-03-03,ACCT-024,CRM,Production,SUCCESS,200,1563,1563,0,1398,0,
SYNC-ACCT-024-CRM-20260306,2026-03-06,ACCT-024,CRM,Production,SUCCESS,200,1403,1399,4,3042,0,
SYNC-ACCT-024-CRM-20260309,2026-03-09,ACCT-024,CRM,Production,FAILED,503,939,0,939,2655,2,UPSTREAM_UNAVAILABLE
SYNC-ACCT-024-CRM-20260312,2026-03-12,ACCT-024,CRM,Production,SUCCESS,200,1130,1130,0,725,0,
SYNC-ACCT-024-CRM-20260315,2026-03-15,ACCT-024,CRM,Production,SUCCESS,200,957,952,5,2933,0,
SYNC-ACCT-024-CRM-20260318,2026-03-18,ACCT-024,CRM,Production,SUCCESS,200,1557,1554,3,3185,0,
SYNC-ACCT-024-CRM-20260321,2026-03-21,ACCT-024,CRM,Production,SUCCESS,200,1196,1194,2,2419,0,
SYNC-ACCT-024-CRM-20260324,2026-03-24,ACCT-024,CRM,Production,SUCCESS,200,849,843,6,1823,0,
SYNC-ACCT-024-CRM-20260327,2026-03-27,ACCT-024,CRM,Production,SUCCESS,200,1187,1180,7,2895,0,
SYNC-ACCT-024-CRM-20260330,2026-03-30,ACCT-024,CRM,Production,SUCCESS,200,1330,1319,11,1546,0,
SYNC-ACCT-024-CRM-20260402,2026-04-02,ACCT-024,CRM,Production,SUCCESS,200,1513,1512,1,1878,0,
SYNC-ACCT-024-CRM-20260405,2026-04-05,ACCT-024,CRM,Production,SUCCESS,200,911,905,6,1723,0,
SYNC-ACCT-024-CRM-20260408,2026-04-08,ACCT-024,CRM,Production,SUCCESS,200,943,935,8,886,0,
SYNC-ACCT-024-CRM-20260411,2026-04-11,ACCT-024,CRM,Production,SUCCESS,200,1448,1439,9,3347,0,
SYNC-ACCT-024-CRM-20260414,2026-04-14,ACCT-024,CRM,Production,SUCCESS,200,1373,1369,4,1468,0,
SYNC-ACCT-024-CRM-20260417,2026-04-17,ACCT-024,CRM,Production,SUCCESS,200,1271,1266,5,1939,0,
SYNC-ACCT-024-CRM-20260420,2026-04-20,ACCT-024,CRM,Production,SUCCESS,200,1318,1317,1,3097,0,
SYNC-ACCT-024-CRM-20260423,2026-04-23,ACCT-024,CRM,Production,SUCCESS,200,721,716,5,2823,0,
SYNC-ACCT-024-CRM-20260426,2026-04-26,ACCT-024,CRM,Production,SUCCESS,200,1265,1258,7,1996,0,
SYNC-ACCT-024-CRM-20260429,2026-04-29,ACCT-024,CRM,Production,SUCCESS,200,1680,1675,5,1572,0,
SYNC-ACCT-024-CRM-20260502,2026-05-02,ACCT-024,CRM,Production,SUCCESS,200,1062,1058,4,2935,0,
SYNC-ACCT-024-CRM-20260505,2026-05-05,ACCT-024,CRM,Production,SUCCESS,200,923,916,7,1367,0,
SYNC-ACCT-024-CRM-20260508,2026-05-08,ACCT-024,CRM,Production,SUCCESS,200,721,715,6,1734,0,
SYNC-ACCT-024-CRM-20260511,2026-05-11,ACCT-024,CRM,Production,SUCCESS,200,1670,1661,9,1058,0,
SYNC-ACCT-024-CRM-20260514,2026-05-14,ACCT-024,CRM,Production,SUCCESS,200,767,767,0,2795,0,
SYNC-ACCT-024-CRM-20260517,2026-05-17,ACCT-024,CRM,Production,SUCCESS,200,1283,1277,6,2612,0,
SYNC-ACCT-024-CRM-20260520,2026-05-20,ACCT-024,CRM,Production,SUCCESS,200,1354,1353,1,3207,0,
SYNC-ACCT-024-CRM-20260523,2026-05-23,ACCT-024,CRM,Production,SUCCESS,200,1180,1171,9,1209,0,
SYNC-ACCT-024-CRM-20260526,2026-05-26,ACCT-024,CRM,Production,SUCCESS,200,1224,1224,0,2478,0,
SYNC-ACCT-024-CRM-20260529,2026-05-29,ACCT-024,CRM,Production,SUCCESS,200,1123,1116,7,2956,0,
SYNC-ACCT-024-CRM-20260601,2026-06-01,ACCT-024,CRM,Production,SUCCESS,200,773,771,2,1484,0,
SYNC-ACCT-024-CRM-20260604,2026-06-04,ACCT-024,CRM,Production,SUCCESS,200,1326,1324,2,2935,0,
SYNC-ACCT-024-CRM-20260607,2026-06-07,ACCT-024,CRM,Production,SUCCESS,200,1624,1613,11,2914,0,
SYNC-ACCT-024-CRM-20260610,2026-06-10,ACCT-024,CRM,Production,SUCCESS,200,1131,1126,5,2265,0,
SYNC-ACCT-024-CRM-20260613,2026-06-13,ACCT-024,CRM,Production,SUCCESS,200,1182,1175,7,2904,0,
SYNC-ACCT-024-CRM-20260616,2026-06-16,ACCT-024,CRM,Production,SUCCESS,200,1166,1158,8,3193,0,
SYNC-ACCT-024-CRM-20260619,2026-06-19,ACCT-024,CRM,Production,SUCCESS,200,1277,1270,7,2627,0,
SYNC-ACCT-024-CRM-20260622,2026-06-22,ACCT-024,CRM,Production,SUCCESS,200,786,780,6,2938,0,
SYNC-ACCT-024-CRM-20260625,2026-06-25,ACCT-024,CRM,Production,SUCCESS,200,758,753,5,2537,0,
SYNC-ACCT-024-CRM-20260628,2026-06-28,ACCT-024,CRM,Production,SUCCESS,200,812,809,3,738,0,
SYNC-ACCT-024-BILLING-20251206,2025-12-06,ACCT-024,BILLING,Production,SUCCESS,200,932,925,7,852,0,
SYNC-ACCT-024-BILLING-20251209,2025-12-09,ACCT-024,BILLING,Production,SUCCESS,200,1364,1359,5,632,0,
SYNC-ACCT-024-BILLING-20251212,2025-12-12,ACCT-024,BILLING,Production,SUCCESS,200,854,853,1,1907,0,
SYNC-ACCT-024-BILLING-20251215,2025-12-15,ACCT-024,BILLING,Production,SUCCESS,200,1245,1237,8,1558,0,
SYNC-ACCT-024-BILLING-20251218,2025-12-18,ACCT-024,BILLING,Production,SUCCESS,200,1250,1240,10,938,0,
SYNC-ACCT-024-BILLING-20251221,2025-12-21,ACCT-024,BILLING,Production,SUCCESS,200,844,837,7,1553,0,
SYNC-ACCT-024-BILLING-20251224,2025-12-24,ACCT-024,BILLING,Production,SUCCESS,200,1517,1505,12,679,0,
SYNC-ACCT-024-BILLING-20251227,2025-12-27,ACCT-024,BILLING,Production,SUCCESS,200,917,917,0,568,0,
SYNC-ACCT-024-BILLING-20251230,2025-12-30,ACCT-024,BILLING,Production,SUCCESS,200,1102,1102,0,1877,0,
SYNC-ACCT-024-BILLING-20260102,2026-01-02,ACCT-024,BILLING,Production,SUCCESS,200,1434,1425,9,1248,0,
SYNC-ACCT-024-BILLING-20260105,2026-01-05,ACCT-024,BILLING,Production,SUCCESS,200,791,788,3,3368,0,
SYNC-ACCT-024-BILLING-20260108,2026-01-08,ACCT-024,BILLING,Production,SUCCESS,200,978,970,8,1669,0,
SYNC-ACCT-024-BILLING-20260111,2026-01-11,ACCT-024,BILLING,Production,SUCCESS,200,1033,1027,6,1245,0,
SYNC-ACCT-024-BILLING-20260114,2026-01-14,ACCT-024,BILLING,Production,SUCCESS,200,920,919,1,3177,0,
SYNC-ACCT-024-BILLING-20260117,2026-01-17,ACCT-024,BILLING,Production,SUCCESS,200,1338,1330,8,2230,0,
SYNC-ACCT-024-BILLING-20260120,2026-01-20,ACCT-024,BILLING,Production,SUCCESS,200,801,800,1,2070,0,
SYNC-ACCT-024-BILLING-20260123,2026-01-23,ACCT-024,BILLING,Production,SUCCESS,200,1114,1112,2,989,0,
SYNC-ACCT-024-BILLING-20260126,2026-01-26,ACCT-024,BILLING,Production,SUCCESS,200,1161,1155,6,2360,0,
SYNC-ACCT-024-BILLING-20260129,2026-01-29,ACCT-024,BILLING,Production,SUCCESS,200,1630,1630,0,1616,0,
SYNC-ACCT-024-BILLING-20260201,2026-02-01,ACCT-024,BILLING,Production,SUCCESS,200,1011,1006,5,1000,0,
SYNC-ACCT-024-BILLING-20260204,2026-02-04,ACCT-024,BILLING,Production,SUCCESS,200,981,981,0,1306,0,
SYNC-ACCT-024-BILLING-20260207,2026-02-07,ACCT-024,BILLING,Production,SUCCESS,200,1488,1485,3,3123,0,
SYNC-ACCT-024-BILLING-20260210,2026-02-10,ACCT-024,BILLING,Production,SUCCESS,200,887,887,0,598,0,
SYNC-ACCT-024-BILLING-20260213,2026-02-13,ACCT-024,BILLING,Production,SUCCESS,200,906,902,4,3279,0,
SYNC-ACCT-024-BILLING-20260216,2026-02-16,ACCT-024,BILLING,Production,SUCCESS,200,1518,1518,0,3024,0,
SYNC-ACCT-024-BILLING-20260219,2026-02-19,ACCT-024,BILLING,Production,SUCCESS,200,1542,1533,9,1264,0,
SYNC-ACCT-024-BILLING-20260222,2026-02-22,ACCT-024,BILLING,Production,SUCCESS,200,1448,1439,9,1439,0,
SYNC-ACCT-024-BILLING-20260225,2026-02-25,ACCT-024,BILLING,Production,SUCCESS,200,1113,1112,1,779,0,
SYNC-ACCT-024-BILLING-20260228,2026-02-28,ACCT-024,BILLING,Production,SUCCESS,200,910,903,7,1317,0,
SYNC-ACCT-024-BILLING-20260303,2026-03-03,ACCT-024,BILLING,Production,SUCCESS,200,1390,1383,7,1922,0,
SYNC-ACCT-024-BILLING-20260306,2026-03-06,ACCT-024,BILLING,Production,SUCCESS,200,1015,1008,7,3308,0,
SYNC-ACCT-024-BILLING-20260309,2026-03-09,ACCT-024,BILLING,Production,SUCCESS,200,1667,1665,2,1278,0,
SYNC-ACCT-024-BILLING-20260312,2026-03-12,ACCT-024,BILLING,Production,SUCCESS,200,1613,1609,4,2139,0,
SYNC-ACCT-024-BILLING-20260315,2026-03-15,ACCT-024,BILLING,Production,SUCCESS,200,1352,1341,11,2720,0,
SYNC-ACCT-024-BILLING-20260318,2026-03-18,ACCT-024,BILLING,Production,SUCCESS,200,787,783,4,1773,0,
SYNC-ACCT-024-BILLING-20260321,2026-03-21,ACCT-024,BILLING,Production,SUCCESS,200,1606,1594,12,1041,0,
SYNC-ACCT-024-BILLING-20260324,2026-03-24,ACCT-024,BILLING,Production,SUCCESS,200,813,807,6,546,0,
SYNC-ACCT-024-BILLING-20260327,2026-03-27,ACCT-024,BILLING,Production,SUCCESS,200,1018,1018,0,910,0,
SYNC-ACCT-024-BILLING-20260330,2026-03-30,ACCT-024,BILLING,Production,SUCCESS,200,1297,1292,5,1916,0,
SYNC-ACCT-024-BILLING-20260402,2026-04-02,ACCT-024,BILLING,Production,SUCCESS,200,1364,1360,4,1511,0,
SYNC-ACCT-024-BILLING-20260405,2026-04-05,ACCT-024,BILLING,Production,SUCCESS,200,1048,1044,4,2597,0,
SYNC-ACCT-024-BILLING-20260408,2026-04-08,ACCT-024,BILLING,Production,SUCCESS,200,727,725,2,1167,0,
SYNC-ACCT-024-BILLING-20260411,2026-04-11,ACCT-024,BILLING,Production,SUCCESS,200,1238,1231,7,2916,0,
SYNC-ACCT-024-BILLING-20260414,2026-04-14,ACCT-024,BILLING,Production,SUCCESS,200,1106,1098,8,2717,0,
SYNC-ACCT-024-BILLING-20260417,2026-04-17,ACCT-024,BILLING,Production,SUCCESS,200,1234,1225,9,1227,0,
SYNC-ACCT-024-BILLING-20260420,2026-04-20,ACCT-024,BILLING,Production,SUCCESS,200,1459,1452,7,2340,0,
SYNC-ACCT-024-BILLING-20260423,2026-04-23,ACCT-024,BILLING,Production,SUCCESS,200,1504,1494,10,654,0,
SYNC-ACCT-024-BILLING-20260426,2026-04-26,ACCT-024,BILLING,Production,SUCCESS,200,1148,1148,0,2988,0,
SYNC-ACCT-024-BILLING-20260429,2026-04-29,ACCT-024,BILLING,Production,SUCCESS,200,723,723,0,1303,0,
SYNC-ACCT-024-BILLING-20260502,2026-05-02,ACCT-024,BILLING,Production,SUCCESS,200,947,942,5,2918,0,
SYNC-ACCT-024-BILLING-20260505,2026-05-05,ACCT-024,BILLING,Production,FAILED,422,1089,828,261,2642,0,SCHEMA_FIELD_CHANGED
SYNC-ACCT-024-BILLING-20260508,2026-05-08,ACCT-024,BILLING,Production,FAILED,422,1240,942,298,2043,0,SCHEMA_FIELD_CHANGED
SYNC-ACCT-024-BILLING-20260511,2026-05-11,ACCT-024,BILLING,Production,FAILED,422,1229,934,295,3040,0,SCHEMA_FIELD_CHANGED
SYNC-ACCT-024-BILLING-20260514,2026-05-14,ACCT-024,BILLING,Production,FAILED,503,1244,0,1244,1864,2,UPSTREAM_UNAVAILABLE
SYNC-ACCT-024-BILLING-20260517,2026-05-17,ACCT-024,BILLING,Production,SUCCESS,200,1020,1016,4,1421,0,
SYNC-ACCT-024-BILLING-20260520,2026-05-20,ACCT-024,BILLING,Production,SUCCESS,200,1003,999,4,2720,0,
SYNC-ACCT-024-BILLING-20260523,2026-05-23,ACCT-024,BILLING,Production,SUCCESS,200,1583,1572,11,1955,0,
SYNC-ACCT-024-BILLING-20260526,2026-05-26,ACCT-024,BILLING,Production,SUCCESS,200,871,871,0,2425,0,
SYNC-ACCT-024-BILLING-20260529,2026-05-29,ACCT-024,BILLING,Production,SUCCESS,200,1078,1075,3,1036,0,
SYNC-ACCT-024-BILLING-20260601,2026-06-01,ACCT-024,BILLING,Production,SUCCESS,200,1577,1572,5,3226,0,
SYNC-ACCT-024-BILLING-20260604,2026-06-04,ACCT-024,BILLING,Production,SUCCESS,200,758,754,4,2269,0,
SYNC-ACCT-024-BILLING-20260607,2026-06-07,ACCT-024,BILLING,Production,SUCCESS,200,827,825,2,896,0,
SYNC-ACCT-024-BILLING-20260610,2026-06-10,ACCT-024,BILLING,Production,SUCCESS,200,1603,1600,3,2300,0,
SYNC-ACCT-024-BILLING-20260613,2026-06-13,ACCT-024,BILLING,Production,SUCCESS,200,1606,1606,0,2936,0,
SYNC-ACCT-024-BILLING-20260616,2026-06-16,ACCT-024,BILLING,Production,SUCCESS,200,1009,1006,3,3400,0,
SYNC-ACCT-024-BILLING-20260619,2026-06-19,ACCT-024,BILLING,Production,SUCCESS,200,1410,1409,1,3102,0,
SYNC-ACCT-024-BILLING-20260622,2026-06-22,ACCT-024,BILLING,Production,SUCCESS,200,1165,1157,8,834,0,
SYNC-ACCT-024-BILLING-20260625,2026-06-25,ACCT-024,BILLING,Production,SUCCESS,200,1486,1484,2,3304,0,
SYNC-ACCT-024-BILLING-20260628,2026-06-28,ACCT-024,BILLING,Production,SUCCESS,200,1077,1072,5,2322,0,
SYNC-ACCT-024-PRODUCT-20251206,2025-12-06,ACCT-024,PRODUCT,Production,SUCCESS,200,1596,1588,8,2538,0,
SYNC-ACCT-024-PRODUCT-20251209,2025-12-09,ACCT-024,PRODUCT,Production,SUCCESS,200,1397,1393,4,3215,0,
SYNC-ACCT-024-PRODUCT-20251212,2025-12-12,ACCT-024,PRODUCT,Production,SUCCESS,200,1500,1493,7,1242,0,
SYNC-ACCT-024-PRODUCT-20251215,2025-12-15,ACCT-024,PRODUCT,Production,SUCCESS,200,1169,1169,0,1564,0,
SYNC-ACCT-024-PRODUCT-20251218,2025-12-18,ACCT-024,PRODUCT,Production,SUCCESS,200,1430,1422,8,1974,0,
SYNC-ACCT-024-PRODUCT-20251221,2025-12-21,ACCT-024,PRODUCT,Production,SUCCESS,200,1281,1274,7,3004,0,
SYNC-ACCT-024-PRODUCT-20251224,2025-12-24,ACCT-024,PRODUCT,Production,FAILED,503,745,0,745,1534,2,UPSTREAM_UNAVAILABLE
SYNC-ACCT-024-PRODUCT-20251227,2025-12-27,ACCT-024,PRODUCT,Production,SUCCESS,200,1537,1525,12,1448,0,
SYNC-ACCT-024-PRODUCT-20251230,2025-12-30,ACCT-024,PRODUCT,Production,SUCCESS,200,953,950,3,1420,0,
SYNC-ACCT-024-PRODUCT-20260102,2026-01-02,ACCT-024,PRODUCT,Production,SUCCESS,200,1274,1270,4,2739,0,
SYNC-ACCT-024-PRODUCT-20260105,2026-01-05,ACCT-024,PRODUCT,Production,SUCCESS,200,1305,1298,7,2453,0,
SYNC-ACCT-024-PRODUCT-20260108,2026-01-08,ACCT-024,PRODUCT,Production,SUCCESS,200,746,745,1,1183,0,
SYNC-ACCT-024-PRODUCT-20260111,2026-01-11,ACCT-024,PRODUCT,Production,SUCCESS,200,1380,1378,2,1201,0,
SYNC-ACCT-024-PRODUCT-20260114,2026-01-14,ACCT-024,PRODUCT,Production,FAILED,503,1376,0,1376,3221,2,UPSTREAM_UNAVAILABLE
SYNC-ACCT-024-PRODUCT-20260117,2026-01-17,ACCT-024,PRODUCT,Production,SUCCESS,200,1570,1562,8,3260,0,
SYNC-ACCT-024-PRODUCT-20260120,2026-01-20,ACCT-024,PRODUCT,Production,SUCCESS,200,755,749,6,1632,0,
SYNC-ACCT-024-PRODUCT-20260123,2026-01-23,ACCT-024,PRODUCT,Production,SUCCESS,200,889,882,7,1810,0,
SYNC-ACCT-024-PRODUCT-20260126,2026-01-26,ACCT-024,PRODUCT,Production,SUCCESS,200,1217,1209,8,1299,0,
SYNC-ACCT-024-PRODUCT-20260129,2026-01-29,ACCT-024,PRODUCT,Production,SUCCESS,200,868,865,3,1306,0,
SYNC-ACCT-024-PRODUCT-20260201,2026-02-01,ACCT-024,PRODUCT,Production,SUCCESS,200,806,806,0,1966,0,
SYNC-ACCT-024-PRODUCT-20260204,2026-02-04,ACCT-024,PRODUCT,Production,SUCCESS,200,1561,1555,6,1777,0,
SYNC-ACCT-024-PRODUCT-20260207,2026-02-07,ACCT-024,PRODUCT,Production,SUCCESS,200,1029,1027,2,3027,0,
SYNC-ACCT-024-PRODUCT-20260210,2026-02-10,ACCT-024,PRODUCT,Production,SUCCESS,200,1171,1166,5,715,0,
SYNC-ACCT-024-PRODUCT-20260213,2026-02-13,ACCT-024,PRODUCT,Production,SUCCESS,200,984,981,3,2228,0,
SYNC-ACCT-024-PRODUCT-20260216,2026-02-16,ACCT-024,PRODUCT,Production,SUCCESS,200,977,975,2,1308,0,
SYNC-ACCT-024-PRODUCT-20260219,2026-02-19,ACCT-024,PRODUCT,Production,SUCCESS,200,909,904,5,2214,0,
SYNC-ACCT-024-PRODUCT-20260222,2026-02-22,ACCT-024,PRODUCT,Production,SUCCESS,200,1457,1445,12,2515,0,
SYNC-ACCT-024-PRODUCT-20260225,2026-02-25,ACCT-024,PRODUCT,Production,SUCCESS,200,1487,1481,6,1213,0,
SYNC-ACCT-024-PRODUCT-20260228,2026-02-28,ACCT-024,PRODUCT,Production,SUCCESS,200,794,794,0,1480,0,
SYNC-ACCT-024-PRODUCT-20260303,2026-03-03,ACCT-024,PRODUCT,Production,SUCCESS,200,1602,1598,4,678,0,
SYNC-ACCT-024-PRODUCT-20260306,2026-03-06,ACCT-024,PRODUCT,Production,SUCCESS,200,1329,1319,10,3090,0,
SYNC-ACCT-024-PRODUCT-20260309,2026-03-09,ACCT-024,PRODUCT,Production,SUCCESS,200,1565,1558,7,2533,0,
SYNC-ACCT-024-PRODUCT-20260312,2026-03-12,ACCT-024,PRODUCT,Production,SUCCESS,200,984,983,1,2105,0,
SYNC-ACCT-024-PRODUCT-20260315,2026-03-15,ACCT-024,PRODUCT,Production,SUCCESS,200,999,991,8,514,0,
SYNC-ACCT-024-PRODUCT-20260318,2026-03-18,ACCT-024,PRODUCT,Production,SUCCESS,200,1063,1061,2,1931,0,
SYNC-ACCT-024-PRODUCT-20260321,2026-03-21,ACCT-024,PRODUCT,Production,SUCCESS,200,1435,1427,8,1792,0,
SYNC-ACCT-024-PRODUCT-20260324,2026-03-24,ACCT-024,PRODUCT,Production,SUCCESS,200,1086,1077,9,2287,0,
SYNC-ACCT-024-PRODUCT-20260327,2026-03-27,ACCT-024,PRODUCT,Production,SUCCESS,200,1653,1649,4,1662,0,
SYNC-ACCT-024-PRODUCT-20260330,2026-03-30,ACCT-024,PRODUCT,Production,SUCCESS,200,789,786,3,909,0,
SYNC-ACCT-024-PRODUCT-20260402,2026-04-02,ACCT-024,PRODUCT,Production,SUCCESS,200,1080,1073,7,1228,0,
SYNC-ACCT-024-PRODUCT-20260405,2026-04-05,ACCT-024,PRODUCT,Production,SUCCESS,200,1596,1587,9,2760,0,
SYNC-ACCT-024-PRODUCT-20260408,2026-04-08,ACCT-024,PRODUCT,Production,SUCCESS,200,1270,1262,8,899,0,
SYNC-ACCT-024-PRODUCT-20260411,2026-04-11,ACCT-024,PRODUCT,Production,SUCCESS,200,1096,1088,8,1946,0,
SYNC-ACCT-024-PRODUCT-20260414,2026-04-14,ACCT-024,PRODUCT,Production,SUCCESS,200,1313,1309,4,2922,0,
SYNC-ACCT-024-PRODUCT-20260417,2026-04-17,ACCT-024,PRODUCT,Production,SUCCESS,200,1504,1492,12,1318,0,
SYNC-ACCT-024-PRODUCT-20260420,2026-04-20,ACCT-024,PRODUCT,Production,SUCCESS,200,1634,1625,9,510,0,
SYNC-ACCT-024-PRODUCT-20260423,2026-04-23,ACCT-024,PRODUCT,Production,SUCCESS,200,919,917,2,2908,0,
SYNC-ACCT-024-PRODUCT-20260426,2026-04-26,ACCT-024,PRODUCT,Production,SUCCESS,200,930,927,3,528,0,
SYNC-ACCT-024-PRODUCT-20260429,2026-04-29,ACCT-024,PRODUCT,Production,SUCCESS,200,1088,1079,9,2518,0,
SYNC-ACCT-024-PRODUCT-20260502,2026-05-02,ACCT-024,PRODUCT,Production,SUCCESS,200,1300,1291,9,2734,0,
SYNC-ACCT-024-PRODUCT-20260505,2026-05-05,ACCT-024,PRODUCT,Production,SUCCESS,200,916,916,0,910,0,
SYNC-ACCT-024-PRODUCT-20260508,2026-05-08,ACCT-024,PRODUCT,Production,SUCCESS,200,988,985,3,3332,0,
SYNC-ACCT-024-PRODUCT-20260511,2026-05-11,ACCT-024,PRODUCT,Production,SUCCESS,200,1067,1058,9,2921,0,
SYNC-ACCT-024-PRODUCT-20260514,2026-05-14,ACCT-024,PRODUCT,Production,SUCCESS,200,1265,1255,10,2814,0,
SYNC-ACCT-024-PRODUCT-20260517,2026-05-17,ACCT-024,PRODUCT,Production,SUCCESS,200,1374,1363,11,2517,0,
SYNC-ACCT-024-PRODUCT-20260520,2026-05-20,ACCT-024,PRODUCT,Production,SUCCESS,200,1518,1512,6,1731,0,
SYNC-ACCT-024-PRODUCT-20260523,2026-05-23,ACCT-024,PRODUCT,Production,SUCCESS,200,1408,1404,4,1673,0,
SYNC-ACCT-024-PRODUCT-20260526,2026-05-26,ACCT-024,PRODUCT,Production,SUCCESS,200,783,781,2,3101,0,
SYNC-ACCT-024-PRODUCT-20260529,2026-05-29,ACCT-024,PRODUCT,Production,SUCCESS,200,1111,1110,1,857,0,
SYNC-ACCT-024-PRODUCT-20260601,2026-06-01,ACCT-024,PRODUCT,Production,SUCCESS,200,1525,1520,5,1690,0,
SYNC-ACCT-024-PRODUCT-20260604,2026-06-04,ACCT-024,PRODUCT,Production,SUCCESS,200,922,922,0,2007,0,
SYNC-ACCT-024-PRODUCT-20260607,2026-06-07,ACCT-024,PRODUCT,Production,SUCCESS,200,1484,1479,5,2726,0,
SYNC-ACCT-024-PRODUCT-20260610,2026-06-10,ACCT-024,PRODUCT,Production,SUCCESS,200,1456,1445,11,2118,0,
SYNC-ACCT-024-PRODUCT-20260613,2026-06-13,ACCT-024,PRODUCT,Production,SUCCESS,200,1278,1277,1,3085,0,
SYNC-ACCT-024-PRODUCT-20260616,2026-06-16,ACCT-024,PRODUCT,Production,SUCCESS,200,1590,1578,12,2040,0,
SYNC-ACCT-024-PRODUCT-20260619,2026-06-19,ACCT-024,PRODUCT,Production,SUCCESS,200,904,899,5,3117,0,
SYNC-ACCT-024-PRODUCT-20260622,2026-06-22,ACCT-024,PRODUCT,Production,SUCCESS,200,1587,1574,13,1121,0,
SYNC-ACCT-024-PRODUCT-20260625,2026-06-25,ACCT-024,PRODUCT,Production,SUCCESS,200,1585,1574,11,1176,0,
SYNC-ACCT-024-PRODUCT-20260628,2026-06-28,ACCT-024,PRODUCT,Production,SUCCESS,200,1280,1276,4,3173,0,
SYNC-ACCT-025-CRM-20251212,2025-12-12,ACCT-025,CRM,Production,SUCCESS,200,1559,1548,11,2312,0,
SYNC-ACCT-025-CRM-20251215,2025-12-15,ACCT-025,CRM,Production,SUCCESS,200,1043,1036,7,1306,0,
SYNC-ACCT-025-CRM-20251218,2025-12-18,ACCT-025,CRM,Production,SUCCESS,200,1446,1439,7,2252,0,
SYNC-ACCT-025-CRM-20251221,2025-12-21,ACCT-025,CRM,Production,SUCCESS,200,1461,1453,8,2587,0,
SYNC-ACCT-025-CRM-20251224,2025-12-24,ACCT-025,CRM,Production,SUCCESS,200,995,992,3,1986,0,
SYNC-ACCT-025-CRM-20251227,2025-12-27,ACCT-025,CRM,Production,SUCCESS,200,1338,1329,9,1321,0,
SYNC-ACCT-025-CRM-20251230,2025-12-30,ACCT-025,CRM,Production,SUCCESS,200,1125,1119,6,2306,0,
SYNC-ACCT-025-CRM-20260102,2026-01-02,ACCT-025,CRM,Production,SUCCESS,200,1552,1544,8,730,0,
SYNC-ACCT-025-CRM-20260105,2026-01-05,ACCT-025,CRM,Production,SUCCESS,200,1328,1325,3,1346,0,
SYNC-ACCT-025-CRM-20260108,2026-01-08,ACCT-025,CRM,Production,SUCCESS,200,1588,1586,2,2669,0,
SYNC-ACCT-025-CRM-20260111,2026-01-11,ACCT-025,CRM,Production,SUCCESS,200,1346,1338,8,1191,0,
SYNC-ACCT-025-CRM-20260114,2026-01-14,ACCT-025,CRM,Production,SUCCESS,200,731,730,1,3370,0,
SYNC-ACCT-025-CRM-20260117,2026-01-17,ACCT-025,CRM,Production,SUCCESS,200,1423,1422,1,719,0,
SYNC-ACCT-025-CRM-20260120,2026-01-20,ACCT-025,CRM,Production,SUCCESS,200,1297,1291,6,2857,0,
SYNC-ACCT-025-CRM-20260123,2026-01-23,ACCT-025,CRM,Production,SUCCESS,200,1611,1603,8,675,0,
SYNC-ACCT-025-CRM-20260126,2026-01-26,ACCT-025,CRM,Production,SUCCESS,200,1237,1232,5,2581,0,
SYNC-ACCT-025-CRM-20260129,2026-01-29,ACCT-025,CRM,Production,SUCCESS,200,1306,1304,2,1096,0,
SYNC-ACCT-025-CRM-20260201,2026-02-01,ACCT-025,CRM,Production,SUCCESS,200,838,833,5,1632,0,
SYNC-ACCT-025-CRM-20260204,2026-02-04,ACCT-025,CRM,Production,SUCCESS,200,1204,1200,4,3068,0,
SYNC-ACCT-025-CRM-20260207,2026-02-07,ACCT-025,CRM,Production,SUCCESS,200,856,855,1,1040,0,
SYNC-ACCT-025-CRM-20260210,2026-02-10,ACCT-025,CRM,Production,SUCCESS,200,1100,1094,6,3223,0,
SYNC-ACCT-025-CRM-20260213,2026-02-13,ACCT-025,CRM,Production,SUCCESS,200,1068,1065,3,1772,0,
SYNC-ACCT-025-CRM-20260216,2026-02-16,ACCT-025,CRM,Production,SUCCESS,200,1594,1594,0,2973,0,
SYNC-ACCT-025-CRM-20260219,2026-02-19,ACCT-025,CRM,Production,SUCCESS,200,1174,1173,1,3164,0,
SYNC-ACCT-025-CRM-20260222,2026-02-22,ACCT-025,CRM,Production,SUCCESS,200,1230,1230,0,3242,0,
SYNC-ACCT-025-CRM-20260225,2026-02-25,ACCT-025,CRM,Production,SUCCESS,200,947,945,2,1566,0,
SYNC-ACCT-025-CRM-20260228,2026-02-28,ACCT-025,CRM,Production,SUCCESS,200,1605,1601,4,2275,0,
SYNC-ACCT-025-CRM-20260303,2026-03-03,ACCT-025,CRM,Production,SUCCESS,200,1191,1181,10,2082,0,
SYNC-ACCT-025-CRM-20260306,2026-03-06,ACCT-025,CRM,Production,SUCCESS,200,1285,1284,1,1345,0,
SYNC-ACCT-025-CRM-20260309,2026-03-09,ACCT-025,CRM,Production,SUCCESS,200,1527,1526,1,832,0,
SYNC-ACCT-025-CRM-20260312,2026-03-12,ACCT-025,CRM,Production,SUCCESS,200,1477,1465,12,1737,0,
SYNC-ACCT-025-CRM-20260315,2026-03-15,ACCT-025,CRM,Production,SUCCESS,200,935,929,6,608,0,
SYNC-ACCT-025-CRM-20260318,2026-03-18,ACCT-025,CRM,Production,SUCCESS,200,1255,1248,7,1882,0,
SYNC-ACCT-025-CRM-20260321,2026-03-21,ACCT-025,CRM,Production,SUCCESS,200,822,816,6,3037,0,
SYNC-ACCT-025-CRM-20260324,2026-03-24,ACCT-025,CRM,Production,SUCCESS,200,1375,1373,2,527,0,
SYNC-ACCT-025-CRM-20260327,2026-03-27,ACCT-025,CRM,Production,SUCCESS,200,1441,1432,9,833,0,
SYNC-ACCT-025-CRM-20260330,2026-03-30,ACCT-025,CRM,Production,SUCCESS,200,1222,1220,2,1280,0,
SYNC-ACCT-025-CRM-20260402,2026-04-02,ACCT-025,CRM,Production,SUCCESS,200,1362,1352,10,3188,0,
SYNC-ACCT-025-CRM-20260405,2026-04-05,ACCT-025,CRM,Production,SUCCESS,200,906,905,1,1485,0,
SYNC-ACCT-025-CRM-20260408,2026-04-08,ACCT-025,CRM,Production,SUCCESS,200,1362,1356,6,2328,0,
SYNC-ACCT-025-CRM-20260411,2026-04-11,ACCT-025,CRM,Production,SUCCESS,200,1154,1148,6,1609,0,
SYNC-ACCT-025-CRM-20260414,2026-04-14,ACCT-025,CRM,Production,SUCCESS,200,1217,1211,6,1312,0,
SYNC-ACCT-025-CRM-20260417,2026-04-17,ACCT-025,CRM,Production,SUCCESS,200,1194,1191,3,2056,0,
SYNC-ACCT-025-CRM-20260420,2026-04-20,ACCT-025,CRM,Production,SUCCESS,200,724,718,6,1924,0,
SYNC-ACCT-025-CRM-20260423,2026-04-23,ACCT-025,CRM,Production,SUCCESS,200,1642,1634,8,3359,0,
SYNC-ACCT-025-CRM-20260426,2026-04-26,ACCT-025,CRM,Production,SUCCESS,200,1200,1198,2,1003,0,
SYNC-ACCT-025-CRM-20260429,2026-04-29,ACCT-025,CRM,Production,SUCCESS,200,1614,1613,1,2503,0,
SYNC-ACCT-025-CRM-20260502,2026-05-02,ACCT-025,CRM,Production,SUCCESS,200,1659,1647,12,1172,0,
SYNC-ACCT-025-CRM-20260505,2026-05-05,ACCT-025,CRM,Production,SUCCESS,200,763,757,6,2548,0,
SYNC-ACCT-025-CRM-20260508,2026-05-08,ACCT-025,CRM,Production,SUCCESS,200,831,829,2,2054,0,
SYNC-ACCT-025-CRM-20260511,2026-05-11,ACCT-025,CRM,Production,SUCCESS,200,1414,1408,6,2687,0,
SYNC-ACCT-025-CRM-20260514,2026-05-14,ACCT-025,CRM,Production,SUCCESS,200,795,793,2,3172,0,
SYNC-ACCT-025-CRM-20260517,2026-05-17,ACCT-025,CRM,Production,SUCCESS,200,1107,1103,4,2410,0,
SYNC-ACCT-025-CRM-20260520,2026-05-20,ACCT-025,CRM,Production,SUCCESS,200,1222,1213,9,638,0,
SYNC-ACCT-025-CRM-20260523,2026-05-23,ACCT-025,CRM,Production,SUCCESS,200,881,878,3,3149,0,
SYNC-ACCT-025-CRM-20260526,2026-05-26,ACCT-025,CRM,Production,SUCCESS,200,1554,1548,6,2101,0,
SYNC-ACCT-025-CRM-20260529,2026-05-29,ACCT-025,CRM,Production,SUCCESS,200,1132,1132,0,1884,0,
SYNC-ACCT-025-CRM-20260601,2026-06-01,ACCT-025,CRM,Production,SUCCESS,200,1638,1628,10,1401,0,
SYNC-ACCT-025-CRM-20260604,2026-06-04,ACCT-025,CRM,Production,SUCCESS,200,910,906,4,2505,0,
SYNC-ACCT-025-CRM-20260607,2026-06-07,ACCT-025,CRM,Production,SUCCESS,200,1247,1239,8,1163,0,
SYNC-ACCT-025-CRM-20260610,2026-06-10,ACCT-025,CRM,Production,SUCCESS,200,1146,1137,9,1950,0,
SYNC-ACCT-025-CRM-20260613,2026-06-13,ACCT-025,CRM,Production,SUCCESS,200,1308,1302,6,832,0,
SYNC-ACCT-025-CRM-20260616,2026-06-16,ACCT-025,CRM,Production,SUCCESS,200,1675,1666,9,874,0,
SYNC-ACCT-025-CRM-20260619,2026-06-19,ACCT-025,CRM,Production,SUCCESS,200,870,864,6,3342,0,
SYNC-ACCT-025-CRM-20260622,2026-06-22,ACCT-025,CRM,Production,SUCCESS,200,762,760,2,1738,0,
SYNC-ACCT-025-CRM-20260625,2026-06-25,ACCT-025,CRM,Production,SUCCESS,200,1632,1624,8,3282,0,
SYNC-ACCT-025-CRM-20260628,2026-06-28,ACCT-025,CRM,Production,SUCCESS,200,1579,1566,13,3102,0,
SYNC-ACCT-025-BILLING-20251212,2025-12-12,ACCT-025,BILLING,Production,SUCCESS,200,1377,1367,10,1653,0,
SYNC-ACCT-025-BILLING-20251215,2025-12-15,ACCT-025,BILLING,Production,FAILED,503,1161,0,1161,1053,2,UPSTREAM_UNAVAILABLE
SYNC-ACCT-025-BILLING-20251218,2025-12-18,ACCT-025,BILLING,Production,SUCCESS,200,1272,1271,1,1293,0,
SYNC-ACCT-025-BILLING-20251221,2025-12-21,ACCT-025,BILLING,Production,SUCCESS,200,825,825,0,3162,0,
SYNC-ACCT-025-BILLING-20251224,2025-12-24,ACCT-025,BILLING,Production,SUCCESS,200,1412,1402,10,2087,0,
SYNC-ACCT-025-BILLING-20251227,2025-12-27,ACCT-025,BILLING,Production,SUCCESS,200,735,735,0,3350,0,
SYNC-ACCT-025-BILLING-20251230,2025-12-30,ACCT-025,BILLING,Production,SUCCESS,200,1296,1294,2,3021,0,
SYNC-ACCT-025-BILLING-20260102,2026-01-02,ACCT-025,BILLING,Production,SUCCESS,200,1004,998,6,602,0,
SYNC-ACCT-025-BILLING-20260105,2026-01-05,ACCT-025,BILLING,Production,SUCCESS,200,1363,1363,0,566,0,
SYNC-ACCT-025-BILLING-20260108,2026-01-08,ACCT-025,BILLING,Production,SUCCESS,200,1664,1652,12,1114,0,
SYNC-ACCT-025-BILLING-20260111,2026-01-11,ACCT-025,BILLING,Production,SUCCESS,200,1252,1244,8,876,0,
SYNC-ACCT-025-BILLING-20260114,2026-01-14,ACCT-025,BILLING,Production,SUCCESS,200,1220,1213,7,3162,0,
SYNC-ACCT-025-BILLING-20260117,2026-01-17,ACCT-025,BILLING,Production,SUCCESS,200,1611,1610,1,3178,0,
SYNC-ACCT-025-BILLING-20260120,2026-01-20,ACCT-025,BILLING,Production,SUCCESS,200,1225,1220,5,3117,0,
SYNC-ACCT-025-BILLING-20260123,2026-01-23,ACCT-025,BILLING,Production,SUCCESS,200,1627,1614,13,2938,0,
SYNC-ACCT-025-BILLING-20260126,2026-01-26,ACCT-025,BILLING,Production,SUCCESS,200,1409,1408,1,1500,0,
SYNC-ACCT-025-BILLING-20260129,2026-01-29,ACCT-025,BILLING,Production,SUCCESS,200,1358,1353,5,1362,0,
SYNC-ACCT-025-BILLING-20260201,2026-02-01,ACCT-025,BILLING,Production,SUCCESS,200,1439,1429,10,1539,0,
SYNC-ACCT-025-BILLING-20260204,2026-02-04,ACCT-025,BILLING,Production,SUCCESS,200,1074,1067,7,1941,0,
SYNC-ACCT-025-BILLING-20260207,2026-02-07,ACCT-025,BILLING,Production,SUCCESS,200,1158,1154,4,1390,0,
SYNC-ACCT-025-BILLING-20260210,2026-02-10,ACCT-025,BILLING,Production,SUCCESS,200,1480,1474,6,1726,0,
SYNC-ACCT-025-BILLING-20260213,2026-02-13,ACCT-025,BILLING,Production,SUCCESS,200,1151,1150,1,2851,0,
SYNC-ACCT-025-BILLING-20260216,2026-02-16,ACCT-025,BILLING,Production,SUCCESS,200,1206,1201,5,2199,0,
SYNC-ACCT-025-BILLING-20260219,2026-02-19,ACCT-025,BILLING,Production,SUCCESS,200,1483,1475,8,940,0,
SYNC-ACCT-025-BILLING-20260222,2026-02-22,ACCT-025,BILLING,Production,SUCCESS,200,1319,1318,1,3216,0,
SYNC-ACCT-025-BILLING-20260225,2026-02-25,ACCT-025,BILLING,Production,SUCCESS,200,765,761,4,2378,0,
SYNC-ACCT-025-BILLING-20260228,2026-02-28,ACCT-025,BILLING,Production,SUCCESS,200,1152,1150,2,1453,0,
SYNC-ACCT-025-BILLING-20260303,2026-03-03,ACCT-025,BILLING,Production,SUCCESS,200,860,854,6,1844,0,
SYNC-ACCT-025-BILLING-20260306,2026-03-06,ACCT-025,BILLING,Production,SUCCESS,200,1213,1208,5,2020,0,
SYNC-ACCT-025-BILLING-20260309,2026-03-09,ACCT-025,BILLING,Production,SUCCESS,200,1171,1170,1,2750,0,
SYNC-ACCT-025-BILLING-20260312,2026-03-12,ACCT-025,BILLING,Production,SUCCESS,200,1180,1172,8,1945,0,
SYNC-ACCT-025-BILLING-20260315,2026-03-15,ACCT-025,BILLING,Production,SUCCESS,200,1182,1176,6,3400,0,
SYNC-ACCT-025-BILLING-20260318,2026-03-18,ACCT-025,BILLING,Production,SUCCESS,200,1270,1263,7,2660,0,
SYNC-ACCT-025-BILLING-20260321,2026-03-21,ACCT-025,BILLING,Production,SUCCESS,200,1468,1457,11,1997,0,
SYNC-ACCT-025-BILLING-20260324,2026-03-24,ACCT-025,BILLING,Production,SUCCESS,200,1386,1375,11,2295,0,
SYNC-ACCT-025-BILLING-20260327,2026-03-27,ACCT-025,BILLING,Production,SUCCESS,200,1420,1412,8,3198,0,
SYNC-ACCT-025-BILLING-20260330,2026-03-30,ACCT-025,BILLING,Production,SUCCESS,200,1638,1626,12,967,0,
SYNC-ACCT-025-BILLING-20260402,2026-04-02,ACCT-025,BILLING,Production,SUCCESS,200,1020,1013,7,3304,0,
SYNC-ACCT-025-BILLING-20260405,2026-04-05,ACCT-025,BILLING,Production,SUCCESS,200,1203,1194,9,1062,0,
SYNC-ACCT-025-BILLING-20260408,2026-04-08,ACCT-025,BILLING,Production,SUCCESS,200,1182,1175,7,739,0,
SYNC-ACCT-025-BILLING-20260411,2026-04-11,ACCT-025,BILLING,Production,SUCCESS,200,751,745,6,751,0,
SYNC-ACCT-025-BILLING-20260414,2026-04-14,ACCT-025,BILLING,Production,SUCCESS,200,1588,1587,1,2831,0,
SYNC-ACCT-025-BILLING-20260417,2026-04-17,ACCT-025,BILLING,Production,SUCCESS,200,1068,1059,9,808,0,
SYNC-ACCT-025-BILLING-20260420,2026-04-20,ACCT-025,BILLING,Production,SUCCESS,200,1104,1102,2,1775,0,
SYNC-ACCT-025-BILLING-20260423,2026-04-23,ACCT-025,BILLING,Production,SUCCESS,200,887,886,1,2200,0,
SYNC-ACCT-025-BILLING-20260426,2026-04-26,ACCT-025,BILLING,Production,SUCCESS,200,1339,1339,0,842,0,
SYNC-ACCT-025-BILLING-20260429,2026-04-29,ACCT-025,BILLING,Production,SUCCESS,200,1539,1534,5,2498,0,
SYNC-ACCT-025-BILLING-20260502,2026-05-02,ACCT-025,BILLING,Production,SUCCESS,200,812,806,6,1332,0,
SYNC-ACCT-025-BILLING-20260505,2026-05-05,ACCT-025,BILLING,Production,SUCCESS,200,733,731,2,1284,0,
SYNC-ACCT-025-BILLING-20260508,2026-05-08,ACCT-025,BILLING,Production,SUCCESS,200,1517,1512,5,3003,0,
SYNC-ACCT-025-BILLING-20260511,2026-05-11,ACCT-025,BILLING,Production,SUCCESS,200,1113,1108,5,1968,0,
SYNC-ACCT-025-BILLING-20260514,2026-05-14,ACCT-025,BILLING,Production,SUCCESS,200,891,889,2,2986,0,
SYNC-ACCT-025-BILLING-20260517,2026-05-17,ACCT-025,BILLING,Production,SUCCESS,200,1400,1396,4,2375,0,
SYNC-ACCT-025-BILLING-20260520,2026-05-20,ACCT-025,BILLING,Production,SUCCESS,200,1451,1442,9,1528,0,
SYNC-ACCT-025-BILLING-20260523,2026-05-23,ACCT-025,BILLING,Production,SUCCESS,200,762,758,4,2492,0,
SYNC-ACCT-025-BILLING-20260526,2026-05-26,ACCT-025,BILLING,Production,SUCCESS,200,1493,1491,2,2243,0,
SYNC-ACCT-025-BILLING-20260529,2026-05-29,ACCT-025,BILLING,Production,SUCCESS,200,1534,1522,12,2129,0,
SYNC-ACCT-025-BILLING-20260601,2026-06-01,ACCT-025,BILLING,Production,SUCCESS,200,1629,1628,1,2950,0,
SYNC-ACCT-025-BILLING-20260604,2026-06-04,ACCT-025,BILLING,Production,SUCCESS,200,1147,1146,1,1742,0,
SYNC-ACCT-025-BILLING-20260607,2026-06-07,ACCT-025,BILLING,Production,SUCCESS,200,844,844,0,2462,0,
SYNC-ACCT-025-BILLING-20260610,2026-06-10,ACCT-025,BILLING,Production,SUCCESS,200,1507,1507,0,1611,0,
SYNC-ACCT-025-BILLING-20260613,2026-06-13,ACCT-025,BILLING,Production,SUCCESS,200,1123,1123,0,2758,0,
SYNC-ACCT-025-BILLING-20260616,2026-06-16,ACCT-025,BILLING,Production,SUCCESS,200,812,810,2,1249,0,
SYNC-ACCT-025-BILLING-20260619,2026-06-19,ACCT-025,BILLING,Production,SUCCESS,200,1537,1528,9,2171,0,
SYNC-ACCT-025-BILLING-20260622,2026-06-22,ACCT-025,BILLING,Production,SUCCESS,200,818,816,2,619,0,
SYNC-ACCT-025-BILLING-20260625,2026-06-25,ACCT-025,BILLING,Production,SUCCESS,200,1461,1451,10,1783,0,
SYNC-ACCT-025-BILLING-20260628,2026-06-28,ACCT-025,BILLING,Production,SUCCESS,200,931,930,1,2710,0,
SYNC-ACCT-025-PRODUCT-20251212,2025-12-12,ACCT-025,PRODUCT,Production,SUCCESS,200,1379,1375,4,534,0,
SYNC-ACCT-025-PRODUCT-20251215,2025-12-15,ACCT-025,PRODUCT,Production,SUCCESS,200,925,924,1,1716,0,
SYNC-ACCT-025-PRODUCT-20251218,2025-12-18,ACCT-025,PRODUCT,Production,SUCCESS,200,1036,1030,6,2243,0,
SYNC-ACCT-025-PRODUCT-20251221,2025-12-21,ACCT-025,PRODUCT,Production,SUCCESS,200,1435,1435,0,1285,0,
SYNC-ACCT-025-PRODUCT-20251224,2025-12-24,ACCT-025,PRODUCT,Production,SUCCESS,200,1083,1075,8,827,0,
SYNC-ACCT-025-PRODUCT-20251227,2025-12-27,ACCT-025,PRODUCT,Production,SUCCESS,200,1633,1633,0,1761,0,
SYNC-ACCT-025-PRODUCT-20251230,2025-12-30,ACCT-025,PRODUCT,Production,SUCCESS,200,1186,1177,9,3140,0,
SYNC-ACCT-025-PRODUCT-20260102,2026-01-02,ACCT-025,PRODUCT,Production,SUCCESS,200,730,726,4,1836,0,
SYNC-ACCT-025-PRODUCT-20260105,2026-01-05,ACCT-025,PRODUCT,Production,SUCCESS,200,1478,1475,3,2437,0,
SYNC-ACCT-025-PRODUCT-20260108,2026-01-08,ACCT-025,PRODUCT,Production,SUCCESS,200,987,982,5,2805,0,
SYNC-ACCT-025-PRODUCT-20260111,2026-01-11,ACCT-025,PRODUCT,Production,SUCCESS,200,1058,1054,4,2326,0,
SYNC-ACCT-025-PRODUCT-20260114,2026-01-14,ACCT-025,PRODUCT,Production,SUCCESS,200,1450,1448,2,2982,0,
SYNC-ACCT-025-PRODUCT-20260117,2026-01-17,ACCT-025,PRODUCT,Production,SUCCESS,200,1045,1042,3,3309,0,
SYNC-ACCT-025-PRODUCT-20260120,2026-01-20,ACCT-025,PRODUCT,Production,SUCCESS,200,1081,1079,2,1349,0,
SYNC-ACCT-025-PRODUCT-20260123,2026-01-23,ACCT-025,PRODUCT,Production,SUCCESS,200,1215,1206,9,1226,0,
SYNC-ACCT-025-PRODUCT-20260126,2026-01-26,ACCT-025,PRODUCT,Production,SUCCESS,200,770,765,5,1368,0,
SYNC-ACCT-025-PRODUCT-20260129,2026-01-29,ACCT-025,PRODUCT,Production,SUCCESS,200,1090,1090,0,1614,0,
SYNC-ACCT-025-PRODUCT-20260201,2026-02-01,ACCT-025,PRODUCT,Production,SUCCESS,200,1061,1059,2,2788,0,
SYNC-ACCT-025-PRODUCT-20260204,2026-02-04,ACCT-025,PRODUCT,Production,SUCCESS,200,1451,1447,4,1861,0,
SYNC-ACCT-025-PRODUCT-20260207,2026-02-07,ACCT-025,PRODUCT,Production,SUCCESS,200,939,934,5,1239,0,
SYNC-ACCT-025-PRODUCT-20260210,2026-02-10,ACCT-025,PRODUCT,Production,SUCCESS,200,1223,1222,1,837,0,
SYNC-ACCT-025-PRODUCT-20260213,2026-02-13,ACCT-025,PRODUCT,Production,SUCCESS,200,1388,1383,5,1712,0,
SYNC-ACCT-025-PRODUCT-20260216,2026-02-16,ACCT-025,PRODUCT,Production,SUCCESS,200,1249,1245,4,881,0,
SYNC-ACCT-025-PRODUCT-20260219,2026-02-19,ACCT-025,PRODUCT,Production,SUCCESS,200,919,917,2,2355,0,
SYNC-ACCT-025-PRODUCT-20260222,2026-02-22,ACCT-025,PRODUCT,Production,SUCCESS,200,1185,1179,6,1264,0,
SYNC-ACCT-025-PRODUCT-20260225,2026-02-25,ACCT-025,PRODUCT,Production,SUCCESS,200,1676,1665,11,1121,0,
SYNC-ACCT-025-PRODUCT-20260228,2026-02-28,ACCT-025,PRODUCT,Production,SUCCESS,200,1270,1263,7,2504,0,
SYNC-ACCT-025-PRODUCT-20260303,2026-03-03,ACCT-025,PRODUCT,Production,SUCCESS,200,1385,1385,0,2105,0,
SYNC-ACCT-025-PRODUCT-20260306,2026-03-06,ACCT-025,PRODUCT,Production,SUCCESS,200,1654,1652,2,1385,0,
SYNC-ACCT-025-PRODUCT-20260309,2026-03-09,ACCT-025,PRODUCT,Production,SUCCESS,200,786,781,5,3066,0,
SYNC-ACCT-025-PRODUCT-20260312,2026-03-12,ACCT-025,PRODUCT,Production,SUCCESS,200,761,756,5,2306,0,
SYNC-ACCT-025-PRODUCT-20260315,2026-03-15,ACCT-025,PRODUCT,Production,SUCCESS,200,1181,1173,8,1871,0,
SYNC-ACCT-025-PRODUCT-20260318,2026-03-18,ACCT-025,PRODUCT,Production,SUCCESS,200,945,944,1,3110,0,
SYNC-ACCT-025-PRODUCT-20260321,2026-03-21,ACCT-025,PRODUCT,Production,SUCCESS,200,830,829,1,2358,0,
SYNC-ACCT-025-PRODUCT-20260324,2026-03-24,ACCT-025,PRODUCT,Production,SUCCESS,200,1363,1352,11,1845,0,
SYNC-ACCT-025-PRODUCT-20260327,2026-03-27,ACCT-025,PRODUCT,Production,SUCCESS,200,938,933,5,1517,0,
SYNC-ACCT-025-PRODUCT-20260330,2026-03-30,ACCT-025,PRODUCT,Production,SUCCESS,200,1267,1261,6,1571,0,
SYNC-ACCT-025-PRODUCT-20260402,2026-04-02,ACCT-025,PRODUCT,Production,SUCCESS,200,1082,1079,3,2690,0,
SYNC-ACCT-025-PRODUCT-20260405,2026-04-05,ACCT-025,PRODUCT,Production,SUCCESS,200,1307,1307,0,2513,0,
SYNC-ACCT-025-PRODUCT-20260408,2026-04-08,ACCT-025,PRODUCT,Production,FAILED,503,1657,0,1657,628,2,UPSTREAM_UNAVAILABLE
SYNC-ACCT-025-PRODUCT-20260411,2026-04-11,ACCT-025,PRODUCT,Production,SUCCESS,200,1591,1581,10,2874,0,
SYNC-ACCT-025-PRODUCT-20260414,2026-04-14,ACCT-025,PRODUCT,Production,SUCCESS,200,742,739,3,1977,0,
SYNC-ACCT-025-PRODUCT-20260417,2026-04-17,ACCT-025,PRODUCT,Production,SUCCESS,200,976,974,2,2839,0,
SYNC-ACCT-025-PRODUCT-20260420,2026-04-20,ACCT-025,PRODUCT,Production,SUCCESS,200,1421,1415,6,3287,0,
SYNC-ACCT-025-PRODUCT-20260423,2026-04-23,ACCT-025,PRODUCT,Production,SUCCESS,200,1298,1297,1,2482,0,
SYNC-ACCT-025-PRODUCT-20260426,2026-04-26,ACCT-025,PRODUCT,Production,SUCCESS,200,784,782,2,2934,0,
SYNC-ACCT-025-PRODUCT-20260429,2026-04-29,ACCT-025,PRODUCT,Production,SUCCESS,200,1646,1634,12,1461,0,
SYNC-ACCT-025-PRODUCT-20260502,2026-05-02,ACCT-025,PRODUCT,Production,SUCCESS,200,1109,1101,8,2216,0,
SYNC-ACCT-025-PRODUCT-20260505,2026-05-05,ACCT-025,PRODUCT,Production,SUCCESS,200,1371,1367,4,2109,0,
SYNC-ACCT-025-PRODUCT-20260508,2026-05-08,ACCT-025,PRODUCT,Production,SUCCESS,200,863,856,7,1976,0,
SYNC-ACCT-025-PRODUCT-20260511,2026-05-11,ACCT-025,PRODUCT,Production,SUCCESS,200,1355,1346,9,1361,0,
SYNC-ACCT-025-PRODUCT-20260514,2026-05-14,ACCT-025,PRODUCT,Production,SUCCESS,200,727,725,2,3086,0,
SYNC-ACCT-025-PRODUCT-20260517,2026-05-17,ACCT-025,PRODUCT,Production,SUCCESS,200,876,876,0,1442,0,
SYNC-ACCT-025-PRODUCT-20260520,2026-05-20,ACCT-025,PRODUCT,Production,SUCCESS,200,776,772,4,2425,0,
SYNC-ACCT-025-PRODUCT-20260523,2026-05-23,ACCT-025,PRODUCT,Production,SUCCESS,200,1568,1563,5,2855,0,
SYNC-ACCT-025-PRODUCT-20260526,2026-05-26,ACCT-025,PRODUCT,Production,SUCCESS,200,1552,1542,10,2077,0,
SYNC-ACCT-025-PRODUCT-20260529,2026-05-29,ACCT-025,PRODUCT,Production,SUCCESS,200,1040,1036,4,800,0,
SYNC-ACCT-025-PRODUCT-20260601,2026-06-01,ACCT-025,PRODUCT,Production,SUCCESS,200,813,810,3,570,0,
SYNC-ACCT-025-PRODUCT-20260604,2026-06-04,ACCT-025,PRODUCT,Production,SUCCESS,200,1646,1639,7,2383,0,
SYNC-ACCT-025-PRODUCT-20260607,2026-06-07,ACCT-025,PRODUCT,Production,SUCCESS,200,857,856,1,2862,0,
SYNC-ACCT-025-PRODUCT-20260610,2026-06-10,ACCT-025,PRODUCT,Production,SUCCESS,200,1332,1331,1,3081,0,
SYNC-ACCT-025-PRODUCT-20260613,2026-06-13,ACCT-025,PRODUCT,Production,SUCCESS,200,1191,1188,3,1487,0,
SYNC-ACCT-025-PRODUCT-20260616,2026-06-16,ACCT-025,PRODUCT,Production,SUCCESS,200,1273,1272,1,1707,0,
SYNC-ACCT-025-PRODUCT-20260619,2026-06-19,ACCT-025,PRODUCT,Production,SUCCESS,200,1194,1185,9,1415,0,
SYNC-ACCT-025-PRODUCT-20260622,2026-06-22,ACCT-025,PRODUCT,Production,SUCCESS,200,855,852,3,2084,0,
SYNC-ACCT-025-PRODUCT-20260625,2026-06-25,ACCT-025,PRODUCT,Production,SUCCESS,200,1381,1377,4,2317,0,
SYNC-ACCT-025-PRODUCT-20260628,2026-06-28,ACCT-025,PRODUCT,Production,SUCCESS,200,1496,1494,2,1182,0,
SYNC-ACCT-025-WAREHOUSE-20251212,2025-12-12,ACCT-025,WAREHOUSE,Production,SUCCESS,200,782,778,4,3201,0,
SYNC-ACCT-025-WAREHOUSE-20251215,2025-12-15,ACCT-025,WAREHOUSE,Production,SUCCESS,200,1391,1387,4,864,0,
SYNC-ACCT-025-WAREHOUSE-20251218,2025-12-18,ACCT-025,WAREHOUSE,Production,SUCCESS,200,993,989,4,2347,0,
SYNC-ACCT-025-WAREHOUSE-20251221,2025-12-21,ACCT-025,WAREHOUSE,Production,SUCCESS,200,1446,1434,12,1088,0,
SYNC-ACCT-025-WAREHOUSE-20251224,2025-12-24,ACCT-025,WAREHOUSE,Production,SUCCESS,200,1515,1509,6,2595,0,
SYNC-ACCT-025-WAREHOUSE-20251227,2025-12-27,ACCT-025,WAREHOUSE,Production,SUCCESS,200,1596,1596,0,2379,0,
SYNC-ACCT-025-WAREHOUSE-20251230,2025-12-30,ACCT-025,WAREHOUSE,Production,SUCCESS,200,1037,1031,6,2522,0,
SYNC-ACCT-025-WAREHOUSE-20260102,2026-01-02,ACCT-025,WAREHOUSE,Production,SUCCESS,200,1398,1392,6,1708,0,
SYNC-ACCT-025-WAREHOUSE-20260105,2026-01-05,ACCT-025,WAREHOUSE,Production,SUCCESS,200,1623,1618,5,1217,0,
SYNC-ACCT-025-WAREHOUSE-20260108,2026-01-08,ACCT-025,WAREHOUSE,Production,SUCCESS,200,1354,1343,11,2474,0,
SYNC-ACCT-025-WAREHOUSE-20260111,2026-01-11,ACCT-025,WAREHOUSE,Production,SUCCESS,200,1601,1596,5,1548,0,
SYNC-ACCT-025-WAREHOUSE-20260114,2026-01-14,ACCT-025,WAREHOUSE,Production,SUCCESS,200,1357,1357,0,1868,0,
SYNC-ACCT-025-WAREHOUSE-20260117,2026-01-17,ACCT-025,WAREHOUSE,Production,SUCCESS,200,1214,1206,8,1862,0,
SYNC-ACCT-025-WAREHOUSE-20260120,2026-01-20,ACCT-025,WAREHOUSE,Production,SUCCESS,200,1226,1217,9,549,0,
SYNC-ACCT-025-WAREHOUSE-20260123,2026-01-23,ACCT-025,WAREHOUSE,Production,SUCCESS,200,1504,1496,8,1534,0,
SYNC-ACCT-025-WAREHOUSE-20260126,2026-01-26,ACCT-025,WAREHOUSE,Production,SUCCESS,200,870,864,6,1154,0,
SYNC-ACCT-025-WAREHOUSE-20260129,2026-01-29,ACCT-025,WAREHOUSE,Production,SUCCESS,200,857,856,1,727,0,
SYNC-ACCT-025-WAREHOUSE-20260201,2026-02-01,ACCT-025,WAREHOUSE,Production,SUCCESS,200,1380,1380,0,2001,0,
SYNC-ACCT-025-WAREHOUSE-20260204,2026-02-04,ACCT-025,WAREHOUSE,Production,SUCCESS,200,766,760,6,2344,0,
SYNC-ACCT-025-WAREHOUSE-20260207,2026-02-07,ACCT-025,WAREHOUSE,Production,SUCCESS,200,1034,1031,3,1831,0,
SYNC-ACCT-025-WAREHOUSE-20260210,2026-02-10,ACCT-025,WAREHOUSE,Production,SUCCESS,200,1437,1437,0,1369,0,
SYNC-ACCT-025-WAREHOUSE-20260213,2026-02-13,ACCT-025,WAREHOUSE,Production,SUCCESS,200,827,820,7,3263,0,
SYNC-ACCT-025-WAREHOUSE-20260216,2026-02-16,ACCT-025,WAREHOUSE,Production,SUCCESS,200,1594,1585,9,1922,0,
SYNC-ACCT-025-WAREHOUSE-20260219,2026-02-19,ACCT-025,WAREHOUSE,Production,SUCCESS,200,1442,1438,4,2701,0,
SYNC-ACCT-025-WAREHOUSE-20260222,2026-02-22,ACCT-025,WAREHOUSE,Production,SUCCESS,200,791,791,0,2724,0,
SYNC-ACCT-025-WAREHOUSE-20260225,2026-02-25,ACCT-025,WAREHOUSE,Production,SUCCESS,200,1103,1101,2,2533,0,
SYNC-ACCT-025-WAREHOUSE-20260228,2026-02-28,ACCT-025,WAREHOUSE,Production,SUCCESS,200,971,970,1,2755,0,
SYNC-ACCT-025-WAREHOUSE-20260303,2026-03-03,ACCT-025,WAREHOUSE,Production,SUCCESS,200,1113,1110,3,2724,0,
SYNC-ACCT-025-WAREHOUSE-20260306,2026-03-06,ACCT-025,WAREHOUSE,Production,SUCCESS,200,1325,1316,9,2807,0,
SYNC-ACCT-025-WAREHOUSE-20260309,2026-03-09,ACCT-025,WAREHOUSE,Production,SUCCESS,200,1114,1114,0,1702,0,
SYNC-ACCT-025-WAREHOUSE-20260312,2026-03-12,ACCT-025,WAREHOUSE,Production,SUCCESS,200,1481,1470,11,3279,0,
SYNC-ACCT-025-WAREHOUSE-20260315,2026-03-15,ACCT-025,WAREHOUSE,Production,SUCCESS,200,1054,1049,5,2463,0,
SYNC-ACCT-025-WAREHOUSE-20260318,2026-03-18,ACCT-025,WAREHOUSE,Production,SUCCESS,200,810,807,3,1878,0,
SYNC-ACCT-025-WAREHOUSE-20260321,2026-03-21,ACCT-025,WAREHOUSE,Production,SUCCESS,200,977,971,6,1923,0,
SYNC-ACCT-025-WAREHOUSE-20260324,2026-03-24,ACCT-025,WAREHOUSE,Production,SUCCESS,200,1425,1421,4,1335,0,
SYNC-ACCT-025-WAREHOUSE-20260327,2026-03-27,ACCT-025,WAREHOUSE,Production,SUCCESS,200,1217,1214,3,3045,0,
SYNC-ACCT-025-WAREHOUSE-20260330,2026-03-30,ACCT-025,WAREHOUSE,Production,SUCCESS,200,1108,1105,3,972,0,
SYNC-ACCT-025-WAREHOUSE-20260402,2026-04-02,ACCT-025,WAREHOUSE,Production,SUCCESS,200,1380,1376,4,861,0,
SYNC-ACCT-025-WAREHOUSE-20260405,2026-04-05,ACCT-025,WAREHOUSE,Production,SUCCESS,200,1499,1492,7,2453,0,
SYNC-ACCT-025-WAREHOUSE-20260408,2026-04-08,ACCT-025,WAREHOUSE,Production,SUCCESS,200,1094,1088,6,3171,0,
SYNC-ACCT-025-WAREHOUSE-20260411,2026-04-11,ACCT-025,WAREHOUSE,Production,SUCCESS,200,880,880,0,3332,0,
SYNC-ACCT-025-WAREHOUSE-20260414,2026-04-14,ACCT-025,WAREHOUSE,Production,SUCCESS,200,1457,1453,4,985,0,
SYNC-ACCT-025-WAREHOUSE-20260417,2026-04-17,ACCT-025,WAREHOUSE,Production,SUCCESS,200,1465,1454,11,2796,0,
SYNC-ACCT-025-WAREHOUSE-20260420,2026-04-20,ACCT-025,WAREHOUSE,Production,SUCCESS,200,993,985,8,2911,0,
SYNC-ACCT-025-WAREHOUSE-20260423,2026-04-23,ACCT-025,WAREHOUSE,Production,SUCCESS,200,849,842,7,1195,0,
SYNC-ACCT-025-WAREHOUSE-20260426,2026-04-26,ACCT-025,WAREHOUSE,Production,SUCCESS,200,1036,1032,4,2244,0,
SYNC-ACCT-025-WAREHOUSE-20260429,2026-04-29,ACCT-025,WAREHOUSE,Production,SUCCESS,200,849,848,1,2514,0,
SYNC-ACCT-025-WAREHOUSE-20260502,2026-05-02,ACCT-025,WAREHOUSE,Production,SUCCESS,200,1669,1660,9,2476,0,
SYNC-ACCT-025-WAREHOUSE-20260505,2026-05-05,ACCT-025,WAREHOUSE,Production,SUCCESS,200,1392,1390,2,3108,0,
SYNC-ACCT-025-WAREHOUSE-20260508,2026-05-08,ACCT-025,WAREHOUSE,Production,SUCCESS,200,725,725,0,2227,0,
SYNC-ACCT-025-WAREHOUSE-20260511,2026-05-11,ACCT-025,WAREHOUSE,Production,SUCCESS,200,1340,1339,1,1802,0,
SYNC-ACCT-025-WAREHOUSE-20260514,2026-05-14,ACCT-025,WAREHOUSE,Production,SUCCESS,200,1076,1071,5,516,0,
SYNC-ACCT-025-WAREHOUSE-20260517,2026-05-17,ACCT-025,WAREHOUSE,Production,SUCCESS,200,775,771,4,1387,0,
SYNC-ACCT-025-WAREHOUSE-20260520,2026-05-20,ACCT-025,WAREHOUSE,Production,FAILED,429,1323,0,1323,8877,3,RATE_LIMITED
SYNC-ACCT-025-WAREHOUSE-20260523,2026-05-23,ACCT-025,WAREHOUSE,Production,FAILED,429,1463,0,1463,16830,3,RATE_LIMITED
SYNC-ACCT-025-WAREHOUSE-20260526,2026-05-26,ACCT-025,WAREHOUSE,Production,SUCCESS,200,1230,1224,6,633,0,
SYNC-ACCT-025-WAREHOUSE-20260529,2026-05-29,ACCT-025,WAREHOUSE,Production,SUCCESS,200,1350,1344,6,1765,0,
SYNC-ACCT-025-WAREHOUSE-20260601,2026-06-01,ACCT-025,WAREHOUSE,Production,SUCCESS,200,1352,1345,7,1015,0,
SYNC-ACCT-025-WAREHOUSE-20260604,2026-06-04,ACCT-025,WAREHOUSE,Production,SUCCESS,200,1182,1175,7,2456,0,
SYNC-ACCT-025-WAREHOUSE-20260607,2026-06-07,ACCT-025,WAREHOUSE,Production,SUCCESS,200,1425,1422,3,894,0,
SYNC-ACCT-025-WAREHOUSE-20260610,2026-06-10,ACCT-025,WAREHOUSE,Production,SUCCESS,200,961,957,4,1154,0,
SYNC-ACCT-025-WAREHOUSE-20260613,2026-06-13,ACCT-025,WAREHOUSE,Production,SUCCESS,200,1446,1444,2,2513,0,
SYNC-ACCT-025-WAREHOUSE-20260616,2026-06-16,ACCT-025,WAREHOUSE,Production,SUCCESS,200,1549,1539,10,1953,0,
SYNC-ACCT-025-WAREHOUSE-20260619,2026-06-19,ACCT-025,WAREHOUSE,Production,SUCCESS,200,1114,1107,7,2054,0,
SYNC-ACCT-025-WAREHOUSE-20260622,2026-06-22,ACCT-025,WAREHOUSE,Production,SUCCESS,200,1670,1666,4,2828,0,
SYNC-ACCT-025-WAREHOUSE-20260625,2026-06-25,ACCT-025,WAREHOUSE,Production,SUCCESS,200,1045,1038,7,1305,0,
SYNC-ACCT-025-WAREHOUSE-20260628,2026-06-28,ACCT-025,WAREHOUSE,Production,SUCCESS,200,920,919,1,1116,0,
SYNC-ACCT-026-CRM-20251218,2025-12-18,ACCT-026,CRM,Production,SUCCESS,200,1414,1404,10,875,0,
SYNC-ACCT-026-CRM-20251221,2025-12-21,ACCT-026,CRM,Production,SUCCESS,200,1382,1374,8,916,0,
SYNC-ACCT-026-CRM-20251224,2025-12-24,ACCT-026,CRM,Production,SUCCESS,200,760,758,2,3078,0,
SYNC-ACCT-026-CRM-20251227,2025-12-27,ACCT-026,CRM,Production,SUCCESS,200,802,797,5,3337,0,
SYNC-ACCT-026-CRM-20251230,2025-12-30,ACCT-026,CRM,Production,SUCCESS,200,935,930,5,3232,0,
SYNC-ACCT-026-CRM-20260102,2026-01-02,ACCT-026,CRM,Production,SUCCESS,200,1527,1515,12,2293,0,
SYNC-ACCT-026-CRM-20260105,2026-01-05,ACCT-026,CRM,Production,SUCCESS,200,1672,1671,1,2436,0,
SYNC-ACCT-026-CRM-20260108,2026-01-08,ACCT-026,CRM,Production,SUCCESS,200,789,783,6,1613,0,
SYNC-ACCT-026-CRM-20260111,2026-01-11,ACCT-026,CRM,Production,SUCCESS,200,1239,1237,2,1868,0,
SYNC-ACCT-026-CRM-20260114,2026-01-14,ACCT-026,CRM,Production,SUCCESS,200,1394,1393,1,3382,0,
SYNC-ACCT-026-CRM-20260117,2026-01-17,ACCT-026,CRM,Production,SUCCESS,200,807,804,3,1653,0,
SYNC-ACCT-026-CRM-20260120,2026-01-20,ACCT-026,CRM,Production,SUCCESS,200,1517,1513,4,863,0,
SYNC-ACCT-026-CRM-20260123,2026-01-23,ACCT-026,CRM,Production,SUCCESS,200,753,752,1,3293,0,
SYNC-ACCT-026-CRM-20260126,2026-01-26,ACCT-026,CRM,Production,SUCCESS,200,946,944,2,3317,0,
SYNC-ACCT-026-CRM-20260129,2026-01-29,ACCT-026,CRM,Production,SUCCESS,200,1055,1052,3,798,0,
SYNC-ACCT-026-CRM-20260201,2026-02-01,ACCT-026,CRM,Production,SUCCESS,200,1530,1521,9,2617,0,
SYNC-ACCT-026-CRM-20260204,2026-02-04,ACCT-026,CRM,Production,SUCCESS,200,1468,1460,8,1790,0,
SYNC-ACCT-026-CRM-20260207,2026-02-07,ACCT-026,CRM,Production,SUCCESS,200,1172,1166,6,1007,0,
SYNC-ACCT-026-CRM-20260210,2026-02-10,ACCT-026,CRM,Production,SUCCESS,200,1238,1238,0,2162,0,
SYNC-ACCT-026-CRM-20260213,2026-02-13,ACCT-026,CRM,Production,SUCCESS,200,1278,1269,9,2531,0,
SYNC-ACCT-026-CRM-20260216,2026-02-16,ACCT-026,CRM,Production,SUCCESS,200,1481,1471,10,2274,0,
SYNC-ACCT-026-CRM-20260219,2026-02-19,ACCT-026,CRM,Production,SUCCESS,200,1003,1002,1,954,0,
SYNC-ACCT-026-CRM-20260222,2026-02-22,ACCT-026,CRM,Production,SUCCESS,200,1147,1143,4,1359,0,
SYNC-ACCT-026-CRM-20260225,2026-02-25,ACCT-026,CRM,Production,SUCCESS,200,1324,1324,0,2349,0,
SYNC-ACCT-026-CRM-20260228,2026-02-28,ACCT-026,CRM,Production,SUCCESS,200,1144,1144,0,654,0,
SYNC-ACCT-026-CRM-20260303,2026-03-03,ACCT-026,CRM,Production,SUCCESS,200,1459,1451,8,1366,0,
SYNC-ACCT-026-CRM-20260306,2026-03-06,ACCT-026,CRM,Production,SUCCESS,200,1455,1448,7,3087,0,
SYNC-ACCT-026-CRM-20260309,2026-03-09,ACCT-026,CRM,Production,SUCCESS,200,1246,1242,4,852,0,
SYNC-ACCT-026-CRM-20260312,2026-03-12,ACCT-026,CRM,Production,SUCCESS,200,1214,1208,6,2407,0,
SYNC-ACCT-026-CRM-20260315,2026-03-15,ACCT-026,CRM,Production,SUCCESS,200,1144,1136,8,747,0,
SYNC-ACCT-026-CRM-20260318,2026-03-18,ACCT-026,CRM,Production,SUCCESS,200,1471,1467,4,3333,0,
SYNC-ACCT-026-CRM-20260321,2026-03-21,ACCT-026,CRM,Production,SUCCESS,200,1361,1356,5,1628,0,
SYNC-ACCT-026-CRM-20260324,2026-03-24,ACCT-026,CRM,Production,SUCCESS,200,1037,1033,4,2878,0,
SYNC-ACCT-026-CRM-20260327,2026-03-27,ACCT-026,CRM,Production,SUCCESS,200,862,855,7,1573,0,
SYNC-ACCT-026-CRM-20260330,2026-03-30,ACCT-026,CRM,Production,SUCCESS,200,857,853,4,1443,0,
SYNC-ACCT-026-CRM-20260402,2026-04-02,ACCT-026,CRM,Production,SUCCESS,200,1652,1641,11,2565,0,
SYNC-ACCT-026-CRM-20260405,2026-04-05,ACCT-026,CRM,Production,SUCCESS,200,1462,1451,11,3352,0,
SYNC-ACCT-026-CRM-20260408,2026-04-08,ACCT-026,CRM,Production,SUCCESS,200,972,971,1,2041,0,
SYNC-ACCT-026-CRM-20260411,2026-04-11,ACCT-026,CRM,Production,SUCCESS,200,1534,1531,3,1303,0,
SYNC-ACCT-026-CRM-20260414,2026-04-14,ACCT-026,CRM,Production,SUCCESS,200,753,748,5,2520,0,
SYNC-ACCT-026-CRM-20260417,2026-04-17,ACCT-026,CRM,Production,SUCCESS,200,798,792,6,634,0,
SYNC-ACCT-026-CRM-20260420,2026-04-20,ACCT-026,CRM,Production,SUCCESS,200,1552,1542,10,2898,0,
SYNC-ACCT-026-CRM-20260423,2026-04-23,ACCT-026,CRM,Production,SUCCESS,200,861,861,0,1181,0,
SYNC-ACCT-026-CRM-20260426,2026-04-26,ACCT-026,CRM,Production,SUCCESS,200,1224,1223,1,1826,0,
SYNC-ACCT-026-CRM-20260429,2026-04-29,ACCT-026,CRM,Production,SUCCESS,200,1432,1425,7,3133,0,
SYNC-ACCT-026-CRM-20260502,2026-05-02,ACCT-026,CRM,Production,SUCCESS,200,1151,1145,6,1191,0,
SYNC-ACCT-026-CRM-20260505,2026-05-05,ACCT-026,CRM,Production,SUCCESS,200,1383,1382,1,622,0,
SYNC-ACCT-026-CRM-20260508,2026-05-08,ACCT-026,CRM,Production,SUCCESS,200,1486,1477,9,1456,0,
SYNC-ACCT-026-CRM-20260511,2026-05-11,ACCT-026,CRM,Production,SUCCESS,200,965,959,6,639,0,
SYNC-ACCT-026-CRM-20260514,2026-05-14,ACCT-026,CRM,Production,SUCCESS,200,1614,1605,9,1706,0,
SYNC-ACCT-026-CRM-20260517,2026-05-17,ACCT-026,CRM,Production,SUCCESS,200,1527,1524,3,3198,0,
SYNC-ACCT-026-CRM-20260520,2026-05-20,ACCT-026,CRM,Production,SUCCESS,200,1174,1174,0,1671,0,
SYNC-ACCT-026-CRM-20260523,2026-05-23,ACCT-026,CRM,Production,SUCCESS,200,1153,1152,1,641,0,
SYNC-ACCT-026-CRM-20260526,2026-05-26,ACCT-026,CRM,Production,SUCCESS,200,1459,1454,5,2875,0,
SYNC-ACCT-026-CRM-20260529,2026-05-29,ACCT-026,CRM,Production,SUCCESS,200,1208,1208,0,2232,0,
SYNC-ACCT-026-CRM-20260601,2026-06-01,ACCT-026,CRM,Production,SUCCESS,200,1225,1217,8,1831,0,
SYNC-ACCT-026-CRM-20260604,2026-06-04,ACCT-026,CRM,Production,SUCCESS,200,1289,1282,7,1120,0,
SYNC-ACCT-026-CRM-20260607,2026-06-07,ACCT-026,CRM,Production,SUCCESS,200,1134,1131,3,3278,0,
SYNC-ACCT-026-CRM-20260610,2026-06-10,ACCT-026,CRM,Production,SUCCESS,200,1150,1148,2,878,0,
SYNC-ACCT-026-CRM-20260613,2026-06-13,ACCT-026,CRM,Production,SUCCESS,200,1390,1388,2,2987,0,
SYNC-ACCT-026-CRM-20260616,2026-06-16,ACCT-026,CRM,Production,SUCCESS,200,1146,1139,7,3094,0,
SYNC-ACCT-026-CRM-20260619,2026-06-19,ACCT-026,CRM,Production,SUCCESS,200,745,742,3,2607,0,
SYNC-ACCT-026-CRM-20260622,2026-06-22,ACCT-026,CRM,Production,SUCCESS,200,1413,1410,3,3169,0,
SYNC-ACCT-026-CRM-20260625,2026-06-25,ACCT-026,CRM,Production,SUCCESS,200,894,893,1,1408,0,
SYNC-ACCT-026-CRM-20260628,2026-06-28,ACCT-026,CRM,Production,SUCCESS,200,1352,1346,6,1804,0,
SYNC-ACCT-026-BILLING-20251218,2025-12-18,ACCT-026,BILLING,Production,SUCCESS,200,824,819,5,2155,0,
SYNC-ACCT-026-BILLING-20251221,2025-12-21,ACCT-026,BILLING,Production,SUCCESS,200,1149,1147,2,1418,0,
SYNC-ACCT-026-BILLING-20251224,2025-12-24,ACCT-026,BILLING,Production,SUCCESS,200,1181,1175,6,2650,0,
SYNC-ACCT-026-BILLING-20251227,2025-12-27,ACCT-026,BILLING,Production,SUCCESS,200,761,758,3,634,0,
SYNC-ACCT-026-BILLING-20251230,2025-12-30,ACCT-026,BILLING,Production,SUCCESS,200,856,854,2,851,0,
SYNC-ACCT-026-BILLING-20260102,2026-01-02,ACCT-026,BILLING,Production,SUCCESS,200,1032,1026,6,530,0,
SYNC-ACCT-026-BILLING-20260105,2026-01-05,ACCT-026,BILLING,Production,SUCCESS,200,729,724,5,992,0,
SYNC-ACCT-026-BILLING-20260108,2026-01-08,ACCT-026,BILLING,Production,SUCCESS,200,938,936,2,2130,0,
SYNC-ACCT-026-BILLING-20260111,2026-01-11,ACCT-026,BILLING,Production,SUCCESS,200,880,880,0,1512,0,
SYNC-ACCT-026-BILLING-20260114,2026-01-14,ACCT-026,BILLING,Production,SUCCESS,200,1309,1306,3,2321,0,
SYNC-ACCT-026-BILLING-20260117,2026-01-17,ACCT-026,BILLING,Production,SUCCESS,200,794,794,0,3269,0,
SYNC-ACCT-026-BILLING-20260120,2026-01-20,ACCT-026,BILLING,Production,SUCCESS,200,1047,1046,1,2725,0,
SYNC-ACCT-026-BILLING-20260123,2026-01-23,ACCT-026,BILLING,Production,SUCCESS,200,755,755,0,1572,0,
SYNC-ACCT-026-BILLING-20260126,2026-01-26,ACCT-026,BILLING,Production,SUCCESS,200,1498,1493,5,3336,0,
SYNC-ACCT-026-BILLING-20260129,2026-01-29,ACCT-026,BILLING,Production,SUCCESS,200,1101,1095,6,871,0,
SYNC-ACCT-026-BILLING-20260201,2026-02-01,ACCT-026,BILLING,Production,SUCCESS,200,767,767,0,1178,0,
SYNC-ACCT-026-BILLING-20260204,2026-02-04,ACCT-026,BILLING,Production,SUCCESS,200,749,746,3,2380,0,
SYNC-ACCT-026-BILLING-20260207,2026-02-07,ACCT-026,BILLING,Production,SUCCESS,200,1635,1633,2,1620,0,
SYNC-ACCT-026-BILLING-20260210,2026-02-10,ACCT-026,BILLING,Production,SUCCESS,200,1373,1367,6,1229,0,
SYNC-ACCT-026-BILLING-20260213,2026-02-13,ACCT-026,BILLING,Production,SUCCESS,200,1369,1361,8,1483,0,
SYNC-ACCT-026-BILLING-20260216,2026-02-16,ACCT-026,BILLING,Production,SUCCESS,200,1493,1481,12,2052,0,
SYNC-ACCT-026-BILLING-20260219,2026-02-19,ACCT-026,BILLING,Production,SUCCESS,200,1230,1226,4,1178,0,
SYNC-ACCT-026-BILLING-20260222,2026-02-22,ACCT-026,BILLING,Production,SUCCESS,200,1441,1429,12,1185,0,
SYNC-ACCT-026-BILLING-20260225,2026-02-25,ACCT-026,BILLING,Production,SUCCESS,200,1239,1238,1,2268,0,
SYNC-ACCT-026-BILLING-20260228,2026-02-28,ACCT-026,BILLING,Production,SUCCESS,200,728,722,6,2366,0,
SYNC-ACCT-026-BILLING-20260303,2026-03-03,ACCT-026,BILLING,Production,SUCCESS,200,1266,1266,0,2931,0,
SYNC-ACCT-026-BILLING-20260306,2026-03-06,ACCT-026,BILLING,Production,SUCCESS,200,1290,1287,3,1406,0,
SYNC-ACCT-026-BILLING-20260309,2026-03-09,ACCT-026,BILLING,Production,SUCCESS,200,1469,1459,10,3057,0,
SYNC-ACCT-026-BILLING-20260312,2026-03-12,ACCT-026,BILLING,Production,SUCCESS,200,1503,1495,8,2197,0,
SYNC-ACCT-026-BILLING-20260315,2026-03-15,ACCT-026,BILLING,Production,SUCCESS,200,1349,1343,6,2566,0,
SYNC-ACCT-026-BILLING-20260318,2026-03-18,ACCT-026,BILLING,Production,SUCCESS,200,1426,1417,9,2383,0,
SYNC-ACCT-026-BILLING-20260321,2026-03-21,ACCT-026,BILLING,Production,SUCCESS,200,1493,1489,4,1310,0,
SYNC-ACCT-026-BILLING-20260324,2026-03-24,ACCT-026,BILLING,Production,SUCCESS,200,1092,1086,6,2610,0,
SYNC-ACCT-026-BILLING-20260327,2026-03-27,ACCT-026,BILLING,Production,SUCCESS,200,935,929,6,742,0,
SYNC-ACCT-026-BILLING-20260330,2026-03-30,ACCT-026,BILLING,Production,SUCCESS,200,1275,1271,4,1712,0,
SYNC-ACCT-026-BILLING-20260402,2026-04-02,ACCT-026,BILLING,Production,SUCCESS,200,1561,1553,8,2387,0,
SYNC-ACCT-026-BILLING-20260405,2026-04-05,ACCT-026,BILLING,Production,SUCCESS,200,1503,1501,2,3288,0,
SYNC-ACCT-026-BILLING-20260408,2026-04-08,ACCT-026,BILLING,Production,SUCCESS,200,1515,1508,7,2795,0,
SYNC-ACCT-026-BILLING-20260411,2026-04-11,ACCT-026,BILLING,Production,SUCCESS,200,1065,1059,6,3156,0,
SYNC-ACCT-026-BILLING-20260414,2026-04-14,ACCT-026,BILLING,Production,SUCCESS,200,1538,1529,9,2999,0,
SYNC-ACCT-026-BILLING-20260417,2026-04-17,ACCT-026,BILLING,Production,SUCCESS,200,1553,1544,9,1179,0,
SYNC-ACCT-026-BILLING-20260420,2026-04-20,ACCT-026,BILLING,Production,SUCCESS,200,1531,1527,4,2901,0,
SYNC-ACCT-026-BILLING-20260423,2026-04-23,ACCT-026,BILLING,Production,SUCCESS,200,1474,1463,11,789,0,
SYNC-ACCT-026-BILLING-20260426,2026-04-26,ACCT-026,BILLING,Production,SUCCESS,200,1279,1277,2,2377,0,
SYNC-ACCT-026-BILLING-20260429,2026-04-29,ACCT-026,BILLING,Production,SUCCESS,200,1634,1623,11,617,0,
SYNC-ACCT-026-BILLING-20260502,2026-05-02,ACCT-026,BILLING,Production,SUCCESS,200,1663,1659,4,3389,0,
SYNC-ACCT-026-BILLING-20260505,2026-05-05,ACCT-026,BILLING,Production,SUCCESS,200,1307,1303,4,1116,0,
SYNC-ACCT-026-BILLING-20260508,2026-05-08,ACCT-026,BILLING,Production,SUCCESS,200,864,862,2,1754,0,
SYNC-ACCT-026-BILLING-20260511,2026-05-11,ACCT-026,BILLING,Production,SUCCESS,200,1153,1147,6,697,0,
SYNC-ACCT-026-BILLING-20260514,2026-05-14,ACCT-026,BILLING,Production,SUCCESS,200,1249,1241,8,2312,0,
SYNC-ACCT-026-BILLING-20260517,2026-05-17,ACCT-026,BILLING,Production,SUCCESS,200,906,900,6,2603,0,
SYNC-ACCT-026-BILLING-20260520,2026-05-20,ACCT-026,BILLING,Production,SUCCESS,200,1515,1514,1,3253,0,
SYNC-ACCT-026-BILLING-20260523,2026-05-23,ACCT-026,BILLING,Production,SUCCESS,200,1031,1029,2,2210,0,
SYNC-ACCT-026-BILLING-20260526,2026-05-26,ACCT-026,BILLING,Production,SUCCESS,200,1279,1270,9,1399,0,
SYNC-ACCT-026-BILLING-20260529,2026-05-29,ACCT-026,BILLING,Production,SUCCESS,200,1230,1222,8,2604,0,
SYNC-ACCT-026-BILLING-20260601,2026-06-01,ACCT-026,BILLING,Production,SUCCESS,200,875,873,2,1509,0,
SYNC-ACCT-026-BILLING-20260604,2026-06-04,ACCT-026,BILLING,Production,SUCCESS,200,1553,1552,1,3151,0,
SYNC-ACCT-026-BILLING-20260607,2026-06-07,ACCT-026,BILLING,Production,SUCCESS,200,1253,1244,9,3197,0,
SYNC-ACCT-026-BILLING-20260610,2026-06-10,ACCT-026,BILLING,Production,SUCCESS,200,1498,1489,9,3128,0,
SYNC-ACCT-026-BILLING-20260613,2026-06-13,ACCT-026,BILLING,Production,SUCCESS,200,1386,1379,7,514,0,
SYNC-ACCT-026-BILLING-20260616,2026-06-16,ACCT-026,BILLING,Production,SUCCESS,200,838,832,6,1677,0,
SYNC-ACCT-026-BILLING-20260619,2026-06-19,ACCT-026,BILLING,Production,SUCCESS,200,1283,1280,3,2472,0,
SYNC-ACCT-026-BILLING-20260622,2026-06-22,ACCT-026,BILLING,Production,SUCCESS,200,1133,1133,0,2985,0,
SYNC-ACCT-026-BILLING-20260625,2026-06-25,ACCT-026,BILLING,Production,SUCCESS,200,785,783,2,1594,0,
SYNC-ACCT-026-BILLING-20260628,2026-06-28,ACCT-026,BILLING,Production,SUCCESS,200,1090,1090,0,2301,0,
SYNC-ACCT-027-CRM-20251221,2025-12-21,ACCT-027,CRM,Production,SUCCESS,200,1133,1131,2,1482,0,
SYNC-ACCT-027-CRM-20251224,2025-12-24,ACCT-027,CRM,Production,SUCCESS,200,801,801,0,2398,0,
SYNC-ACCT-027-CRM-20251227,2025-12-27,ACCT-027,CRM,Production,SUCCESS,200,1015,1011,4,2682,0,
SYNC-ACCT-027-CRM-20251230,2025-12-30,ACCT-027,CRM,Production,SUCCESS,200,1342,1334,8,1596,0,
SYNC-ACCT-027-CRM-20260102,2026-01-02,ACCT-027,CRM,Production,SUCCESS,200,1336,1331,5,2535,0,
SYNC-ACCT-027-CRM-20260105,2026-01-05,ACCT-027,CRM,Production,SUCCESS,200,1050,1050,0,1545,0,
SYNC-ACCT-027-CRM-20260108,2026-01-08,ACCT-027,CRM,Production,SUCCESS,200,1263,1262,1,1283,0,
SYNC-ACCT-027-CRM-20260111,2026-01-11,ACCT-027,CRM,Production,SUCCESS,200,1358,1352,6,553,0,
SYNC-ACCT-027-CRM-20260114,2026-01-14,ACCT-027,CRM,Production,SUCCESS,200,1461,1450,11,2135,0,
SYNC-ACCT-027-CRM-20260117,2026-01-17,ACCT-027,CRM,Production,SUCCESS,200,1419,1416,3,755,0,
SYNC-ACCT-027-CRM-20260120,2026-01-20,ACCT-027,CRM,Production,SUCCESS,200,1212,1206,6,2071,0,
SYNC-ACCT-027-CRM-20260123,2026-01-23,ACCT-027,CRM,Production,SUCCESS,200,1287,1278,9,648,0,
SYNC-ACCT-027-CRM-20260126,2026-01-26,ACCT-027,CRM,Production,SUCCESS,200,1430,1423,7,1171,0,
SYNC-ACCT-027-CRM-20260129,2026-01-29,ACCT-027,CRM,Production,SUCCESS,200,822,822,0,1242,0,
SYNC-ACCT-027-CRM-20260201,2026-02-01,ACCT-027,CRM,Production,SUCCESS,200,1510,1506,4,3361,0,
SYNC-ACCT-027-CRM-20260204,2026-02-04,ACCT-027,CRM,Production,SUCCESS,200,786,784,2,3163,0,
SYNC-ACCT-027-CRM-20260207,2026-02-07,ACCT-027,CRM,Production,SUCCESS,200,1028,1020,8,2041,0,
SYNC-ACCT-027-CRM-20260210,2026-02-10,ACCT-027,CRM,Production,SUCCESS,200,902,896,6,619,0,
SYNC-ACCT-027-CRM-20260213,2026-02-13,ACCT-027,CRM,Production,SUCCESS,200,976,970,6,2136,0,
SYNC-ACCT-027-CRM-20260216,2026-02-16,ACCT-027,CRM,Production,SUCCESS,200,1365,1356,9,1299,0,
SYNC-ACCT-027-CRM-20260219,2026-02-19,ACCT-027,CRM,Production,SUCCESS,200,1077,1077,0,1358,0,
SYNC-ACCT-027-CRM-20260222,2026-02-22,ACCT-027,CRM,Production,SUCCESS,200,1105,1105,0,3348,0,
SYNC-ACCT-027-CRM-20260225,2026-02-25,ACCT-027,CRM,Production,SUCCESS,200,811,811,0,2394,0,
SYNC-ACCT-027-CRM-20260228,2026-02-28,ACCT-027,CRM,Production,SUCCESS,200,977,971,6,1094,0,
SYNC-ACCT-027-CRM-20260303,2026-03-03,ACCT-027,CRM,Production,SUCCESS,200,1044,1043,1,2636,0,
SYNC-ACCT-027-CRM-20260306,2026-03-06,ACCT-027,CRM,Production,SUCCESS,200,1578,1570,8,2387,0,
SYNC-ACCT-027-CRM-20260309,2026-03-09,ACCT-027,CRM,Production,SUCCESS,200,724,721,3,1149,0,
SYNC-ACCT-027-CRM-20260312,2026-03-12,ACCT-027,CRM,Production,SUCCESS,200,1671,1658,13,2863,0,
SYNC-ACCT-027-CRM-20260315,2026-03-15,ACCT-027,CRM,Production,SUCCESS,200,1304,1294,10,558,0,
SYNC-ACCT-027-CRM-20260318,2026-03-18,ACCT-027,CRM,Production,SUCCESS,200,1424,1413,11,3143,0,
SYNC-ACCT-027-CRM-20260321,2026-03-21,ACCT-027,CRM,Production,SUCCESS,200,1272,1268,4,2062,0,
SYNC-ACCT-027-CRM-20260324,2026-03-24,ACCT-027,CRM,Production,FAILED,503,761,0,761,783,2,UPSTREAM_UNAVAILABLE
SYNC-ACCT-027-CRM-20260327,2026-03-27,ACCT-027,CRM,Production,SUCCESS,200,759,753,6,969,0,
SYNC-ACCT-027-CRM-20260330,2026-03-30,ACCT-027,CRM,Production,SUCCESS,200,955,947,8,666,0,
SYNC-ACCT-027-CRM-20260402,2026-04-02,ACCT-027,CRM,Production,SUCCESS,200,1386,1384,2,2615,0,
SYNC-ACCT-027-CRM-20260405,2026-04-05,ACCT-027,CRM,Production,SUCCESS,200,1493,1491,2,2437,0,
SYNC-ACCT-027-CRM-20260408,2026-04-08,ACCT-027,CRM,Production,SUCCESS,200,1676,1668,8,1830,0,
SYNC-ACCT-027-CRM-20260411,2026-04-11,ACCT-027,CRM,Production,SUCCESS,200,973,969,4,2133,0,
SYNC-ACCT-027-CRM-20260414,2026-04-14,ACCT-027,CRM,Production,SUCCESS,200,1369,1362,7,2109,0,
SYNC-ACCT-027-CRM-20260417,2026-04-17,ACCT-027,CRM,Production,SUCCESS,200,1107,1105,2,659,0,
SYNC-ACCT-027-CRM-20260420,2026-04-20,ACCT-027,CRM,Production,SUCCESS,200,784,783,1,2784,0,
SYNC-ACCT-027-CRM-20260423,2026-04-23,ACCT-027,CRM,Production,SUCCESS,200,1672,1660,12,2770,0,
SYNC-ACCT-027-CRM-20260426,2026-04-26,ACCT-027,CRM,Production,SUCCESS,200,796,796,0,1339,0,
SYNC-ACCT-027-CRM-20260429,2026-04-29,ACCT-027,CRM,Production,SUCCESS,200,1556,1545,11,1542,0,
SYNC-ACCT-027-CRM-20260502,2026-05-02,ACCT-027,CRM,Production,SUCCESS,200,1021,1017,4,3171,0,
SYNC-ACCT-027-CRM-20260505,2026-05-05,ACCT-027,CRM,Production,SUCCESS,200,1298,1293,5,534,0,
SYNC-ACCT-027-CRM-20260508,2026-05-08,ACCT-027,CRM,Production,SUCCESS,200,1086,1080,6,824,0,
SYNC-ACCT-027-CRM-20260511,2026-05-11,ACCT-027,CRM,Production,SUCCESS,200,1091,1087,4,869,0,
SYNC-ACCT-027-CRM-20260514,2026-05-14,ACCT-027,CRM,Production,SUCCESS,200,1059,1056,3,1468,0,
SYNC-ACCT-027-CRM-20260517,2026-05-17,ACCT-027,CRM,Production,SUCCESS,200,961,955,6,2209,0,
SYNC-ACCT-027-CRM-20260520,2026-05-20,ACCT-027,CRM,Production,SUCCESS,200,1522,1513,9,3161,0,
SYNC-ACCT-027-CRM-20260523,2026-05-23,ACCT-027,CRM,Production,SUCCESS,200,1243,1237,6,1334,0,
SYNC-ACCT-027-CRM-20260526,2026-05-26,ACCT-027,CRM,Production,SUCCESS,200,1563,1560,3,2715,0,
SYNC-ACCT-027-CRM-20260529,2026-05-29,ACCT-027,CRM,Production,SUCCESS,200,851,846,5,3078,0,
SYNC-ACCT-027-CRM-20260601,2026-06-01,ACCT-027,CRM,Production,SUCCESS,200,1095,1094,1,1248,0,
SYNC-ACCT-027-CRM-20260604,2026-06-04,ACCT-027,CRM,Production,SUCCESS,200,967,965,2,2955,0,
SYNC-ACCT-027-CRM-20260607,2026-06-07,ACCT-027,CRM,Production,SUCCESS,200,1649,1644,5,1203,0,
SYNC-ACCT-027-CRM-20260610,2026-06-10,ACCT-027,CRM,Production,SUCCESS,200,973,969,4,3320,0,
SYNC-ACCT-027-CRM-20260613,2026-06-13,ACCT-027,CRM,Production,SUCCESS,200,1321,1310,11,2538,0,
SYNC-ACCT-027-CRM-20260616,2026-06-16,ACCT-027,CRM,Production,SUCCESS,200,916,916,0,1450,0,
SYNC-ACCT-027-CRM-20260619,2026-06-19,ACCT-027,CRM,Production,SUCCESS,200,1116,1113,3,2335,0,
SYNC-ACCT-027-CRM-20260622,2026-06-22,ACCT-027,CRM,Production,SUCCESS,200,1425,1418,7,2942,0,
SYNC-ACCT-027-CRM-20260625,2026-06-25,ACCT-027,CRM,Production,SUCCESS,200,1626,1616,10,547,0,
SYNC-ACCT-027-CRM-20260628,2026-06-28,ACCT-027,CRM,Production,SUCCESS,200,1067,1065,2,1819,0,
SYNC-ACCT-027-BILLING-20251221,2025-12-21,ACCT-027,BILLING,Production,SUCCESS,200,927,926,1,1368,0,
SYNC-ACCT-027-BILLING-20251224,2025-12-24,ACCT-027,BILLING,Production,SUCCESS,200,1074,1065,9,1974,0,
SYNC-ACCT-027-BILLING-20251227,2025-12-27,ACCT-027,BILLING,Production,SUCCESS,200,1000,997,3,1468,0,
SYNC-ACCT-027-BILLING-20251230,2025-12-30,ACCT-027,BILLING,Production,SUCCESS,200,1419,1409,10,1140,0,
SYNC-ACCT-027-BILLING-20260102,2026-01-02,ACCT-027,BILLING,Production,SUCCESS,200,1179,1175,4,1853,0,
SYNC-ACCT-027-BILLING-20260105,2026-01-05,ACCT-027,BILLING,Production,SUCCESS,200,1518,1509,9,1336,0,
SYNC-ACCT-027-BILLING-20260108,2026-01-08,ACCT-027,BILLING,Production,SUCCESS,200,1056,1052,4,1411,0,
SYNC-ACCT-027-BILLING-20260111,2026-01-11,ACCT-027,BILLING,Production,SUCCESS,200,862,857,5,2742,0,
SYNC-ACCT-027-BILLING-20260114,2026-01-14,ACCT-027,BILLING,Production,SUCCESS,200,739,735,4,1304,0,
SYNC-ACCT-027-BILLING-20260117,2026-01-17,ACCT-027,BILLING,Production,SUCCESS,200,1301,1293,8,3150,0,
SYNC-ACCT-027-BILLING-20260120,2026-01-20,ACCT-027,BILLING,Production,SUCCESS,200,1345,1339,6,2434,0,
SYNC-ACCT-027-BILLING-20260123,2026-01-23,ACCT-027,BILLING,Production,SUCCESS,200,1128,1123,5,948,0,
SYNC-ACCT-027-BILLING-20260126,2026-01-26,ACCT-027,BILLING,Production,SUCCESS,200,1154,1146,8,2016,0,
SYNC-ACCT-027-BILLING-20260129,2026-01-29,ACCT-027,BILLING,Production,SUCCESS,200,977,976,1,2572,0,
SYNC-ACCT-027-BILLING-20260201,2026-02-01,ACCT-027,BILLING,Production,SUCCESS,200,988,984,4,2890,0,
SYNC-ACCT-027-BILLING-20260204,2026-02-04,ACCT-027,BILLING,Production,SUCCESS,200,1121,1116,5,2510,0,
SYNC-ACCT-027-BILLING-20260207,2026-02-07,ACCT-027,BILLING,Production,SUCCESS,200,834,827,7,642,0,
SYNC-ACCT-027-BILLING-20260210,2026-02-10,ACCT-027,BILLING,Production,SUCCESS,200,1661,1653,8,1838,0,
SYNC-ACCT-027-BILLING-20260213,2026-02-13,ACCT-027,BILLING,Production,SUCCESS,200,872,865,7,3096,0,
SYNC-ACCT-027-BILLING-20260216,2026-02-16,ACCT-027,BILLING,Production,SUCCESS,200,960,952,8,2642,0,
SYNC-ACCT-027-BILLING-20260219,2026-02-19,ACCT-027,BILLING,Production,SUCCESS,200,1632,1622,10,1503,0,
SYNC-ACCT-027-BILLING-20260222,2026-02-22,ACCT-027,BILLING,Production,SUCCESS,200,803,802,1,2420,0,
SYNC-ACCT-027-BILLING-20260225,2026-02-25,ACCT-027,BILLING,Production,SUCCESS,200,778,776,2,3245,0,
SYNC-ACCT-027-BILLING-20260228,2026-02-28,ACCT-027,BILLING,Production,SUCCESS,200,735,732,3,1568,0,
SYNC-ACCT-027-BILLING-20260303,2026-03-03,ACCT-027,BILLING,Production,SUCCESS,200,1257,1253,4,617,0,
SYNC-ACCT-027-BILLING-20260306,2026-03-06,ACCT-027,BILLING,Production,SUCCESS,200,1552,1540,12,1350,0,
SYNC-ACCT-027-BILLING-20260309,2026-03-09,ACCT-027,BILLING,Production,SUCCESS,200,848,844,4,2420,0,
SYNC-ACCT-027-BILLING-20260312,2026-03-12,ACCT-027,BILLING,Production,SUCCESS,200,1333,1329,4,2781,0,
SYNC-ACCT-027-BILLING-20260315,2026-03-15,ACCT-027,BILLING,Production,SUCCESS,200,1444,1432,12,3395,0,
SYNC-ACCT-027-BILLING-20260318,2026-03-18,ACCT-027,BILLING,Production,SUCCESS,200,1317,1315,2,2811,0,
SYNC-ACCT-027-BILLING-20260321,2026-03-21,ACCT-027,BILLING,Production,SUCCESS,200,997,995,2,1762,0,
SYNC-ACCT-027-BILLING-20260324,2026-03-24,ACCT-027,BILLING,Production,SUCCESS,200,1667,1656,11,1055,0,
SYNC-ACCT-027-BILLING-20260327,2026-03-27,ACCT-027,BILLING,Production,SUCCESS,200,1638,1630,8,648,0,
SYNC-ACCT-027-BILLING-20260330,2026-03-30,ACCT-027,BILLING,Production,SUCCESS,200,1247,1245,2,783,0,
SYNC-ACCT-027-BILLING-20260402,2026-04-02,ACCT-027,BILLING,Production,SUCCESS,200,869,866,3,2993,0,
SYNC-ACCT-027-BILLING-20260405,2026-04-05,ACCT-027,BILLING,Production,SUCCESS,200,1420,1415,5,3313,0,
SYNC-ACCT-027-BILLING-20260408,2026-04-08,ACCT-027,BILLING,Production,SUCCESS,200,821,819,2,1995,0,
SYNC-ACCT-027-BILLING-20260411,2026-04-11,ACCT-027,BILLING,Production,SUCCESS,200,1507,1503,4,2897,0,
SYNC-ACCT-027-BILLING-20260414,2026-04-14,ACCT-027,BILLING,Production,SUCCESS,200,1204,1198,6,557,0,
SYNC-ACCT-027-BILLING-20260417,2026-04-17,ACCT-027,BILLING,Production,SUCCESS,200,1151,1148,3,658,0,
SYNC-ACCT-027-BILLING-20260420,2026-04-20,ACCT-027,BILLING,Production,SUCCESS,200,1438,1438,0,2984,0,
SYNC-ACCT-027-BILLING-20260423,2026-04-23,ACCT-027,BILLING,Production,SUCCESS,200,859,856,3,1848,0,
SYNC-ACCT-027-BILLING-20260426,2026-04-26,ACCT-027,BILLING,Production,SUCCESS,200,977,970,7,931,0,
SYNC-ACCT-027-BILLING-20260429,2026-04-29,ACCT-027,BILLING,Production,SUCCESS,200,1310,1304,6,1081,0,
SYNC-ACCT-027-BILLING-20260502,2026-05-02,ACCT-027,BILLING,Production,SUCCESS,200,913,908,5,3098,0,
SYNC-ACCT-027-BILLING-20260505,2026-05-05,ACCT-027,BILLING,Production,SUCCESS,200,763,759,4,2867,0,
SYNC-ACCT-027-BILLING-20260508,2026-05-08,ACCT-027,BILLING,Production,SUCCESS,200,1646,1643,3,2856,0,
SYNC-ACCT-027-BILLING-20260511,2026-05-11,ACCT-027,BILLING,Production,SUCCESS,200,1635,1631,4,831,0,
SYNC-ACCT-027-BILLING-20260514,2026-05-14,ACCT-027,BILLING,Production,SUCCESS,200,783,777,6,2988,0,
SYNC-ACCT-027-BILLING-20260517,2026-05-17,ACCT-027,BILLING,Production,SUCCESS,200,1285,1278,7,2409,0,
SYNC-ACCT-027-BILLING-20260520,2026-05-20,ACCT-027,BILLING,Production,SUCCESS,200,1194,1187,7,2616,0,
SYNC-ACCT-027-BILLING-20260523,2026-05-23,ACCT-027,BILLING,Production,SUCCESS,200,1166,1160,6,2071,0,
SYNC-ACCT-027-BILLING-20260526,2026-05-26,ACCT-027,BILLING,Production,SUCCESS,200,1180,1173,7,2487,0,
SYNC-ACCT-027-BILLING-20260529,2026-05-29,ACCT-027,BILLING,Production,SUCCESS,200,774,773,1,3366,0,
SYNC-ACCT-027-BILLING-20260601,2026-06-01,ACCT-027,BILLING,Production,SUCCESS,200,797,797,0,1956,0,
SYNC-ACCT-027-BILLING-20260604,2026-06-04,ACCT-027,BILLING,Production,SUCCESS,200,1368,1357,11,1697,0,
SYNC-ACCT-027-BILLING-20260607,2026-06-07,ACCT-027,BILLING,Production,SUCCESS,200,956,953,3,931,0,
SYNC-ACCT-027-BILLING-20260610,2026-06-10,ACCT-027,BILLING,Production,SUCCESS,200,1477,1477,0,1106,0,
SYNC-ACCT-027-BILLING-20260613,2026-06-13,ACCT-027,BILLING,Production,SUCCESS,200,866,861,5,3298,0,
SYNC-ACCT-027-BILLING-20260616,2026-06-16,ACCT-027,BILLING,Production,SUCCESS,200,753,753,0,3117,0,
SYNC-ACCT-027-BILLING-20260619,2026-06-19,ACCT-027,BILLING,Production,SUCCESS,200,1508,1497,11,2157,0,
SYNC-ACCT-027-BILLING-20260622,2026-06-22,ACCT-027,BILLING,Production,SUCCESS,200,1547,1537,10,3274,0,
SYNC-ACCT-027-BILLING-20260625,2026-06-25,ACCT-027,BILLING,Production,SUCCESS,200,1512,1511,1,2623,0,
SYNC-ACCT-027-BILLING-20260628,2026-06-28,ACCT-027,BILLING,Production,SUCCESS,200,916,915,1,2519,0,
SYNC-ACCT-027-PRODUCT-20251221,2025-12-21,ACCT-027,PRODUCT,Production,SUCCESS,200,1598,1590,8,1438,0,
SYNC-ACCT-027-PRODUCT-20251224,2025-12-24,ACCT-027,PRODUCT,Production,SUCCESS,200,1561,1555,6,2848,0,
SYNC-ACCT-027-PRODUCT-20251227,2025-12-27,ACCT-027,PRODUCT,Production,SUCCESS,200,1085,1084,1,2361,0,
SYNC-ACCT-027-PRODUCT-20251230,2025-12-30,ACCT-027,PRODUCT,Production,SUCCESS,200,942,941,1,504,0,
SYNC-ACCT-027-PRODUCT-20260102,2026-01-02,ACCT-027,PRODUCT,Production,SUCCESS,200,1365,1355,10,2025,0,
SYNC-ACCT-027-PRODUCT-20260105,2026-01-05,ACCT-027,PRODUCT,Production,SUCCESS,200,891,891,0,1581,0,
SYNC-ACCT-027-PRODUCT-20260108,2026-01-08,ACCT-027,PRODUCT,Production,SUCCESS,200,1233,1232,1,1130,0,
SYNC-ACCT-027-PRODUCT-20260111,2026-01-11,ACCT-027,PRODUCT,Production,SUCCESS,200,1340,1340,0,3253,0,
SYNC-ACCT-027-PRODUCT-20260114,2026-01-14,ACCT-027,PRODUCT,Production,SUCCESS,200,805,804,1,946,0,
SYNC-ACCT-027-PRODUCT-20260117,2026-01-17,ACCT-027,PRODUCT,Production,SUCCESS,200,764,763,1,2473,0,
SYNC-ACCT-027-PRODUCT-20260120,2026-01-20,ACCT-027,PRODUCT,Production,SUCCESS,200,1276,1269,7,2343,0,
SYNC-ACCT-027-PRODUCT-20260123,2026-01-23,ACCT-027,PRODUCT,Production,SUCCESS,200,953,948,5,1311,0,
SYNC-ACCT-027-PRODUCT-20260126,2026-01-26,ACCT-027,PRODUCT,Production,SUCCESS,200,1389,1379,10,3304,0,
SYNC-ACCT-027-PRODUCT-20260129,2026-01-29,ACCT-027,PRODUCT,Production,SUCCESS,200,1470,1462,8,2897,0,
SYNC-ACCT-027-PRODUCT-20260201,2026-02-01,ACCT-027,PRODUCT,Production,SUCCESS,200,1118,1115,3,747,0,
SYNC-ACCT-027-PRODUCT-20260204,2026-02-04,ACCT-027,PRODUCT,Production,SUCCESS,200,1133,1129,4,2943,0,
SYNC-ACCT-027-PRODUCT-20260207,2026-02-07,ACCT-027,PRODUCT,Production,SUCCESS,200,1539,1536,3,3200,0,
SYNC-ACCT-027-PRODUCT-20260210,2026-02-10,ACCT-027,PRODUCT,Production,SUCCESS,200,1490,1479,11,1809,0,
SYNC-ACCT-027-PRODUCT-20260213,2026-02-13,ACCT-027,PRODUCT,Production,SUCCESS,200,1372,1369,3,3175,0,
SYNC-ACCT-027-PRODUCT-20260216,2026-02-16,ACCT-027,PRODUCT,Production,SUCCESS,200,1518,1518,0,3067,0,
SYNC-ACCT-027-PRODUCT-20260219,2026-02-19,ACCT-027,PRODUCT,Production,SUCCESS,200,884,882,2,3019,0,
SYNC-ACCT-027-PRODUCT-20260222,2026-02-22,ACCT-027,PRODUCT,Production,SUCCESS,200,1362,1352,10,3259,0,
SYNC-ACCT-027-PRODUCT-20260225,2026-02-25,ACCT-027,PRODUCT,Production,FAILED,503,1375,0,1375,1817,2,UPSTREAM_UNAVAILABLE
SYNC-ACCT-027-PRODUCT-20260228,2026-02-28,ACCT-027,PRODUCT,Production,SUCCESS,200,800,796,4,3041,0,
SYNC-ACCT-027-PRODUCT-20260303,2026-03-03,ACCT-027,PRODUCT,Production,SUCCESS,200,1220,1213,7,2015,0,
SYNC-ACCT-027-PRODUCT-20260306,2026-03-06,ACCT-027,PRODUCT,Production,SUCCESS,200,924,921,3,2032,0,
SYNC-ACCT-027-PRODUCT-20260309,2026-03-09,ACCT-027,PRODUCT,Production,SUCCESS,200,1286,1278,8,2497,0,
SYNC-ACCT-027-PRODUCT-20260312,2026-03-12,ACCT-027,PRODUCT,Production,SUCCESS,200,1199,1197,2,1577,0,
SYNC-ACCT-027-PRODUCT-20260315,2026-03-15,ACCT-027,PRODUCT,Production,SUCCESS,200,1375,1375,0,2359,0,
SYNC-ACCT-027-PRODUCT-20260318,2026-03-18,ACCT-027,PRODUCT,Production,SUCCESS,200,987,987,0,2556,0,
SYNC-ACCT-027-PRODUCT-20260321,2026-03-21,ACCT-027,PRODUCT,Production,SUCCESS,200,889,886,3,502,0,
SYNC-ACCT-027-PRODUCT-20260324,2026-03-24,ACCT-027,PRODUCT,Production,SUCCESS,200,1307,1298,9,1505,0,
SYNC-ACCT-027-PRODUCT-20260327,2026-03-27,ACCT-027,PRODUCT,Production,SUCCESS,200,1384,1373,11,1947,0,
SYNC-ACCT-027-PRODUCT-20260330,2026-03-30,ACCT-027,PRODUCT,Production,SUCCESS,200,1413,1405,8,2764,0,
SYNC-ACCT-027-PRODUCT-20260402,2026-04-02,ACCT-027,PRODUCT,Production,SUCCESS,200,1641,1628,13,648,0,
SYNC-ACCT-027-PRODUCT-20260405,2026-04-05,ACCT-027,PRODUCT,Production,SUCCESS,200,1412,1412,0,1390,0,
SYNC-ACCT-027-PRODUCT-20260408,2026-04-08,ACCT-027,PRODUCT,Production,SUCCESS,200,1570,1563,7,2275,0,
SYNC-ACCT-027-PRODUCT-20260411,2026-04-11,ACCT-027,PRODUCT,Production,SUCCESS,200,1573,1566,7,1130,0,
SYNC-ACCT-027-PRODUCT-20260414,2026-04-14,ACCT-027,PRODUCT,Production,SUCCESS,200,997,997,0,1861,0,
SYNC-ACCT-027-PRODUCT-20260417,2026-04-17,ACCT-027,PRODUCT,Production,SUCCESS,200,912,909,3,3026,0,
SYNC-ACCT-027-PRODUCT-20260420,2026-04-20,ACCT-027,PRODUCT,Production,SUCCESS,200,1200,1191,9,3362,0,
SYNC-ACCT-027-PRODUCT-20260423,2026-04-23,ACCT-027,PRODUCT,Production,SUCCESS,200,1203,1203,0,2474,0,
SYNC-ACCT-027-PRODUCT-20260426,2026-04-26,ACCT-027,PRODUCT,Production,SUCCESS,200,1486,1474,12,2467,0,
SYNC-ACCT-027-PRODUCT-20260429,2026-04-29,ACCT-027,PRODUCT,Production,SUCCESS,200,1623,1614,9,1105,0,
SYNC-ACCT-027-PRODUCT-20260502,2026-05-02,ACCT-027,PRODUCT,Production,SUCCESS,200,1420,1419,1,2101,0,
SYNC-ACCT-027-PRODUCT-20260505,2026-05-05,ACCT-027,PRODUCT,Production,SUCCESS,200,1326,1323,3,2114,0,
SYNC-ACCT-027-PRODUCT-20260508,2026-05-08,ACCT-027,PRODUCT,Production,SUCCESS,200,1073,1067,6,531,0,
SYNC-ACCT-027-PRODUCT-20260511,2026-05-11,ACCT-027,PRODUCT,Production,SUCCESS,200,1007,1005,2,2625,0,
SYNC-ACCT-027-PRODUCT-20260514,2026-05-14,ACCT-027,PRODUCT,Production,SUCCESS,200,892,887,5,1905,0,
SYNC-ACCT-027-PRODUCT-20260517,2026-05-17,ACCT-027,PRODUCT,Production,SUCCESS,200,1659,1647,12,2970,0,
SYNC-ACCT-027-PRODUCT-20260520,2026-05-20,ACCT-027,PRODUCT,Production,SUCCESS,200,733,729,4,2421,0,
SYNC-ACCT-027-PRODUCT-20260523,2026-05-23,ACCT-027,PRODUCT,Production,SUCCESS,200,1208,1208,0,1281,0,
SYNC-ACCT-027-PRODUCT-20260526,2026-05-26,ACCT-027,PRODUCT,Production,SUCCESS,200,1512,1501,11,2065,0,
SYNC-ACCT-027-PRODUCT-20260529,2026-05-29,ACCT-027,PRODUCT,Production,SUCCESS,200,1505,1502,3,2771,0,
SYNC-ACCT-027-PRODUCT-20260601,2026-06-01,ACCT-027,PRODUCT,Production,FAILED,503,969,0,969,1484,2,UPSTREAM_UNAVAILABLE
SYNC-ACCT-027-PRODUCT-20260604,2026-06-04,ACCT-027,PRODUCT,Production,SUCCESS,200,1153,1150,3,2494,0,
SYNC-ACCT-027-PRODUCT-20260607,2026-06-07,ACCT-027,PRODUCT,Production,SUCCESS,200,948,941,7,1110,0,
SYNC-ACCT-027-PRODUCT-20260610,2026-06-10,ACCT-027,PRODUCT,Production,SUCCESS,200,1603,1598,5,1894,0,
SYNC-ACCT-027-PRODUCT-20260613,2026-06-13,ACCT-027,PRODUCT,Production,SUCCESS,200,1014,1013,1,1258,0,
SYNC-ACCT-027-PRODUCT-20260616,2026-06-16,ACCT-027,PRODUCT,Production,SUCCESS,200,861,861,0,1379,0,
SYNC-ACCT-027-PRODUCT-20260619,2026-06-19,ACCT-027,PRODUCT,Production,SUCCESS,200,1328,1325,3,2913,0,
SYNC-ACCT-027-PRODUCT-20260622,2026-06-22,ACCT-027,PRODUCT,Production,SUCCESS,200,1273,1273,0,3114,0,
SYNC-ACCT-027-PRODUCT-20260625,2026-06-25,ACCT-027,PRODUCT,Production,SUCCESS,200,1588,1580,8,2547,0,
SYNC-ACCT-027-PRODUCT-20260628,2026-06-28,ACCT-027,PRODUCT,Production,SUCCESS,200,838,833,5,3138,0,
SYNC-ACCT-028-CRM-20251227,2025-12-27,ACCT-028,CRM,Production,SUCCESS,200,1510,1500,10,1075,0,
SYNC-ACCT-028-CRM-20251230,2025-12-30,ACCT-028,CRM,Production,SUCCESS,200,1041,1034,7,2058,0,
SYNC-ACCT-028-CRM-20260102,2026-01-02,ACCT-028,CRM,Production,SUCCESS,200,1467,1459,8,1388,0,
SYNC-ACCT-028-CRM-20260105,2026-01-05,ACCT-028,CRM,Production,SUCCESS,200,1611,1607,4,2322,0,
SYNC-ACCT-028-CRM-20260108,2026-01-08,ACCT-028,CRM,Production,SUCCESS,200,1532,1523,9,2566,0,
SYNC-ACCT-028-CRM-20260111,2026-01-11,ACCT-028,CRM,Production,SUCCESS,200,1099,1092,7,561,0,
SYNC-ACCT-028-CRM-20260114,2026-01-14,ACCT-028,CRM,Production,SUCCESS,200,751,751,0,2047,0,
SYNC-ACCT-028-CRM-20260117,2026-01-17,ACCT-028,CRM,Production,SUCCESS,200,1299,1298,1,1841,0,
SYNC-ACCT-028-CRM-20260120,2026-01-20,ACCT-028,CRM,Production,SUCCESS,200,1577,1568,9,1369,0,
SYNC-ACCT-028-CRM-20260123,2026-01-23,ACCT-028,CRM,Production,SUCCESS,200,1661,1660,1,2463,0,
SYNC-ACCT-028-CRM-20260126,2026-01-26,ACCT-028,CRM,Production,SUCCESS,200,1154,1147,7,2928,0,
SYNC-ACCT-028-CRM-20260129,2026-01-29,ACCT-028,CRM,Production,SUCCESS,200,874,867,7,1819,0,
SYNC-ACCT-028-CRM-20260201,2026-02-01,ACCT-028,CRM,Production,SUCCESS,200,1384,1376,8,540,0,
SYNC-ACCT-028-CRM-20260204,2026-02-04,ACCT-028,CRM,Production,SUCCESS,200,1173,1166,7,2269,0,
SYNC-ACCT-028-CRM-20260207,2026-02-07,ACCT-028,CRM,Production,SUCCESS,200,1501,1489,12,1105,0,
SYNC-ACCT-028-CRM-20260210,2026-02-10,ACCT-028,CRM,Production,SUCCESS,200,887,880,7,2552,0,
SYNC-ACCT-028-CRM-20260213,2026-02-13,ACCT-028,CRM,Production,SUCCESS,200,1532,1530,2,1895,0,
SYNC-ACCT-028-CRM-20260216,2026-02-16,ACCT-028,CRM,Production,SUCCESS,200,1185,1179,6,1241,0,
SYNC-ACCT-028-CRM-20260219,2026-02-19,ACCT-028,CRM,Production,SUCCESS,200,1247,1242,5,2554,0,
SYNC-ACCT-028-CRM-20260222,2026-02-22,ACCT-028,CRM,Production,SUCCESS,200,850,849,1,2604,0,
SYNC-ACCT-028-CRM-20260225,2026-02-25,ACCT-028,CRM,Production,SUCCESS,200,1397,1387,10,841,0,
SYNC-ACCT-028-CRM-20260228,2026-02-28,ACCT-028,CRM,Production,SUCCESS,200,967,966,1,2998,0,
SYNC-ACCT-028-CRM-20260303,2026-03-03,ACCT-028,CRM,Production,FAILED,503,1101,0,1101,856,2,UPSTREAM_UNAVAILABLE
SYNC-ACCT-028-CRM-20260306,2026-03-06,ACCT-028,CRM,Production,SUCCESS,200,1539,1531,8,3326,0,
SYNC-ACCT-028-CRM-20260309,2026-03-09,ACCT-028,CRM,Production,SUCCESS,200,1292,1284,8,1530,0,
SYNC-ACCT-028-CRM-20260312,2026-03-12,ACCT-028,CRM,Production,SUCCESS,200,1381,1377,4,3202,0,
SYNC-ACCT-028-CRM-20260315,2026-03-15,ACCT-028,CRM,Production,SUCCESS,200,1672,1671,1,2703,0,
SYNC-ACCT-028-CRM-20260318,2026-03-18,ACCT-028,CRM,Production,SUCCESS,200,1182,1182,0,652,0,
SYNC-ACCT-028-CRM-20260321,2026-03-21,ACCT-028,CRM,Production,SUCCESS,200,959,956,3,2045,0,
SYNC-ACCT-028-CRM-20260324,2026-03-24,ACCT-028,CRM,Production,SUCCESS,200,1328,1322,6,2691,0,
SYNC-ACCT-028-CRM-20260327,2026-03-27,ACCT-028,CRM,Production,SUCCESS,200,914,913,1,911,0,
SYNC-ACCT-028-CRM-20260330,2026-03-30,ACCT-028,CRM,Production,SUCCESS,200,764,764,0,1468,0,
SYNC-ACCT-028-CRM-20260402,2026-04-02,ACCT-028,CRM,Production,SUCCESS,200,1096,1096,0,582,0,
SYNC-ACCT-028-CRM-20260405,2026-04-05,ACCT-028,CRM,Production,SUCCESS,200,840,835,5,2243,0,
SYNC-ACCT-028-CRM-20260408,2026-04-08,ACCT-028,CRM,Production,SUCCESS,200,957,950,7,1382,0,
SYNC-ACCT-028-CRM-20260411,2026-04-11,ACCT-028,CRM,Production,SUCCESS,200,898,897,1,1185,0,
SYNC-ACCT-028-CRM-20260414,2026-04-14,ACCT-028,CRM,Production,SUCCESS,200,1071,1066,5,2133,0,
SYNC-ACCT-028-CRM-20260417,2026-04-17,ACCT-028,CRM,Production,SUCCESS,200,1366,1359,7,2118,0,
SYNC-ACCT-028-CRM-20260420,2026-04-20,ACCT-028,CRM,Production,SUCCESS,200,1202,1197,5,2138,0,
SYNC-ACCT-028-CRM-20260423,2026-04-23,ACCT-028,CRM,Production,SUCCESS,200,1526,1525,1,1655,0,
SYNC-ACCT-028-CRM-20260426,2026-04-26,ACCT-028,CRM,Production,SUCCESS,200,1411,1410,1,2054,0,
SYNC-ACCT-028-CRM-20260429,2026-04-29,ACCT-028,CRM,Production,SUCCESS,200,917,911,6,1145,0,
SYNC-ACCT-028-CRM-20260502,2026-05-02,ACCT-028,CRM,Production,SUCCESS,200,1198,1198,0,1855,0,
SYNC-ACCT-028-CRM-20260505,2026-05-05,ACCT-028,CRM,Production,SUCCESS,200,909,904,5,1284,0,
SYNC-ACCT-028-CRM-20260508,2026-05-08,ACCT-028,CRM,Production,SUCCESS,200,1646,1636,10,639,0,
SYNC-ACCT-028-CRM-20260511,2026-05-11,ACCT-028,CRM,Production,SUCCESS,200,783,780,3,1941,0,
SYNC-ACCT-028-CRM-20260514,2026-05-14,ACCT-028,CRM,Production,SUCCESS,200,1421,1418,3,1294,0,
SYNC-ACCT-028-CRM-20260517,2026-05-17,ACCT-028,CRM,Production,SUCCESS,200,978,978,0,2269,0,
SYNC-ACCT-028-CRM-20260520,2026-05-20,ACCT-028,CRM,Production,SUCCESS,200,946,940,6,1285,0,
SYNC-ACCT-028-CRM-20260523,2026-05-23,ACCT-028,CRM,Production,SUCCESS,200,1291,1281,10,2834,0,
SYNC-ACCT-028-CRM-20260526,2026-05-26,ACCT-028,CRM,Production,SUCCESS,200,738,737,1,3123,0,
SYNC-ACCT-028-CRM-20260529,2026-05-29,ACCT-028,CRM,Production,SUCCESS,200,1513,1513,0,2678,0,
SYNC-ACCT-028-CRM-20260601,2026-06-01,ACCT-028,CRM,Production,SUCCESS,200,962,961,1,1551,0,
SYNC-ACCT-028-CRM-20260604,2026-06-04,ACCT-028,CRM,Production,SUCCESS,200,837,834,3,1094,0,
SYNC-ACCT-028-CRM-20260607,2026-06-07,ACCT-028,CRM,Production,SUCCESS,200,966,964,2,2112,0,
SYNC-ACCT-028-CRM-20260610,2026-06-10,ACCT-028,CRM,Production,SUCCESS,200,1598,1590,8,3074,0,
SYNC-ACCT-028-CRM-20260613,2026-06-13,ACCT-028,CRM,Production,SUCCESS,200,1156,1152,4,2384,0,
SYNC-ACCT-028-CRM-20260616,2026-06-16,ACCT-028,CRM,Production,SUCCESS,200,1635,1633,2,1437,0,
SYNC-ACCT-028-CRM-20260619,2026-06-19,ACCT-028,CRM,Production,SUCCESS,200,1103,1103,0,3020,0,
SYNC-ACCT-028-CRM-20260622,2026-06-22,ACCT-028,CRM,Production,SUCCESS,200,1636,1634,2,1008,0,
SYNC-ACCT-028-CRM-20260625,2026-06-25,ACCT-028,CRM,Production,SUCCESS,200,1136,1128,8,2852,0,
SYNC-ACCT-028-CRM-20260628,2026-06-28,ACCT-028,CRM,Production,SUCCESS,200,1486,1477,9,3315,0,
SYNC-ACCT-028-BILLING-20251227,2025-12-27,ACCT-028,BILLING,Production,SUCCESS,200,1017,1016,1,1170,0,
SYNC-ACCT-028-BILLING-20251230,2025-12-30,ACCT-028,BILLING,Production,SUCCESS,200,1649,1638,11,3299,0,
SYNC-ACCT-028-BILLING-20260102,2026-01-02,ACCT-028,BILLING,Production,SUCCESS,200,806,801,5,2393,0,
SYNC-ACCT-028-BILLING-20260105,2026-01-05,ACCT-028,BILLING,Production,SUCCESS,200,1356,1348,8,2458,0,
SYNC-ACCT-028-BILLING-20260108,2026-01-08,ACCT-028,BILLING,Production,SUCCESS,200,1578,1567,11,1412,0,
SYNC-ACCT-028-BILLING-20260111,2026-01-11,ACCT-028,BILLING,Production,SUCCESS,200,792,792,0,1949,0,
SYNC-ACCT-028-BILLING-20260114,2026-01-14,ACCT-028,BILLING,Production,SUCCESS,200,1331,1322,9,1610,0,
SYNC-ACCT-028-BILLING-20260117,2026-01-17,ACCT-028,BILLING,Production,SUCCESS,200,1122,1120,2,1296,0,
SYNC-ACCT-028-BILLING-20260120,2026-01-20,ACCT-028,BILLING,Production,SUCCESS,200,1181,1173,8,874,0,
SYNC-ACCT-028-BILLING-20260123,2026-01-23,ACCT-028,BILLING,Production,SUCCESS,200,782,780,2,2706,0,
SYNC-ACCT-028-BILLING-20260126,2026-01-26,ACCT-028,BILLING,Production,SUCCESS,200,915,913,2,705,0,
SYNC-ACCT-028-BILLING-20260129,2026-01-29,ACCT-028,BILLING,Production,SUCCESS,200,1419,1410,9,2363,0,
SYNC-ACCT-028-BILLING-20260201,2026-02-01,ACCT-028,BILLING,Production,SUCCESS,200,739,736,3,2586,0,
SYNC-ACCT-028-BILLING-20260204,2026-02-04,ACCT-028,BILLING,Production,SUCCESS,200,1349,1346,3,2926,0,
SYNC-ACCT-028-BILLING-20260207,2026-02-07,ACCT-028,BILLING,Production,SUCCESS,200,1545,1543,2,1389,0,
SYNC-ACCT-028-BILLING-20260210,2026-02-10,ACCT-028,BILLING,Production,SUCCESS,200,1289,1281,8,3293,0,
SYNC-ACCT-028-BILLING-20260213,2026-02-13,ACCT-028,BILLING,Production,SUCCESS,200,998,994,4,1239,0,
SYNC-ACCT-028-BILLING-20260216,2026-02-16,ACCT-028,BILLING,Production,SUCCESS,200,1651,1646,5,2936,0,
SYNC-ACCT-028-BILLING-20260219,2026-02-19,ACCT-028,BILLING,Production,SUCCESS,200,1514,1503,11,1819,0,
SYNC-ACCT-028-BILLING-20260222,2026-02-22,ACCT-028,BILLING,Production,SUCCESS,200,928,928,0,1119,0,
SYNC-ACCT-028-BILLING-20260225,2026-02-25,ACCT-028,BILLING,Production,SUCCESS,200,1275,1273,2,3092,0,
SYNC-ACCT-028-BILLING-20260228,2026-02-28,ACCT-028,BILLING,Production,SUCCESS,200,1291,1291,0,1045,0,
SYNC-ACCT-028-BILLING-20260303,2026-03-03,ACCT-028,BILLING,Production,SUCCESS,200,1532,1531,1,2799,0,
SYNC-ACCT-028-BILLING-20260306,2026-03-06,ACCT-028,BILLING,Production,SUCCESS,200,1561,1552,9,1272,0,
SYNC-ACCT-028-BILLING-20260309,2026-03-09,ACCT-028,BILLING,Production,SUCCESS,200,977,975,2,2152,0,
SYNC-ACCT-028-BILLING-20260312,2026-03-12,ACCT-028,BILLING,Production,SUCCESS,200,999,992,7,718,0,
SYNC-ACCT-028-BILLING-20260315,2026-03-15,ACCT-028,BILLING,Production,SUCCESS,200,1329,1322,7,766,0,
SYNC-ACCT-028-BILLING-20260318,2026-03-18,ACCT-028,BILLING,Production,SUCCESS,200,1503,1492,11,1702,0,
SYNC-ACCT-028-BILLING-20260321,2026-03-21,ACCT-028,BILLING,Production,SUCCESS,200,1218,1210,8,1036,0,
SYNC-ACCT-028-BILLING-20260324,2026-03-24,ACCT-028,BILLING,Production,SUCCESS,200,1319,1317,2,2048,0,
SYNC-ACCT-028-BILLING-20260327,2026-03-27,ACCT-028,BILLING,Production,SUCCESS,200,962,959,3,1923,0,
SYNC-ACCT-028-BILLING-20260330,2026-03-30,ACCT-028,BILLING,Production,SUCCESS,200,757,752,5,853,0,
SYNC-ACCT-028-BILLING-20260402,2026-04-02,ACCT-028,BILLING,Production,SUCCESS,200,1112,1107,5,663,0,
SYNC-ACCT-028-BILLING-20260405,2026-04-05,ACCT-028,BILLING,Production,SUCCESS,200,1010,1005,5,1341,0,
SYNC-ACCT-028-BILLING-20260408,2026-04-08,ACCT-028,BILLING,Production,SUCCESS,200,1203,1200,3,3069,0,
SYNC-ACCT-028-BILLING-20260411,2026-04-11,ACCT-028,BILLING,Production,SUCCESS,200,1130,1122,8,2712,0,
SYNC-ACCT-028-BILLING-20260414,2026-04-14,ACCT-028,BILLING,Production,SUCCESS,200,781,776,5,1928,0,
SYNC-ACCT-028-BILLING-20260417,2026-04-17,ACCT-028,BILLING,Production,SUCCESS,200,968,966,2,1683,0,
SYNC-ACCT-028-BILLING-20260420,2026-04-20,ACCT-028,BILLING,Production,SUCCESS,200,1637,1628,9,1484,0,
SYNC-ACCT-028-BILLING-20260423,2026-04-23,ACCT-028,BILLING,Production,SUCCESS,200,1303,1300,3,670,0,
SYNC-ACCT-028-BILLING-20260426,2026-04-26,ACCT-028,BILLING,Production,SUCCESS,200,1252,1246,6,535,0,
SYNC-ACCT-028-BILLING-20260429,2026-04-29,ACCT-028,BILLING,Production,SUCCESS,200,1464,1456,8,3195,0,
SYNC-ACCT-028-BILLING-20260502,2026-05-02,ACCT-028,BILLING,Production,SUCCESS,200,1431,1421,10,2507,0,
SYNC-ACCT-028-BILLING-20260505,2026-05-05,ACCT-028,BILLING,Production,FAILED,422,1581,1202,379,1232,0,SCHEMA_FIELD_CHANGED
SYNC-ACCT-028-BILLING-20260508,2026-05-08,ACCT-028,BILLING,Production,FAILED,422,1633,1241,392,1170,0,SCHEMA_FIELD_CHANGED
SYNC-ACCT-028-BILLING-20260511,2026-05-11,ACCT-028,BILLING,Production,FAILED,422,1205,916,289,1713,0,SCHEMA_FIELD_CHANGED
SYNC-ACCT-028-BILLING-20260514,2026-05-14,ACCT-028,BILLING,Production,SUCCESS,200,850,850,0,809,0,
SYNC-ACCT-028-BILLING-20260517,2026-05-17,ACCT-028,BILLING,Production,SUCCESS,200,1575,1562,13,2720,0,
SYNC-ACCT-028-BILLING-20260520,2026-05-20,ACCT-028,BILLING,Production,SUCCESS,200,1347,1343,4,2391,0,
SYNC-ACCT-028-BILLING-20260523,2026-05-23,ACCT-028,BILLING,Production,SUCCESS,200,1565,1564,1,726,0,
SYNC-ACCT-028-BILLING-20260526,2026-05-26,ACCT-028,BILLING,Production,SUCCESS,200,1680,1669,11,597,0,
SYNC-ACCT-028-BILLING-20260529,2026-05-29,ACCT-028,BILLING,Production,SUCCESS,200,1579,1568,11,1634,0,
SYNC-ACCT-028-BILLING-20260601,2026-06-01,ACCT-028,BILLING,Production,SUCCESS,200,1014,1007,7,2433,0,
SYNC-ACCT-028-BILLING-20260604,2026-06-04,ACCT-028,BILLING,Production,SUCCESS,200,1015,1011,4,1367,0,
SYNC-ACCT-028-BILLING-20260607,2026-06-07,ACCT-028,BILLING,Production,SUCCESS,200,1326,1323,3,1767,0,
SYNC-ACCT-028-BILLING-20260610,2026-06-10,ACCT-028,BILLING,Production,SUCCESS,200,1390,1379,11,2213,0,
SYNC-ACCT-028-BILLING-20260613,2026-06-13,ACCT-028,BILLING,Production,SUCCESS,200,804,799,5,981,0,
SYNC-ACCT-028-BILLING-20260616,2026-06-16,ACCT-028,BILLING,Production,SUCCESS,200,1521,1518,3,1036,0,
SYNC-ACCT-028-BILLING-20260619,2026-06-19,ACCT-028,BILLING,Production,SUCCESS,200,1243,1233,10,1207,0,
SYNC-ACCT-028-BILLING-20260622,2026-06-22,ACCT-028,BILLING,Production,SUCCESS,200,1385,1377,8,1450,0,
SYNC-ACCT-028-BILLING-20260625,2026-06-25,ACCT-028,BILLING,Production,SUCCESS,200,1352,1350,2,2353,0,
SYNC-ACCT-028-BILLING-20260628,2026-06-28,ACCT-028,BILLING,Production,SUCCESS,200,1541,1540,1,2589,0,
SYNC-ACCT-029-CRM-20260102,2026-01-02,ACCT-029,CRM,Production,SUCCESS,200,1147,1142,5,2129,0,
SYNC-ACCT-029-CRM-20260105,2026-01-05,ACCT-029,CRM,Production,SUCCESS,200,1089,1081,8,1743,0,
SYNC-ACCT-029-CRM-20260108,2026-01-08,ACCT-029,CRM,Production,SUCCESS,200,1136,1129,7,1448,0,
SYNC-ACCT-029-CRM-20260111,2026-01-11,ACCT-029,CRM,Production,SUCCESS,200,1096,1087,9,1539,0,
SYNC-ACCT-029-CRM-20260114,2026-01-14,ACCT-029,CRM,Production,SUCCESS,200,750,744,6,2027,0,
SYNC-ACCT-029-CRM-20260117,2026-01-17,ACCT-029,CRM,Production,SUCCESS,200,1010,1008,2,2123,0,
SYNC-ACCT-029-CRM-20260120,2026-01-20,ACCT-029,CRM,Production,SUCCESS,200,1325,1325,0,1273,0,
SYNC-ACCT-029-CRM-20260123,2026-01-23,ACCT-029,CRM,Production,SUCCESS,200,1161,1152,9,1276,0,
SYNC-ACCT-029-CRM-20260126,2026-01-26,ACCT-029,CRM,Production,SUCCESS,200,743,740,3,3295,0,
SYNC-ACCT-029-CRM-20260129,2026-01-29,ACCT-029,CRM,Production,SUCCESS,200,1636,1633,3,2338,0,
SYNC-ACCT-029-CRM-20260201,2026-02-01,ACCT-029,CRM,Production,SUCCESS,200,1100,1096,4,2516,0,
SYNC-ACCT-029-CRM-20260204,2026-02-04,ACCT-029,CRM,Production,SUCCESS,200,1408,1408,0,3118,0,
SYNC-ACCT-029-CRM-20260207,2026-02-07,ACCT-029,CRM,Production,SUCCESS,200,1123,1120,3,611,0,
SYNC-ACCT-029-CRM-20260210,2026-02-10,ACCT-029,CRM,Production,SUCCESS,200,1239,1237,2,2467,0,
SYNC-ACCT-029-CRM-20260213,2026-02-13,ACCT-029,CRM,Production,SUCCESS,200,949,943,6,2098,0,
SYNC-ACCT-029-CRM-20260216,2026-02-16,ACCT-029,CRM,Production,SUCCESS,200,1538,1531,7,2433,0,
SYNC-ACCT-029-CRM-20260219,2026-02-19,ACCT-029,CRM,Production,SUCCESS,200,1625,1621,4,2856,0,
SYNC-ACCT-029-CRM-20260222,2026-02-22,ACCT-029,CRM,Production,SUCCESS,200,1607,1606,1,2964,0,
SYNC-ACCT-029-CRM-20260225,2026-02-25,ACCT-029,CRM,Production,SUCCESS,200,1264,1260,4,2062,0,
SYNC-ACCT-029-CRM-20260228,2026-02-28,ACCT-029,CRM,Production,SUCCESS,200,809,809,0,3320,0,
SYNC-ACCT-029-CRM-20260303,2026-03-03,ACCT-029,CRM,Production,SUCCESS,200,989,983,6,2542,0,
SYNC-ACCT-029-CRM-20260306,2026-03-06,ACCT-029,CRM,Production,SUCCESS,200,1481,1469,12,2837,0,
SYNC-ACCT-029-CRM-20260309,2026-03-09,ACCT-029,CRM,Production,SUCCESS,200,964,962,2,2277,0,
SYNC-ACCT-029-CRM-20260312,2026-03-12,ACCT-029,CRM,Production,SUCCESS,200,1199,1192,7,2445,0,
SYNC-ACCT-029-CRM-20260315,2026-03-15,ACCT-029,CRM,Production,SUCCESS,200,1631,1622,9,3307,0,
SYNC-ACCT-029-CRM-20260318,2026-03-18,ACCT-029,CRM,Production,SUCCESS,200,1054,1051,3,1065,0,
SYNC-ACCT-029-CRM-20260321,2026-03-21,ACCT-029,CRM,Production,SUCCESS,200,1251,1250,1,1341,0,
SYNC-ACCT-029-CRM-20260324,2026-03-24,ACCT-029,CRM,Production,SUCCESS,200,1286,1276,10,1877,0,
SYNC-ACCT-029-CRM-20260327,2026-03-27,ACCT-029,CRM,Production,SUCCESS,200,1417,1413,4,2645,0,
SYNC-ACCT-029-CRM-20260330,2026-03-30,ACCT-029,CRM,Production,SUCCESS,200,1083,1079,4,2530,0,
SYNC-ACCT-029-CRM-20260402,2026-04-02,ACCT-029,CRM,Production,SUCCESS,200,1585,1574,11,3050,0,
SYNC-ACCT-029-CRM-20260405,2026-04-05,ACCT-029,CRM,Production,SUCCESS,200,1278,1271,7,1292,0,
SYNC-ACCT-029-CRM-20260408,2026-04-08,ACCT-029,CRM,Production,SUCCESS,200,790,787,3,2084,0,
SYNC-ACCT-029-CRM-20260411,2026-04-11,ACCT-029,CRM,Production,SUCCESS,200,1599,1596,3,557,0,
SYNC-ACCT-029-CRM-20260414,2026-04-14,ACCT-029,CRM,Production,SUCCESS,200,933,931,2,1535,0,
SYNC-ACCT-029-CRM-20260417,2026-04-17,ACCT-029,CRM,Production,SUCCESS,200,1526,1519,7,3180,0,
SYNC-ACCT-029-CRM-20260420,2026-04-20,ACCT-029,CRM,Production,SUCCESS,200,880,879,1,3277,0,
SYNC-ACCT-029-CRM-20260423,2026-04-23,ACCT-029,CRM,Production,SUCCESS,200,1254,1247,7,713,0,
SYNC-ACCT-029-CRM-20260426,2026-04-26,ACCT-029,CRM,Production,SUCCESS,200,1140,1140,0,3221,0,
SYNC-ACCT-029-CRM-20260429,2026-04-29,ACCT-029,CRM,Production,SUCCESS,200,847,846,1,865,0,
SYNC-ACCT-029-CRM-20260502,2026-05-02,ACCT-029,CRM,Production,SUCCESS,200,1462,1451,11,914,0,
SYNC-ACCT-029-CRM-20260505,2026-05-05,ACCT-029,CRM,Production,SUCCESS,200,790,784,6,1535,0,
SYNC-ACCT-029-CRM-20260508,2026-05-08,ACCT-029,CRM,Production,SUCCESS,200,776,776,0,2666,0,
SYNC-ACCT-029-CRM-20260511,2026-05-11,ACCT-029,CRM,Production,SUCCESS,200,1519,1508,11,2815,0,
SYNC-ACCT-029-CRM-20260514,2026-05-14,ACCT-029,CRM,Production,SUCCESS,200,1396,1396,0,1343,0,
SYNC-ACCT-029-CRM-20260517,2026-05-17,ACCT-029,CRM,Production,SUCCESS,200,789,784,5,3178,0,
SYNC-ACCT-029-CRM-20260520,2026-05-20,ACCT-029,CRM,Production,SUCCESS,200,962,959,3,2488,0,
SYNC-ACCT-029-CRM-20260523,2026-05-23,ACCT-029,CRM,Production,SUCCESS,200,988,984,4,1238,0,
SYNC-ACCT-029-CRM-20260526,2026-05-26,ACCT-029,CRM,Production,SUCCESS,200,790,786,4,581,0,
SYNC-ACCT-029-CRM-20260529,2026-05-29,ACCT-029,CRM,Production,SUCCESS,200,1034,1031,3,1637,0,
SYNC-ACCT-029-CRM-20260601,2026-06-01,ACCT-029,CRM,Production,SUCCESS,200,771,769,2,1147,0,
SYNC-ACCT-029-CRM-20260604,2026-06-04,ACCT-029,CRM,Production,SUCCESS,200,1543,1539,4,3124,0,
SYNC-ACCT-029-CRM-20260607,2026-06-07,ACCT-029,CRM,Production,FAILED,503,1599,0,1599,1179,2,UPSTREAM_UNAVAILABLE
SYNC-ACCT-029-CRM-20260610,2026-06-10,ACCT-029,CRM,Production,SUCCESS,200,1001,997,4,3051,0,
SYNC-ACCT-029-CRM-20260613,2026-06-13,ACCT-029,CRM,Production,SUCCESS,200,980,978,2,699,0,
SYNC-ACCT-029-CRM-20260616,2026-06-16,ACCT-029,CRM,Production,SUCCESS,200,1091,1085,6,1939,0,
SYNC-ACCT-029-CRM-20260619,2026-06-19,ACCT-029,CRM,Production,SUCCESS,200,1123,1115,8,587,0,
SYNC-ACCT-029-CRM-20260622,2026-06-22,ACCT-029,CRM,Production,SUCCESS,200,1538,1533,5,2008,0,
SYNC-ACCT-029-CRM-20260625,2026-06-25,ACCT-029,CRM,Production,SUCCESS,200,1635,1622,13,3353,0,
SYNC-ACCT-029-CRM-20260628,2026-06-28,ACCT-029,CRM,Production,FAILED,503,1609,0,1609,3078,2,UPSTREAM_UNAVAILABLE
SYNC-ACCT-029-BILLING-20260102,2026-01-02,ACCT-029,BILLING,Production,SUCCESS,200,1385,1382,3,2144,0,
SYNC-ACCT-029-BILLING-20260105,2026-01-05,ACCT-029,BILLING,Production,SUCCESS,200,825,818,7,2306,0,
SYNC-ACCT-029-BILLING-20260108,2026-01-08,ACCT-029,BILLING,Production,SUCCESS,200,1151,1150,1,1441,0,
SYNC-ACCT-029-BILLING-20260111,2026-01-11,ACCT-029,BILLING,Production,SUCCESS,200,1155,1153,2,1612,0,
SYNC-ACCT-029-BILLING-20260114,2026-01-14,ACCT-029,BILLING,Production,SUCCESS,200,1659,1657,2,2267,0,
SYNC-ACCT-029-BILLING-20260117,2026-01-17,ACCT-029,BILLING,Production,SUCCESS,200,1603,1601,2,1254,0,
SYNC-ACCT-029-BILLING-20260120,2026-01-20,ACCT-029,BILLING,Production,SUCCESS,200,801,799,2,1266,0,
SYNC-ACCT-029-BILLING-20260123,2026-01-23,ACCT-029,BILLING,Production,SUCCESS,200,1631,1622,9,2288,0,
SYNC-ACCT-029-BILLING-20260126,2026-01-26,ACCT-029,BILLING,Production,SUCCESS,200,1282,1277,5,2546,0,
SYNC-ACCT-029-BILLING-20260129,2026-01-29,ACCT-029,BILLING,Production,SUCCESS,200,751,746,5,958,0,
SYNC-ACCT-029-BILLING-20260201,2026-02-01,ACCT-029,BILLING,Production,SUCCESS,200,985,977,8,1641,0,
SYNC-ACCT-029-BILLING-20260204,2026-02-04,ACCT-029,BILLING,Production,SUCCESS,200,957,955,2,1107,0,
SYNC-ACCT-029-BILLING-20260207,2026-02-07,ACCT-029,BILLING,Production,SUCCESS,200,927,924,3,2020,0,
SYNC-ACCT-029-BILLING-20260210,2026-02-10,ACCT-029,BILLING,Production,SUCCESS,200,986,984,2,524,0,
SYNC-ACCT-029-BILLING-20260213,2026-02-13,ACCT-029,BILLING,Production,SUCCESS,200,1216,1215,1,1801,0,
SYNC-ACCT-029-BILLING-20260216,2026-02-16,ACCT-029,BILLING,Production,SUCCESS,200,1029,1022,7,1416,0,
SYNC-ACCT-029-BILLING-20260219,2026-02-19,ACCT-029,BILLING,Production,SUCCESS,200,1463,1458,5,2850,0,
SYNC-ACCT-029-BILLING-20260222,2026-02-22,ACCT-029,BILLING,Production,SUCCESS,200,762,762,0,1415,0,
SYNC-ACCT-029-BILLING-20260225,2026-02-25,ACCT-029,BILLING,Production,SUCCESS,200,1060,1060,0,3386,0,
SYNC-ACCT-029-BILLING-20260228,2026-02-28,ACCT-029,BILLING,Production,SUCCESS,200,859,857,2,1589,0,
SYNC-ACCT-029-BILLING-20260303,2026-03-03,ACCT-029,BILLING,Production,SUCCESS,200,1079,1074,5,3271,0,
SYNC-ACCT-029-BILLING-20260306,2026-03-06,ACCT-029,BILLING,Production,SUCCESS,200,1166,1159,7,1606,0,
SYNC-ACCT-029-BILLING-20260309,2026-03-09,ACCT-029,BILLING,Production,SUCCESS,200,1145,1139,6,3052,0,
SYNC-ACCT-029-BILLING-20260312,2026-03-12,ACCT-029,BILLING,Production,SUCCESS,200,1384,1376,8,616,0,
SYNC-ACCT-029-BILLING-20260315,2026-03-15,ACCT-029,BILLING,Production,SUCCESS,200,806,804,2,2295,0,
SYNC-ACCT-029-BILLING-20260318,2026-03-18,ACCT-029,BILLING,Production,SUCCESS,200,1557,1557,0,1645,0,
SYNC-ACCT-029-BILLING-20260321,2026-03-21,ACCT-029,BILLING,Production,SUCCESS,200,1665,1656,9,3280,0,
SYNC-ACCT-029-BILLING-20260324,2026-03-24,ACCT-029,BILLING,Production,SUCCESS,200,1497,1490,7,1615,0,
SYNC-ACCT-029-BILLING-20260327,2026-03-27,ACCT-029,BILLING,Production,SUCCESS,200,1453,1449,4,976,0,
SYNC-ACCT-029-BILLING-20260330,2026-03-30,ACCT-029,BILLING,Production,SUCCESS,200,1652,1648,4,2354,0,
SYNC-ACCT-029-BILLING-20260402,2026-04-02,ACCT-029,BILLING,Production,SUCCESS,200,796,796,0,1906,0,
SYNC-ACCT-029-BILLING-20260405,2026-04-05,ACCT-029,BILLING,Production,SUCCESS,200,1139,1130,9,3350,0,
SYNC-ACCT-029-BILLING-20260408,2026-04-08,ACCT-029,BILLING,Production,SUCCESS,200,1608,1603,5,1012,0,
SYNC-ACCT-029-BILLING-20260411,2026-04-11,ACCT-029,BILLING,Production,SUCCESS,200,1567,1560,7,2148,0,
SYNC-ACCT-029-BILLING-20260414,2026-04-14,ACCT-029,BILLING,Production,SUCCESS,200,1029,1026,3,2335,0,
SYNC-ACCT-029-BILLING-20260417,2026-04-17,ACCT-029,BILLING,Production,SUCCESS,200,1238,1230,8,1763,0,
SYNC-ACCT-029-BILLING-20260420,2026-04-20,ACCT-029,BILLING,Production,SUCCESS,200,1559,1553,6,1345,0,
SYNC-ACCT-029-BILLING-20260423,2026-04-23,ACCT-029,BILLING,Production,SUCCESS,200,1202,1198,4,2936,0,
SYNC-ACCT-029-BILLING-20260426,2026-04-26,ACCT-029,BILLING,Production,SUCCESS,200,973,971,2,2158,0,
SYNC-ACCT-029-BILLING-20260429,2026-04-29,ACCT-029,BILLING,Production,SUCCESS,200,1048,1047,1,2526,0,
SYNC-ACCT-029-BILLING-20260502,2026-05-02,ACCT-029,BILLING,Production,SUCCESS,200,858,852,6,1315,0,
SYNC-ACCT-029-BILLING-20260505,2026-05-05,ACCT-029,BILLING,Production,SUCCESS,200,1119,1118,1,1078,0,
SYNC-ACCT-029-BILLING-20260508,2026-05-08,ACCT-029,BILLING,Production,SUCCESS,200,786,785,1,2162,0,
SYNC-ACCT-029-BILLING-20260511,2026-05-11,ACCT-029,BILLING,Production,SUCCESS,200,1270,1263,7,2754,0,
SYNC-ACCT-029-BILLING-20260514,2026-05-14,ACCT-029,BILLING,Production,SUCCESS,200,1059,1053,6,2380,0,
SYNC-ACCT-029-BILLING-20260517,2026-05-17,ACCT-029,BILLING,Production,SUCCESS,200,830,824,6,633,0,
SYNC-ACCT-029-BILLING-20260520,2026-05-20,ACCT-029,BILLING,Production,SUCCESS,200,1477,1475,2,2000,0,
SYNC-ACCT-029-BILLING-20260523,2026-05-23,ACCT-029,BILLING,Production,FAILED,503,1564,0,1564,1053,2,UPSTREAM_UNAVAILABLE
SYNC-ACCT-029-BILLING-20260526,2026-05-26,ACCT-029,BILLING,Production,SUCCESS,200,1624,1620,4,3287,0,
SYNC-ACCT-029-BILLING-20260529,2026-05-29,ACCT-029,BILLING,Production,SUCCESS,200,1050,1049,1,1385,0,
SYNC-ACCT-029-BILLING-20260601,2026-06-01,ACCT-029,BILLING,Production,FAILED,503,1264,0,1264,3174,2,UPSTREAM_UNAVAILABLE
SYNC-ACCT-029-BILLING-20260604,2026-06-04,ACCT-029,BILLING,Production,SUCCESS,200,1280,1275,5,544,0,
SYNC-ACCT-029-BILLING-20260607,2026-06-07,ACCT-029,BILLING,Production,SUCCESS,200,1063,1062,1,1937,0,
SYNC-ACCT-029-BILLING-20260610,2026-06-10,ACCT-029,BILLING,Production,FAILED,503,1527,0,1527,2592,2,UPSTREAM_UNAVAILABLE
SYNC-ACCT-029-BILLING-20260613,2026-06-13,ACCT-029,BILLING,Production,SUCCESS,200,1599,1588,11,1027,0,
SYNC-ACCT-029-BILLING-20260616,2026-06-16,ACCT-029,BILLING,Production,SUCCESS,200,1674,1672,2,956,0,
SYNC-ACCT-029-BILLING-20260619,2026-06-19,ACCT-029,BILLING,Production,SUCCESS,200,1088,1079,9,2422,0,
SYNC-ACCT-029-BILLING-20260622,2026-06-22,ACCT-029,BILLING,Production,SUCCESS,200,968,965,3,992,0,
SYNC-ACCT-029-BILLING-20260625,2026-06-25,ACCT-029,BILLING,Production,FAILED,503,1588,0,1588,2180,2,UPSTREAM_UNAVAILABLE
SYNC-ACCT-029-BILLING-20260628,2026-06-28,ACCT-029,BILLING,Production,SUCCESS,200,969,969,0,822,0,
SYNC-ACCT-030-CRM-20260105,2026-01-05,ACCT-030,CRM,Production,SUCCESS,200,1129,1120,9,2758,0,
SYNC-ACCT-030-CRM-20260108,2026-01-08,ACCT-030,CRM,Production,SUCCESS,200,873,870,3,2939,0,
SYNC-ACCT-030-CRM-20260111,2026-01-11,ACCT-030,CRM,Production,SUCCESS,200,1660,1648,12,2385,0,
SYNC-ACCT-030-CRM-20260114,2026-01-14,ACCT-030,CRM,Production,SUCCESS,200,1064,1063,1,1968,0,
SYNC-ACCT-030-CRM-20260117,2026-01-17,ACCT-030,CRM,Production,SUCCESS,200,984,984,0,2109,0,
SYNC-ACCT-030-CRM-20260120,2026-01-20,ACCT-030,CRM,Production,SUCCESS,200,1572,1568,4,2488,0,
SYNC-ACCT-030-CRM-20260123,2026-01-23,ACCT-030,CRM,Production,SUCCESS,200,1674,1670,4,1336,0,
SYNC-ACCT-030-CRM-20260126,2026-01-26,ACCT-030,CRM,Production,SUCCESS,200,859,852,7,2175,0,
SYNC-ACCT-030-CRM-20260129,2026-01-29,ACCT-030,CRM,Production,SUCCESS,200,1222,1222,0,2957,0,
SYNC-ACCT-030-CRM-20260201,2026-02-01,ACCT-030,CRM,Production,SUCCESS,200,1141,1135,6,2491,0,
SYNC-ACCT-030-CRM-20260204,2026-02-04,ACCT-030,CRM,Production,SUCCESS,200,990,988,2,731,0,
SYNC-ACCT-030-CRM-20260207,2026-02-07,ACCT-030,CRM,Production,SUCCESS,200,884,880,4,3368,0,
SYNC-ACCT-030-CRM-20260210,2026-02-10,ACCT-030,CRM,Production,SUCCESS,200,1622,1611,11,1057,0,
SYNC-ACCT-030-CRM-20260213,2026-02-13,ACCT-030,CRM,Production,SUCCESS,200,1091,1089,2,2435,0,
SYNC-ACCT-030-CRM-20260216,2026-02-16,ACCT-030,CRM,Production,SUCCESS,200,1375,1370,5,3214,0,
SYNC-ACCT-030-CRM-20260219,2026-02-19,ACCT-030,CRM,Production,SUCCESS,200,1255,1251,4,2651,0,
SYNC-ACCT-030-CRM-20260222,2026-02-22,ACCT-030,CRM,Production,SUCCESS,200,863,860,3,807,0,
SYNC-ACCT-030-CRM-20260225,2026-02-25,ACCT-030,CRM,Production,FAILED,503,1304,0,1304,1583,2,UPSTREAM_UNAVAILABLE
SYNC-ACCT-030-CRM-20260228,2026-02-28,ACCT-030,CRM,Production,SUCCESS,200,1139,1132,7,2854,0,
SYNC-ACCT-030-CRM-20260303,2026-03-03,ACCT-030,CRM,Production,SUCCESS,200,1461,1456,5,1375,0,
SYNC-ACCT-030-CRM-20260306,2026-03-06,ACCT-030,CRM,Production,SUCCESS,200,1679,1668,11,2805,0,
SYNC-ACCT-030-CRM-20260309,2026-03-09,ACCT-030,CRM,Production,SUCCESS,200,742,736,6,606,0,
SYNC-ACCT-030-CRM-20260312,2026-03-12,ACCT-030,CRM,Production,SUCCESS,200,1278,1278,0,1260,0,
SYNC-ACCT-030-CRM-20260315,2026-03-15,ACCT-030,CRM,Production,SUCCESS,200,993,988,5,1236,0,
SYNC-ACCT-030-CRM-20260318,2026-03-18,ACCT-030,CRM,Production,SUCCESS,200,1291,1291,0,3114,0,
SYNC-ACCT-030-CRM-20260321,2026-03-21,ACCT-030,CRM,Production,SUCCESS,200,1411,1411,0,522,0,
SYNC-ACCT-030-CRM-20260324,2026-03-24,ACCT-030,CRM,Production,SUCCESS,200,819,819,0,687,0,
SYNC-ACCT-030-CRM-20260327,2026-03-27,ACCT-030,CRM,Production,SUCCESS,200,1316,1308,8,2104,0,
SYNC-ACCT-030-CRM-20260330,2026-03-30,ACCT-030,CRM,Production,SUCCESS,200,1049,1049,0,1134,0,
SYNC-ACCT-030-CRM-20260402,2026-04-02,ACCT-030,CRM,Production,SUCCESS,200,1197,1188,9,2037,0,
SYNC-ACCT-030-CRM-20260405,2026-04-05,ACCT-030,CRM,Production,SUCCESS,200,1243,1236,7,1054,0,
SYNC-ACCT-030-CRM-20260408,2026-04-08,ACCT-030,CRM,Production,SUCCESS,200,1634,1622,12,2734,0,
SYNC-ACCT-030-CRM-20260411,2026-04-11,ACCT-030,CRM,Production,SUCCESS,200,1518,1517,1,797,0,
SYNC-ACCT-030-CRM-20260414,2026-04-14,ACCT-030,CRM,Production,SUCCESS,200,1276,1269,7,1946,0,
SYNC-ACCT-030-CRM-20260417,2026-04-17,ACCT-030,CRM,Production,SUCCESS,200,786,784,2,3154,0,
SYNC-ACCT-030-CRM-20260420,2026-04-20,ACCT-030,CRM,Production,SUCCESS,200,1044,1036,8,2949,0,
SYNC-ACCT-030-CRM-20260423,2026-04-23,ACCT-030,CRM,Production,SUCCESS,200,1349,1340,9,1032,0,
SYNC-ACCT-030-CRM-20260426,2026-04-26,ACCT-030,CRM,Production,SUCCESS,200,1431,1427,4,1200,0,
SYNC-ACCT-030-CRM-20260429,2026-04-29,ACCT-030,CRM,Production,SUCCESS,200,761,755,6,1556,0,
SYNC-ACCT-030-CRM-20260502,2026-05-02,ACCT-030,CRM,Production,SUCCESS,200,1600,1595,5,1622,0,
SYNC-ACCT-030-CRM-20260505,2026-05-05,ACCT-030,CRM,Production,SUCCESS,200,1519,1508,11,1681,0,
SYNC-ACCT-030-CRM-20260508,2026-05-08,ACCT-030,CRM,Production,SUCCESS,200,725,723,2,1266,0,
SYNC-ACCT-030-CRM-20260511,2026-05-11,ACCT-030,CRM,Production,SUCCESS,200,1083,1076,7,3126,0,
SYNC-ACCT-030-CRM-20260514,2026-05-14,ACCT-030,CRM,Production,SUCCESS,200,1550,1545,5,1481,0,
SYNC-ACCT-030-CRM-20260517,2026-05-17,ACCT-030,CRM,Production,SUCCESS,200,1021,1017,4,1528,0,
SYNC-ACCT-030-CRM-20260520,2026-05-20,ACCT-030,CRM,Production,SUCCESS,200,1020,1019,1,2125,0,
SYNC-ACCT-030-CRM-20260523,2026-05-23,ACCT-030,CRM,Production,SUCCESS,200,1248,1243,5,1204,0,
SYNC-ACCT-030-CRM-20260526,2026-05-26,ACCT-030,CRM,Production,SUCCESS,200,1103,1100,3,1179,0,
SYNC-ACCT-030-CRM-20260529,2026-05-29,ACCT-030,CRM,Production,SUCCESS,200,1454,1451,3,3318,0,
SYNC-ACCT-030-CRM-20260601,2026-06-01,ACCT-030,CRM,Production,SUCCESS,200,1151,1144,7,527,0,
SYNC-ACCT-030-CRM-20260604,2026-06-04,ACCT-030,CRM,Production,SUCCESS,200,881,880,1,1994,0,
SYNC-ACCT-030-CRM-20260607,2026-06-07,ACCT-030,CRM,Production,SUCCESS,200,951,947,4,582,0,
SYNC-ACCT-030-CRM-20260610,2026-06-10,ACCT-030,CRM,Production,SUCCESS,200,727,725,2,2188,0,
SYNC-ACCT-030-CRM-20260613,2026-06-13,ACCT-030,CRM,Production,SUCCESS,200,1301,1291,10,1531,0,
SYNC-ACCT-030-CRM-20260616,2026-06-16,ACCT-030,CRM,Production,SUCCESS,200,1523,1517,6,2454,0,
SYNC-ACCT-030-CRM-20260619,2026-06-19,ACCT-030,CRM,Production,SUCCESS,200,897,896,1,2332,0,
SYNC-ACCT-030-CRM-20260622,2026-06-22,ACCT-030,CRM,Production,SUCCESS,200,906,902,4,2649,0,
SYNC-ACCT-030-CRM-20260625,2026-06-25,ACCT-030,CRM,Production,SUCCESS,200,1604,1593,11,2470,0,
SYNC-ACCT-030-CRM-20260628,2026-06-28,ACCT-030,CRM,Production,SUCCESS,200,1225,1217,8,2050,0,
SYNC-ACCT-030-BILLING-20260105,2026-01-05,ACCT-030,BILLING,Production,SUCCESS,200,1615,1605,10,977,0,
SYNC-ACCT-030-BILLING-20260108,2026-01-08,ACCT-030,BILLING,Production,SUCCESS,200,1370,1364,6,3159,0,
SYNC-ACCT-030-BILLING-20260111,2026-01-11,ACCT-030,BILLING,Production,SUCCESS,200,1004,1004,0,1217,0,
SYNC-ACCT-030-BILLING-20260114,2026-01-14,ACCT-030,BILLING,Production,SUCCESS,200,1071,1063,8,2260,0,
SYNC-ACCT-030-BILLING-20260117,2026-01-17,ACCT-030,BILLING,Production,SUCCESS,200,1182,1180,2,2869,0,
SYNC-ACCT-030-BILLING-20260120,2026-01-20,ACCT-030,BILLING,Production,SUCCESS,200,1599,1589,10,1558,0,
SYNC-ACCT-030-BILLING-20260123,2026-01-23,ACCT-030,BILLING,Production,SUCCESS,200,1415,1405,10,2320,0,
SYNC-ACCT-030-BILLING-20260126,2026-01-26,ACCT-030,BILLING,Production,SUCCESS,200,748,745,3,901,0,
SYNC-ACCT-030-BILLING-20260129,2026-01-29,ACCT-030,BILLING,Production,SUCCESS,200,1152,1148,4,3027,0,
SYNC-ACCT-030-BILLING-20260201,2026-02-01,ACCT-030,BILLING,Production,SUCCESS,200,1138,1132,6,2986,0,
SYNC-ACCT-030-BILLING-20260204,2026-02-04,ACCT-030,BILLING,Production,SUCCESS,200,1659,1651,8,1235,0,
SYNC-ACCT-030-BILLING-20260207,2026-02-07,ACCT-030,BILLING,Production,SUCCESS,200,1314,1306,8,1005,0,
SYNC-ACCT-030-BILLING-20260210,2026-02-10,ACCT-030,BILLING,Production,SUCCESS,200,955,949,6,2806,0,
SYNC-ACCT-030-BILLING-20260213,2026-02-13,ACCT-030,BILLING,Production,SUCCESS,200,1493,1488,5,3179,0,
SYNC-ACCT-030-BILLING-20260216,2026-02-16,ACCT-030,BILLING,Production,SUCCESS,200,880,879,1,1606,0,
SYNC-ACCT-030-BILLING-20260219,2026-02-19,ACCT-030,BILLING,Production,SUCCESS,200,760,758,2,1740,0,
SYNC-ACCT-030-BILLING-20260222,2026-02-22,ACCT-030,BILLING,Production,SUCCESS,200,1117,1113,4,3231,0,
SYNC-ACCT-030-BILLING-20260225,2026-02-25,ACCT-030,BILLING,Production,SUCCESS,200,1029,1026,3,1619,0,
SYNC-ACCT-030-BILLING-20260228,2026-02-28,ACCT-030,BILLING,Production,SUCCESS,200,799,795,4,2441,0,
SYNC-ACCT-030-BILLING-20260303,2026-03-03,ACCT-030,BILLING,Production,SUCCESS,200,1162,1158,4,1188,0,
SYNC-ACCT-030-BILLING-20260306,2026-03-06,ACCT-030,BILLING,Production,SUCCESS,200,1287,1286,1,2987,0,
SYNC-ACCT-030-BILLING-20260309,2026-03-09,ACCT-030,BILLING,Production,SUCCESS,200,1411,1403,8,1913,0,
SYNC-ACCT-030-BILLING-20260312,2026-03-12,ACCT-030,BILLING,Production,SUCCESS,200,1049,1046,3,578,0,
SYNC-ACCT-030-BILLING-20260315,2026-03-15,ACCT-030,BILLING,Production,SUCCESS,200,1116,1111,5,3244,0,
SYNC-ACCT-030-BILLING-20260318,2026-03-18,ACCT-030,BILLING,Production,SUCCESS,200,1344,1334,10,2612,0,
SYNC-ACCT-030-BILLING-20260321,2026-03-21,ACCT-030,BILLING,Production,SUCCESS,200,1516,1513,3,1078,0,
SYNC-ACCT-030-BILLING-20260324,2026-03-24,ACCT-030,BILLING,Production,SUCCESS,200,1107,1106,1,1397,0,
SYNC-ACCT-030-BILLING-20260327,2026-03-27,ACCT-030,BILLING,Production,SUCCESS,200,764,762,2,2571,0,
SYNC-ACCT-030-BILLING-20260330,2026-03-30,ACCT-030,BILLING,Production,SUCCESS,200,1594,1593,1,812,0,
SYNC-ACCT-030-BILLING-20260402,2026-04-02,ACCT-030,BILLING,Production,SUCCESS,200,934,929,5,536,0,
SYNC-ACCT-030-BILLING-20260405,2026-04-05,ACCT-030,BILLING,Production,SUCCESS,200,814,807,7,3243,0,
SYNC-ACCT-030-BILLING-20260408,2026-04-08,ACCT-030,BILLING,Production,SUCCESS,200,925,921,4,685,0,
SYNC-ACCT-030-BILLING-20260411,2026-04-11,ACCT-030,BILLING,Production,SUCCESS,200,745,740,5,1770,0,
SYNC-ACCT-030-BILLING-20260414,2026-04-14,ACCT-030,BILLING,Production,SUCCESS,200,1065,1060,5,719,0,
SYNC-ACCT-030-BILLING-20260417,2026-04-17,ACCT-030,BILLING,Production,SUCCESS,200,820,820,0,2078,0,
SYNC-ACCT-030-BILLING-20260420,2026-04-20,ACCT-030,BILLING,Production,FAILED,503,1470,0,1470,1473,2,UPSTREAM_UNAVAILABLE
SYNC-ACCT-030-BILLING-20260423,2026-04-23,ACCT-030,BILLING,Production,SUCCESS,200,1127,1124,3,3038,0,
SYNC-ACCT-030-BILLING-20260426,2026-04-26,ACCT-030,BILLING,Production,SUCCESS,200,1429,1419,10,2592,0,
SYNC-ACCT-030-BILLING-20260429,2026-04-29,ACCT-030,BILLING,Production,SUCCESS,200,1486,1480,6,723,0,
SYNC-ACCT-030-BILLING-20260502,2026-05-02,ACCT-030,BILLING,Production,SUCCESS,200,1389,1386,3,2536,0,
SYNC-ACCT-030-BILLING-20260505,2026-05-05,ACCT-030,BILLING,Production,SUCCESS,200,1595,1585,10,1290,0,
SYNC-ACCT-030-BILLING-20260508,2026-05-08,ACCT-030,BILLING,Production,SUCCESS,200,1126,1119,7,1376,0,
SYNC-ACCT-030-BILLING-20260511,2026-05-11,ACCT-030,BILLING,Production,SUCCESS,200,800,798,2,646,0,
SYNC-ACCT-030-BILLING-20260514,2026-05-14,ACCT-030,BILLING,Production,SUCCESS,200,1080,1071,9,2899,0,
SYNC-ACCT-030-BILLING-20260517,2026-05-17,ACCT-030,BILLING,Production,SUCCESS,200,847,841,6,3084,0,
SYNC-ACCT-030-BILLING-20260520,2026-05-20,ACCT-030,BILLING,Production,SUCCESS,200,1284,1277,7,899,0,
SYNC-ACCT-030-BILLING-20260523,2026-05-23,ACCT-030,BILLING,Production,SUCCESS,200,1095,1092,3,3385,0,
SYNC-ACCT-030-BILLING-20260526,2026-05-26,ACCT-030,BILLING,Production,SUCCESS,200,1528,1523,5,3177,0,
SYNC-ACCT-030-BILLING-20260529,2026-05-29,ACCT-030,BILLING,Production,SUCCESS,200,1531,1526,5,1320,0,
SYNC-ACCT-030-BILLING-20260601,2026-06-01,ACCT-030,BILLING,Production,SUCCESS,200,1590,1588,2,1005,0,
SYNC-ACCT-030-BILLING-20260604,2026-06-04,ACCT-030,BILLING,Production,SUCCESS,200,937,930,7,3311,0,
SYNC-ACCT-030-BILLING-20260607,2026-06-07,ACCT-030,BILLING,Production,SUCCESS,200,1078,1075,3,2034,0,
SYNC-ACCT-030-BILLING-20260610,2026-06-10,ACCT-030,BILLING,Production,SUCCESS,200,1326,1321,5,713,0,
SYNC-ACCT-030-BILLING-20260613,2026-06-13,ACCT-030,BILLING,Production,SUCCESS,200,1216,1213,3,795,0,
SYNC-ACCT-030-BILLING-20260616,2026-06-16,ACCT-030,BILLING,Production,SUCCESS,200,1008,1004,4,1568,0,
SYNC-ACCT-030-BILLING-20260619,2026-06-19,ACCT-030,BILLING,Production,SUCCESS,200,1116,1108,8,3375,0,
SYNC-ACCT-030-BILLING-20260622,2026-06-22,ACCT-030,BILLING,Production,SUCCESS,200,829,823,6,1368,0,
SYNC-ACCT-030-BILLING-20260625,2026-06-25,ACCT-030,BILLING,Production,FAILED,503,1032,0,1032,1581,2,UPSTREAM_UNAVAILABLE
SYNC-ACCT-030-BILLING-20260628,2026-06-28,ACCT-030,BILLING,Production,SUCCESS,200,1131,1124,7,988,0,
SYNC-ACCT-030-PRODUCT-20260105,2026-01-05,ACCT-030,PRODUCT,Production,SUCCESS,200,1208,1202,6,1938,0,
SYNC-ACCT-030-PRODUCT-20260108,2026-01-08,ACCT-030,PRODUCT,Production,SUCCESS,200,1126,1118,8,954,0,
SYNC-ACCT-030-PRODUCT-20260111,2026-01-11,ACCT-030,PRODUCT,Production,SUCCESS,200,931,928,3,1779,0,
SYNC-ACCT-030-PRODUCT-20260114,2026-01-14,ACCT-030,PRODUCT,Production,SUCCESS,200,733,730,3,615,0,
SYNC-ACCT-030-PRODUCT-20260117,2026-01-17,ACCT-030,PRODUCT,Production,SUCCESS,200,1488,1480,8,1686,0,
SYNC-ACCT-030-PRODUCT-20260120,2026-01-20,ACCT-030,PRODUCT,Production,SUCCESS,200,1517,1512,5,2924,0,
SYNC-ACCT-030-PRODUCT-20260123,2026-01-23,ACCT-030,PRODUCT,Production,SUCCESS,200,1171,1169,2,2436,0,
SYNC-ACCT-030-PRODUCT-20260126,2026-01-26,ACCT-030,PRODUCT,Production,SUCCESS,200,949,946,3,2964,0,
SYNC-ACCT-030-PRODUCT-20260129,2026-01-29,ACCT-030,PRODUCT,Production,SUCCESS,200,1334,1329,5,1819,0,
SYNC-ACCT-030-PRODUCT-20260201,2026-02-01,ACCT-030,PRODUCT,Production,SUCCESS,200,973,973,0,2850,0,
SYNC-ACCT-030-PRODUCT-20260204,2026-02-04,ACCT-030,PRODUCT,Production,SUCCESS,200,1200,1199,1,1552,0,
SYNC-ACCT-030-PRODUCT-20260207,2026-02-07,ACCT-030,PRODUCT,Production,SUCCESS,200,1324,1320,4,685,0,
SYNC-ACCT-030-PRODUCT-20260210,2026-02-10,ACCT-030,PRODUCT,Production,SUCCESS,200,788,786,2,2736,0,
SYNC-ACCT-030-PRODUCT-20260213,2026-02-13,ACCT-030,PRODUCT,Production,SUCCESS,200,1339,1336,3,957,0,
SYNC-ACCT-030-PRODUCT-20260216,2026-02-16,ACCT-030,PRODUCT,Production,SUCCESS,200,1551,1540,11,2868,0,
SYNC-ACCT-030-PRODUCT-20260219,2026-02-19,ACCT-030,PRODUCT,Production,SUCCESS,200,811,805,6,810,0,
SYNC-ACCT-030-PRODUCT-20260222,2026-02-22,ACCT-030,PRODUCT,Production,SUCCESS,200,1568,1559,9,2052,0,
SYNC-ACCT-030-PRODUCT-20260225,2026-02-25,ACCT-030,PRODUCT,Production,SUCCESS,200,1486,1476,10,954,0,
SYNC-ACCT-030-PRODUCT-20260228,2026-02-28,ACCT-030,PRODUCT,Production,SUCCESS,200,1431,1422,9,3020,0,
SYNC-ACCT-030-PRODUCT-20260303,2026-03-03,ACCT-030,PRODUCT,Production,SUCCESS,200,769,764,5,1388,0,
SYNC-ACCT-030-PRODUCT-20260306,2026-03-06,ACCT-030,PRODUCT,Production,SUCCESS,200,774,768,6,3194,0,
SYNC-ACCT-030-PRODUCT-20260309,2026-03-09,ACCT-030,PRODUCT,Production,SUCCESS,200,1397,1391,6,562,0,
SYNC-ACCT-030-PRODUCT-20260312,2026-03-12,ACCT-030,PRODUCT,Production,FAILED,503,1538,0,1538,909,2,UPSTREAM_UNAVAILABLE
SYNC-ACCT-030-PRODUCT-20260315,2026-03-15,ACCT-030,PRODUCT,Production,SUCCESS,200,1236,1226,10,1464,0,
SYNC-ACCT-030-PRODUCT-20260318,2026-03-18,ACCT-030,PRODUCT,Production,SUCCESS,200,1362,1361,1,3183,0,
SYNC-ACCT-030-PRODUCT-20260321,2026-03-21,ACCT-030,PRODUCT,Production,SUCCESS,200,1587,1578,9,1626,0,
SYNC-ACCT-030-PRODUCT-20260324,2026-03-24,ACCT-030,PRODUCT,Production,SUCCESS,200,1189,1188,1,630,0,
SYNC-ACCT-030-PRODUCT-20260327,2026-03-27,ACCT-030,PRODUCT,Production,SUCCESS,200,1325,1318,7,1542,0,
SYNC-ACCT-030-PRODUCT-20260330,2026-03-30,ACCT-030,PRODUCT,Production,SUCCESS,200,798,796,2,2203,0,
SYNC-ACCT-030-PRODUCT-20260402,2026-04-02,ACCT-030,PRODUCT,Production,SUCCESS,200,1660,1658,2,667,0,
SYNC-ACCT-030-PRODUCT-20260405,2026-04-05,ACCT-030,PRODUCT,Production,SUCCESS,200,1364,1353,11,1580,0,
SYNC-ACCT-030-PRODUCT-20260408,2026-04-08,ACCT-030,PRODUCT,Production,SUCCESS,200,1040,1033,7,3202,0,
SYNC-ACCT-030-PRODUCT-20260411,2026-04-11,ACCT-030,PRODUCT,Production,SUCCESS,200,773,767,6,2110,0,
SYNC-ACCT-030-PRODUCT-20260414,2026-04-14,ACCT-030,PRODUCT,Production,SUCCESS,200,1382,1373,9,1604,0,
SYNC-ACCT-030-PRODUCT-20260417,2026-04-17,ACCT-030,PRODUCT,Production,SUCCESS,200,1411,1401,10,1450,0,
SYNC-ACCT-030-PRODUCT-20260420,2026-04-20,ACCT-030,PRODUCT,Production,SUCCESS,200,1378,1376,2,2890,0,
SYNC-ACCT-030-PRODUCT-20260423,2026-04-23,ACCT-030,PRODUCT,Production,SUCCESS,200,785,779,6,3327,0,
SYNC-ACCT-030-PRODUCT-20260426,2026-04-26,ACCT-030,PRODUCT,Production,FAILED,503,1070,0,1070,3172,2,UPSTREAM_UNAVAILABLE
SYNC-ACCT-030-PRODUCT-20260429,2026-04-29,ACCT-030,PRODUCT,Production,SUCCESS,200,823,820,3,1134,0,
SYNC-ACCT-030-PRODUCT-20260502,2026-05-02,ACCT-030,PRODUCT,Production,SUCCESS,200,730,728,2,2848,0,
SYNC-ACCT-030-PRODUCT-20260505,2026-05-05,ACCT-030,PRODUCT,Production,SUCCESS,200,1145,1143,2,2961,0,
SYNC-ACCT-030-PRODUCT-20260508,2026-05-08,ACCT-030,PRODUCT,Production,SUCCESS,200,1099,1091,8,1778,0,
SYNC-ACCT-030-PRODUCT-20260511,2026-05-11,ACCT-030,PRODUCT,Production,SUCCESS,200,973,967,6,3030,0,
SYNC-ACCT-030-PRODUCT-20260514,2026-05-14,ACCT-030,PRODUCT,Production,SUCCESS,200,919,918,1,951,0,
SYNC-ACCT-030-PRODUCT-20260517,2026-05-17,ACCT-030,PRODUCT,Production,SUCCESS,200,875,873,2,2366,0,
SYNC-ACCT-030-PRODUCT-20260520,2026-05-20,ACCT-030,PRODUCT,Production,SUCCESS,200,995,992,3,590,0,
SYNC-ACCT-030-PRODUCT-20260523,2026-05-23,ACCT-030,PRODUCT,Production,SUCCESS,200,1028,1020,8,929,0,
SYNC-ACCT-030-PRODUCT-20260526,2026-05-26,ACCT-030,PRODUCT,Production,SUCCESS,200,811,807,4,1212,0,
SYNC-ACCT-030-PRODUCT-20260529,2026-05-29,ACCT-030,PRODUCT,Production,SUCCESS,200,1587,1579,8,2778,0,
SYNC-ACCT-030-PRODUCT-20260601,2026-06-01,ACCT-030,PRODUCT,Production,SUCCESS,200,1569,1564,5,1802,0,
SYNC-ACCT-030-PRODUCT-20260604,2026-06-04,ACCT-030,PRODUCT,Production,SUCCESS,200,1431,1431,0,908,0,
SYNC-ACCT-030-PRODUCT-20260607,2026-06-07,ACCT-030,PRODUCT,Production,SUCCESS,200,1142,1135,7,2182,0,
SYNC-ACCT-030-PRODUCT-20260610,2026-06-10,ACCT-030,PRODUCT,Production,SUCCESS,200,934,932,2,2253,0,
SYNC-ACCT-030-PRODUCT-20260613,2026-06-13,ACCT-030,PRODUCT,Production,SUCCESS,200,1084,1079,5,765,0,
SYNC-ACCT-030-PRODUCT-20260616,2026-06-16,ACCT-030,PRODUCT,Production,SUCCESS,200,1568,1562,6,1018,0,
SYNC-ACCT-030-PRODUCT-20260619,2026-06-19,ACCT-030,PRODUCT,Production,SUCCESS,200,1253,1244,9,2802,0,
SYNC-ACCT-030-PRODUCT-20260622,2026-06-22,ACCT-030,PRODUCT,Production,SUCCESS,200,1247,1241,6,2048,0,
SYNC-ACCT-030-PRODUCT-20260625,2026-06-25,ACCT-030,PRODUCT,Production,SUCCESS,200,1635,1624,11,991,0,
SYNC-ACCT-030-PRODUCT-20260628,2026-06-28,ACCT-030,PRODUCT,Production,SUCCESS,200,1625,1612,13,1687,0,
SYNC-ACCT-030-WAREHOUSE-20260105,2026-01-05,ACCT-030,WAREHOUSE,Production,SUCCESS,200,1228,1227,1,1420,0,
SYNC-ACCT-030-WAREHOUSE-20260108,2026-01-08,ACCT-030,WAREHOUSE,Production,SUCCESS,200,836,832,4,964,0,
SYNC-ACCT-030-WAREHOUSE-20260111,2026-01-11,ACCT-030,WAREHOUSE,Production,SUCCESS,200,1140,1138,2,785,0,
SYNC-ACCT-030-WAREHOUSE-20260114,2026-01-14,ACCT-030,WAREHOUSE,Production,SUCCESS,200,1143,1136,7,1671,0,
SYNC-ACCT-030-WAREHOUSE-20260117,2026-01-17,ACCT-030,WAREHOUSE,Production,SUCCESS,200,1467,1462,5,1263,0,
SYNC-ACCT-030-WAREHOUSE-20260120,2026-01-20,ACCT-030,WAREHOUSE,Production,SUCCESS,200,1668,1663,5,2301,0,
SYNC-ACCT-030-WAREHOUSE-20260123,2026-01-23,ACCT-030,WAREHOUSE,Production,SUCCESS,200,1069,1069,0,2691,0,
SYNC-ACCT-030-WAREHOUSE-20260126,2026-01-26,ACCT-030,WAREHOUSE,Production,SUCCESS,200,1083,1082,1,1666,0,
SYNC-ACCT-030-WAREHOUSE-20260129,2026-01-29,ACCT-030,WAREHOUSE,Production,SUCCESS,200,1602,1602,0,3166,0,
SYNC-ACCT-030-WAREHOUSE-20260201,2026-02-01,ACCT-030,WAREHOUSE,Production,SUCCESS,200,1256,1253,3,2228,0,
SYNC-ACCT-030-WAREHOUSE-20260204,2026-02-04,ACCT-030,WAREHOUSE,Production,SUCCESS,200,1594,1581,13,2837,0,
SYNC-ACCT-030-WAREHOUSE-20260207,2026-02-07,ACCT-030,WAREHOUSE,Production,SUCCESS,200,906,903,3,2672,0,
SYNC-ACCT-030-WAREHOUSE-20260210,2026-02-10,ACCT-030,WAREHOUSE,Production,SUCCESS,200,758,753,5,2953,0,
SYNC-ACCT-030-WAREHOUSE-20260213,2026-02-13,ACCT-030,WAREHOUSE,Production,SUCCESS,200,972,971,1,2746,0,
SYNC-ACCT-030-WAREHOUSE-20260216,2026-02-16,ACCT-030,WAREHOUSE,Production,SUCCESS,200,1461,1452,9,1266,0,
SYNC-ACCT-030-WAREHOUSE-20260219,2026-02-19,ACCT-030,WAREHOUSE,Production,SUCCESS,200,1483,1471,12,811,0,
SYNC-ACCT-030-WAREHOUSE-20260222,2026-02-22,ACCT-030,WAREHOUSE,Production,SUCCESS,200,990,988,2,1133,0,
SYNC-ACCT-030-WAREHOUSE-20260225,2026-02-25,ACCT-030,WAREHOUSE,Production,SUCCESS,200,1665,1654,11,969,0,
SYNC-ACCT-030-WAREHOUSE-20260228,2026-02-28,ACCT-030,WAREHOUSE,Production,SUCCESS,200,1298,1291,7,1286,0,
SYNC-ACCT-030-WAREHOUSE-20260303,2026-03-03,ACCT-030,WAREHOUSE,Production,SUCCESS,200,1561,1557,4,755,0,
SYNC-ACCT-030-WAREHOUSE-20260306,2026-03-06,ACCT-030,WAREHOUSE,Production,SUCCESS,200,727,726,1,1125,0,
SYNC-ACCT-030-WAREHOUSE-20260309,2026-03-09,ACCT-030,WAREHOUSE,Production,SUCCESS,200,784,782,2,1248,0,
SYNC-ACCT-030-WAREHOUSE-20260312,2026-03-12,ACCT-030,WAREHOUSE,Production,SUCCESS,200,976,969,7,2477,0,
SYNC-ACCT-030-WAREHOUSE-20260315,2026-03-15,ACCT-030,WAREHOUSE,Production,SUCCESS,200,1677,1670,7,2997,0,
SYNC-ACCT-030-WAREHOUSE-20260318,2026-03-18,ACCT-030,WAREHOUSE,Production,SUCCESS,200,766,760,6,1428,0,
SYNC-ACCT-030-WAREHOUSE-20260321,2026-03-21,ACCT-030,WAREHOUSE,Production,SUCCESS,200,1615,1609,6,1161,0,
SYNC-ACCT-030-WAREHOUSE-20260324,2026-03-24,ACCT-030,WAREHOUSE,Production,SUCCESS,200,1303,1294,9,1392,0,
SYNC-ACCT-030-WAREHOUSE-20260327,2026-03-27,ACCT-030,WAREHOUSE,Production,SUCCESS,200,866,862,4,2208,0,
SYNC-ACCT-030-WAREHOUSE-20260330,2026-03-30,ACCT-030,WAREHOUSE,Production,SUCCESS,200,804,799,5,1096,0,
SYNC-ACCT-030-WAREHOUSE-20260402,2026-04-02,ACCT-030,WAREHOUSE,Production,SUCCESS,200,996,995,1,2969,0,
SYNC-ACCT-030-WAREHOUSE-20260405,2026-04-05,ACCT-030,WAREHOUSE,Production,SUCCESS,200,1498,1491,7,2973,0,
SYNC-ACCT-030-WAREHOUSE-20260408,2026-04-08,ACCT-030,WAREHOUSE,Production,SUCCESS,200,1267,1257,10,1178,0,
SYNC-ACCT-030-WAREHOUSE-20260411,2026-04-11,ACCT-030,WAREHOUSE,Production,SUCCESS,200,1645,1642,3,1286,0,
SYNC-ACCT-030-WAREHOUSE-20260414,2026-04-14,ACCT-030,WAREHOUSE,Production,SUCCESS,200,741,735,6,1781,0,
SYNC-ACCT-030-WAREHOUSE-20260417,2026-04-17,ACCT-030,WAREHOUSE,Production,SUCCESS,200,1623,1610,13,518,0,
SYNC-ACCT-030-WAREHOUSE-20260420,2026-04-20,ACCT-030,WAREHOUSE,Production,SUCCESS,200,1061,1061,0,916,0,
SYNC-ACCT-030-WAREHOUSE-20260423,2026-04-23,ACCT-030,WAREHOUSE,Production,SUCCESS,200,1574,1566,8,3182,0,
SYNC-ACCT-030-WAREHOUSE-20260426,2026-04-26,ACCT-030,WAREHOUSE,Production,SUCCESS,200,817,811,6,1766,0,
SYNC-ACCT-030-WAREHOUSE-20260429,2026-04-29,ACCT-030,WAREHOUSE,Production,SUCCESS,200,1457,1451,6,2470,0,
SYNC-ACCT-030-WAREHOUSE-20260502,2026-05-02,ACCT-030,WAREHOUSE,Production,SUCCESS,200,1456,1453,3,3266,0,
SYNC-ACCT-030-WAREHOUSE-20260505,2026-05-05,ACCT-030,WAREHOUSE,Production,SUCCESS,200,1359,1353,6,2730,0,
SYNC-ACCT-030-WAREHOUSE-20260508,2026-05-08,ACCT-030,WAREHOUSE,Production,SUCCESS,200,1018,1012,6,1749,0,
SYNC-ACCT-030-WAREHOUSE-20260511,2026-05-11,ACCT-030,WAREHOUSE,Production,SUCCESS,200,1312,1305,7,712,0,
SYNC-ACCT-030-WAREHOUSE-20260514,2026-05-14,ACCT-030,WAREHOUSE,Production,SUCCESS,200,869,862,7,2521,0,
SYNC-ACCT-030-WAREHOUSE-20260517,2026-05-17,ACCT-030,WAREHOUSE,Production,SUCCESS,200,1425,1414,11,2347,0,
SYNC-ACCT-030-WAREHOUSE-20260520,2026-05-20,ACCT-030,WAREHOUSE,Production,FAILED,429,1405,0,1405,8573,3,RATE_LIMITED
SYNC-ACCT-030-WAREHOUSE-20260523,2026-05-23,ACCT-030,WAREHOUSE,Production,FAILED,429,1434,0,1434,13699,3,RATE_LIMITED
SYNC-ACCT-030-WAREHOUSE-20260526,2026-05-26,ACCT-030,WAREHOUSE,Production,SUCCESS,200,1221,1212,9,1936,0,
SYNC-ACCT-030-WAREHOUSE-20260529,2026-05-29,ACCT-030,WAREHOUSE,Production,SUCCESS,200,1332,1326,6,3275,0,
SYNC-ACCT-030-WAREHOUSE-20260601,2026-06-01,ACCT-030,WAREHOUSE,Production,SUCCESS,200,1015,1010,5,1802,0,
SYNC-ACCT-030-WAREHOUSE-20260604,2026-06-04,ACCT-030,WAREHOUSE,Production,SUCCESS,200,1329,1319,10,1737,0,
SYNC-ACCT-030-WAREHOUSE-20260607,2026-06-07,ACCT-030,WAREHOUSE,Production,SUCCESS,200,1545,1545,0,1024,0,
SYNC-ACCT-030-WAREHOUSE-20260610,2026-06-10,ACCT-030,WAREHOUSE,Production,SUCCESS,200,1300,1294,6,1369,0,
SYNC-ACCT-030-WAREHOUSE-20260613,2026-06-13,ACCT-030,WAREHOUSE,Production,SUCCESS,200,775,770,5,1514,0,
SYNC-ACCT-030-WAREHOUSE-20260616,2026-06-16,ACCT-030,WAREHOUSE,Production,SUCCESS,200,849,848,1,3038,0,
SYNC-ACCT-030-WAREHOUSE-20260619,2026-06-19,ACCT-030,WAREHOUSE,Production,SUCCESS,200,1421,1421,0,3139,0,
SYNC-ACCT-030-WAREHOUSE-20260622,2026-06-22,ACCT-030,WAREHOUSE,Production,SUCCESS,200,815,808,7,1250,0,
SYNC-ACCT-030-WAREHOUSE-20260625,2026-06-25,ACCT-030,WAREHOUSE,Production,SUCCESS,200,782,780,2,1782,0,
SYNC-ACCT-030-WAREHOUSE-20260628,2026-06-28,ACCT-030,WAREHOUSE,Production,SUCCESS,200,1377,1377,0,838,0,
SYNC-ACCT-031-CRM-20260111,2026-01-11,ACCT-031,CRM,Production,SUCCESS,200,1370,1359,11,1199,0,
SYNC-ACCT-031-CRM-20260114,2026-01-14,ACCT-031,CRM,Production,SUCCESS,200,1524,1523,1,1123,0,
SYNC-ACCT-031-CRM-20260117,2026-01-17,ACCT-031,CRM,Production,SUCCESS,200,1025,1025,0,2390,0,
SYNC-ACCT-031-CRM-20260120,2026-01-20,ACCT-031,CRM,Production,SUCCESS,200,858,854,4,863,0,
SYNC-ACCT-031-CRM-20260123,2026-01-23,ACCT-031,CRM,Production,SUCCESS,200,984,980,4,1296,0,
SYNC-ACCT-031-CRM-20260126,2026-01-26,ACCT-031,CRM,Production,SUCCESS,200,1597,1597,0,1484,0,
SYNC-ACCT-031-CRM-20260129,2026-01-29,ACCT-031,CRM,Production,SUCCESS,200,1589,1576,13,1775,0,
SYNC-ACCT-031-CRM-20260201,2026-02-01,ACCT-031,CRM,Production,SUCCESS,200,1444,1437,7,1594,0,
SYNC-ACCT-031-CRM-20260204,2026-02-04,ACCT-031,CRM,Production,SUCCESS,200,1120,1118,2,637,0,
SYNC-ACCT-031-CRM-20260207,2026-02-07,ACCT-031,CRM,Production,SUCCESS,200,767,763,4,2809,0,
SYNC-ACCT-031-CRM-20260210,2026-02-10,ACCT-031,CRM,Production,SUCCESS,200,1242,1238,4,2009,0,
SYNC-ACCT-031-CRM-20260213,2026-02-13,ACCT-031,CRM,Production,SUCCESS,200,1679,1679,0,1377,0,
SYNC-ACCT-031-CRM-20260216,2026-02-16,ACCT-031,CRM,Production,SUCCESS,200,1299,1291,8,2488,0,
SYNC-ACCT-031-CRM-20260219,2026-02-19,ACCT-031,CRM,Production,SUCCESS,200,1089,1089,0,1329,0,
SYNC-ACCT-031-CRM-20260222,2026-02-22,ACCT-031,CRM,Production,SUCCESS,200,1623,1612,11,1254,0,
SYNC-ACCT-031-CRM-20260225,2026-02-25,ACCT-031,CRM,Production,SUCCESS,200,1401,1397,4,1580,0,
SYNC-ACCT-031-CRM-20260228,2026-02-28,ACCT-031,CRM,Production,SUCCESS,200,1190,1184,6,1275,0,
SYNC-ACCT-031-CRM-20260303,2026-03-03,ACCT-031,CRM,Production,SUCCESS,200,784,779,5,3227,0,
SYNC-ACCT-031-CRM-20260306,2026-03-06,ACCT-031,CRM,Production,SUCCESS,200,929,929,0,1403,0,
SYNC-ACCT-031-CRM-20260309,2026-03-09,ACCT-031,CRM,Production,SUCCESS,200,1656,1646,10,557,0,
SYNC-ACCT-031-CRM-20260312,2026-03-12,ACCT-031,CRM,Production,SUCCESS,200,876,872,4,1057,0,
SYNC-ACCT-031-CRM-20260315,2026-03-15,ACCT-031,CRM,Production,SUCCESS,200,983,978,5,3238,0,
SYNC-ACCT-031-CRM-20260318,2026-03-18,ACCT-031,CRM,Production,SUCCESS,200,1345,1339,6,1772,0,
SYNC-ACCT-031-CRM-20260321,2026-03-21,ACCT-031,CRM,Production,SUCCESS,200,1621,1610,11,1786,0,
SYNC-ACCT-031-CRM-20260324,2026-03-24,ACCT-031,CRM,Production,SUCCESS,200,1374,1365,9,1033,0,
SYNC-ACCT-031-CRM-20260327,2026-03-27,ACCT-031,CRM,Production,SUCCESS,200,1105,1096,9,2079,0,
SYNC-ACCT-031-CRM-20260330,2026-03-30,ACCT-031,CRM,Production,SUCCESS,200,1341,1332,9,1321,0,
SYNC-ACCT-031-CRM-20260402,2026-04-02,ACCT-031,CRM,Production,SUCCESS,200,798,795,3,1337,0,
SYNC-ACCT-031-CRM-20260405,2026-04-05,ACCT-031,CRM,Production,SUCCESS,200,941,935,6,3270,0,
SYNC-ACCT-031-CRM-20260408,2026-04-08,ACCT-031,CRM,Production,SUCCESS,200,1203,1194,9,2691,0,
SYNC-ACCT-031-CRM-20260411,2026-04-11,ACCT-031,CRM,Production,SUCCESS,200,964,956,8,594,0,
SYNC-ACCT-031-CRM-20260414,2026-04-14,ACCT-031,CRM,Production,SUCCESS,200,1186,1178,8,1681,0,
SYNC-ACCT-031-CRM-20260417,2026-04-17,ACCT-031,CRM,Production,SUCCESS,200,1471,1471,0,1336,0,
SYNC-ACCT-031-CRM-20260420,2026-04-20,ACCT-031,CRM,Production,SUCCESS,200,1626,1614,12,3213,0,
SYNC-ACCT-031-CRM-20260423,2026-04-23,ACCT-031,CRM,Production,SUCCESS,200,1329,1322,7,1182,0,
SYNC-ACCT-031-CRM-20260426,2026-04-26,ACCT-031,CRM,Production,SUCCESS,200,1078,1075,3,2387,0,
SYNC-ACCT-031-CRM-20260429,2026-04-29,ACCT-031,CRM,Production,SUCCESS,200,1138,1132,6,1187,0,
SYNC-ACCT-031-CRM-20260502,2026-05-02,ACCT-031,CRM,Production,SUCCESS,200,1406,1398,8,729,0,
SYNC-ACCT-031-CRM-20260505,2026-05-05,ACCT-031,CRM,Production,SUCCESS,200,825,819,6,1421,0,
SYNC-ACCT-031-CRM-20260508,2026-05-08,ACCT-031,CRM,Production,SUCCESS,200,1469,1462,7,3073,0,
SYNC-ACCT-031-CRM-20260511,2026-05-11,ACCT-031,CRM,Production,SUCCESS,200,1035,1027,8,2027,0,
SYNC-ACCT-031-CRM-20260514,2026-05-14,ACCT-031,CRM,Production,SUCCESS,200,1035,1035,0,2268,0,
SYNC-ACCT-031-CRM-20260517,2026-05-17,ACCT-031,CRM,Production,SUCCESS,200,1135,1126,9,1897,0,
SYNC-ACCT-031-CRM-20260520,2026-05-20,ACCT-031,CRM,Production,SUCCESS,200,1339,1335,4,1402,0,
SYNC-ACCT-031-CRM-20260523,2026-05-23,ACCT-031,CRM,Production,SUCCESS,200,1051,1044,7,1744,0,
SYNC-ACCT-031-CRM-20260526,2026-05-26,ACCT-031,CRM,Production,SUCCESS,200,1404,1397,7,1783,0,
SYNC-ACCT-031-CRM-20260529,2026-05-29,ACCT-031,CRM,Production,SUCCESS,200,1666,1662,4,1517,0,
SYNC-ACCT-031-CRM-20260601,2026-06-01,ACCT-031,CRM,Production,SUCCESS,200,1517,1510,7,2515,0,
SYNC-ACCT-031-CRM-20260604,2026-06-04,ACCT-031,CRM,Production,SUCCESS,200,1380,1372,8,2613,0,
SYNC-ACCT-031-CRM-20260607,2026-06-07,ACCT-031,CRM,Production,SUCCESS,200,797,796,1,963,0,
SYNC-ACCT-031-CRM-20260610,2026-06-10,ACCT-031,CRM,Production,SUCCESS,200,964,957,7,1868,0,
SYNC-ACCT-031-CRM-20260613,2026-06-13,ACCT-031,CRM,Production,SUCCESS,200,1467,1456,11,2911,0,
SYNC-ACCT-031-CRM-20260616,2026-06-16,ACCT-031,CRM,Production,SUCCESS,200,904,899,5,926,0,
SYNC-ACCT-031-CRM-20260619,2026-06-19,ACCT-031,CRM,Production,SUCCESS,200,1480,1472,8,1901,0,
SYNC-ACCT-031-CRM-20260622,2026-06-22,ACCT-031,CRM,Production,SUCCESS,200,1020,1020,0,1209,0,
SYNC-ACCT-031-CRM-20260625,2026-06-25,ACCT-031,CRM,Production,SUCCESS,200,858,858,0,1750,0,
SYNC-ACCT-031-CRM-20260628,2026-06-28,ACCT-031,CRM,Production,SUCCESS,200,1294,1291,3,2843,0,
SYNC-ACCT-031-BILLING-20260111,2026-01-11,ACCT-031,BILLING,Production,SUCCESS,200,945,943,2,2383,0,
SYNC-ACCT-031-BILLING-20260114,2026-01-14,ACCT-031,BILLING,Production,SUCCESS,200,919,917,2,1311,0,
SYNC-ACCT-031-BILLING-20260117,2026-01-17,ACCT-031,BILLING,Production,SUCCESS,200,1485,1477,8,1297,0,
SYNC-ACCT-031-BILLING-20260120,2026-01-20,ACCT-031,BILLING,Production,SUCCESS,200,1537,1537,0,1896,0,
SYNC-ACCT-031-BILLING-20260123,2026-01-23,ACCT-031,BILLING,Production,SUCCESS,200,1022,1019,3,2789,0,
SYNC-ACCT-031-BILLING-20260126,2026-01-26,ACCT-031,BILLING,Production,SUCCESS,200,744,739,5,2581,0,
SYNC-ACCT-031-BILLING-20260129,2026-01-29,ACCT-031,BILLING,Production,SUCCESS,200,1164,1161,3,3121,0,
SYNC-ACCT-031-BILLING-20260201,2026-02-01,ACCT-031,BILLING,Production,SUCCESS,200,1321,1317,4,2465,0,
SYNC-ACCT-031-BILLING-20260204,2026-02-04,ACCT-031,BILLING,Production,SUCCESS,200,932,931,1,3368,0,
SYNC-ACCT-031-BILLING-20260207,2026-02-07,ACCT-031,BILLING,Production,SUCCESS,200,1542,1535,7,1879,0,
SYNC-ACCT-031-BILLING-20260210,2026-02-10,ACCT-031,BILLING,Production,SUCCESS,200,1480,1477,3,2405,0,
SYNC-ACCT-031-BILLING-20260213,2026-02-13,ACCT-031,BILLING,Production,SUCCESS,200,862,861,1,2155,0,
SYNC-ACCT-031-BILLING-20260216,2026-02-16,ACCT-031,BILLING,Production,SUCCESS,200,783,783,0,1414,0,
SYNC-ACCT-031-BILLING-20260219,2026-02-19,ACCT-031,BILLING,Production,SUCCESS,200,861,860,1,2519,0,
SYNC-ACCT-031-BILLING-20260222,2026-02-22,ACCT-031,BILLING,Production,SUCCESS,200,1291,1286,5,2005,0,
SYNC-ACCT-031-BILLING-20260225,2026-02-25,ACCT-031,BILLING,Production,SUCCESS,200,1237,1236,1,660,0,
SYNC-ACCT-031-BILLING-20260228,2026-02-28,ACCT-031,BILLING,Production,SUCCESS,200,884,883,1,1716,0,
SYNC-ACCT-031-BILLING-20260303,2026-03-03,ACCT-031,BILLING,Production,SUCCESS,200,964,964,0,1412,0,
SYNC-ACCT-031-BILLING-20260306,2026-03-06,ACCT-031,BILLING,Production,SUCCESS,200,1453,1449,4,2583,0,
SYNC-ACCT-031-BILLING-20260309,2026-03-09,ACCT-031,BILLING,Production,SUCCESS,200,902,896,6,3320,0,
SYNC-ACCT-031-BILLING-20260312,2026-03-12,ACCT-031,BILLING,Production,SUCCESS,200,1128,1123,5,636,0,
SYNC-ACCT-031-BILLING-20260315,2026-03-15,ACCT-031,BILLING,Production,SUCCESS,200,920,917,3,677,0,
SYNC-ACCT-031-BILLING-20260318,2026-03-18,ACCT-031,BILLING,Production,SUCCESS,200,773,769,4,2164,0,
SYNC-ACCT-031-BILLING-20260321,2026-03-21,ACCT-031,BILLING,Production,SUCCESS,200,1290,1280,10,1690,0,
SYNC-ACCT-031-BILLING-20260324,2026-03-24,ACCT-031,BILLING,Production,SUCCESS,200,879,872,7,1780,0,
SYNC-ACCT-031-BILLING-20260327,2026-03-27,ACCT-031,BILLING,Production,SUCCESS,200,944,943,1,2453,0,
SYNC-ACCT-031-BILLING-20260330,2026-03-30,ACCT-031,BILLING,Production,SUCCESS,200,1488,1477,11,1569,0,
SYNC-ACCT-031-BILLING-20260402,2026-04-02,ACCT-031,BILLING,Production,SUCCESS,200,950,947,3,1460,0,
SYNC-ACCT-031-BILLING-20260405,2026-04-05,ACCT-031,BILLING,Production,SUCCESS,200,1448,1436,12,3347,0,
SYNC-ACCT-031-BILLING-20260408,2026-04-08,ACCT-031,BILLING,Production,SUCCESS,200,1379,1379,0,3026,0,
SYNC-ACCT-031-BILLING-20260411,2026-04-11,ACCT-031,BILLING,Production,SUCCESS,200,1431,1423,8,777,0,
SYNC-ACCT-031-BILLING-20260414,2026-04-14,ACCT-031,BILLING,Production,SUCCESS,200,1271,1265,6,3057,0,
SYNC-ACCT-031-BILLING-20260417,2026-04-17,ACCT-031,BILLING,Production,SUCCESS,200,769,769,0,2344,0,
SYNC-ACCT-031-BILLING-20260420,2026-04-20,ACCT-031,BILLING,Production,SUCCESS,200,1099,1096,3,1901,0,
SYNC-ACCT-031-BILLING-20260423,2026-04-23,ACCT-031,BILLING,Production,SUCCESS,200,1629,1622,7,735,0,
SYNC-ACCT-031-BILLING-20260426,2026-04-26,ACCT-031,BILLING,Production,SUCCESS,200,1368,1362,6,3395,0,
SYNC-ACCT-031-BILLING-20260429,2026-04-29,ACCT-031,BILLING,Production,SUCCESS,200,893,886,7,3367,0,
SYNC-ACCT-031-BILLING-20260502,2026-05-02,ACCT-031,BILLING,Production,SUCCESS,200,1009,1001,8,2972,0,
SYNC-ACCT-031-BILLING-20260505,2026-05-05,ACCT-031,BILLING,Production,SUCCESS,200,892,885,7,2175,0,
SYNC-ACCT-031-BILLING-20260508,2026-05-08,ACCT-031,BILLING,Production,SUCCESS,200,998,990,8,2601,0,
SYNC-ACCT-031-BILLING-20260511,2026-05-11,ACCT-031,BILLING,Production,SUCCESS,200,1616,1612,4,2933,0,
SYNC-ACCT-031-BILLING-20260514,2026-05-14,ACCT-031,BILLING,Production,SUCCESS,200,1259,1254,5,3080,0,
SYNC-ACCT-031-BILLING-20260517,2026-05-17,ACCT-031,BILLING,Production,SUCCESS,200,791,787,4,1399,0,
SYNC-ACCT-031-BILLING-20260520,2026-05-20,ACCT-031,BILLING,Production,SUCCESS,200,1048,1041,7,2661,0,
SYNC-ACCT-031-BILLING-20260523,2026-05-23,ACCT-031,BILLING,Production,SUCCESS,200,1379,1370,9,1288,0,
SYNC-ACCT-031-BILLING-20260526,2026-05-26,ACCT-031,BILLING,Production,SUCCESS,200,772,771,1,1571,0,
SYNC-ACCT-031-BILLING-20260529,2026-05-29,ACCT-031,BILLING,Production,SUCCESS,200,1271,1264,7,1059,0,
SYNC-ACCT-031-BILLING-20260601,2026-06-01,ACCT-031,BILLING,Production,SUCCESS,200,1307,1306,1,2007,0,
SYNC-ACCT-031-BILLING-20260604,2026-06-04,ACCT-031,BILLING,Production,SUCCESS,200,1251,1243,8,1938,0,
SYNC-ACCT-031-BILLING-20260607,2026-06-07,ACCT-031,BILLING,Production,SUCCESS,200,1374,1371,3,2598,0,
SYNC-ACCT-031-BILLING-20260610,2026-06-10,ACCT-031,BILLING,Production,SUCCESS,200,784,783,1,3263,0,
SYNC-ACCT-031-BILLING-20260613,2026-06-13,ACCT-031,BILLING,Production,SUCCESS,200,743,742,1,3098,0,
SYNC-ACCT-031-BILLING-20260616,2026-06-16,ACCT-031,BILLING,Production,SUCCESS,200,957,957,0,1812,0,
SYNC-ACCT-031-BILLING-20260619,2026-06-19,ACCT-031,BILLING,Production,SUCCESS,200,1497,1493,4,2298,0,
SYNC-ACCT-031-BILLING-20260622,2026-06-22,ACCT-031,BILLING,Production,SUCCESS,200,1098,1098,0,1715,0,
SYNC-ACCT-031-BILLING-20260625,2026-06-25,ACCT-031,BILLING,Production,SUCCESS,200,778,777,1,3014,0,
SYNC-ACCT-031-BILLING-20260628,2026-06-28,ACCT-031,BILLING,Production,SUCCESS,200,955,953,2,1615,0,
SYNC-ACCT-032-CRM-20260117,2026-01-17,ACCT-032,CRM,Production,SUCCESS,200,934,928,6,2084,0,
SYNC-ACCT-032-CRM-20260120,2026-01-20,ACCT-032,CRM,Production,SUCCESS,200,1116,1112,4,1474,0,
SYNC-ACCT-032-CRM-20260123,2026-01-23,ACCT-032,CRM,Production,SUCCESS,200,1020,1020,0,1668,0,
SYNC-ACCT-032-CRM-20260126,2026-01-26,ACCT-032,CRM,Production,SUCCESS,200,878,875,3,627,0,
SYNC-ACCT-032-CRM-20260129,2026-01-29,ACCT-032,CRM,Production,SUCCESS,200,1509,1500,9,2471,0,
SYNC-ACCT-032-CRM-20260201,2026-02-01,ACCT-032,CRM,Production,SUCCESS,200,1396,1394,2,2634,0,
SYNC-ACCT-032-CRM-20260204,2026-02-04,ACCT-032,CRM,Production,SUCCESS,200,1356,1352,4,3373,0,
SYNC-ACCT-032-CRM-20260207,2026-02-07,ACCT-032,CRM,Production,SUCCESS,200,1640,1636,4,2095,0,
SYNC-ACCT-032-CRM-20260210,2026-02-10,ACCT-032,CRM,Production,SUCCESS,200,757,756,1,2355,0,
SYNC-ACCT-032-CRM-20260213,2026-02-13,ACCT-032,CRM,Production,SUCCESS,200,1527,1518,9,2915,0,
SYNC-ACCT-032-CRM-20260216,2026-02-16,ACCT-032,CRM,Production,SUCCESS,200,1208,1208,0,2102,0,
SYNC-ACCT-032-CRM-20260219,2026-02-19,ACCT-032,CRM,Production,SUCCESS,200,1473,1464,9,2142,0,
SYNC-ACCT-032-CRM-20260222,2026-02-22,ACCT-032,CRM,Production,SUCCESS,200,999,995,4,2427,0,
SYNC-ACCT-032-CRM-20260225,2026-02-25,ACCT-032,CRM,Production,SUCCESS,200,1297,1292,5,1482,0,
SYNC-ACCT-032-CRM-20260228,2026-02-28,ACCT-032,CRM,Production,SUCCESS,200,1641,1637,4,3250,0,
SYNC-ACCT-032-CRM-20260303,2026-03-03,ACCT-032,CRM,Production,SUCCESS,200,1262,1252,10,1302,0,
SYNC-ACCT-032-CRM-20260306,2026-03-06,ACCT-032,CRM,Production,SUCCESS,200,1244,1243,1,1544,0,
SYNC-ACCT-032-CRM-20260309,2026-03-09,ACCT-032,CRM,Production,SUCCESS,200,1289,1289,0,2474,0,
SYNC-ACCT-032-CRM-20260312,2026-03-12,ACCT-032,CRM,Production,SUCCESS,200,1663,1653,10,2580,0,
SYNC-ACCT-032-CRM-20260315,2026-03-15,ACCT-032,CRM,Production,SUCCESS,200,1446,1445,1,1358,0,
SYNC-ACCT-032-CRM-20260318,2026-03-18,ACCT-032,CRM,Production,SUCCESS,200,1202,1192,10,1536,0,
SYNC-ACCT-032-CRM-20260321,2026-03-21,ACCT-032,CRM,Production,SUCCESS,200,978,976,2,1746,0,
SYNC-ACCT-032-CRM-20260324,2026-03-24,ACCT-032,CRM,Production,SUCCESS,200,981,974,7,2071,0,
SYNC-ACCT-032-CRM-20260327,2026-03-27,ACCT-032,CRM,Production,SUCCESS,200,1466,1461,5,1122,0,
SYNC-ACCT-032-CRM-20260330,2026-03-30,ACCT-032,CRM,Production,FAILED,503,1155,0,1155,676,2,UPSTREAM_UNAVAILABLE
SYNC-ACCT-032-CRM-20260402,2026-04-02,ACCT-032,CRM,Production,SUCCESS,200,1046,1044,2,3273,0,
SYNC-ACCT-032-CRM-20260405,2026-04-05,ACCT-032,CRM,Production,SUCCESS,200,776,776,0,1174,0,
SYNC-ACCT-032-CRM-20260408,2026-04-08,ACCT-032,CRM,Production,SUCCESS,200,1283,1277,6,2211,0,
SYNC-ACCT-032-CRM-20260411,2026-04-11,ACCT-032,CRM,Production,SUCCESS,200,1025,1023,2,636,0,
SYNC-ACCT-032-CRM-20260414,2026-04-14,ACCT-032,CRM,Production,SUCCESS,200,1177,1177,0,852,0,
SYNC-ACCT-032-CRM-20260417,2026-04-17,ACCT-032,CRM,Production,SUCCESS,200,928,921,7,893,0,
SYNC-ACCT-032-CRM-20260420,2026-04-20,ACCT-032,CRM,Production,SUCCESS,200,1588,1576,12,1567,0,
SYNC-ACCT-032-CRM-20260423,2026-04-23,ACCT-032,CRM,Production,SUCCESS,200,1134,1133,1,1840,0,
SYNC-ACCT-032-CRM-20260426,2026-04-26,ACCT-032,CRM,Production,SUCCESS,200,1250,1241,9,1797,0,
SYNC-ACCT-032-CRM-20260429,2026-04-29,ACCT-032,CRM,Production,SUCCESS,200,1671,1671,0,3148,0,
SYNC-ACCT-032-CRM-20260502,2026-05-02,ACCT-032,CRM,Production,SUCCESS,200,1535,1524,11,1774,0,
SYNC-ACCT-032-CRM-20260505,2026-05-05,ACCT-032,CRM,Production,SUCCESS,200,1240,1232,8,1074,0,
SYNC-ACCT-032-CRM-20260508,2026-05-08,ACCT-032,CRM,Production,SUCCESS,200,857,854,3,582,0,
SYNC-ACCT-032-CRM-20260511,2026-05-11,ACCT-032,CRM,Production,SUCCESS,200,1481,1478,3,3224,0,
SYNC-ACCT-032-CRM-20260514,2026-05-14,ACCT-032,CRM,Production,SUCCESS,200,1090,1081,9,2975,0,
SYNC-ACCT-032-CRM-20260517,2026-05-17,ACCT-032,CRM,Production,SUCCESS,200,1118,1116,2,3060,0,
SYNC-ACCT-032-CRM-20260520,2026-05-20,ACCT-032,CRM,Production,SUCCESS,200,1001,996,5,2061,0,
SYNC-ACCT-032-CRM-20260523,2026-05-23,ACCT-032,CRM,Production,SUCCESS,200,1263,1260,3,1315,0,
SYNC-ACCT-032-CRM-20260526,2026-05-26,ACCT-032,CRM,Production,SUCCESS,200,1089,1085,4,3196,0,
SYNC-ACCT-032-CRM-20260529,2026-05-29,ACCT-032,CRM,Production,SUCCESS,200,890,884,6,2033,0,
SYNC-ACCT-032-CRM-20260601,2026-06-01,ACCT-032,CRM,Production,SUCCESS,200,736,734,2,1460,0,
SYNC-ACCT-032-CRM-20260604,2026-06-04,ACCT-032,CRM,Production,SUCCESS,200,1265,1258,7,3251,0,
SYNC-ACCT-032-CRM-20260607,2026-06-07,ACCT-032,CRM,Production,SUCCESS,200,1062,1060,2,1019,0,
SYNC-ACCT-032-CRM-20260610,2026-06-10,ACCT-032,CRM,Production,SUCCESS,200,1019,1014,5,2289,0,
SYNC-ACCT-032-CRM-20260613,2026-06-13,ACCT-032,CRM,Production,SUCCESS,200,750,750,0,624,0,
SYNC-ACCT-032-CRM-20260616,2026-06-16,ACCT-032,CRM,Production,SUCCESS,200,851,847,4,646,0,
SYNC-ACCT-032-CRM-20260619,2026-06-19,ACCT-032,CRM,Production,SUCCESS,200,1069,1064,5,1333,0,
SYNC-ACCT-032-CRM-20260622,2026-06-22,ACCT-032,CRM,Production,SUCCESS,200,1557,1556,1,2200,0,
SYNC-ACCT-032-CRM-20260625,2026-06-25,ACCT-032,CRM,Production,SUCCESS,200,1224,1224,0,1366,0,
SYNC-ACCT-032-CRM-20260628,2026-06-28,ACCT-032,CRM,Production,SUCCESS,200,1270,1264,6,3004,0,
SYNC-ACCT-032-BILLING-20260117,2026-01-17,ACCT-032,BILLING,Production,SUCCESS,200,1297,1294,3,1297,0,
SYNC-ACCT-032-BILLING-20260120,2026-01-20,ACCT-032,BILLING,Production,SUCCESS,200,908,903,5,1148,0,
SYNC-ACCT-032-BILLING-20260123,2026-01-23,ACCT-032,BILLING,Production,SUCCESS,200,955,954,1,672,0,
SYNC-ACCT-032-BILLING-20260126,2026-01-26,ACCT-032,BILLING,Production,SUCCESS,200,960,960,0,1680,0,
SYNC-ACCT-032-BILLING-20260129,2026-01-29,ACCT-032,BILLING,Production,SUCCESS,200,1472,1470,2,1908,0,
SYNC-ACCT-032-BILLING-20260201,2026-02-01,ACCT-032,BILLING,Production,SUCCESS,200,1249,1249,0,1220,0,
SYNC-ACCT-032-BILLING-20260204,2026-02-04,ACCT-032,BILLING,Production,SUCCESS,200,1064,1060,4,2898,0,
SYNC-ACCT-032-BILLING-20260207,2026-02-07,ACCT-032,BILLING,Production,SUCCESS,200,1169,1161,8,2071,0,
SYNC-ACCT-032-BILLING-20260210,2026-02-10,ACCT-032,BILLING,Production,SUCCESS,200,1586,1576,10,3042,0,
SYNC-ACCT-032-BILLING-20260213,2026-02-13,ACCT-032,BILLING,Production,SUCCESS,200,1178,1175,3,1441,0,
SYNC-ACCT-032-BILLING-20260216,2026-02-16,ACCT-032,BILLING,Production,SUCCESS,200,1372,1366,6,1582,0,
SYNC-ACCT-032-BILLING-20260219,2026-02-19,ACCT-032,BILLING,Production,SUCCESS,200,944,942,2,1655,0,
SYNC-ACCT-032-BILLING-20260222,2026-02-22,ACCT-032,BILLING,Production,SUCCESS,200,1656,1650,6,1826,0,
SYNC-ACCT-032-BILLING-20260225,2026-02-25,ACCT-032,BILLING,Production,SUCCESS,200,1345,1336,9,689,0,
SYNC-ACCT-032-BILLING-20260228,2026-02-28,ACCT-032,BILLING,Production,SUCCESS,200,1249,1242,7,797,0,
SYNC-ACCT-032-BILLING-20260303,2026-03-03,ACCT-032,BILLING,Production,SUCCESS,200,1183,1176,7,2178,0,
SYNC-ACCT-032-BILLING-20260306,2026-03-06,ACCT-032,BILLING,Production,SUCCESS,200,1070,1065,5,971,0,
SYNC-ACCT-032-BILLING-20260309,2026-03-09,ACCT-032,BILLING,Production,SUCCESS,200,1072,1066,6,1684,0,
SYNC-ACCT-032-BILLING-20260312,2026-03-12,ACCT-032,BILLING,Production,SUCCESS,200,1256,1251,5,2125,0,
SYNC-ACCT-032-BILLING-20260315,2026-03-15,ACCT-032,BILLING,Production,SUCCESS,200,953,946,7,1011,0,
SYNC-ACCT-032-BILLING-20260318,2026-03-18,ACCT-032,BILLING,Production,SUCCESS,200,963,961,2,1977,0,
SYNC-ACCT-032-BILLING-20260321,2026-03-21,ACCT-032,BILLING,Production,SUCCESS,200,907,904,3,1755,0,
SYNC-ACCT-032-BILLING-20260324,2026-03-24,ACCT-032,BILLING,Production,SUCCESS,200,868,866,2,2484,0,
SYNC-ACCT-032-BILLING-20260327,2026-03-27,ACCT-032,BILLING,Production,SUCCESS,200,776,770,6,592,0,
SYNC-ACCT-032-BILLING-20260330,2026-03-30,ACCT-032,BILLING,Production,FAILED,503,1209,0,1209,1095,2,UPSTREAM_UNAVAILABLE
SYNC-ACCT-032-BILLING-20260402,2026-04-02,ACCT-032,BILLING,Production,SUCCESS,200,758,753,5,2173,0,
SYNC-ACCT-032-BILLING-20260405,2026-04-05,ACCT-032,BILLING,Production,SUCCESS,200,1338,1328,10,1272,0,
SYNC-ACCT-032-BILLING-20260408,2026-04-08,ACCT-032,BILLING,Production,SUCCESS,200,1618,1618,0,2465,0,
SYNC-ACCT-032-BILLING-20260411,2026-04-11,ACCT-032,BILLING,Production,SUCCESS,200,1113,1108,5,1816,0,
SYNC-ACCT-032-BILLING-20260414,2026-04-14,ACCT-032,BILLING,Production,SUCCESS,200,1532,1523,9,1631,0,
SYNC-ACCT-032-BILLING-20260417,2026-04-17,ACCT-032,BILLING,Production,SUCCESS,200,1674,1669,5,1614,0,
SYNC-ACCT-032-BILLING-20260420,2026-04-20,ACCT-032,BILLING,Production,SUCCESS,200,1446,1436,10,1129,0,
SYNC-ACCT-032-BILLING-20260423,2026-04-23,ACCT-032,BILLING,Production,SUCCESS,200,1549,1539,10,2630,0,
SYNC-ACCT-032-BILLING-20260426,2026-04-26,ACCT-032,BILLING,Production,SUCCESS,200,1308,1301,7,1947,0,
SYNC-ACCT-032-BILLING-20260429,2026-04-29,ACCT-032,BILLING,Production,SUCCESS,200,1414,1411,3,2932,0,
SYNC-ACCT-032-BILLING-20260502,2026-05-02,ACCT-032,BILLING,Production,SUCCESS,200,1380,1377,3,2311,0,
SYNC-ACCT-032-BILLING-20260505,2026-05-05,ACCT-032,BILLING,Production,FAILED,422,1249,949,300,1086,0,SCHEMA_FIELD_CHANGED
SYNC-ACCT-032-BILLING-20260508,2026-05-08,ACCT-032,BILLING,Production,FAILED,422,1212,921,291,2259,0,SCHEMA_FIELD_CHANGED
SYNC-ACCT-032-BILLING-20260511,2026-05-11,ACCT-032,BILLING,Production,FAILED,422,1323,1005,318,2441,0,SCHEMA_FIELD_CHANGED
SYNC-ACCT-032-BILLING-20260514,2026-05-14,ACCT-032,BILLING,Production,SUCCESS,200,869,862,7,759,0,
SYNC-ACCT-032-BILLING-20260517,2026-05-17,ACCT-032,BILLING,Production,SUCCESS,200,1163,1155,8,1743,0,
SYNC-ACCT-032-BILLING-20260520,2026-05-20,ACCT-032,BILLING,Production,SUCCESS,200,758,757,1,3261,0,
SYNC-ACCT-032-BILLING-20260523,2026-05-23,ACCT-032,BILLING,Production,SUCCESS,200,908,907,1,2910,0,
SYNC-ACCT-032-BILLING-20260526,2026-05-26,ACCT-032,BILLING,Production,SUCCESS,200,1172,1163,9,3228,0,
SYNC-ACCT-032-BILLING-20260529,2026-05-29,ACCT-032,BILLING,Production,SUCCESS,200,1018,1011,7,1387,0,
SYNC-ACCT-032-BILLING-20260601,2026-06-01,ACCT-032,BILLING,Production,SUCCESS,200,1208,1203,5,3378,0,
SYNC-ACCT-032-BILLING-20260604,2026-06-04,ACCT-032,BILLING,Production,SUCCESS,200,1468,1468,0,727,0,
SYNC-ACCT-032-BILLING-20260607,2026-06-07,ACCT-032,BILLING,Production,SUCCESS,200,1157,1155,2,553,0,
SYNC-ACCT-032-BILLING-20260610,2026-06-10,ACCT-032,BILLING,Production,SUCCESS,200,1337,1334,3,1729,0,
SYNC-ACCT-032-BILLING-20260613,2026-06-13,ACCT-032,BILLING,Production,SUCCESS,200,861,859,2,2461,0,
SYNC-ACCT-032-BILLING-20260616,2026-06-16,ACCT-032,BILLING,Production,SUCCESS,200,1541,1532,9,1042,0,
SYNC-ACCT-032-BILLING-20260619,2026-06-19,ACCT-032,BILLING,Production,SUCCESS,200,1563,1553,10,1831,0,
SYNC-ACCT-032-BILLING-20260622,2026-06-22,ACCT-032,BILLING,Production,SUCCESS,200,1067,1063,4,1290,0,
SYNC-ACCT-032-BILLING-20260625,2026-06-25,ACCT-032,BILLING,Production,SUCCESS,200,1300,1291,9,1014,0,
SYNC-ACCT-032-BILLING-20260628,2026-06-28,ACCT-032,BILLING,Production,SUCCESS,200,1577,1571,6,2073,0,
SYNC-ACCT-033-CRM-20260120,2026-01-20,ACCT-033,CRM,Production,SUCCESS,200,1419,1413,6,3347,0,
SYNC-ACCT-033-CRM-20260123,2026-01-23,ACCT-033,CRM,Production,SUCCESS,200,972,967,5,1681,0,
SYNC-ACCT-033-CRM-20260126,2026-01-26,ACCT-033,CRM,Production,SUCCESS,200,1490,1486,4,1704,0,
SYNC-ACCT-033-CRM-20260129,2026-01-29,ACCT-033,CRM,Production,SUCCESS,200,1391,1388,3,591,0,
SYNC-ACCT-033-CRM-20260201,2026-02-01,ACCT-033,CRM,Production,SUCCESS,200,1490,1482,8,3300,0,
SYNC-ACCT-033-CRM-20260204,2026-02-04,ACCT-033,CRM,Production,SUCCESS,200,1013,1011,2,2075,0,
SYNC-ACCT-033-CRM-20260207,2026-02-07,ACCT-033,CRM,Production,SUCCESS,200,1294,1291,3,1781,0,
SYNC-ACCT-033-CRM-20260210,2026-02-10,ACCT-033,CRM,Production,SUCCESS,200,1032,1024,8,730,0,
SYNC-ACCT-033-CRM-20260213,2026-02-13,ACCT-033,CRM,Production,SUCCESS,200,873,866,7,2949,0,
SYNC-ACCT-033-CRM-20260216,2026-02-16,ACCT-033,CRM,Production,SUCCESS,200,920,917,3,1193,0,
SYNC-ACCT-033-CRM-20260219,2026-02-19,ACCT-033,CRM,Production,SUCCESS,200,723,722,1,3212,0,
SYNC-ACCT-033-CRM-20260222,2026-02-22,ACCT-033,CRM,Production,SUCCESS,200,806,801,5,3183,0,
SYNC-ACCT-033-CRM-20260225,2026-02-25,ACCT-033,CRM,Production,SUCCESS,200,1097,1097,0,770,0,
SYNC-ACCT-033-CRM-20260228,2026-02-28,ACCT-033,CRM,Production,SUCCESS,200,1586,1585,1,1967,0,
SYNC-ACCT-033-CRM-20260303,2026-03-03,ACCT-033,CRM,Production,SUCCESS,200,1356,1345,11,2628,0,
SYNC-ACCT-033-CRM-20260306,2026-03-06,ACCT-033,CRM,Production,SUCCESS,200,1176,1168,8,1164,0,
SYNC-ACCT-033-CRM-20260309,2026-03-09,ACCT-033,CRM,Production,SUCCESS,200,724,720,4,2805,0,
SYNC-ACCT-033-CRM-20260312,2026-03-12,ACCT-033,CRM,Production,SUCCESS,200,1240,1233,7,1726,0,
SYNC-ACCT-033-CRM-20260315,2026-03-15,ACCT-033,CRM,Production,SUCCESS,200,962,957,5,2505,0,
SYNC-ACCT-033-CRM-20260318,2026-03-18,ACCT-033,CRM,Production,SUCCESS,200,1364,1364,0,2774,0,
SYNC-ACCT-033-CRM-20260321,2026-03-21,ACCT-033,CRM,Production,SUCCESS,200,1119,1118,1,524,0,
SYNC-ACCT-033-CRM-20260324,2026-03-24,ACCT-033,CRM,Production,SUCCESS,200,773,771,2,2396,0,
SYNC-ACCT-033-CRM-20260327,2026-03-27,ACCT-033,CRM,Production,SUCCESS,200,859,856,3,604,0,
SYNC-ACCT-033-CRM-20260330,2026-03-30,ACCT-033,CRM,Production,SUCCESS,200,1369,1360,9,1496,0,
SYNC-ACCT-033-CRM-20260402,2026-04-02,ACCT-033,CRM,Production,SUCCESS,200,1046,1039,7,1051,0,
SYNC-ACCT-033-CRM-20260405,2026-04-05,ACCT-033,CRM,Production,SUCCESS,200,1369,1360,9,2512,0,
SYNC-ACCT-033-CRM-20260408,2026-04-08,ACCT-033,CRM,Production,SUCCESS,200,1318,1310,8,2090,0,
SYNC-ACCT-033-CRM-20260411,2026-04-11,ACCT-033,CRM,Production,SUCCESS,200,970,964,6,2871,0,
SYNC-ACCT-033-CRM-20260414,2026-04-14,ACCT-033,CRM,Production,SUCCESS,200,1430,1426,4,1364,0,
SYNC-ACCT-033-CRM-20260417,2026-04-17,ACCT-033,CRM,Production,SUCCESS,200,748,742,6,1495,0,
SYNC-ACCT-033-CRM-20260420,2026-04-20,ACCT-033,CRM,Production,SUCCESS,200,973,970,3,2886,0,
SYNC-ACCT-033-CRM-20260423,2026-04-23,ACCT-033,CRM,Production,SUCCESS,200,1188,1185,3,3082,0,
SYNC-ACCT-033-CRM-20260426,2026-04-26,ACCT-033,CRM,Production,SUCCESS,200,1131,1128,3,3107,0,
SYNC-ACCT-033-CRM-20260429,2026-04-29,ACCT-033,CRM,Production,SUCCESS,200,1271,1261,10,558,0,
SYNC-ACCT-033-CRM-20260502,2026-05-02,ACCT-033,CRM,Production,SUCCESS,200,1311,1305,6,1822,0,
SYNC-ACCT-033-CRM-20260505,2026-05-05,ACCT-033,CRM,Production,SUCCESS,200,1121,1116,5,3340,0,
SYNC-ACCT-033-CRM-20260508,2026-05-08,ACCT-033,CRM,Production,SUCCESS,200,1043,1039,4,3288,0,
SYNC-ACCT-033-CRM-20260511,2026-05-11,ACCT-033,CRM,Production,SUCCESS,200,1444,1433,11,2973,0,
SYNC-ACCT-033-CRM-20260514,2026-05-14,ACCT-033,CRM,Production,SUCCESS,200,1551,1549,2,1291,0,
SYNC-ACCT-033-CRM-20260517,2026-05-17,ACCT-033,CRM,Production,SUCCESS,200,1573,1564,9,1818,0,
SYNC-ACCT-033-CRM-20260520,2026-05-20,ACCT-033,CRM,Production,SUCCESS,200,1082,1074,8,1879,0,
SYNC-ACCT-033-CRM-20260523,2026-05-23,ACCT-033,CRM,Production,SUCCESS,200,1010,1006,4,1281,0,
SYNC-ACCT-033-CRM-20260526,2026-05-26,ACCT-033,CRM,Production,SUCCESS,200,1500,1499,1,2923,0,
SYNC-ACCT-033-CRM-20260529,2026-05-29,ACCT-033,CRM,Production,SUCCESS,200,1192,1185,7,1903,0,
SYNC-ACCT-033-CRM-20260601,2026-06-01,ACCT-033,CRM,Production,SUCCESS,200,1140,1136,4,2822,0,
SYNC-ACCT-033-CRM-20260604,2026-06-04,ACCT-033,CRM,Production,SUCCESS,200,1085,1079,6,2242,0,
SYNC-ACCT-033-CRM-20260607,2026-06-07,ACCT-033,CRM,Production,SUCCESS,200,1354,1354,0,2477,0,
SYNC-ACCT-033-CRM-20260610,2026-06-10,ACCT-033,CRM,Production,SUCCESS,200,938,932,6,2682,0,
SYNC-ACCT-033-CRM-20260613,2026-06-13,ACCT-033,CRM,Production,SUCCESS,200,1519,1514,5,736,0,
SYNC-ACCT-033-CRM-20260616,2026-06-16,ACCT-033,CRM,Production,SUCCESS,200,1155,1153,2,1935,0,
SYNC-ACCT-033-CRM-20260619,2026-06-19,ACCT-033,CRM,Production,SUCCESS,200,1131,1129,2,2507,0,
SYNC-ACCT-033-CRM-20260622,2026-06-22,ACCT-033,CRM,Production,SUCCESS,200,836,831,5,1628,0,
SYNC-ACCT-033-CRM-20260625,2026-06-25,ACCT-033,CRM,Production,SUCCESS,200,1202,1194,8,2534,0,
SYNC-ACCT-033-CRM-20260628,2026-06-28,ACCT-033,CRM,Production,SUCCESS,200,807,804,3,867,0,
SYNC-ACCT-033-BILLING-20260120,2026-01-20,ACCT-033,BILLING,Production,SUCCESS,200,744,740,4,3290,0,
SYNC-ACCT-033-BILLING-20260123,2026-01-23,ACCT-033,BILLING,Production,SUCCESS,200,1659,1654,5,1880,0,
SYNC-ACCT-033-BILLING-20260126,2026-01-26,ACCT-033,BILLING,Production,SUCCESS,200,869,867,2,2860,0,
SYNC-ACCT-033-BILLING-20260129,2026-01-29,ACCT-033,BILLING,Production,SUCCESS,200,1560,1554,6,3153,0,
SYNC-ACCT-033-BILLING-20260201,2026-02-01,ACCT-033,BILLING,Production,SUCCESS,200,1317,1315,2,2685,0,
SYNC-ACCT-033-BILLING-20260204,2026-02-04,ACCT-033,BILLING,Production,SUCCESS,200,778,778,0,2853,0,
SYNC-ACCT-033-BILLING-20260207,2026-02-07,ACCT-033,BILLING,Production,SUCCESS,200,1411,1407,4,1136,0,
SYNC-ACCT-033-BILLING-20260210,2026-02-10,ACCT-033,BILLING,Production,SUCCESS,200,1607,1596,11,1698,0,
SYNC-ACCT-033-BILLING-20260213,2026-02-13,ACCT-033,BILLING,Production,SUCCESS,200,768,763,5,3361,0,
SYNC-ACCT-033-BILLING-20260216,2026-02-16,ACCT-033,BILLING,Production,SUCCESS,200,1084,1076,8,1891,0,
SYNC-ACCT-033-BILLING-20260219,2026-02-19,ACCT-033,BILLING,Production,SUCCESS,200,1061,1061,0,2084,0,
SYNC-ACCT-033-BILLING-20260222,2026-02-22,ACCT-033,BILLING,Production,SUCCESS,200,801,796,5,986,0,
SYNC-ACCT-033-BILLING-20260225,2026-02-25,ACCT-033,BILLING,Production,SUCCESS,200,741,739,2,2701,0,
SYNC-ACCT-033-BILLING-20260228,2026-02-28,ACCT-033,BILLING,Production,SUCCESS,200,971,966,5,2771,0,
SYNC-ACCT-033-BILLING-20260303,2026-03-03,ACCT-033,BILLING,Production,SUCCESS,200,1032,1031,1,1108,0,
SYNC-ACCT-033-BILLING-20260306,2026-03-06,ACCT-033,BILLING,Production,SUCCESS,200,1151,1146,5,3077,0,
SYNC-ACCT-033-BILLING-20260309,2026-03-09,ACCT-033,BILLING,Production,SUCCESS,200,1042,1036,6,2399,0,
SYNC-ACCT-033-BILLING-20260312,2026-03-12,ACCT-033,BILLING,Production,SUCCESS,200,1354,1354,0,604,0,
SYNC-ACCT-033-BILLING-20260315,2026-03-15,ACCT-033,BILLING,Production,SUCCESS,200,1234,1225,9,3364,0,
SYNC-ACCT-033-BILLING-20260318,2026-03-18,ACCT-033,BILLING,Production,SUCCESS,200,1466,1457,9,2570,0,
SYNC-ACCT-033-BILLING-20260321,2026-03-21,ACCT-033,BILLING,Production,SUCCESS,200,1006,1001,5,2068,0,
SYNC-ACCT-033-BILLING-20260324,2026-03-24,ACCT-033,BILLING,Production,SUCCESS,200,1003,997,6,897,0,
SYNC-ACCT-033-BILLING-20260327,2026-03-27,ACCT-033,BILLING,Production,SUCCESS,200,1653,1641,12,3007,0,
SYNC-ACCT-033-BILLING-20260330,2026-03-30,ACCT-033,BILLING,Production,SUCCESS,200,1186,1182,4,1881,0,
SYNC-ACCT-033-BILLING-20260402,2026-04-02,ACCT-033,BILLING,Production,SUCCESS,200,1239,1238,1,1973,0,
SYNC-ACCT-033-BILLING-20260405,2026-04-05,ACCT-033,BILLING,Production,SUCCESS,200,909,902,7,1207,0,
SYNC-ACCT-033-BILLING-20260408,2026-04-08,ACCT-033,BILLING,Production,SUCCESS,200,1418,1415,3,1933,0,
SYNC-ACCT-033-BILLING-20260411,2026-04-11,ACCT-033,BILLING,Production,SUCCESS,200,1637,1630,7,889,0,
SYNC-ACCT-033-BILLING-20260414,2026-04-14,ACCT-033,BILLING,Production,SUCCESS,200,1293,1288,5,1839,0,
SYNC-ACCT-033-BILLING-20260417,2026-04-17,ACCT-033,BILLING,Production,SUCCESS,200,1239,1238,1,1138,0,
SYNC-ACCT-033-BILLING-20260420,2026-04-20,ACCT-033,BILLING,Production,SUCCESS,200,872,872,0,2255,0,
SYNC-ACCT-033-BILLING-20260423,2026-04-23,ACCT-033,BILLING,Production,SUCCESS,200,1084,1082,2,2099,0,
SYNC-ACCT-033-BILLING-20260426,2026-04-26,ACCT-033,BILLING,Production,SUCCESS,200,1251,1251,0,1224,0,
SYNC-ACCT-033-BILLING-20260429,2026-04-29,ACCT-033,BILLING,Production,SUCCESS,200,987,983,4,3237,0,
SYNC-ACCT-033-BILLING-20260502,2026-05-02,ACCT-033,BILLING,Production,SUCCESS,200,1608,1605,3,2903,0,
SYNC-ACCT-033-BILLING-20260505,2026-05-05,ACCT-033,BILLING,Production,SUCCESS,200,1406,1398,8,1069,0,
SYNC-ACCT-033-BILLING-20260508,2026-05-08,ACCT-033,BILLING,Production,SUCCESS,200,956,949,7,2937,0,
SYNC-ACCT-033-BILLING-20260511,2026-05-11,ACCT-033,BILLING,Production,SUCCESS,200,1563,1550,13,2533,0,
SYNC-ACCT-033-BILLING-20260514,2026-05-14,ACCT-033,BILLING,Production,SUCCESS,200,870,863,7,2989,0,
SYNC-ACCT-033-BILLING-20260517,2026-05-17,ACCT-033,BILLING,Production,SUCCESS,200,867,860,7,1782,0,
SYNC-ACCT-033-BILLING-20260520,2026-05-20,ACCT-033,BILLING,Production,SUCCESS,200,1675,1662,13,599,0,
SYNC-ACCT-033-BILLING-20260523,2026-05-23,ACCT-033,BILLING,Production,SUCCESS,200,1176,1169,7,2216,0,
SYNC-ACCT-033-BILLING-20260526,2026-05-26,ACCT-033,BILLING,Production,SUCCESS,200,1466,1464,2,3314,0,
SYNC-ACCT-033-BILLING-20260529,2026-05-29,ACCT-033,BILLING,Production,SUCCESS,200,1127,1127,0,1927,0,
SYNC-ACCT-033-BILLING-20260601,2026-06-01,ACCT-033,BILLING,Production,SUCCESS,200,1430,1428,2,2740,0,
SYNC-ACCT-033-BILLING-20260604,2026-06-04,ACCT-033,BILLING,Production,SUCCESS,200,1673,1673,0,1356,0,
SYNC-ACCT-033-BILLING-20260607,2026-06-07,ACCT-033,BILLING,Production,SUCCESS,200,750,748,2,546,0,
SYNC-ACCT-033-BILLING-20260610,2026-06-10,ACCT-033,BILLING,Production,SUCCESS,200,834,834,0,2092,0,
SYNC-ACCT-033-BILLING-20260613,2026-06-13,ACCT-033,BILLING,Production,SUCCESS,200,1249,1243,6,2016,0,
SYNC-ACCT-033-BILLING-20260616,2026-06-16,ACCT-033,BILLING,Production,SUCCESS,200,1201,1192,9,1992,0,
SYNC-ACCT-033-BILLING-20260619,2026-06-19,ACCT-033,BILLING,Production,SUCCESS,200,1451,1448,3,664,0,
SYNC-ACCT-033-BILLING-20260622,2026-06-22,ACCT-033,BILLING,Production,SUCCESS,200,905,898,7,1758,0,
SYNC-ACCT-033-BILLING-20260625,2026-06-25,ACCT-033,BILLING,Production,SUCCESS,200,1072,1069,3,1495,0,
SYNC-ACCT-033-BILLING-20260628,2026-06-28,ACCT-033,BILLING,Production,SUCCESS,200,1192,1186,6,1902,0,
SYNC-ACCT-033-PRODUCT-20260120,2026-01-20,ACCT-033,PRODUCT,Production,SUCCESS,200,1393,1385,8,1557,0,
SYNC-ACCT-033-PRODUCT-20260123,2026-01-23,ACCT-033,PRODUCT,Production,SUCCESS,200,1316,1311,5,3286,0,
SYNC-ACCT-033-PRODUCT-20260126,2026-01-26,ACCT-033,PRODUCT,Production,SUCCESS,200,1446,1444,2,772,0,
SYNC-ACCT-033-PRODUCT-20260129,2026-01-29,ACCT-033,PRODUCT,Production,SUCCESS,200,1013,1009,4,1538,0,
SYNC-ACCT-033-PRODUCT-20260201,2026-02-01,ACCT-033,PRODUCT,Production,SUCCESS,200,1183,1183,0,645,0,
SYNC-ACCT-033-PRODUCT-20260204,2026-02-04,ACCT-033,PRODUCT,Production,SUCCESS,200,1000,996,4,2701,0,
SYNC-ACCT-033-PRODUCT-20260207,2026-02-07,ACCT-033,PRODUCT,Production,SUCCESS,200,1066,1061,5,1839,0,
SYNC-ACCT-033-PRODUCT-20260210,2026-02-10,ACCT-033,PRODUCT,Production,SUCCESS,200,1280,1270,10,1362,0,
SYNC-ACCT-033-PRODUCT-20260213,2026-02-13,ACCT-033,PRODUCT,Production,SUCCESS,200,1164,1160,4,1678,0,
SYNC-ACCT-033-PRODUCT-20260216,2026-02-16,ACCT-033,PRODUCT,Production,SUCCESS,200,1092,1092,0,2825,0,
SYNC-ACCT-033-PRODUCT-20260219,2026-02-19,ACCT-033,PRODUCT,Production,SUCCESS,200,1387,1381,6,2912,0,
SYNC-ACCT-033-PRODUCT-20260222,2026-02-22,ACCT-033,PRODUCT,Production,SUCCESS,200,1297,1293,4,1351,0,
SYNC-ACCT-033-PRODUCT-20260225,2026-02-25,ACCT-033,PRODUCT,Production,SUCCESS,200,1081,1081,0,2595,0,
SYNC-ACCT-033-PRODUCT-20260228,2026-02-28,ACCT-033,PRODUCT,Production,SUCCESS,200,1572,1559,13,2853,0,
SYNC-ACCT-033-PRODUCT-20260303,2026-03-03,ACCT-033,PRODUCT,Production,SUCCESS,200,1590,1578,12,2295,0,
SYNC-ACCT-033-PRODUCT-20260306,2026-03-06,ACCT-033,PRODUCT,Production,SUCCESS,200,799,796,3,2490,0,
SYNC-ACCT-033-PRODUCT-20260309,2026-03-09,ACCT-033,PRODUCT,Production,SUCCESS,200,1491,1480,11,2583,0,
SYNC-ACCT-033-PRODUCT-20260312,2026-03-12,ACCT-033,PRODUCT,Production,SUCCESS,200,1492,1484,8,613,0,
SYNC-ACCT-033-PRODUCT-20260315,2026-03-15,ACCT-033,PRODUCT,Production,SUCCESS,200,1213,1210,3,2435,0,
SYNC-ACCT-033-PRODUCT-20260318,2026-03-18,ACCT-033,PRODUCT,Production,SUCCESS,200,1398,1391,7,892,0,
SYNC-ACCT-033-PRODUCT-20260321,2026-03-21,ACCT-033,PRODUCT,Production,SUCCESS,200,1356,1354,2,1567,0,
SYNC-ACCT-033-PRODUCT-20260324,2026-03-24,ACCT-033,PRODUCT,Production,SUCCESS,200,1534,1531,3,1556,0,
SYNC-ACCT-033-PRODUCT-20260327,2026-03-27,ACCT-033,PRODUCT,Production,SUCCESS,200,1139,1135,4,3194,0,
SYNC-ACCT-033-PRODUCT-20260330,2026-03-30,ACCT-033,PRODUCT,Production,SUCCESS,200,1319,1311,8,1208,0,
SYNC-ACCT-033-PRODUCT-20260402,2026-04-02,ACCT-033,PRODUCT,Production,SUCCESS,200,1131,1129,2,2147,0,
SYNC-ACCT-033-PRODUCT-20260405,2026-04-05,ACCT-033,PRODUCT,Production,SUCCESS,200,1441,1431,10,917,0,
SYNC-ACCT-033-PRODUCT-20260408,2026-04-08,ACCT-033,PRODUCT,Production,SUCCESS,200,1327,1317,10,1450,0,
SYNC-ACCT-033-PRODUCT-20260411,2026-04-11,ACCT-033,PRODUCT,Production,SUCCESS,200,1576,1567,9,666,0,
SYNC-ACCT-033-PRODUCT-20260414,2026-04-14,ACCT-033,PRODUCT,Production,SUCCESS,200,919,918,1,1390,0,
SYNC-ACCT-033-PRODUCT-20260417,2026-04-17,ACCT-033,PRODUCT,Production,SUCCESS,200,1119,1117,2,2709,0,
SYNC-ACCT-033-PRODUCT-20260420,2026-04-20,ACCT-033,PRODUCT,Production,SUCCESS,200,1372,1369,3,3346,0,
SYNC-ACCT-033-PRODUCT-20260423,2026-04-23,ACCT-033,PRODUCT,Production,SUCCESS,200,823,823,0,2188,0,
SYNC-ACCT-033-PRODUCT-20260426,2026-04-26,ACCT-033,PRODUCT,Production,SUCCESS,200,1188,1180,8,3354,0,
SYNC-ACCT-033-PRODUCT-20260429,2026-04-29,ACCT-033,PRODUCT,Production,SUCCESS,200,743,739,4,986,0,
SYNC-ACCT-033-PRODUCT-20260502,2026-05-02,ACCT-033,PRODUCT,Production,SUCCESS,200,1415,1415,0,949,0,
SYNC-ACCT-033-PRODUCT-20260505,2026-05-05,ACCT-033,PRODUCT,Production,SUCCESS,200,971,969,2,2320,0,
SYNC-ACCT-033-PRODUCT-20260508,2026-05-08,ACCT-033,PRODUCT,Production,SUCCESS,200,1396,1388,8,1656,0,
SYNC-ACCT-033-PRODUCT-20260511,2026-05-11,ACCT-033,PRODUCT,Production,SUCCESS,200,1246,1237,9,1207,0,
SYNC-ACCT-033-PRODUCT-20260514,2026-05-14,ACCT-033,PRODUCT,Production,SUCCESS,200,1044,1042,2,1893,0,
SYNC-ACCT-033-PRODUCT-20260517,2026-05-17,ACCT-033,PRODUCT,Production,SUCCESS,200,747,744,3,2316,0,
SYNC-ACCT-033-PRODUCT-20260520,2026-05-20,ACCT-033,PRODUCT,Production,SUCCESS,200,1470,1459,11,1639,0,
SYNC-ACCT-033-PRODUCT-20260523,2026-05-23,ACCT-033,PRODUCT,Production,SUCCESS,200,1538,1537,1,1469,0,
SYNC-ACCT-033-PRODUCT-20260526,2026-05-26,ACCT-033,PRODUCT,Production,SUCCESS,200,1098,1093,5,2719,0,
SYNC-ACCT-033-PRODUCT-20260529,2026-05-29,ACCT-033,PRODUCT,Production,SUCCESS,200,1050,1049,1,1113,0,
SYNC-ACCT-033-PRODUCT-20260601,2026-06-01,ACCT-033,PRODUCT,Production,SUCCESS,200,1444,1432,12,1838,0,
SYNC-ACCT-033-PRODUCT-20260604,2026-06-04,ACCT-033,PRODUCT,Production,SUCCESS,200,783,777,6,1709,0,
SYNC-ACCT-033-PRODUCT-20260607,2026-06-07,ACCT-033,PRODUCT,Production,SUCCESS,200,1597,1591,6,830,0,
SYNC-ACCT-033-PRODUCT-20260610,2026-06-10,ACCT-033,PRODUCT,Production,SUCCESS,200,810,806,4,1340,0,
SYNC-ACCT-033-PRODUCT-20260613,2026-06-13,ACCT-033,PRODUCT,Production,SUCCESS,200,1483,1474,9,3215,0,
SYNC-ACCT-033-PRODUCT-20260616,2026-06-16,ACCT-033,PRODUCT,Production,SUCCESS,200,765,763,2,1006,0,
SYNC-ACCT-033-PRODUCT-20260619,2026-06-19,ACCT-033,PRODUCT,Production,SUCCESS,200,1612,1612,0,1791,0,
SYNC-ACCT-033-PRODUCT-20260622,2026-06-22,ACCT-033,PRODUCT,Production,SUCCESS,200,1535,1533,2,1123,0,
SYNC-ACCT-033-PRODUCT-20260625,2026-06-25,ACCT-033,PRODUCT,Production,SUCCESS,200,1366,1358,8,2622,0,
SYNC-ACCT-033-PRODUCT-20260628,2026-06-28,ACCT-033,PRODUCT,Production,SUCCESS,200,1406,1403,3,1544,0,
SYNC-ACCT-034-CRM-20260126,2026-01-26,ACCT-034,CRM,Production,SUCCESS,200,1228,1224,4,3265,0,
SYNC-ACCT-034-CRM-20260129,2026-01-29,ACCT-034,CRM,Production,SUCCESS,200,1249,1244,5,2973,0,
SYNC-ACCT-034-CRM-20260201,2026-02-01,ACCT-034,CRM,Production,SUCCESS,200,1417,1414,3,2299,0,
SYNC-ACCT-034-CRM-20260204,2026-02-04,ACCT-034,CRM,Production,SUCCESS,200,1447,1442,5,549,0,
SYNC-ACCT-034-CRM-20260207,2026-02-07,ACCT-034,CRM,Production,SUCCESS,200,1262,1262,0,3022,0,
SYNC-ACCT-034-CRM-20260210,2026-02-10,ACCT-034,CRM,Production,SUCCESS,200,1416,1415,1,1990,0,
SYNC-ACCT-034-CRM-20260213,2026-02-13,ACCT-034,CRM,Production,SUCCESS,200,1642,1642,0,3371,0,
SYNC-ACCT-034-CRM-20260216,2026-02-16,ACCT-034,CRM,Production,SUCCESS,200,1454,1446,8,1582,0,
SYNC-ACCT-034-CRM-20260219,2026-02-19,ACCT-034,CRM,Production,SUCCESS,200,1109,1109,0,3155,0,
SYNC-ACCT-034-CRM-20260222,2026-02-22,ACCT-034,CRM,Production,SUCCESS,200,900,896,4,2382,0,
SYNC-ACCT-034-CRM-20260225,2026-02-25,ACCT-034,CRM,Production,SUCCESS,200,1364,1358,6,2138,0,
SYNC-ACCT-034-CRM-20260228,2026-02-28,ACCT-034,CRM,Production,SUCCESS,200,1583,1573,10,1196,0,
SYNC-ACCT-034-CRM-20260303,2026-03-03,ACCT-034,CRM,Production,SUCCESS,200,1674,1670,4,1025,0,
SYNC-ACCT-034-CRM-20260306,2026-03-06,ACCT-034,CRM,Production,SUCCESS,200,1590,1586,4,3367,0,
SYNC-ACCT-034-CRM-20260309,2026-03-09,ACCT-034,CRM,Production,SUCCESS,200,915,915,0,1200,0,
SYNC-ACCT-034-CRM-20260312,2026-03-12,ACCT-034,CRM,Production,SUCCESS,200,1311,1307,4,2394,0,
SYNC-ACCT-034-CRM-20260315,2026-03-15,ACCT-034,CRM,Production,SUCCESS,200,1486,1482,4,2360,0,
SYNC-ACCT-034-CRM-20260318,2026-03-18,ACCT-034,CRM,Production,SUCCESS,200,1532,1526,6,613,0,
SYNC-ACCT-034-CRM-20260321,2026-03-21,ACCT-034,CRM,Production,SUCCESS,200,1394,1388,6,2859,0,
SYNC-ACCT-034-CRM-20260324,2026-03-24,ACCT-034,CRM,Production,SUCCESS,200,1617,1611,6,3334,0,
SYNC-ACCT-034-CRM-20260327,2026-03-27,ACCT-034,CRM,Production,SUCCESS,200,1601,1589,12,1252,0,
SYNC-ACCT-034-CRM-20260330,2026-03-30,ACCT-034,CRM,Production,SUCCESS,200,1534,1533,1,2586,0,
SYNC-ACCT-034-CRM-20260402,2026-04-02,ACCT-034,CRM,Production,SUCCESS,200,897,897,0,2970,0,
SYNC-ACCT-034-CRM-20260405,2026-04-05,ACCT-034,CRM,Production,SUCCESS,200,1136,1128,8,534,0,
SYNC-ACCT-034-CRM-20260408,2026-04-08,ACCT-034,CRM,Production,SUCCESS,200,1650,1650,0,2086,0,
SYNC-ACCT-034-CRM-20260411,2026-04-11,ACCT-034,CRM,Production,SUCCESS,200,846,839,7,2168,0,
SYNC-ACCT-034-CRM-20260414,2026-04-14,ACCT-034,CRM,Production,SUCCESS,200,1644,1639,5,3351,0,
SYNC-ACCT-034-CRM-20260417,2026-04-17,ACCT-034,CRM,Production,SUCCESS,200,975,975,0,738,0,
SYNC-ACCT-034-CRM-20260420,2026-04-20,ACCT-034,CRM,Production,SUCCESS,200,1106,1103,3,1023,0,
SYNC-ACCT-034-CRM-20260423,2026-04-23,ACCT-034,CRM,Production,SUCCESS,200,1160,1159,1,2440,0,
SYNC-ACCT-034-CRM-20260426,2026-04-26,ACCT-034,CRM,Production,SUCCESS,200,1229,1225,4,1362,0,
SYNC-ACCT-034-CRM-20260429,2026-04-29,ACCT-034,CRM,Production,SUCCESS,200,1561,1551,10,2872,0,
SYNC-ACCT-034-CRM-20260502,2026-05-02,ACCT-034,CRM,Production,SUCCESS,200,1067,1062,5,3004,0,
SYNC-ACCT-034-CRM-20260505,2026-05-05,ACCT-034,CRM,Production,SUCCESS,200,1523,1512,11,3300,0,
SYNC-ACCT-034-CRM-20260508,2026-05-08,ACCT-034,CRM,Production,SUCCESS,200,1571,1561,10,2199,0,
SYNC-ACCT-034-CRM-20260511,2026-05-11,ACCT-034,CRM,Production,SUCCESS,200,722,721,1,2279,0,
SYNC-ACCT-034-CRM-20260514,2026-05-14,ACCT-034,CRM,Production,SUCCESS,200,1190,1186,4,1981,0,
SYNC-ACCT-034-CRM-20260517,2026-05-17,ACCT-034,CRM,Production,SUCCESS,200,1261,1253,8,1498,0,
SYNC-ACCT-034-CRM-20260520,2026-05-20,ACCT-034,CRM,Production,SUCCESS,200,1058,1058,0,930,0,
SYNC-ACCT-034-CRM-20260523,2026-05-23,ACCT-034,CRM,Production,SUCCESS,200,1474,1462,12,1018,0,
SYNC-ACCT-034-CRM-20260526,2026-05-26,ACCT-034,CRM,Production,SUCCESS,200,885,882,3,3182,0,
SYNC-ACCT-034-CRM-20260529,2026-05-29,ACCT-034,CRM,Production,FAILED,503,1542,0,1542,2757,2,UPSTREAM_UNAVAILABLE
SYNC-ACCT-034-CRM-20260601,2026-06-01,ACCT-034,CRM,Production,SUCCESS,200,986,982,4,2046,0,
SYNC-ACCT-034-CRM-20260604,2026-06-04,ACCT-034,CRM,Production,SUCCESS,200,1526,1517,9,2891,0,
SYNC-ACCT-034-CRM-20260607,2026-06-07,ACCT-034,CRM,Production,SUCCESS,200,1317,1313,4,2831,0,
SYNC-ACCT-034-CRM-20260610,2026-06-10,ACCT-034,CRM,Production,SUCCESS,200,1097,1096,1,3138,0,
SYNC-ACCT-034-CRM-20260613,2026-06-13,ACCT-034,CRM,Production,SUCCESS,200,1357,1349,8,1977,0,
SYNC-ACCT-034-CRM-20260616,2026-06-16,ACCT-034,CRM,Production,SUCCESS,200,1597,1596,1,1361,0,
SYNC-ACCT-034-CRM-20260619,2026-06-19,ACCT-034,CRM,Production,SUCCESS,200,1213,1206,7,2170,0,
SYNC-ACCT-034-CRM-20260622,2026-06-22,ACCT-034,CRM,Production,SUCCESS,200,1397,1396,1,2478,0,
SYNC-ACCT-034-CRM-20260625,2026-06-25,ACCT-034,CRM,Production,SUCCESS,200,1328,1323,5,1032,0,
SYNC-ACCT-034-CRM-20260628,2026-06-28,ACCT-034,CRM,Production,SUCCESS,200,1342,1342,0,1811,0,
SYNC-ACCT-034-BILLING-20260126,2026-01-26,ACCT-034,BILLING,Production,SUCCESS,200,1080,1080,0,3052,0,
SYNC-ACCT-034-BILLING-20260129,2026-01-29,ACCT-034,BILLING,Production,SUCCESS,200,1124,1118,6,1868,0,
SYNC-ACCT-034-BILLING-20260201,2026-02-01,ACCT-034,BILLING,Production,SUCCESS,200,1200,1192,8,1082,0,
SYNC-ACCT-034-BILLING-20260204,2026-02-04,ACCT-034,BILLING,Production,SUCCESS,200,1240,1239,1,3310,0,
SYNC-ACCT-034-BILLING-20260207,2026-02-07,ACCT-034,BILLING,Production,SUCCESS,200,1642,1633,9,2481,0,
SYNC-ACCT-034-BILLING-20260210,2026-02-10,ACCT-034,BILLING,Production,SUCCESS,200,980,978,2,848,0,
SYNC-ACCT-034-BILLING-20260213,2026-02-13,ACCT-034,BILLING,Production,SUCCESS,200,1259,1253,6,2178,0,
SYNC-ACCT-034-BILLING-20260216,2026-02-16,ACCT-034,BILLING,Production,SUCCESS,200,735,729,6,2829,0,
SYNC-ACCT-034-BILLING-20260219,2026-02-19,ACCT-034,BILLING,Production,SUCCESS,200,1651,1648,3,1702,0,
SYNC-ACCT-034-BILLING-20260222,2026-02-22,ACCT-034,BILLING,Production,SUCCESS,200,1573,1562,11,670,0,
SYNC-ACCT-034-BILLING-20260225,2026-02-25,ACCT-034,BILLING,Production,SUCCESS,200,1379,1375,4,2882,0,
SYNC-ACCT-034-BILLING-20260228,2026-02-28,ACCT-034,BILLING,Production,SUCCESS,200,1529,1525,4,2686,0,
SYNC-ACCT-034-BILLING-20260303,2026-03-03,ACCT-034,BILLING,Production,SUCCESS,200,1129,1125,4,2231,0,
SYNC-ACCT-034-BILLING-20260306,2026-03-06,ACCT-034,BILLING,Production,SUCCESS,200,1076,1070,6,2353,0,
SYNC-ACCT-034-BILLING-20260309,2026-03-09,ACCT-034,BILLING,Production,SUCCESS,200,943,941,2,2754,0,
SYNC-ACCT-034-BILLING-20260312,2026-03-12,ACCT-034,BILLING,Production,SUCCESS,200,853,848,5,2774,0,
SYNC-ACCT-034-BILLING-20260315,2026-03-15,ACCT-034,BILLING,Production,SUCCESS,200,1045,1037,8,2466,0,
SYNC-ACCT-034-BILLING-20260318,2026-03-18,ACCT-034,BILLING,Production,SUCCESS,200,1471,1462,9,2248,0,
SYNC-ACCT-034-BILLING-20260321,2026-03-21,ACCT-034,BILLING,Production,SUCCESS,200,807,801,6,743,0,
SYNC-ACCT-034-BILLING-20260324,2026-03-24,ACCT-034,BILLING,Production,SUCCESS,200,1110,1109,1,2102,0,
SYNC-ACCT-034-BILLING-20260327,2026-03-27,ACCT-034,BILLING,Production,SUCCESS,200,937,933,4,1007,0,
SYNC-ACCT-034-BILLING-20260330,2026-03-30,ACCT-034,BILLING,Production,SUCCESS,200,1364,1364,0,3084,0,
SYNC-ACCT-034-BILLING-20260402,2026-04-02,ACCT-034,BILLING,Production,SUCCESS,200,1516,1509,7,3073,0,
SYNC-ACCT-034-BILLING-20260405,2026-04-05,ACCT-034,BILLING,Production,FAILED,503,958,0,958,712,2,UPSTREAM_UNAVAILABLE
SYNC-ACCT-034-BILLING-20260408,2026-04-08,ACCT-034,BILLING,Production,SUCCESS,200,979,974,5,729,0,
SYNC-ACCT-034-BILLING-20260411,2026-04-11,ACCT-034,BILLING,Production,SUCCESS,200,1286,1286,0,2643,0,
SYNC-ACCT-034-BILLING-20260414,2026-04-14,ACCT-034,BILLING,Production,SUCCESS,200,1441,1432,9,1327,0,
SYNC-ACCT-034-BILLING-20260417,2026-04-17,ACCT-034,BILLING,Production,SUCCESS,200,844,844,0,2925,0,
SYNC-ACCT-034-BILLING-20260420,2026-04-20,ACCT-034,BILLING,Production,SUCCESS,200,1064,1062,2,587,0,
SYNC-ACCT-034-BILLING-20260423,2026-04-23,ACCT-034,BILLING,Production,SUCCESS,200,1510,1501,9,2326,0,
SYNC-ACCT-034-BILLING-20260426,2026-04-26,ACCT-034,BILLING,Production,SUCCESS,200,1090,1090,0,2766,0,
SYNC-ACCT-034-BILLING-20260429,2026-04-29,ACCT-034,BILLING,Production,SUCCESS,200,972,972,0,2429,0,
SYNC-ACCT-034-BILLING-20260502,2026-05-02,ACCT-034,BILLING,Production,SUCCESS,200,770,766,4,607,0,
SYNC-ACCT-034-BILLING-20260505,2026-05-05,ACCT-034,BILLING,Production,SUCCESS,200,1025,1023,2,1997,0,
SYNC-ACCT-034-BILLING-20260508,2026-05-08,ACCT-034,BILLING,Production,SUCCESS,200,1627,1627,0,2099,0,
SYNC-ACCT-034-BILLING-20260511,2026-05-11,ACCT-034,BILLING,Production,SUCCESS,200,721,720,1,1034,0,
SYNC-ACCT-034-BILLING-20260514,2026-05-14,ACCT-034,BILLING,Production,SUCCESS,200,1279,1271,8,1997,0,
SYNC-ACCT-034-BILLING-20260517,2026-05-17,ACCT-034,BILLING,Production,SUCCESS,200,898,894,4,1518,0,
SYNC-ACCT-034-BILLING-20260520,2026-05-20,ACCT-034,BILLING,Production,SUCCESS,200,1226,1218,8,2449,0,
SYNC-ACCT-034-BILLING-20260523,2026-05-23,ACCT-034,BILLING,Production,SUCCESS,200,864,857,7,1440,0,
SYNC-ACCT-034-BILLING-20260526,2026-05-26,ACCT-034,BILLING,Production,SUCCESS,200,1434,1434,0,2064,0,
SYNC-ACCT-034-BILLING-20260529,2026-05-29,ACCT-034,BILLING,Production,SUCCESS,200,942,941,1,2920,0,
SYNC-ACCT-034-BILLING-20260601,2026-06-01,ACCT-034,BILLING,Production,SUCCESS,200,1305,1305,0,912,0,
SYNC-ACCT-034-BILLING-20260604,2026-06-04,ACCT-034,BILLING,Production,SUCCESS,200,1225,1217,8,1819,0,
SYNC-ACCT-034-BILLING-20260607,2026-06-07,ACCT-034,BILLING,Production,SUCCESS,200,1673,1673,0,788,0,
SYNC-ACCT-034-BILLING-20260610,2026-06-10,ACCT-034,BILLING,Production,SUCCESS,200,1077,1074,3,3100,0,
SYNC-ACCT-034-BILLING-20260613,2026-06-13,ACCT-034,BILLING,Production,SUCCESS,200,988,985,3,2951,0,
SYNC-ACCT-034-BILLING-20260616,2026-06-16,ACCT-034,BILLING,Production,SUCCESS,200,748,747,1,871,0,
SYNC-ACCT-034-BILLING-20260619,2026-06-19,ACCT-034,BILLING,Production,SUCCESS,200,1261,1256,5,2641,0,
SYNC-ACCT-034-BILLING-20260622,2026-06-22,ACCT-034,BILLING,Production,SUCCESS,200,1222,1222,0,609,0,
SYNC-ACCT-034-BILLING-20260625,2026-06-25,ACCT-034,BILLING,Production,SUCCESS,200,1500,1493,7,1794,0,
SYNC-ACCT-034-BILLING-20260628,2026-06-28,ACCT-034,BILLING,Production,SUCCESS,200,1012,1007,5,3059,0,
SYNC-ACCT-035-CRM-20260201,2026-02-01,ACCT-035,CRM,Production,SUCCESS,200,1280,1272,8,2666,0,
SYNC-ACCT-035-CRM-20260204,2026-02-04,ACCT-035,CRM,Production,SUCCESS,200,1122,1113,9,2291,0,
SYNC-ACCT-035-CRM-20260207,2026-02-07,ACCT-035,CRM,Production,SUCCESS,200,803,797,6,3286,0,
SYNC-ACCT-035-CRM-20260210,2026-02-10,ACCT-035,CRM,Production,SUCCESS,200,1451,1446,5,763,0,
SYNC-ACCT-035-CRM-20260213,2026-02-13,ACCT-035,CRM,Production,SUCCESS,200,1502,1496,6,993,0,
SYNC-ACCT-035-CRM-20260216,2026-02-16,ACCT-035,CRM,Production,SUCCESS,200,1278,1274,4,693,0,
SYNC-ACCT-035-CRM-20260219,2026-02-19,ACCT-035,CRM,Production,SUCCESS,200,1205,1199,6,1186,0,
SYNC-ACCT-035-CRM-20260222,2026-02-22,ACCT-035,CRM,Production,SUCCESS,200,1119,1116,3,2106,0,
SYNC-ACCT-035-CRM-20260225,2026-02-25,ACCT-035,CRM,Production,SUCCESS,200,1468,1462,6,1963,0,
SYNC-ACCT-035-CRM-20260228,2026-02-28,ACCT-035,CRM,Production,SUCCESS,200,805,802,3,1472,0,
SYNC-ACCT-035-CRM-20260303,2026-03-03,ACCT-035,CRM,Production,SUCCESS,200,1680,1672,8,2206,0,
SYNC-ACCT-035-CRM-20260306,2026-03-06,ACCT-035,CRM,Production,SUCCESS,200,1559,1547,12,700,0,
SYNC-ACCT-035-CRM-20260309,2026-03-09,ACCT-035,CRM,Production,SUCCESS,200,1089,1083,6,2312,0,
SYNC-ACCT-035-CRM-20260312,2026-03-12,ACCT-035,CRM,Production,SUCCESS,200,1268,1267,1,1993,0,
SYNC-ACCT-035-CRM-20260315,2026-03-15,ACCT-035,CRM,Production,SUCCESS,200,1608,1605,3,2859,0,
SYNC-ACCT-035-CRM-20260318,2026-03-18,ACCT-035,CRM,Production,SUCCESS,200,940,938,2,1669,0,
SYNC-ACCT-035-CRM-20260321,2026-03-21,ACCT-035,CRM,Production,SUCCESS,200,1275,1271,4,1989,0,
SYNC-ACCT-035-CRM-20260324,2026-03-24,ACCT-035,CRM,Production,SUCCESS,200,1134,1126,8,876,0,
SYNC-ACCT-035-CRM-20260327,2026-03-27,ACCT-035,CRM,Production,SUCCESS,200,1662,1650,12,2241,0,
SYNC-ACCT-035-CRM-20260330,2026-03-30,ACCT-035,CRM,Production,SUCCESS,200,1658,1647,11,1492,0,
SYNC-ACCT-035-CRM-20260402,2026-04-02,ACCT-035,CRM,Production,SUCCESS,200,890,887,3,2766,0,
SYNC-ACCT-035-CRM-20260405,2026-04-05,ACCT-035,CRM,Production,SUCCESS,200,1301,1294,7,2144,0,
SYNC-ACCT-035-CRM-20260408,2026-04-08,ACCT-035,CRM,Production,SUCCESS,200,1673,1670,3,2511,0,
SYNC-ACCT-035-CRM-20260411,2026-04-11,ACCT-035,CRM,Production,SUCCESS,200,738,733,5,695,0,
SYNC-ACCT-035-CRM-20260414,2026-04-14,ACCT-035,CRM,Production,SUCCESS,200,1153,1151,2,2761,0,
SYNC-ACCT-035-CRM-20260417,2026-04-17,ACCT-035,CRM,Production,SUCCESS,200,1053,1051,2,1034,0,
SYNC-ACCT-035-CRM-20260420,2026-04-20,ACCT-035,CRM,Production,SUCCESS,200,1559,1551,8,3362,0,
SYNC-ACCT-035-CRM-20260423,2026-04-23,ACCT-035,CRM,Production,SUCCESS,200,1366,1355,11,1470,0,
SYNC-ACCT-035-CRM-20260426,2026-04-26,ACCT-035,CRM,Production,SUCCESS,200,842,839,3,2924,0,
SYNC-ACCT-035-CRM-20260429,2026-04-29,ACCT-035,CRM,Production,SUCCESS,200,1431,1426,5,2325,0,
SYNC-ACCT-035-CRM-20260502,2026-05-02,ACCT-035,CRM,Production,SUCCESS,200,1166,1160,6,3131,0,
SYNC-ACCT-035-CRM-20260505,2026-05-05,ACCT-035,CRM,Production,SUCCESS,200,993,990,3,1503,0,
SYNC-ACCT-035-CRM-20260508,2026-05-08,ACCT-035,CRM,Production,SUCCESS,200,917,910,7,2225,0,
SYNC-ACCT-035-CRM-20260511,2026-05-11,ACCT-035,CRM,Production,SUCCESS,200,1054,1047,7,3261,0,
SYNC-ACCT-035-CRM-20260514,2026-05-14,ACCT-035,CRM,Production,SUCCESS,200,1498,1490,8,1104,0,
SYNC-ACCT-035-CRM-20260517,2026-05-17,ACCT-035,CRM,Production,SUCCESS,200,1679,1675,4,1952,0,
SYNC-ACCT-035-CRM-20260520,2026-05-20,ACCT-035,CRM,Production,SUCCESS,200,918,915,3,2810,0,
SYNC-ACCT-035-CRM-20260523,2026-05-23,ACCT-035,CRM,Production,FAILED,503,1352,0,1352,1916,2,UPSTREAM_UNAVAILABLE
SYNC-ACCT-035-CRM-20260526,2026-05-26,ACCT-035,CRM,Production,SUCCESS,200,1544,1542,2,1245,0,
SYNC-ACCT-035-CRM-20260529,2026-05-29,ACCT-035,CRM,Production,SUCCESS,200,1508,1500,8,3136,0,
SYNC-ACCT-035-CRM-20260601,2026-06-01,ACCT-035,CRM,Production,SUCCESS,200,1297,1295,2,2449,0,
SYNC-ACCT-035-CRM-20260604,2026-06-04,ACCT-035,CRM,Production,SUCCESS,200,1433,1427,6,1365,0,
SYNC-ACCT-035-CRM-20260607,2026-06-07,ACCT-035,CRM,Production,SUCCESS,200,910,910,0,546,0,
SYNC-ACCT-035-CRM-20260610,2026-06-10,ACCT-035,CRM,Production,SUCCESS,200,964,964,0,2664,0,
SYNC-ACCT-035-CRM-20260613,2026-06-13,ACCT-035,CRM,Production,SUCCESS,200,1632,1631,1,2118,0,
SYNC-ACCT-035-CRM-20260616,2026-06-16,ACCT-035,CRM,Production,SUCCESS,200,1320,1312,8,2754,0,
SYNC-ACCT-035-CRM-20260619,2026-06-19,ACCT-035,CRM,Production,SUCCESS,200,824,820,4,2883,0,
SYNC-ACCT-035-CRM-20260622,2026-06-22,ACCT-035,CRM,Production,SUCCESS,200,1305,1301,4,1957,0,
SYNC-ACCT-035-CRM-20260625,2026-06-25,ACCT-035,CRM,Production,FAILED,503,1259,0,1259,3165,2,UPSTREAM_UNAVAILABLE
SYNC-ACCT-035-CRM-20260628,2026-06-28,ACCT-035,CRM,Production,SUCCESS,200,894,888,6,2462,0,
SYNC-ACCT-035-BILLING-20260201,2026-02-01,ACCT-035,BILLING,Production,SUCCESS,200,1667,1657,10,2128,0,
SYNC-ACCT-035-BILLING-20260204,2026-02-04,ACCT-035,BILLING,Production,SUCCESS,200,799,799,0,3096,0,
SYNC-ACCT-035-BILLING-20260207,2026-02-07,ACCT-035,BILLING,Production,SUCCESS,200,729,728,1,814,0,
SYNC-ACCT-035-BILLING-20260210,2026-02-10,ACCT-035,BILLING,Production,SUCCESS,200,1281,1273,8,3224,0,
SYNC-ACCT-035-BILLING-20260213,2026-02-13,ACCT-035,BILLING,Production,SUCCESS,200,1165,1163,2,915,0,
SYNC-ACCT-035-BILLING-20260216,2026-02-16,ACCT-035,BILLING,Production,SUCCESS,200,1476,1467,9,868,0,
SYNC-ACCT-035-BILLING-20260219,2026-02-19,ACCT-035,BILLING,Production,SUCCESS,200,1058,1050,8,1174,0,
SYNC-ACCT-035-BILLING-20260222,2026-02-22,ACCT-035,BILLING,Production,SUCCESS,200,1322,1318,4,2794,0,
SYNC-ACCT-035-BILLING-20260225,2026-02-25,ACCT-035,BILLING,Production,SUCCESS,200,1055,1047,8,1811,0,
SYNC-ACCT-035-BILLING-20260228,2026-02-28,ACCT-035,BILLING,Production,SUCCESS,200,1392,1389,3,987,0,
SYNC-ACCT-035-BILLING-20260303,2026-03-03,ACCT-035,BILLING,Production,SUCCESS,200,1008,1007,1,3187,0,
SYNC-ACCT-035-BILLING-20260306,2026-03-06,ACCT-035,BILLING,Production,SUCCESS,200,1546,1546,0,1909,0,
SYNC-ACCT-035-BILLING-20260309,2026-03-09,ACCT-035,BILLING,Production,SUCCESS,200,1449,1445,4,1975,0,
SYNC-ACCT-035-BILLING-20260312,2026-03-12,ACCT-035,BILLING,Production,SUCCESS,200,1071,1063,8,2674,0,
SYNC-ACCT-035-BILLING-20260315,2026-03-15,ACCT-035,BILLING,Production,SUCCESS,200,1345,1342,3,2975,0,
SYNC-ACCT-035-BILLING-20260318,2026-03-18,ACCT-035,BILLING,Production,SUCCESS,200,1627,1624,3,1459,0,
SYNC-ACCT-035-BILLING-20260321,2026-03-21,ACCT-035,BILLING,Production,SUCCESS,200,1653,1643,10,2251,0,
SYNC-ACCT-035-BILLING-20260324,2026-03-24,ACCT-035,BILLING,Production,SUCCESS,200,1532,1521,11,1986,0,
SYNC-ACCT-035-BILLING-20260327,2026-03-27,ACCT-035,BILLING,Production,SUCCESS,200,1450,1439,11,2620,0,
SYNC-ACCT-035-BILLING-20260330,2026-03-30,ACCT-035,BILLING,Production,SUCCESS,200,1248,1242,6,891,0,
SYNC-ACCT-035-BILLING-20260402,2026-04-02,ACCT-035,BILLING,Production,SUCCESS,200,1072,1070,2,2343,0,
SYNC-ACCT-035-BILLING-20260405,2026-04-05,ACCT-035,BILLING,Production,SUCCESS,200,961,960,1,2748,0,
SYNC-ACCT-035-BILLING-20260408,2026-04-08,ACCT-035,BILLING,Production,SUCCESS,200,861,859,2,1299,0,
SYNC-ACCT-035-BILLING-20260411,2026-04-11,ACCT-035,BILLING,Production,SUCCESS,200,876,869,7,3188,0,
SYNC-ACCT-035-BILLING-20260414,2026-04-14,ACCT-035,BILLING,Production,SUCCESS,200,1379,1377,2,3204,0,
SYNC-ACCT-035-BILLING-20260417,2026-04-17,ACCT-035,BILLING,Production,SUCCESS,200,1392,1391,1,671,0,
SYNC-ACCT-035-BILLING-20260420,2026-04-20,ACCT-035,BILLING,Production,SUCCESS,200,735,730,5,1834,0,
SYNC-ACCT-035-BILLING-20260423,2026-04-23,ACCT-035,BILLING,Production,SUCCESS,200,1551,1545,6,1108,0,
SYNC-ACCT-035-BILLING-20260426,2026-04-26,ACCT-035,BILLING,Production,SUCCESS,200,1250,1248,2,3323,0,
SYNC-ACCT-035-BILLING-20260429,2026-04-29,ACCT-035,BILLING,Production,SUCCESS,200,1385,1383,2,1777,0,
SYNC-ACCT-035-BILLING-20260502,2026-05-02,ACCT-035,BILLING,Production,SUCCESS,200,1173,1173,0,666,0,
SYNC-ACCT-035-BILLING-20260505,2026-05-05,ACCT-035,BILLING,Production,SUCCESS,200,1235,1229,6,3105,0,
SYNC-ACCT-035-BILLING-20260508,2026-05-08,ACCT-035,BILLING,Production,SUCCESS,200,794,791,3,1486,0,
SYNC-ACCT-035-BILLING-20260511,2026-05-11,ACCT-035,BILLING,Production,SUCCESS,200,1161,1160,1,1533,0,
SYNC-ACCT-035-BILLING-20260514,2026-05-14,ACCT-035,BILLING,Production,SUCCESS,200,1252,1246,6,3247,0,
SYNC-ACCT-035-BILLING-20260517,2026-05-17,ACCT-035,BILLING,Production,SUCCESS,200,1422,1415,7,1511,0,
SYNC-ACCT-035-BILLING-20260520,2026-05-20,ACCT-035,BILLING,Production,SUCCESS,200,989,983,6,996,0,
SYNC-ACCT-035-BILLING-20260523,2026-05-23,ACCT-035,BILLING,Production,SUCCESS,200,951,944,7,991,0,
SYNC-ACCT-035-BILLING-20260526,2026-05-26,ACCT-035,BILLING,Production,SUCCESS,200,961,961,0,1104,0,
SYNC-ACCT-035-BILLING-20260529,2026-05-29,ACCT-035,BILLING,Production,SUCCESS,200,1515,1506,9,2119,0,
SYNC-ACCT-035-BILLING-20260601,2026-06-01,ACCT-035,BILLING,Production,SUCCESS,200,1576,1573,3,2369,0,
SYNC-ACCT-035-BILLING-20260604,2026-06-04,ACCT-035,BILLING,Production,SUCCESS,200,1086,1085,1,3167,0,
SYNC-ACCT-035-BILLING-20260607,2026-06-07,ACCT-035,BILLING,Production,SUCCESS,200,1109,1108,1,1501,0,
SYNC-ACCT-035-BILLING-20260610,2026-06-10,ACCT-035,BILLING,Production,SUCCESS,200,831,827,4,3307,0,
SYNC-ACCT-035-BILLING-20260613,2026-06-13,ACCT-035,BILLING,Production,SUCCESS,200,1449,1447,2,1919,0,
SYNC-ACCT-035-BILLING-20260616,2026-06-16,ACCT-035,BILLING,Production,SUCCESS,200,883,880,3,1241,0,
SYNC-ACCT-035-BILLING-20260619,2026-06-19,ACCT-035,BILLING,Production,SUCCESS,200,1657,1650,7,3331,0,
SYNC-ACCT-035-BILLING-20260622,2026-06-22,ACCT-035,BILLING,Production,SUCCESS,200,919,918,1,608,0,
SYNC-ACCT-035-BILLING-20260625,2026-06-25,ACCT-035,BILLING,Production,SUCCESS,200,1062,1056,6,1028,0,
SYNC-ACCT-035-BILLING-20260628,2026-06-28,ACCT-035,BILLING,Production,SUCCESS,200,1132,1123,9,3335,0,
SYNC-ACCT-035-PRODUCT-20260201,2026-02-01,ACCT-035,PRODUCT,Production,SUCCESS,200,931,931,0,652,0,
SYNC-ACCT-035-PRODUCT-20260204,2026-02-04,ACCT-035,PRODUCT,Production,SUCCESS,200,1193,1187,6,1872,0,
SYNC-ACCT-035-PRODUCT-20260207,2026-02-07,ACCT-035,PRODUCT,Production,SUCCESS,200,1266,1257,9,3379,0,
SYNC-ACCT-035-PRODUCT-20260210,2026-02-10,ACCT-035,PRODUCT,Production,SUCCESS,200,1071,1063,8,1493,0,
SYNC-ACCT-035-PRODUCT-20260213,2026-02-13,ACCT-035,PRODUCT,Production,SUCCESS,200,826,820,6,2223,0,
SYNC-ACCT-035-PRODUCT-20260216,2026-02-16,ACCT-035,PRODUCT,Production,SUCCESS,200,1226,1216,10,739,0,
SYNC-ACCT-035-PRODUCT-20260219,2026-02-19,ACCT-035,PRODUCT,Production,SUCCESS,200,730,725,5,851,0,
SYNC-ACCT-035-PRODUCT-20260222,2026-02-22,ACCT-035,PRODUCT,Production,SUCCESS,200,1636,1626,10,2862,0,
SYNC-ACCT-035-PRODUCT-20260225,2026-02-25,ACCT-035,PRODUCT,Production,SUCCESS,200,998,994,4,3144,0,
SYNC-ACCT-035-PRODUCT-20260228,2026-02-28,ACCT-035,PRODUCT,Production,SUCCESS,200,1415,1409,6,2856,0,
SYNC-ACCT-035-PRODUCT-20260303,2026-03-03,ACCT-035,PRODUCT,Production,SUCCESS,200,1491,1488,3,1182,0,
SYNC-ACCT-035-PRODUCT-20260306,2026-03-06,ACCT-035,PRODUCT,Production,SUCCESS,200,1031,1025,6,771,0,
SYNC-ACCT-035-PRODUCT-20260309,2026-03-09,ACCT-035,PRODUCT,Production,SUCCESS,200,1594,1581,13,2116,0,
SYNC-ACCT-035-PRODUCT-20260312,2026-03-12,ACCT-035,PRODUCT,Production,SUCCESS,200,1467,1466,1,2681,0,
SYNC-ACCT-035-PRODUCT-20260315,2026-03-15,ACCT-035,PRODUCT,Production,SUCCESS,200,1097,1096,1,648,0,
SYNC-ACCT-035-PRODUCT-20260318,2026-03-18,ACCT-035,PRODUCT,Production,SUCCESS,200,1222,1222,0,1017,0,
SYNC-ACCT-035-PRODUCT-20260321,2026-03-21,ACCT-035,PRODUCT,Production,SUCCESS,200,1307,1299,8,2147,0,
SYNC-ACCT-035-PRODUCT-20260324,2026-03-24,ACCT-035,PRODUCT,Production,SUCCESS,200,1010,1003,7,822,0,
SYNC-ACCT-035-PRODUCT-20260327,2026-03-27,ACCT-035,PRODUCT,Production,SUCCESS,200,813,809,4,1528,0,
SYNC-ACCT-035-PRODUCT-20260330,2026-03-30,ACCT-035,PRODUCT,Production,SUCCESS,200,1558,1556,2,1566,0,
SYNC-ACCT-035-PRODUCT-20260402,2026-04-02,ACCT-035,PRODUCT,Production,SUCCESS,200,1072,1072,0,2581,0,
SYNC-ACCT-035-PRODUCT-20260405,2026-04-05,ACCT-035,PRODUCT,Production,SUCCESS,200,1468,1460,8,714,0,
SYNC-ACCT-035-PRODUCT-20260408,2026-04-08,ACCT-035,PRODUCT,Production,SUCCESS,200,1079,1072,7,1084,0,
SYNC-ACCT-035-PRODUCT-20260411,2026-04-11,ACCT-035,PRODUCT,Production,SUCCESS,200,1069,1061,8,1982,0,
SYNC-ACCT-035-PRODUCT-20260414,2026-04-14,ACCT-035,PRODUCT,Production,SUCCESS,200,1176,1174,2,1890,0,
SYNC-ACCT-035-PRODUCT-20260417,2026-04-17,ACCT-035,PRODUCT,Production,SUCCESS,200,1537,1526,11,2914,0,
SYNC-ACCT-035-PRODUCT-20260420,2026-04-20,ACCT-035,PRODUCT,Production,SUCCESS,200,971,965,6,1888,0,
SYNC-ACCT-035-PRODUCT-20260423,2026-04-23,ACCT-035,PRODUCT,Production,SUCCESS,200,1253,1252,1,2170,0,
SYNC-ACCT-035-PRODUCT-20260426,2026-04-26,ACCT-035,PRODUCT,Production,SUCCESS,200,1047,1039,8,1293,0,
SYNC-ACCT-035-PRODUCT-20260429,2026-04-29,ACCT-035,PRODUCT,Production,SUCCESS,200,1215,1205,10,3288,0,
SYNC-ACCT-035-PRODUCT-20260502,2026-05-02,ACCT-035,PRODUCT,Production,SUCCESS,200,879,872,7,1808,0,
SYNC-ACCT-035-PRODUCT-20260505,2026-05-05,ACCT-035,PRODUCT,Production,SUCCESS,200,1277,1271,6,1895,0,
SYNC-ACCT-035-PRODUCT-20260508,2026-05-08,ACCT-035,PRODUCT,Production,SUCCESS,200,1390,1388,2,1979,0,
SYNC-ACCT-035-PRODUCT-20260511,2026-05-11,ACCT-035,PRODUCT,Production,SUCCESS,200,1614,1608,6,2020,0,
SYNC-ACCT-035-PRODUCT-20260514,2026-05-14,ACCT-035,PRODUCT,Production,SUCCESS,200,1227,1219,8,2705,0,
SYNC-ACCT-035-PRODUCT-20260517,2026-05-17,ACCT-035,PRODUCT,Production,SUCCESS,200,1192,1185,7,661,0,
SYNC-ACCT-035-PRODUCT-20260520,2026-05-20,ACCT-035,PRODUCT,Production,SUCCESS,200,783,783,0,2100,0,
SYNC-ACCT-035-PRODUCT-20260523,2026-05-23,ACCT-035,PRODUCT,Production,SUCCESS,200,896,894,2,2933,0,
SYNC-ACCT-035-PRODUCT-20260526,2026-05-26,ACCT-035,PRODUCT,Production,SUCCESS,200,1588,1578,10,2103,0,
SYNC-ACCT-035-PRODUCT-20260529,2026-05-29,ACCT-035,PRODUCT,Production,SUCCESS,200,1264,1254,10,2456,0,
SYNC-ACCT-035-PRODUCT-20260601,2026-06-01,ACCT-035,PRODUCT,Production,SUCCESS,200,999,999,0,1322,0,
SYNC-ACCT-035-PRODUCT-20260604,2026-06-04,ACCT-035,PRODUCT,Production,SUCCESS,200,1051,1043,8,976,0,
SYNC-ACCT-035-PRODUCT-20260607,2026-06-07,ACCT-035,PRODUCT,Production,SUCCESS,200,1207,1202,5,983,0,
SYNC-ACCT-035-PRODUCT-20260610,2026-06-10,ACCT-035,PRODUCT,Production,SUCCESS,200,1655,1646,9,2757,0,
SYNC-ACCT-035-PRODUCT-20260613,2026-06-13,ACCT-035,PRODUCT,Production,SUCCESS,200,1094,1090,4,2316,0,
SYNC-ACCT-035-PRODUCT-20260616,2026-06-16,ACCT-035,PRODUCT,Production,SUCCESS,200,1323,1323,0,2678,0,
SYNC-ACCT-035-PRODUCT-20260619,2026-06-19,ACCT-035,PRODUCT,Production,SUCCESS,200,987,983,4,666,0,
SYNC-ACCT-035-PRODUCT-20260622,2026-06-22,ACCT-035,PRODUCT,Production,SUCCESS,200,1446,1437,9,1758,0,
SYNC-ACCT-035-PRODUCT-20260625,2026-06-25,ACCT-035,PRODUCT,Production,SUCCESS,200,910,907,3,552,0,
SYNC-ACCT-035-PRODUCT-20260628,2026-06-28,ACCT-035,PRODUCT,Production,SUCCESS,200,859,856,3,703,0,
SYNC-ACCT-035-WAREHOUSE-20260201,2026-02-01,ACCT-035,WAREHOUSE,Production,SUCCESS,200,1614,1607,7,1085,0,
SYNC-ACCT-035-WAREHOUSE-20260204,2026-02-04,ACCT-035,WAREHOUSE,Production,SUCCESS,200,1462,1452,10,967,0,
SYNC-ACCT-035-WAREHOUSE-20260207,2026-02-07,ACCT-035,WAREHOUSE,Production,SUCCESS,200,1664,1661,3,650,0,
SYNC-ACCT-035-WAREHOUSE-20260210,2026-02-10,ACCT-035,WAREHOUSE,Production,SUCCESS,200,1405,1405,0,2011,0,
SYNC-ACCT-035-WAREHOUSE-20260213,2026-02-13,ACCT-035,WAREHOUSE,Production,SUCCESS,200,1201,1193,8,1935,0,
SYNC-ACCT-035-WAREHOUSE-20260216,2026-02-16,ACCT-035,WAREHOUSE,Production,SUCCESS,200,1649,1636,13,3123,0,
SYNC-ACCT-035-WAREHOUSE-20260219,2026-02-19,ACCT-035,WAREHOUSE,Production,SUCCESS,200,1423,1415,8,2728,0,
SYNC-ACCT-035-WAREHOUSE-20260222,2026-02-22,ACCT-035,WAREHOUSE,Production,SUCCESS,200,965,960,5,2343,0,
SYNC-ACCT-035-WAREHOUSE-20260225,2026-02-25,ACCT-035,WAREHOUSE,Production,SUCCESS,200,1662,1660,2,2767,0,
SYNC-ACCT-035-WAREHOUSE-20260228,2026-02-28,ACCT-035,WAREHOUSE,Production,SUCCESS,200,735,734,1,2424,0,
SYNC-ACCT-035-WAREHOUSE-20260303,2026-03-03,ACCT-035,WAREHOUSE,Production,SUCCESS,200,994,991,3,2868,0,
SYNC-ACCT-035-WAREHOUSE-20260306,2026-03-06,ACCT-035,WAREHOUSE,Production,SUCCESS,200,1075,1069,6,1694,0,
SYNC-ACCT-035-WAREHOUSE-20260309,2026-03-09,ACCT-035,WAREHOUSE,Production,SUCCESS,200,952,947,5,1061,0,
SYNC-ACCT-035-WAREHOUSE-20260312,2026-03-12,ACCT-035,WAREHOUSE,Production,SUCCESS,200,961,956,5,3213,0,
SYNC-ACCT-035-WAREHOUSE-20260315,2026-03-15,ACCT-035,WAREHOUSE,Production,SUCCESS,200,1560,1554,6,3190,0,
SYNC-ACCT-035-WAREHOUSE-20260318,2026-03-18,ACCT-035,WAREHOUSE,Production,SUCCESS,200,1676,1664,12,1406,0,
SYNC-ACCT-035-WAREHOUSE-20260321,2026-03-21,ACCT-035,WAREHOUSE,Production,SUCCESS,200,1219,1215,4,2473,0,
SYNC-ACCT-035-WAREHOUSE-20260324,2026-03-24,ACCT-035,WAREHOUSE,Production,SUCCESS,200,1483,1473,10,2739,0,
SYNC-ACCT-035-WAREHOUSE-20260327,2026-03-27,ACCT-035,WAREHOUSE,Production,SUCCESS,200,1490,1484,6,2645,0,
SYNC-ACCT-035-WAREHOUSE-20260330,2026-03-30,ACCT-035,WAREHOUSE,Production,SUCCESS,200,1581,1578,3,2988,0,
SYNC-ACCT-035-WAREHOUSE-20260402,2026-04-02,ACCT-035,WAREHOUSE,Production,SUCCESS,200,790,787,3,2866,0,
SYNC-ACCT-035-WAREHOUSE-20260405,2026-04-05,ACCT-035,WAREHOUSE,Production,SUCCESS,200,1370,1363,7,3013,0,
SYNC-ACCT-035-WAREHOUSE-20260408,2026-04-08,ACCT-035,WAREHOUSE,Production,SUCCESS,200,1113,1109,4,580,0,
SYNC-ACCT-035-WAREHOUSE-20260411,2026-04-11,ACCT-035,WAREHOUSE,Production,SUCCESS,200,1280,1274,6,1771,0,
SYNC-ACCT-035-WAREHOUSE-20260414,2026-04-14,ACCT-035,WAREHOUSE,Production,SUCCESS,200,1284,1284,0,2164,0,
SYNC-ACCT-035-WAREHOUSE-20260417,2026-04-17,ACCT-035,WAREHOUSE,Production,SUCCESS,200,1233,1225,8,845,0,
SYNC-ACCT-035-WAREHOUSE-20260420,2026-04-20,ACCT-035,WAREHOUSE,Production,SUCCESS,200,1615,1602,13,2709,0,
SYNC-ACCT-035-WAREHOUSE-20260423,2026-04-23,ACCT-035,WAREHOUSE,Production,SUCCESS,200,889,884,5,608,0,
SYNC-ACCT-035-WAREHOUSE-20260426,2026-04-26,ACCT-035,WAREHOUSE,Production,SUCCESS,200,1204,1198,6,2698,0,
SYNC-ACCT-035-WAREHOUSE-20260429,2026-04-29,ACCT-035,WAREHOUSE,Production,SUCCESS,200,1595,1583,12,1816,0,
SYNC-ACCT-035-WAREHOUSE-20260502,2026-05-02,ACCT-035,WAREHOUSE,Production,SUCCESS,200,1140,1134,6,2833,0,
SYNC-ACCT-035-WAREHOUSE-20260505,2026-05-05,ACCT-035,WAREHOUSE,Production,SUCCESS,200,948,945,3,834,0,
SYNC-ACCT-035-WAREHOUSE-20260508,2026-05-08,ACCT-035,WAREHOUSE,Production,SUCCESS,200,1513,1513,0,2644,0,
SYNC-ACCT-035-WAREHOUSE-20260511,2026-05-11,ACCT-035,WAREHOUSE,Production,SUCCESS,200,768,765,3,715,0,
SYNC-ACCT-035-WAREHOUSE-20260514,2026-05-14,ACCT-035,WAREHOUSE,Production,SUCCESS,200,1165,1164,1,2723,0,
SYNC-ACCT-035-WAREHOUSE-20260517,2026-05-17,ACCT-035,WAREHOUSE,Production,SUCCESS,200,1556,1547,9,2088,0,
SYNC-ACCT-035-WAREHOUSE-20260520,2026-05-20,ACCT-035,WAREHOUSE,Production,FAILED,429,1369,0,1369,8926,3,RATE_LIMITED
SYNC-ACCT-035-WAREHOUSE-20260523,2026-05-23,ACCT-035,WAREHOUSE,Production,FAILED,429,1102,0,1102,8787,3,RATE_LIMITED
SYNC-ACCT-035-WAREHOUSE-20260526,2026-05-26,ACCT-035,WAREHOUSE,Production,SUCCESS,200,1179,1177,2,1693,0,
SYNC-ACCT-035-WAREHOUSE-20260529,2026-05-29,ACCT-035,WAREHOUSE,Production,SUCCESS,200,1416,1406,10,2956,0,
SYNC-ACCT-035-WAREHOUSE-20260601,2026-06-01,ACCT-035,WAREHOUSE,Production,SUCCESS,200,1587,1579,8,853,0,
SYNC-ACCT-035-WAREHOUSE-20260604,2026-06-04,ACCT-035,WAREHOUSE,Production,SUCCESS,200,1674,1667,7,3285,0,
SYNC-ACCT-035-WAREHOUSE-20260607,2026-06-07,ACCT-035,WAREHOUSE,Production,SUCCESS,200,1226,1218,8,733,0,
SYNC-ACCT-035-WAREHOUSE-20260610,2026-06-10,ACCT-035,WAREHOUSE,Production,SUCCESS,200,1196,1194,2,2566,0,
SYNC-ACCT-035-WAREHOUSE-20260613,2026-06-13,ACCT-035,WAREHOUSE,Production,SUCCESS,200,1434,1429,5,602,0,
SYNC-ACCT-035-WAREHOUSE-20260616,2026-06-16,ACCT-035,WAREHOUSE,Production,SUCCESS,200,1342,1337,5,3374,0,
SYNC-ACCT-035-WAREHOUSE-20260619,2026-06-19,ACCT-035,WAREHOUSE,Production,SUCCESS,200,1030,1027,3,723,0,
SYNC-ACCT-035-WAREHOUSE-20260622,2026-06-22,ACCT-035,WAREHOUSE,Production,SUCCESS,200,748,747,1,680,0,
SYNC-ACCT-035-WAREHOUSE-20260625,2026-06-25,ACCT-035,WAREHOUSE,Production,SUCCESS,200,1546,1540,6,2577,0,
SYNC-ACCT-035-WAREHOUSE-20260628,2026-06-28,ACCT-035,WAREHOUSE,Production,SUCCESS,200,730,728,2,1335,0,
SYNC-ACCT-036-CRM-20260204,2026-02-04,ACCT-036,CRM,Production,SUCCESS,200,1598,1591,7,1355,0,
SYNC-ACCT-036-CRM-20260207,2026-02-07,ACCT-036,CRM,Production,SUCCESS,200,1228,1222,6,862,0,
SYNC-ACCT-036-CRM-20260210,2026-02-10,ACCT-036,CRM,Production,SUCCESS,200,1674,1671,3,800,0,
SYNC-ACCT-036-CRM-20260213,2026-02-13,ACCT-036,CRM,Production,SUCCESS,200,1329,1322,7,1296,0,
SYNC-ACCT-036-CRM-20260216,2026-02-16,ACCT-036,CRM,Production,SUCCESS,200,736,731,5,826,0,
SYNC-ACCT-036-CRM-20260219,2026-02-19,ACCT-036,CRM,Production,SUCCESS,200,1055,1049,6,1440,0,
SYNC-ACCT-036-CRM-20260222,2026-02-22,ACCT-036,CRM,Production,SUCCESS,200,1346,1343,3,568,0,
SYNC-ACCT-036-CRM-20260225,2026-02-25,ACCT-036,CRM,Production,SUCCESS,200,1299,1298,1,1745,0,
SYNC-ACCT-036-CRM-20260228,2026-02-28,ACCT-036,CRM,Production,SUCCESS,200,972,971,1,3281,0,
SYNC-ACCT-036-CRM-20260303,2026-03-03,ACCT-036,CRM,Production,SUCCESS,200,1386,1381,5,864,0,
SYNC-ACCT-036-CRM-20260306,2026-03-06,ACCT-036,CRM,Production,SUCCESS,200,1075,1067,8,1278,0,
SYNC-ACCT-036-CRM-20260309,2026-03-09,ACCT-036,CRM,Production,SUCCESS,200,741,739,2,671,0,
SYNC-ACCT-036-CRM-20260312,2026-03-12,ACCT-036,CRM,Production,SUCCESS,200,1156,1148,8,3347,0,
SYNC-ACCT-036-CRM-20260315,2026-03-15,ACCT-036,CRM,Production,SUCCESS,200,993,985,8,3070,0,
SYNC-ACCT-036-CRM-20260318,2026-03-18,ACCT-036,CRM,Production,SUCCESS,200,830,825,5,1062,0,
SYNC-ACCT-036-CRM-20260321,2026-03-21,ACCT-036,CRM,Production,SUCCESS,200,1567,1559,8,1763,0,
SYNC-ACCT-036-CRM-20260324,2026-03-24,ACCT-036,CRM,Production,SUCCESS,200,1499,1492,7,1601,0,
SYNC-ACCT-036-CRM-20260327,2026-03-27,ACCT-036,CRM,Production,SUCCESS,200,1378,1368,10,1887,0,
SYNC-ACCT-036-CRM-20260330,2026-03-30,ACCT-036,CRM,Production,SUCCESS,200,876,869,7,1438,0,
SYNC-ACCT-036-CRM-20260402,2026-04-02,ACCT-036,CRM,Production,SUCCESS,200,1657,1646,11,2750,0,
SYNC-ACCT-036-CRM-20260405,2026-04-05,ACCT-036,CRM,Production,SUCCESS,200,1111,1109,2,763,0,
SYNC-ACCT-036-CRM-20260408,2026-04-08,ACCT-036,CRM,Production,SUCCESS,200,1090,1081,9,1879,0,
SYNC-ACCT-036-CRM-20260411,2026-04-11,ACCT-036,CRM,Production,SUCCESS,200,1069,1063,6,3267,0,
SYNC-ACCT-036-CRM-20260414,2026-04-14,ACCT-036,CRM,Production,SUCCESS,200,1540,1538,2,1159,0,
SYNC-ACCT-036-CRM-20260417,2026-04-17,ACCT-036,CRM,Production,SUCCESS,200,1557,1556,1,549,0,
SYNC-ACCT-036-CRM-20260420,2026-04-20,ACCT-036,CRM,Production,SUCCESS,200,1426,1425,1,2657,0,
SYNC-ACCT-036-CRM-20260423,2026-04-23,ACCT-036,CRM,Production,SUCCESS,200,867,862,5,3191,0,
SYNC-ACCT-036-CRM-20260426,2026-04-26,ACCT-036,CRM,Production,SUCCESS,200,1270,1266,4,931,0,
SYNC-ACCT-036-CRM-20260429,2026-04-29,ACCT-036,CRM,Production,SUCCESS,200,1509,1507,2,762,0,
SYNC-ACCT-036-CRM-20260502,2026-05-02,ACCT-036,CRM,Production,SUCCESS,200,1573,1560,13,2683,0,
SYNC-ACCT-036-CRM-20260505,2026-05-05,ACCT-036,CRM,Production,SUCCESS,200,1282,1282,0,3301,0,
SYNC-ACCT-036-CRM-20260508,2026-05-08,ACCT-036,CRM,Production,SUCCESS,200,1575,1570,5,1910,0,
SYNC-ACCT-036-CRM-20260511,2026-05-11,ACCT-036,CRM,Production,SUCCESS,200,1498,1496,2,843,0,
SYNC-ACCT-036-CRM-20260514,2026-05-14,ACCT-036,CRM,Production,SUCCESS,200,1335,1332,3,2496,0,
SYNC-ACCT-036-CRM-20260517,2026-05-17,ACCT-036,CRM,Production,SUCCESS,200,1215,1206,9,2866,0,
SYNC-ACCT-036-CRM-20260520,2026-05-20,ACCT-036,CRM,Production,SUCCESS,200,1228,1228,0,2377,0,
SYNC-ACCT-036-CRM-20260523,2026-05-23,ACCT-036,CRM,Production,SUCCESS,200,1674,1664,10,2082,0,
SYNC-ACCT-036-CRM-20260526,2026-05-26,ACCT-036,CRM,Production,SUCCESS,200,1255,1249,6,1406,0,
SYNC-ACCT-036-CRM-20260529,2026-05-29,ACCT-036,CRM,Production,SUCCESS,200,1025,1024,1,1275,0,
SYNC-ACCT-036-CRM-20260601,2026-06-01,ACCT-036,CRM,Production,SUCCESS,200,1146,1138,8,3006,0,
SYNC-ACCT-036-CRM-20260604,2026-06-04,ACCT-036,CRM,Production,SUCCESS,200,1306,1299,7,538,0,
SYNC-ACCT-036-CRM-20260607,2026-06-07,ACCT-036,CRM,Production,FAILED,503,766,0,766,1294,2,UPSTREAM_UNAVAILABLE
SYNC-ACCT-036-CRM-20260610,2026-06-10,ACCT-036,CRM,Production,SUCCESS,200,995,995,0,2124,0,
SYNC-ACCT-036-CRM-20260613,2026-06-13,ACCT-036,CRM,Production,SUCCESS,200,1062,1056,6,2252,0,
SYNC-ACCT-036-CRM-20260616,2026-06-16,ACCT-036,CRM,Production,SUCCESS,200,1196,1191,5,2976,0,
SYNC-ACCT-036-CRM-20260619,2026-06-19,ACCT-036,CRM,Production,SUCCESS,200,1192,1192,0,1891,0,
SYNC-ACCT-036-CRM-20260622,2026-06-22,ACCT-036,CRM,Production,SUCCESS,200,1063,1059,4,2268,0,
SYNC-ACCT-036-CRM-20260625,2026-06-25,ACCT-036,CRM,Production,SUCCESS,200,1594,1586,8,1539,0,
SYNC-ACCT-036-CRM-20260628,2026-06-28,ACCT-036,CRM,Production,FAILED,503,830,0,830,1848,2,UPSTREAM_UNAVAILABLE
SYNC-ACCT-036-BILLING-20260204,2026-02-04,ACCT-036,BILLING,Production,SUCCESS,200,1398,1397,1,908,0,
SYNC-ACCT-036-BILLING-20260207,2026-02-07,ACCT-036,BILLING,Production,SUCCESS,200,1121,1119,2,944,0,
SYNC-ACCT-036-BILLING-20260210,2026-02-10,ACCT-036,BILLING,Production,SUCCESS,200,1287,1285,2,3342,0,
SYNC-ACCT-036-BILLING-20260213,2026-02-13,ACCT-036,BILLING,Production,SUCCESS,200,1663,1655,8,855,0,
SYNC-ACCT-036-BILLING-20260216,2026-02-16,ACCT-036,BILLING,Production,SUCCESS,200,1194,1187,7,1092,0,
SYNC-ACCT-036-BILLING-20260219,2026-02-19,ACCT-036,BILLING,Production,SUCCESS,200,827,820,7,2302,0,
SYNC-ACCT-036-BILLING-20260222,2026-02-22,ACCT-036,BILLING,Production,SUCCESS,200,1322,1322,0,1840,0,
SYNC-ACCT-036-BILLING-20260225,2026-02-25,ACCT-036,BILLING,Production,SUCCESS,200,1038,1037,1,3014,0,
SYNC-ACCT-036-BILLING-20260228,2026-02-28,ACCT-036,BILLING,Production,SUCCESS,200,1376,1374,2,1623,0,
SYNC-ACCT-036-BILLING-20260303,2026-03-03,ACCT-036,BILLING,Production,SUCCESS,200,1246,1239,7,2127,0,
SYNC-ACCT-036-BILLING-20260306,2026-03-06,ACCT-036,BILLING,Production,SUCCESS,200,1565,1562,3,2724,0,
SYNC-ACCT-036-BILLING-20260309,2026-03-09,ACCT-036,BILLING,Production,SUCCESS,200,1480,1480,0,2516,0,
SYNC-ACCT-036-BILLING-20260312,2026-03-12,ACCT-036,BILLING,Production,SUCCESS,200,1618,1609,9,2790,0,
SYNC-ACCT-036-BILLING-20260315,2026-03-15,ACCT-036,BILLING,Production,SUCCESS,200,1003,1003,0,606,0,
SYNC-ACCT-036-BILLING-20260318,2026-03-18,ACCT-036,BILLING,Production,SUCCESS,200,1605,1592,13,2837,0,
SYNC-ACCT-036-BILLING-20260321,2026-03-21,ACCT-036,BILLING,Production,SUCCESS,200,1178,1172,6,2857,0,
SYNC-ACCT-036-BILLING-20260324,2026-03-24,ACCT-036,BILLING,Production,SUCCESS,200,1416,1409,7,1524,0,
SYNC-ACCT-036-BILLING-20260327,2026-03-27,ACCT-036,BILLING,Production,SUCCESS,200,727,727,0,3344,0,
SYNC-ACCT-036-BILLING-20260330,2026-03-30,ACCT-036,BILLING,Production,SUCCESS,200,802,802,0,968,0,
SYNC-ACCT-036-BILLING-20260402,2026-04-02,ACCT-036,BILLING,Production,SUCCESS,200,855,853,2,1757,0,
SYNC-ACCT-036-BILLING-20260405,2026-04-05,ACCT-036,BILLING,Production,SUCCESS,200,1257,1253,4,2391,0,
SYNC-ACCT-036-BILLING-20260408,2026-04-08,ACCT-036,BILLING,Production,SUCCESS,200,1039,1039,0,3126,0,
SYNC-ACCT-036-BILLING-20260411,2026-04-11,ACCT-036,BILLING,Production,SUCCESS,200,1392,1385,7,1219,0,
SYNC-ACCT-036-BILLING-20260414,2026-04-14,ACCT-036,BILLING,Production,SUCCESS,200,825,822,3,935,0,
SYNC-ACCT-036-BILLING-20260417,2026-04-17,ACCT-036,BILLING,Production,SUCCESS,200,1260,1252,8,2736,0,
SYNC-ACCT-036-BILLING-20260420,2026-04-20,ACCT-036,BILLING,Production,SUCCESS,200,1077,1068,9,710,0,
SYNC-ACCT-036-BILLING-20260423,2026-04-23,ACCT-036,BILLING,Production,SUCCESS,200,1273,1264,9,996,0,
SYNC-ACCT-036-BILLING-20260426,2026-04-26,ACCT-036,BILLING,Production,SUCCESS,200,1546,1537,9,2560,0,
SYNC-ACCT-036-BILLING-20260429,2026-04-29,ACCT-036,BILLING,Production,SUCCESS,200,1467,1460,7,3171,0,
SYNC-ACCT-036-BILLING-20260502,2026-05-02,ACCT-036,BILLING,Production,FAILED,503,855,0,855,2346,2,UPSTREAM_UNAVAILABLE
SYNC-ACCT-036-BILLING-20260505,2026-05-05,ACCT-036,BILLING,Production,FAILED,422,1543,1173,370,2287,0,SCHEMA_FIELD_CHANGED
SYNC-ACCT-036-BILLING-20260508,2026-05-08,ACCT-036,BILLING,Production,FAILED,422,872,663,209,2909,0,SCHEMA_FIELD_CHANGED
SYNC-ACCT-036-BILLING-20260511,2026-05-11,ACCT-036,BILLING,Production,FAILED,422,736,559,177,2803,0,SCHEMA_FIELD_CHANGED
SYNC-ACCT-036-BILLING-20260514,2026-05-14,ACCT-036,BILLING,Production,SUCCESS,200,756,754,2,3054,0,
SYNC-ACCT-036-BILLING-20260517,2026-05-17,ACCT-036,BILLING,Production,SUCCESS,200,1556,1554,2,3378,0,
SYNC-ACCT-036-BILLING-20260520,2026-05-20,ACCT-036,BILLING,Production,SUCCESS,200,1438,1430,8,3163,0,
SYNC-ACCT-036-BILLING-20260523,2026-05-23,ACCT-036,BILLING,Production,SUCCESS,200,1330,1321,9,1554,0,
SYNC-ACCT-036-BILLING-20260526,2026-05-26,ACCT-036,BILLING,Production,SUCCESS,200,1022,1022,0,2729,0,
SYNC-ACCT-036-BILLING-20260529,2026-05-29,ACCT-036,BILLING,Production,SUCCESS,200,1084,1080,4,3130,0,
SYNC-ACCT-036-BILLING-20260601,2026-06-01,ACCT-036,BILLING,Production,SUCCESS,200,1269,1264,5,854,0,
SYNC-ACCT-036-BILLING-20260604,2026-06-04,ACCT-036,BILLING,Production,SUCCESS,200,982,982,0,2613,0,
SYNC-ACCT-036-BILLING-20260607,2026-06-07,ACCT-036,BILLING,Production,SUCCESS,200,1279,1273,6,2794,0,
SYNC-ACCT-036-BILLING-20260610,2026-06-10,ACCT-036,BILLING,Production,SUCCESS,200,1395,1385,10,2445,0,
SYNC-ACCT-036-BILLING-20260613,2026-06-13,ACCT-036,BILLING,Production,SUCCESS,200,1479,1467,12,875,0,
SYNC-ACCT-036-BILLING-20260616,2026-06-16,ACCT-036,BILLING,Production,SUCCESS,200,1402,1400,2,1644,0,
SYNC-ACCT-036-BILLING-20260619,2026-06-19,ACCT-036,BILLING,Production,SUCCESS,200,845,845,0,845,0,
SYNC-ACCT-036-BILLING-20260622,2026-06-22,ACCT-036,BILLING,Production,SUCCESS,200,917,917,0,1118,0,
SYNC-ACCT-036-BILLING-20260625,2026-06-25,ACCT-036,BILLING,Production,SUCCESS,200,964,957,7,3188,0,
SYNC-ACCT-036-BILLING-20260628,2026-06-28,ACCT-036,BILLING,Production,SUCCESS,200,726,721,5,2468,0,
SYNC-ACCT-036-PRODUCT-20260204,2026-02-04,ACCT-036,PRODUCT,Production,SUCCESS,200,914,908,6,3009,0,
SYNC-ACCT-036-PRODUCT-20260207,2026-02-07,ACCT-036,PRODUCT,Production,SUCCESS,200,1298,1293,5,2260,0,
SYNC-ACCT-036-PRODUCT-20260210,2026-02-10,ACCT-036,PRODUCT,Production,SUCCESS,200,1207,1198,9,772,0,
SYNC-ACCT-036-PRODUCT-20260213,2026-02-13,ACCT-036,PRODUCT,Production,SUCCESS,200,1418,1413,5,2823,0,
SYNC-ACCT-036-PRODUCT-20260216,2026-02-16,ACCT-036,PRODUCT,Production,SUCCESS,200,1060,1056,4,754,0,
SYNC-ACCT-036-PRODUCT-20260219,2026-02-19,ACCT-036,PRODUCT,Production,SUCCESS,200,1357,1352,5,1992,0,
SYNC-ACCT-036-PRODUCT-20260222,2026-02-22,ACCT-036,PRODUCT,Production,SUCCESS,200,1668,1664,4,769,0,
SYNC-ACCT-036-PRODUCT-20260225,2026-02-25,ACCT-036,PRODUCT,Production,SUCCESS,200,1569,1556,13,1774,0,
SYNC-ACCT-036-PRODUCT-20260228,2026-02-28,ACCT-036,PRODUCT,Production,SUCCESS,200,1372,1372,0,3027,0,
SYNC-ACCT-036-PRODUCT-20260303,2026-03-03,ACCT-036,PRODUCT,Production,SUCCESS,200,1134,1131,3,1746,0,
SYNC-ACCT-036-PRODUCT-20260306,2026-03-06,ACCT-036,PRODUCT,Production,SUCCESS,200,1321,1320,1,1536,0,
SYNC-ACCT-036-PRODUCT-20260309,2026-03-09,ACCT-036,PRODUCT,Production,SUCCESS,200,746,741,5,1496,0,
SYNC-ACCT-036-PRODUCT-20260312,2026-03-12,ACCT-036,PRODUCT,Production,SUCCESS,200,857,854,3,2864,0,
SYNC-ACCT-036-PRODUCT-20260315,2026-03-15,ACCT-036,PRODUCT,Production,SUCCESS,200,1257,1255,2,2446,0,
SYNC-ACCT-036-PRODUCT-20260318,2026-03-18,ACCT-036,PRODUCT,Production,SUCCESS,200,773,769,4,2405,0,
SYNC-ACCT-036-PRODUCT-20260321,2026-03-21,ACCT-036,PRODUCT,Production,SUCCESS,200,1261,1251,10,2551,0,
SYNC-ACCT-036-PRODUCT-20260324,2026-03-24,ACCT-036,PRODUCT,Production,SUCCESS,200,972,966,6,2586,0,
SYNC-ACCT-036-PRODUCT-20260327,2026-03-27,ACCT-036,PRODUCT,Production,SUCCESS,200,784,780,4,3019,0,
SYNC-ACCT-036-PRODUCT-20260330,2026-03-30,ACCT-036,PRODUCT,Production,SUCCESS,200,1545,1544,1,683,0,
SYNC-ACCT-036-PRODUCT-20260402,2026-04-02,ACCT-036,PRODUCT,Production,SUCCESS,200,1470,1469,1,1429,0,
SYNC-ACCT-036-PRODUCT-20260405,2026-04-05,ACCT-036,PRODUCT,Production,SUCCESS,200,1111,1109,2,2981,0,
SYNC-ACCT-036-PRODUCT-20260408,2026-04-08,ACCT-036,PRODUCT,Production,SUCCESS,200,813,812,1,513,0,
SYNC-ACCT-036-PRODUCT-20260411,2026-04-11,ACCT-036,PRODUCT,Production,FAILED,503,1635,0,1635,1170,2,UPSTREAM_UNAVAILABLE
SYNC-ACCT-036-PRODUCT-20260414,2026-04-14,ACCT-036,PRODUCT,Production,SUCCESS,200,1577,1567,10,1875,0,
SYNC-ACCT-036-PRODUCT-20260417,2026-04-17,ACCT-036,PRODUCT,Production,SUCCESS,200,1539,1537,2,1240,0,
SYNC-ACCT-036-PRODUCT-20260420,2026-04-20,ACCT-036,PRODUCT,Production,SUCCESS,200,745,739,6,2375,0,
SYNC-ACCT-036-PRODUCT-20260423,2026-04-23,ACCT-036,PRODUCT,Production,SUCCESS,200,1223,1223,0,1374,0,
SYNC-ACCT-036-PRODUCT-20260426,2026-04-26,ACCT-036,PRODUCT,Production,SUCCESS,200,1297,1293,4,1702,0,
SYNC-ACCT-036-PRODUCT-20260429,2026-04-29,ACCT-036,PRODUCT,Production,SUCCESS,200,1248,1240,8,1712,0,
SYNC-ACCT-036-PRODUCT-20260502,2026-05-02,ACCT-036,PRODUCT,Production,SUCCESS,200,914,909,5,1478,0,
SYNC-ACCT-036-PRODUCT-20260505,2026-05-05,ACCT-036,PRODUCT,Production,SUCCESS,200,1378,1368,10,2251,0,
SYNC-ACCT-036-PRODUCT-20260508,2026-05-08,ACCT-036,PRODUCT,Production,SUCCESS,200,1356,1354,2,2943,0,
SYNC-ACCT-036-PRODUCT-20260511,2026-05-11,ACCT-036,PRODUCT,Production,SUCCESS,200,1551,1543,8,2314,0,
SYNC-ACCT-036-PRODUCT-20260514,2026-05-14,ACCT-036,PRODUCT,Production,SUCCESS,200,787,786,1,2525,0,
SYNC-ACCT-036-PRODUCT-20260517,2026-05-17,ACCT-036,PRODUCT,Production,SUCCESS,200,1008,1001,7,2458,0,
SYNC-ACCT-036-PRODUCT-20260520,2026-05-20,ACCT-036,PRODUCT,Production,SUCCESS,200,1275,1271,4,1933,0,
SYNC-ACCT-036-PRODUCT-20260523,2026-05-23,ACCT-036,PRODUCT,Production,SUCCESS,200,866,862,4,1946,0,
SYNC-ACCT-036-PRODUCT-20260526,2026-05-26,ACCT-036,PRODUCT,Production,SUCCESS,200,1341,1335,6,3181,0,
SYNC-ACCT-036-PRODUCT-20260529,2026-05-29,ACCT-036,PRODUCT,Production,SUCCESS,200,1128,1127,1,1339,0,
SYNC-ACCT-036-PRODUCT-20260601,2026-06-01,ACCT-036,PRODUCT,Production,SUCCESS,200,859,852,7,3177,0,
SYNC-ACCT-036-PRODUCT-20260604,2026-06-04,ACCT-036,PRODUCT,Production,SUCCESS,200,1485,1473,12,1977,0,
SYNC-ACCT-036-PRODUCT-20260607,2026-06-07,ACCT-036,PRODUCT,Production,SUCCESS,200,1188,1184,4,1132,0,
SYNC-ACCT-036-PRODUCT-20260610,2026-06-10,ACCT-036,PRODUCT,Production,SUCCESS,200,878,873,5,957,0,
SYNC-ACCT-036-PRODUCT-20260613,2026-06-13,ACCT-036,PRODUCT,Production,SUCCESS,200,1229,1220,9,2648,0,
SYNC-ACCT-036-PRODUCT-20260616,2026-06-16,ACCT-036,PRODUCT,Production,SUCCESS,200,1096,1088,8,2548,0,
SYNC-ACCT-036-PRODUCT-20260619,2026-06-19,ACCT-036,PRODUCT,Production,SUCCESS,200,1261,1252,9,1552,0,
SYNC-ACCT-036-PRODUCT-20260622,2026-06-22,ACCT-036,PRODUCT,Production,SUCCESS,200,1576,1570,6,683,0,
SYNC-ACCT-036-PRODUCT-20260625,2026-06-25,ACCT-036,PRODUCT,Production,SUCCESS,200,1364,1357,7,2457,0,
SYNC-ACCT-036-PRODUCT-20260628,2026-06-28,ACCT-036,PRODUCT,Production,SUCCESS,200,1347,1343,4,2458,0,
SYNC-ACCT-037-CRM-20260210,2026-02-10,ACCT-037,CRM,Production,SUCCESS,200,1239,1230,9,2083,0,
SYNC-ACCT-037-CRM-20260213,2026-02-13,ACCT-037,CRM,Production,SUCCESS,200,1514,1514,0,2260,0,
SYNC-ACCT-037-CRM-20260216,2026-02-16,ACCT-037,CRM,Production,SUCCESS,200,1349,1340,9,3071,0,
SYNC-ACCT-037-CRM-20260219,2026-02-19,ACCT-037,CRM,Production,SUCCESS,200,1344,1338,6,955,0,
SYNC-ACCT-037-CRM-20260222,2026-02-22,ACCT-037,CRM,Production,SUCCESS,200,1178,1172,6,2636,0,
SYNC-ACCT-037-CRM-20260225,2026-02-25,ACCT-037,CRM,Production,SUCCESS,200,1442,1433,9,567,0,
SYNC-ACCT-037-CRM-20260228,2026-02-28,ACCT-037,CRM,Production,SUCCESS,200,875,872,3,3061,0,
SYNC-ACCT-037-CRM-20260303,2026-03-03,ACCT-037,CRM,Production,SUCCESS,200,752,750,2,1764,0,
SYNC-ACCT-037-CRM-20260306,2026-03-06,ACCT-037,CRM,Production,SUCCESS,200,834,827,7,2008,0,
SYNC-ACCT-037-CRM-20260309,2026-03-09,ACCT-037,CRM,Production,SUCCESS,200,820,814,6,2923,0,
SYNC-ACCT-037-CRM-20260312,2026-03-12,ACCT-037,CRM,Production,SUCCESS,200,1492,1484,8,1933,0,
SYNC-ACCT-037-CRM-20260315,2026-03-15,ACCT-037,CRM,Production,SUCCESS,200,748,743,5,3283,0,
SYNC-ACCT-037-CRM-20260318,2026-03-18,ACCT-037,CRM,Production,SUCCESS,200,1106,1097,9,3067,0,
SYNC-ACCT-037-CRM-20260321,2026-03-21,ACCT-037,CRM,Production,SUCCESS,200,1052,1048,4,2816,0,
SYNC-ACCT-037-CRM-20260324,2026-03-24,ACCT-037,CRM,Production,SUCCESS,200,806,805,1,2458,0,
SYNC-ACCT-037-CRM-20260327,2026-03-27,ACCT-037,CRM,Production,SUCCESS,200,1141,1140,1,1727,0,
SYNC-ACCT-037-CRM-20260330,2026-03-30,ACCT-037,CRM,Production,SUCCESS,200,1584,1579,5,1168,0,
SYNC-ACCT-037-CRM-20260402,2026-04-02,ACCT-037,CRM,Production,SUCCESS,200,1385,1376,9,1118,0,
SYNC-ACCT-037-CRM-20260405,2026-04-05,ACCT-037,CRM,Production,SUCCESS,200,1497,1488,9,1048,0,
SYNC-ACCT-037-CRM-20260408,2026-04-08,ACCT-037,CRM,Production,SUCCESS,200,1562,1562,0,546,0,
SYNC-ACCT-037-CRM-20260411,2026-04-11,ACCT-037,CRM,Production,SUCCESS,200,1492,1489,3,3025,0,
SYNC-ACCT-037-CRM-20260414,2026-04-14,ACCT-037,CRM,Production,SUCCESS,200,1574,1563,11,3328,0,
SYNC-ACCT-037-CRM-20260417,2026-04-17,ACCT-037,CRM,Production,SUCCESS,200,1295,1290,5,1715,0,
SYNC-ACCT-037-CRM-20260420,2026-04-20,ACCT-037,CRM,Production,SUCCESS,200,1627,1620,7,2056,0,
SYNC-ACCT-037-CRM-20260423,2026-04-23,ACCT-037,CRM,Production,SUCCESS,200,1128,1127,1,2224,0,
SYNC-ACCT-037-CRM-20260426,2026-04-26,ACCT-037,CRM,Production,SUCCESS,200,910,907,3,1734,0,
SYNC-ACCT-037-CRM-20260429,2026-04-29,ACCT-037,CRM,Production,SUCCESS,200,1417,1414,3,2997,0,
SYNC-ACCT-037-CRM-20260502,2026-05-02,ACCT-037,CRM,Production,SUCCESS,200,1542,1532,10,1759,0,
SYNC-ACCT-037-CRM-20260505,2026-05-05,ACCT-037,CRM,Production,SUCCESS,200,1222,1217,5,1930,0,
SYNC-ACCT-037-CRM-20260508,2026-05-08,ACCT-037,CRM,Production,SUCCESS,200,1335,1329,6,2185,0,
SYNC-ACCT-037-CRM-20260511,2026-05-11,ACCT-037,CRM,Production,SUCCESS,200,1265,1264,1,1657,0,
SYNC-ACCT-037-CRM-20260514,2026-05-14,ACCT-037,CRM,Production,SUCCESS,200,783,782,1,3304,0,
SYNC-ACCT-037-CRM-20260517,2026-05-17,ACCT-037,CRM,Production,SUCCESS,200,1101,1098,3,2862,0,
SYNC-ACCT-037-CRM-20260520,2026-05-20,ACCT-037,CRM,Production,SUCCESS,200,1633,1621,12,3167,0,
SYNC-ACCT-037-CRM-20260523,2026-05-23,ACCT-037,CRM,Production,SUCCESS,200,901,897,4,1993,0,
SYNC-ACCT-037-CRM-20260526,2026-05-26,ACCT-037,CRM,Production,SUCCESS,200,738,734,4,3333,0,
SYNC-ACCT-037-CRM-20260529,2026-05-29,ACCT-037,CRM,Production,SUCCESS,200,1496,1493,3,1131,0,
SYNC-ACCT-037-CRM-20260601,2026-06-01,ACCT-037,CRM,Production,SUCCESS,200,1324,1316,8,3004,0,
SYNC-ACCT-037-CRM-20260604,2026-06-04,ACCT-037,CRM,Production,SUCCESS,200,1518,1514,4,1204,0,
SYNC-ACCT-037-CRM-20260607,2026-06-07,ACCT-037,CRM,Production,SUCCESS,200,1355,1348,7,3108,0,
SYNC-ACCT-037-CRM-20260610,2026-06-10,ACCT-037,CRM,Production,SUCCESS,200,784,780,4,1218,0,
SYNC-ACCT-037-CRM-20260613,2026-06-13,ACCT-037,CRM,Production,SUCCESS,200,1024,1021,3,751,0,
SYNC-ACCT-037-CRM-20260616,2026-06-16,ACCT-037,CRM,Production,SUCCESS,200,1295,1294,1,850,0,
SYNC-ACCT-037-CRM-20260619,2026-06-19,ACCT-037,CRM,Production,SUCCESS,200,1193,1187,6,3382,0,
SYNC-ACCT-037-CRM-20260622,2026-06-22,ACCT-037,CRM,Production,SUCCESS,200,995,987,8,2687,0,
SYNC-ACCT-037-CRM-20260625,2026-06-25,ACCT-037,CRM,Production,SUCCESS,200,867,860,7,2383,0,
SYNC-ACCT-037-CRM-20260628,2026-06-28,ACCT-037,CRM,Production,SUCCESS,200,1442,1437,5,3185,0,
SYNC-ACCT-037-BILLING-20260210,2026-02-10,ACCT-037,BILLING,Production,SUCCESS,200,915,911,4,3013,0,
SYNC-ACCT-037-BILLING-20260213,2026-02-13,ACCT-037,BILLING,Production,SUCCESS,200,1085,1077,8,2680,0,
SYNC-ACCT-037-BILLING-20260216,2026-02-16,ACCT-037,BILLING,Production,SUCCESS,200,1476,1475,1,2129,0,
SYNC-ACCT-037-BILLING-20260219,2026-02-19,ACCT-037,BILLING,Production,SUCCESS,200,862,859,3,2400,0,
SYNC-ACCT-037-BILLING-20260222,2026-02-22,ACCT-037,BILLING,Production,SUCCESS,200,1442,1433,9,830,0,
SYNC-ACCT-037-BILLING-20260225,2026-02-25,ACCT-037,BILLING,Production,SUCCESS,200,1497,1496,1,1501,0,
SYNC-ACCT-037-BILLING-20260228,2026-02-28,ACCT-037,BILLING,Production,SUCCESS,200,1159,1152,7,2535,0,
SYNC-ACCT-037-BILLING-20260303,2026-03-03,ACCT-037,BILLING,Production,SUCCESS,200,767,764,3,1920,0,
SYNC-ACCT-037-BILLING-20260306,2026-03-06,ACCT-037,BILLING,Production,SUCCESS,200,1160,1156,4,1361,0,
SYNC-ACCT-037-BILLING-20260309,2026-03-09,ACCT-037,BILLING,Production,SUCCESS,200,1446,1445,1,1165,0,
SYNC-ACCT-037-BILLING-20260312,2026-03-12,ACCT-037,BILLING,Production,SUCCESS,200,1657,1656,1,1502,0,
SYNC-ACCT-037-BILLING-20260315,2026-03-15,ACCT-037,BILLING,Production,SUCCESS,200,1136,1132,4,1089,0,
SYNC-ACCT-037-BILLING-20260318,2026-03-18,ACCT-037,BILLING,Production,SUCCESS,200,1559,1555,4,1458,0,
SYNC-ACCT-037-BILLING-20260321,2026-03-21,ACCT-037,BILLING,Production,SUCCESS,200,1421,1414,7,3357,0,
SYNC-ACCT-037-BILLING-20260324,2026-03-24,ACCT-037,BILLING,Production,SUCCESS,200,841,834,7,749,0,
SYNC-ACCT-037-BILLING-20260327,2026-03-27,ACCT-037,BILLING,Production,SUCCESS,200,1207,1198,9,3396,0,
SYNC-ACCT-037-BILLING-20260330,2026-03-30,ACCT-037,BILLING,Production,SUCCESS,200,1111,1105,6,963,0,
SYNC-ACCT-037-BILLING-20260402,2026-04-02,ACCT-037,BILLING,Production,SUCCESS,200,1625,1614,11,710,0,
SYNC-ACCT-037-BILLING-20260405,2026-04-05,ACCT-037,BILLING,Production,SUCCESS,200,918,911,7,2148,0,
SYNC-ACCT-037-BILLING-20260408,2026-04-08,ACCT-037,BILLING,Production,SUCCESS,200,1486,1475,11,1558,0,
SYNC-ACCT-037-BILLING-20260411,2026-04-11,ACCT-037,BILLING,Production,SUCCESS,200,1234,1228,6,903,0,
SYNC-ACCT-037-BILLING-20260414,2026-04-14,ACCT-037,BILLING,Production,SUCCESS,200,919,912,7,2862,0,
SYNC-ACCT-037-BILLING-20260417,2026-04-17,ACCT-037,BILLING,Production,SUCCESS,200,869,864,5,722,0,
SYNC-ACCT-037-BILLING-20260420,2026-04-20,ACCT-037,BILLING,Production,SUCCESS,200,812,811,1,1465,0,
SYNC-ACCT-037-BILLING-20260423,2026-04-23,ACCT-037,BILLING,Production,SUCCESS,200,880,873,7,2546,0,
SYNC-ACCT-037-BILLING-20260426,2026-04-26,ACCT-037,BILLING,Production,SUCCESS,200,909,909,0,1299,0,
SYNC-ACCT-037-BILLING-20260429,2026-04-29,ACCT-037,BILLING,Production,SUCCESS,200,1438,1434,4,1368,0,
SYNC-ACCT-037-BILLING-20260502,2026-05-02,ACCT-037,BILLING,Production,SUCCESS,200,827,824,3,675,0,
SYNC-ACCT-037-BILLING-20260505,2026-05-05,ACCT-037,BILLING,Production,SUCCESS,200,789,788,1,2603,0,
SYNC-ACCT-037-BILLING-20260508,2026-05-08,ACCT-037,BILLING,Production,SUCCESS,200,1559,1549,10,2875,0,
SYNC-ACCT-037-BILLING-20260511,2026-05-11,ACCT-037,BILLING,Production,SUCCESS,200,1162,1161,1,795,0,
SYNC-ACCT-037-BILLING-20260514,2026-05-14,ACCT-037,BILLING,Production,SUCCESS,200,758,755,3,1579,0,
SYNC-ACCT-037-BILLING-20260517,2026-05-17,ACCT-037,BILLING,Production,SUCCESS,200,1678,1677,1,2784,0,
SYNC-ACCT-037-BILLING-20260520,2026-05-20,ACCT-037,BILLING,Production,SUCCESS,200,1508,1503,5,3343,0,
SYNC-ACCT-037-BILLING-20260523,2026-05-23,ACCT-037,BILLING,Production,SUCCESS,200,835,829,6,1303,0,
SYNC-ACCT-037-BILLING-20260526,2026-05-26,ACCT-037,BILLING,Production,SUCCESS,200,1148,1139,9,1374,0,
SYNC-ACCT-037-BILLING-20260529,2026-05-29,ACCT-037,BILLING,Production,SUCCESS,200,1260,1256,4,601,0,
SYNC-ACCT-037-BILLING-20260601,2026-06-01,ACCT-037,BILLING,Production,SUCCESS,200,1394,1386,8,1497,0,
SYNC-ACCT-037-BILLING-20260604,2026-06-04,ACCT-037,BILLING,Production,SUCCESS,200,1666,1653,13,2772,0,
SYNC-ACCT-037-BILLING-20260607,2026-06-07,ACCT-037,BILLING,Production,SUCCESS,200,810,805,5,2174,0,
SYNC-ACCT-037-BILLING-20260610,2026-06-10,ACCT-037,BILLING,Production,SUCCESS,200,1230,1222,8,2352,0,
SYNC-ACCT-037-BILLING-20260613,2026-06-13,ACCT-037,BILLING,Production,SUCCESS,200,883,882,1,2764,0,
SYNC-ACCT-037-BILLING-20260616,2026-06-16,ACCT-037,BILLING,Production,SUCCESS,200,1655,1647,8,2504,0,
SYNC-ACCT-037-BILLING-20260619,2026-06-19,ACCT-037,BILLING,Production,SUCCESS,200,1603,1596,7,2949,0,
SYNC-ACCT-037-BILLING-20260622,2026-06-22,ACCT-037,BILLING,Production,SUCCESS,200,1523,1517,6,1101,0,
SYNC-ACCT-037-BILLING-20260625,2026-06-25,ACCT-037,BILLING,Production,SUCCESS,200,1604,1604,0,2199,0,
SYNC-ACCT-037-BILLING-20260628,2026-06-28,ACCT-037,BILLING,Production,SUCCESS,200,1576,1565,11,2049,0,
SYNC-ACCT-038-CRM-20260216,2026-02-16,ACCT-038,CRM,Production,SUCCESS,200,952,950,2,3087,0,
SYNC-ACCT-038-CRM-20260219,2026-02-19,ACCT-038,CRM,Production,SUCCESS,200,822,817,5,2658,0,
SYNC-ACCT-038-CRM-20260222,2026-02-22,ACCT-038,CRM,Production,SUCCESS,200,1058,1053,5,571,0,
SYNC-ACCT-038-CRM-20260225,2026-02-25,ACCT-038,CRM,Production,SUCCESS,200,1650,1649,1,1414,0,
SYNC-ACCT-038-CRM-20260228,2026-02-28,ACCT-038,CRM,Production,SUCCESS,200,1538,1527,11,663,0,
SYNC-ACCT-038-CRM-20260303,2026-03-03,ACCT-038,CRM,Production,SUCCESS,200,942,935,7,2901,0,
SYNC-ACCT-038-CRM-20260306,2026-03-06,ACCT-038,CRM,Production,SUCCESS,200,1405,1398,7,3281,0,
SYNC-ACCT-038-CRM-20260309,2026-03-09,ACCT-038,CRM,Production,SUCCESS,200,1088,1088,0,1849,0,
SYNC-ACCT-038-CRM-20260312,2026-03-12,ACCT-038,CRM,Production,SUCCESS,200,1001,999,2,1499,0,
SYNC-ACCT-038-CRM-20260315,2026-03-15,ACCT-038,CRM,Production,SUCCESS,200,938,931,7,3332,0,
SYNC-ACCT-038-CRM-20260318,2026-03-18,ACCT-038,CRM,Production,SUCCESS,200,783,783,0,1974,0,
SYNC-ACCT-038-CRM-20260321,2026-03-21,ACCT-038,CRM,Production,SUCCESS,200,1614,1609,5,1930,0,
SYNC-ACCT-038-CRM-20260324,2026-03-24,ACCT-038,CRM,Production,SUCCESS,200,1153,1148,5,3182,0,
SYNC-ACCT-038-CRM-20260327,2026-03-27,ACCT-038,CRM,Production,SUCCESS,200,1289,1285,4,747,0,
SYNC-ACCT-038-CRM-20260330,2026-03-30,ACCT-038,CRM,Production,SUCCESS,200,831,829,2,3167,0,
SYNC-ACCT-038-CRM-20260402,2026-04-02,ACCT-038,CRM,Production,SUCCESS,200,909,908,1,1924,0,
SYNC-ACCT-038-CRM-20260405,2026-04-05,ACCT-038,CRM,Production,SUCCESS,200,1044,1038,6,887,0,
SYNC-ACCT-038-CRM-20260408,2026-04-08,ACCT-038,CRM,Production,SUCCESS,200,1187,1182,5,2691,0,
SYNC-ACCT-038-CRM-20260411,2026-04-11,ACCT-038,CRM,Production,SUCCESS,200,945,938,7,2866,0,
SYNC-ACCT-038-CRM-20260414,2026-04-14,ACCT-038,CRM,Production,SUCCESS,200,1246,1245,1,1936,0,
SYNC-ACCT-038-CRM-20260417,2026-04-17,ACCT-038,CRM,Production,SUCCESS,200,955,947,8,752,0,
SYNC-ACCT-038-CRM-20260420,2026-04-20,ACCT-038,CRM,Production,SUCCESS,200,862,861,1,2763,0,
SYNC-ACCT-038-CRM-20260423,2026-04-23,ACCT-038,CRM,Production,SUCCESS,200,787,783,4,3334,0,
SYNC-ACCT-038-CRM-20260426,2026-04-26,ACCT-038,CRM,Production,SUCCESS,200,1178,1178,0,3110,0,
SYNC-ACCT-038-CRM-20260429,2026-04-29,ACCT-038,CRM,Production,SUCCESS,200,1489,1478,11,3375,0,
SYNC-ACCT-038-CRM-20260502,2026-05-02,ACCT-038,CRM,Production,SUCCESS,200,1100,1100,0,2515,0,
SYNC-ACCT-038-CRM-20260505,2026-05-05,ACCT-038,CRM,Production,SUCCESS,200,1123,1114,9,1002,0,
SYNC-ACCT-038-CRM-20260508,2026-05-08,ACCT-038,CRM,Production,SUCCESS,200,1520,1515,5,2975,0,
SYNC-ACCT-038-CRM-20260511,2026-05-11,ACCT-038,CRM,Production,SUCCESS,200,902,900,2,1594,0,
SYNC-ACCT-038-CRM-20260514,2026-05-14,ACCT-038,CRM,Production,SUCCESS,200,950,945,5,1566,0,
SYNC-ACCT-038-CRM-20260517,2026-05-17,ACCT-038,CRM,Production,SUCCESS,200,723,717,6,2704,0,
SYNC-ACCT-038-CRM-20260520,2026-05-20,ACCT-038,CRM,Production,SUCCESS,200,1642,1641,1,2452,0,
SYNC-ACCT-038-CRM-20260523,2026-05-23,ACCT-038,CRM,Production,SUCCESS,200,730,725,5,2875,0,
SYNC-ACCT-038-CRM-20260526,2026-05-26,ACCT-038,CRM,Production,SUCCESS,200,1479,1478,1,2046,0,
SYNC-ACCT-038-CRM-20260529,2026-05-29,ACCT-038,CRM,Production,SUCCESS,200,1020,1018,2,781,0,
SYNC-ACCT-038-CRM-20260601,2026-06-01,ACCT-038,CRM,Production,SUCCESS,200,1328,1320,8,840,0,
SYNC-ACCT-038-CRM-20260604,2026-06-04,ACCT-038,CRM,Production,SUCCESS,200,930,924,6,2542,0,
SYNC-ACCT-038-CRM-20260607,2026-06-07,ACCT-038,CRM,Production,SUCCESS,200,1317,1310,7,3217,0,
SYNC-ACCT-038-CRM-20260610,2026-06-10,ACCT-038,CRM,Production,SUCCESS,200,1460,1455,5,1968,0,
SYNC-ACCT-038-CRM-20260613,2026-06-13,ACCT-038,CRM,Production,SUCCESS,200,1116,1115,1,848,0,
SYNC-ACCT-038-CRM-20260616,2026-06-16,ACCT-038,CRM,Production,SUCCESS,200,950,943,7,892,0,
SYNC-ACCT-038-CRM-20260619,2026-06-19,ACCT-038,CRM,Production,SUCCESS,200,1406,1405,1,3360,0,
SYNC-ACCT-038-CRM-20260622,2026-06-22,ACCT-038,CRM,Production,SUCCESS,200,906,905,1,952,0,
SYNC-ACCT-038-CRM-20260625,2026-06-25,ACCT-038,CRM,Production,SUCCESS,200,1516,1510,6,3150,0,
SYNC-ACCT-038-CRM-20260628,2026-06-28,ACCT-038,CRM,Production,SUCCESS,200,1094,1092,2,2213,0,
SYNC-ACCT-038-BILLING-20260216,2026-02-16,ACCT-038,BILLING,Production,SUCCESS,200,747,741,6,511,0,
SYNC-ACCT-038-BILLING-20260219,2026-02-19,ACCT-038,BILLING,Production,SUCCESS,200,1591,1589,2,1184,0,
SYNC-ACCT-038-BILLING-20260222,2026-02-22,ACCT-038,BILLING,Production,SUCCESS,200,1487,1483,4,3190,0,
SYNC-ACCT-038-BILLING-20260225,2026-02-25,ACCT-038,BILLING,Production,SUCCESS,200,1274,1265,9,860,0,
SYNC-ACCT-038-BILLING-20260228,2026-02-28,ACCT-038,BILLING,Production,SUCCESS,200,1122,1121,1,901,0,
SYNC-ACCT-038-BILLING-20260303,2026-03-03,ACCT-038,BILLING,Production,SUCCESS,200,1597,1586,11,1898,0,
SYNC-ACCT-038-BILLING-20260306,2026-03-06,ACCT-038,BILLING,Production,SUCCESS,200,1002,995,7,1876,0,
SYNC-ACCT-038-BILLING-20260309,2026-03-09,ACCT-038,BILLING,Production,SUCCESS,200,1203,1193,10,2111,0,
SYNC-ACCT-038-BILLING-20260312,2026-03-12,ACCT-038,BILLING,Production,SUCCESS,200,1540,1532,8,2508,0,
SYNC-ACCT-038-BILLING-20260315,2026-03-15,ACCT-038,BILLING,Production,SUCCESS,200,1079,1073,6,518,0,
SYNC-ACCT-038-BILLING-20260318,2026-03-18,ACCT-038,BILLING,Production,SUCCESS,200,796,795,1,3171,0,
SYNC-ACCT-038-BILLING-20260321,2026-03-21,ACCT-038,BILLING,Production,SUCCESS,200,1260,1253,7,3014,0,
SYNC-ACCT-038-BILLING-20260324,2026-03-24,ACCT-038,BILLING,Production,SUCCESS,200,1329,1318,11,1931,0,
SYNC-ACCT-038-BILLING-20260327,2026-03-27,ACCT-038,BILLING,Production,SUCCESS,200,781,777,4,951,0,
SYNC-ACCT-038-BILLING-20260330,2026-03-30,ACCT-038,BILLING,Production,SUCCESS,200,801,795,6,2736,0,
SYNC-ACCT-038-BILLING-20260402,2026-04-02,ACCT-038,BILLING,Production,SUCCESS,200,1525,1513,12,3336,0,
SYNC-ACCT-038-BILLING-20260405,2026-04-05,ACCT-038,BILLING,Production,SUCCESS,200,879,872,7,2979,0,
SYNC-ACCT-038-BILLING-20260408,2026-04-08,ACCT-038,BILLING,Production,SUCCESS,200,842,838,4,1261,0,
SYNC-ACCT-038-BILLING-20260411,2026-04-11,ACCT-038,BILLING,Production,SUCCESS,200,933,932,1,1845,0,
SYNC-ACCT-038-BILLING-20260414,2026-04-14,ACCT-038,BILLING,Production,SUCCESS,200,1232,1223,9,1935,0,
SYNC-ACCT-038-BILLING-20260417,2026-04-17,ACCT-038,BILLING,Production,SUCCESS,200,1483,1474,9,3319,0,
SYNC-ACCT-038-BILLING-20260420,2026-04-20,ACCT-038,BILLING,Production,SUCCESS,200,925,922,3,2564,0,
SYNC-ACCT-038-BILLING-20260423,2026-04-23,ACCT-038,BILLING,Production,SUCCESS,200,857,854,3,1942,0,
SYNC-ACCT-038-BILLING-20260426,2026-04-26,ACCT-038,BILLING,Production,SUCCESS,200,1299,1292,7,980,0,
SYNC-ACCT-038-BILLING-20260429,2026-04-29,ACCT-038,BILLING,Production,SUCCESS,200,1067,1064,3,3022,0,
SYNC-ACCT-038-BILLING-20260502,2026-05-02,ACCT-038,BILLING,Production,SUCCESS,200,1066,1060,6,1892,0,
SYNC-ACCT-038-BILLING-20260505,2026-05-05,ACCT-038,BILLING,Production,SUCCESS,200,1414,1408,6,912,0,
SYNC-ACCT-038-BILLING-20260508,2026-05-08,ACCT-038,BILLING,Production,SUCCESS,200,1596,1591,5,1455,0,
SYNC-ACCT-038-BILLING-20260511,2026-05-11,ACCT-038,BILLING,Production,SUCCESS,200,1661,1648,13,1691,0,
SYNC-ACCT-038-BILLING-20260514,2026-05-14,ACCT-038,BILLING,Production,SUCCESS,200,1426,1416,10,2195,0,
SYNC-ACCT-038-BILLING-20260517,2026-05-17,ACCT-038,BILLING,Production,SUCCESS,200,1365,1362,3,2967,0,
SYNC-ACCT-038-BILLING-20260520,2026-05-20,ACCT-038,BILLING,Production,SUCCESS,200,1212,1208,4,2173,0,
SYNC-ACCT-038-BILLING-20260523,2026-05-23,ACCT-038,BILLING,Production,SUCCESS,200,876,874,2,630,0,
SYNC-ACCT-038-BILLING-20260526,2026-05-26,ACCT-038,BILLING,Production,SUCCESS,200,1179,1177,2,3320,0,
SYNC-ACCT-038-BILLING-20260529,2026-05-29,ACCT-038,BILLING,Production,SUCCESS,200,845,845,0,3155,0,
SYNC-ACCT-038-BILLING-20260601,2026-06-01,ACCT-038,BILLING,Production,SUCCESS,200,1231,1230,1,629,0,
SYNC-ACCT-038-BILLING-20260604,2026-06-04,ACCT-038,BILLING,Production,SUCCESS,200,1024,1024,0,639,0,
SYNC-ACCT-038-BILLING-20260607,2026-06-07,ACCT-038,BILLING,Production,SUCCESS,200,1364,1358,6,745,0,
SYNC-ACCT-038-BILLING-20260610,2026-06-10,ACCT-038,BILLING,Production,SUCCESS,200,951,949,2,3293,0,
SYNC-ACCT-038-BILLING-20260613,2026-06-13,ACCT-038,BILLING,Production,SUCCESS,200,1579,1579,0,2226,0,
SYNC-ACCT-038-BILLING-20260616,2026-06-16,ACCT-038,BILLING,Production,SUCCESS,200,778,778,0,2212,0,
SYNC-ACCT-038-BILLING-20260619,2026-06-19,ACCT-038,BILLING,Production,SUCCESS,200,1441,1432,9,571,0,
SYNC-ACCT-038-BILLING-20260622,2026-06-22,ACCT-038,BILLING,Production,FAILED,503,1395,0,1395,2378,2,UPSTREAM_UNAVAILABLE
SYNC-ACCT-038-BILLING-20260625,2026-06-25,ACCT-038,BILLING,Production,SUCCESS,200,1393,1387,6,2736,0,
SYNC-ACCT-038-BILLING-20260628,2026-06-28,ACCT-038,BILLING,Production,SUCCESS,200,1346,1345,1,2833,0,
SYNC-ACCT-039-CRM-20260219,2026-02-19,ACCT-039,CRM,Production,SUCCESS,200,1602,1596,6,1033,0,
SYNC-ACCT-039-CRM-20260222,2026-02-22,ACCT-039,CRM,Production,SUCCESS,200,1530,1522,8,1081,0,
SYNC-ACCT-039-CRM-20260225,2026-02-25,ACCT-039,CRM,Production,SUCCESS,200,1569,1557,12,2689,0,
SYNC-ACCT-039-CRM-20260228,2026-02-28,ACCT-039,CRM,Production,SUCCESS,200,1179,1172,7,2938,0,
SYNC-ACCT-039-CRM-20260303,2026-03-03,ACCT-039,CRM,Production,SUCCESS,200,953,949,4,2684,0,
SYNC-ACCT-039-CRM-20260306,2026-03-06,ACCT-039,CRM,Production,SUCCESS,200,1431,1420,11,3166,0,
SYNC-ACCT-039-CRM-20260309,2026-03-09,ACCT-039,CRM,Production,SUCCESS,200,1328,1324,4,3292,0,
SYNC-ACCT-039-CRM-20260312,2026-03-12,ACCT-039,CRM,Production,SUCCESS,200,1330,1328,2,895,0,
SYNC-ACCT-039-CRM-20260315,2026-03-15,ACCT-039,CRM,Production,SUCCESS,200,1628,1622,6,922,0,
SYNC-ACCT-039-CRM-20260318,2026-03-18,ACCT-039,CRM,Production,SUCCESS,200,1229,1227,2,1905,0,
SYNC-ACCT-039-CRM-20260321,2026-03-21,ACCT-039,CRM,Production,SUCCESS,200,731,725,6,2913,0,
SYNC-ACCT-039-CRM-20260324,2026-03-24,ACCT-039,CRM,Production,SUCCESS,200,753,750,3,1990,0,
SYNC-ACCT-039-CRM-20260327,2026-03-27,ACCT-039,CRM,Production,SUCCESS,200,1388,1386,2,2528,0,
SYNC-ACCT-039-CRM-20260330,2026-03-30,ACCT-039,CRM,Production,SUCCESS,200,1368,1362,6,898,0,
SYNC-ACCT-039-CRM-20260402,2026-04-02,ACCT-039,CRM,Production,SUCCESS,200,1274,1264,10,3181,0,
SYNC-ACCT-039-CRM-20260405,2026-04-05,ACCT-039,CRM,Production,SUCCESS,200,1582,1579,3,1278,0,
SYNC-ACCT-039-CRM-20260408,2026-04-08,ACCT-039,CRM,Production,SUCCESS,200,756,755,1,2766,0,
SYNC-ACCT-039-CRM-20260411,2026-04-11,ACCT-039,CRM,Production,FAILED,401,1599,0,1599,1951,1,OAUTH_TOKEN_EXPIRED
SYNC-ACCT-039-CRM-20260414,2026-04-14,ACCT-039,CRM,Production,SUCCESS,200,1300,1300,0,2981,0,
SYNC-ACCT-039-CRM-20260417,2026-04-17,ACCT-039,CRM,Production,SUCCESS,200,981,977,4,3061,0,
SYNC-ACCT-039-CRM-20260420,2026-04-20,ACCT-039,CRM,Production,SUCCESS,200,1167,1162,5,648,0,
SYNC-ACCT-039-CRM-20260423,2026-04-23,ACCT-039,CRM,Production,SUCCESS,200,1102,1099,3,2536,0,
SYNC-ACCT-039-CRM-20260426,2026-04-26,ACCT-039,CRM,Production,SUCCESS,200,1276,1273,3,1327,0,
SYNC-ACCT-039-CRM-20260429,2026-04-29,ACCT-039,CRM,Production,SUCCESS,200,736,734,2,834,0,
SYNC-ACCT-039-CRM-20260502,2026-05-02,ACCT-039,CRM,Production,SUCCESS,200,1172,1166,6,2362,0,
SYNC-ACCT-039-CRM-20260505,2026-05-05,ACCT-039,CRM,Production,SUCCESS,200,1383,1381,2,2117,0,
SYNC-ACCT-039-CRM-20260508,2026-05-08,ACCT-039,CRM,Production,SUCCESS,200,1174,1166,8,836,0,
SYNC-ACCT-039-CRM-20260511,2026-05-11,ACCT-039,CRM,Production,SUCCESS,200,868,861,7,2284,0,
SYNC-ACCT-039-CRM-20260514,2026-05-14,ACCT-039,CRM,Production,SUCCESS,200,749,748,1,1056,0,
SYNC-ACCT-039-CRM-20260517,2026-05-17,ACCT-039,CRM,Production,SUCCESS,200,811,805,6,2295,0,
SYNC-ACCT-039-CRM-20260520,2026-05-20,ACCT-039,CRM,Production,SUCCESS,200,1252,1246,6,1063,0,
SYNC-ACCT-039-CRM-20260523,2026-05-23,ACCT-039,CRM,Production,SUCCESS,200,1508,1499,9,3154,0,
SYNC-ACCT-039-CRM-20260526,2026-05-26,ACCT-039,CRM,Production,SUCCESS,200,1174,1165,9,2701,0,
SYNC-ACCT-039-CRM-20260529,2026-05-29,ACCT-039,CRM,Production,SUCCESS,200,949,949,0,3354,0,
SYNC-ACCT-039-CRM-20260601,2026-06-01,ACCT-039,CRM,Production,SUCCESS,200,1080,1075,5,1308,0,
SYNC-ACCT-039-CRM-20260604,2026-06-04,ACCT-039,CRM,Production,SUCCESS,200,1671,1659,12,2895,0,
SYNC-ACCT-039-CRM-20260607,2026-06-07,ACCT-039,CRM,Production,SUCCESS,200,1365,1359,6,2767,0,
SYNC-ACCT-039-CRM-20260610,2026-06-10,ACCT-039,CRM,Production,SUCCESS,200,1088,1083,5,2473,0,
SYNC-ACCT-039-CRM-20260613,2026-06-13,ACCT-039,CRM,Production,SUCCESS,200,1623,1610,13,3319,0,
SYNC-ACCT-039-CRM-20260616,2026-06-16,ACCT-039,CRM,Production,SUCCESS,200,804,801,3,1603,0,
SYNC-ACCT-039-CRM-20260619,2026-06-19,ACCT-039,CRM,Production,SUCCESS,200,1589,1580,9,1115,0,
SYNC-ACCT-039-CRM-20260622,2026-06-22,ACCT-039,CRM,Production,SUCCESS,200,1019,1011,8,2139,0,
SYNC-ACCT-039-CRM-20260625,2026-06-25,ACCT-039,CRM,Production,SUCCESS,200,1626,1625,1,741,0,
SYNC-ACCT-039-CRM-20260628,2026-06-28,ACCT-039,CRM,Production,SUCCESS,200,944,938,6,1366,0,
SYNC-ACCT-039-BILLING-20260219,2026-02-19,ACCT-039,BILLING,Production,SUCCESS,200,732,726,6,798,0,
SYNC-ACCT-039-BILLING-20260222,2026-02-22,ACCT-039,BILLING,Production,SUCCESS,200,1614,1610,4,2016,0,
SYNC-ACCT-039-BILLING-20260225,2026-02-25,ACCT-039,BILLING,Production,SUCCESS,200,1070,1061,9,1670,0,
SYNC-ACCT-039-BILLING-20260228,2026-02-28,ACCT-039,BILLING,Production,SUCCESS,200,1284,1277,7,1808,0,
SYNC-ACCT-039-BILLING-20260303,2026-03-03,ACCT-039,BILLING,Production,SUCCESS,200,1471,1462,9,1966,0,
SYNC-ACCT-039-BILLING-20260306,2026-03-06,ACCT-039,BILLING,Production,SUCCESS,200,1576,1564,12,529,0,
SYNC-ACCT-039-BILLING-20260309,2026-03-09,ACCT-039,BILLING,Production,SUCCESS,200,1219,1211,8,910,0,
SYNC-ACCT-039-BILLING-20260312,2026-03-12,ACCT-039,BILLING,Production,SUCCESS,200,927,924,3,983,0,
SYNC-ACCT-039-BILLING-20260315,2026-03-15,ACCT-039,BILLING,Production,SUCCESS,200,1232,1229,3,1785,0,
SYNC-ACCT-039-BILLING-20260318,2026-03-18,ACCT-039,BILLING,Production,SUCCESS,200,1518,1511,7,3042,0,
SYNC-ACCT-039-BILLING-20260321,2026-03-21,ACCT-039,BILLING,Production,SUCCESS,200,915,912,3,590,0,
SYNC-ACCT-039-BILLING-20260324,2026-03-24,ACCT-039,BILLING,Production,SUCCESS,200,853,848,5,3106,0,
SYNC-ACCT-039-BILLING-20260327,2026-03-27,ACCT-039,BILLING,Production,SUCCESS,200,1522,1514,8,601,0,
SYNC-ACCT-039-BILLING-20260330,2026-03-30,ACCT-039,BILLING,Production,SUCCESS,200,1128,1127,1,2934,0,
SYNC-ACCT-039-BILLING-20260402,2026-04-02,ACCT-039,BILLING,Production,SUCCESS,200,830,827,3,2454,0,
SYNC-ACCT-039-BILLING-20260405,2026-04-05,ACCT-039,BILLING,Production,SUCCESS,200,1383,1377,6,3100,0,
SYNC-ACCT-039-BILLING-20260408,2026-04-08,ACCT-039,BILLING,Production,SUCCESS,200,1038,1030,8,1085,0,
SYNC-ACCT-039-BILLING-20260411,2026-04-11,ACCT-039,BILLING,Production,SUCCESS,200,1043,1036,7,2570,0,
SYNC-ACCT-039-BILLING-20260414,2026-04-14,ACCT-039,BILLING,Production,SUCCESS,200,1192,1187,5,2313,0,
SYNC-ACCT-039-BILLING-20260417,2026-04-17,ACCT-039,BILLING,Production,SUCCESS,200,1187,1178,9,1451,0,
SYNC-ACCT-039-BILLING-20260420,2026-04-20,ACCT-039,BILLING,Production,SUCCESS,200,1620,1620,0,1683,0,
SYNC-ACCT-039-BILLING-20260423,2026-04-23,ACCT-039,BILLING,Production,SUCCESS,200,1157,1157,0,2965,0,
SYNC-ACCT-039-BILLING-20260426,2026-04-26,ACCT-039,BILLING,Production,SUCCESS,200,856,849,7,1152,0,
SYNC-ACCT-039-BILLING-20260429,2026-04-29,ACCT-039,BILLING,Production,SUCCESS,200,1261,1257,4,2698,0,
SYNC-ACCT-039-BILLING-20260502,2026-05-02,ACCT-039,BILLING,Production,SUCCESS,200,1232,1226,6,3189,0,
SYNC-ACCT-039-BILLING-20260505,2026-05-05,ACCT-039,BILLING,Production,SUCCESS,200,1237,1236,1,3051,0,
SYNC-ACCT-039-BILLING-20260508,2026-05-08,ACCT-039,BILLING,Production,SUCCESS,200,1542,1542,0,1971,0,
SYNC-ACCT-039-BILLING-20260511,2026-05-11,ACCT-039,BILLING,Production,SUCCESS,200,1418,1417,1,1616,0,
SYNC-ACCT-039-BILLING-20260514,2026-05-14,ACCT-039,BILLING,Production,SUCCESS,200,1473,1473,0,2776,0,
SYNC-ACCT-039-BILLING-20260517,2026-05-17,ACCT-039,BILLING,Production,SUCCESS,200,1222,1218,4,1882,0,
SYNC-ACCT-039-BILLING-20260520,2026-05-20,ACCT-039,BILLING,Production,SUCCESS,200,1463,1459,4,3113,0,
SYNC-ACCT-039-BILLING-20260523,2026-05-23,ACCT-039,BILLING,Production,SUCCESS,200,1183,1183,0,1235,0,
SYNC-ACCT-039-BILLING-20260526,2026-05-26,ACCT-039,BILLING,Production,SUCCESS,200,894,889,5,954,0,
SYNC-ACCT-039-BILLING-20260529,2026-05-29,ACCT-039,BILLING,Production,SUCCESS,200,1060,1058,2,2254,0,
SYNC-ACCT-039-BILLING-20260601,2026-06-01,ACCT-039,BILLING,Production,SUCCESS,200,781,776,5,1554,0,
SYNC-ACCT-039-BILLING-20260604,2026-06-04,ACCT-039,BILLING,Production,SUCCESS,200,1027,1019,8,2715,0,
SYNC-ACCT-039-BILLING-20260607,2026-06-07,ACCT-039,BILLING,Production,SUCCESS,200,1598,1596,2,2411,0,
SYNC-ACCT-039-BILLING-20260610,2026-06-10,ACCT-039,BILLING,Production,SUCCESS,200,1362,1357,5,3340,0,
SYNC-ACCT-039-BILLING-20260613,2026-06-13,ACCT-039,BILLING,Production,SUCCESS,200,1305,1298,7,773,0,
SYNC-ACCT-039-BILLING-20260616,2026-06-16,ACCT-039,BILLING,Production,SUCCESS,200,1445,1438,7,1477,0,
SYNC-ACCT-039-BILLING-20260619,2026-06-19,ACCT-039,BILLING,Production,SUCCESS,200,1547,1546,1,2959,0,
SYNC-ACCT-039-BILLING-20260622,2026-06-22,ACCT-039,BILLING,Production,SUCCESS,200,743,738,5,3197,0,
SYNC-ACCT-039-BILLING-20260625,2026-06-25,ACCT-039,BILLING,Production,SUCCESS,200,921,921,0,3273,0,
SYNC-ACCT-039-BILLING-20260628,2026-06-28,ACCT-039,BILLING,Production,SUCCESS,200,1583,1571,12,2133,0,
SYNC-ACCT-039-PRODUCT-20260219,2026-02-19,ACCT-039,PRODUCT,Production,SUCCESS,200,745,739,6,756,0,
SYNC-ACCT-039-PRODUCT-20260222,2026-02-22,ACCT-039,PRODUCT,Production,FAILED,503,1525,0,1525,614,2,UPSTREAM_UNAVAILABLE
SYNC-ACCT-039-PRODUCT-20260225,2026-02-25,ACCT-039,PRODUCT,Production,SUCCESS,200,777,773,4,1393,0,
SYNC-ACCT-039-PRODUCT-20260228,2026-02-28,ACCT-039,PRODUCT,Production,SUCCESS,200,975,968,7,2676,0,
SYNC-ACCT-039-PRODUCT-20260303,2026-03-03,ACCT-039,PRODUCT,Production,SUCCESS,200,1170,1167,3,2257,0,
SYNC-ACCT-039-PRODUCT-20260306,2026-03-06,ACCT-039,PRODUCT,Production,SUCCESS,200,1267,1262,5,1193,0,
SYNC-ACCT-039-PRODUCT-20260309,2026-03-09,ACCT-039,PRODUCT,Production,SUCCESS,200,1260,1250,10,1243,0,
SYNC-ACCT-039-PRODUCT-20260312,2026-03-12,ACCT-039,PRODUCT,Production,SUCCESS,200,1060,1059,1,2972,0,
SYNC-ACCT-039-PRODUCT-20260315,2026-03-15,ACCT-039,PRODUCT,Production,SUCCESS,200,1284,1279,5,1164,0,
SYNC-ACCT-039-PRODUCT-20260318,2026-03-18,ACCT-039,PRODUCT,Production,SUCCESS,200,1631,1630,1,534,0,
SYNC-ACCT-039-PRODUCT-20260321,2026-03-21,ACCT-039,PRODUCT,Production,SUCCESS,200,998,993,5,1311,0,
SYNC-ACCT-039-PRODUCT-20260324,2026-03-24,ACCT-039,PRODUCT,Production,SUCCESS,200,850,850,0,1488,0,
SYNC-ACCT-039-PRODUCT-20260327,2026-03-27,ACCT-039,PRODUCT,Production,SUCCESS,200,1285,1282,3,2499,0,
SYNC-ACCT-039-PRODUCT-20260330,2026-03-30,ACCT-039,PRODUCT,Production,SUCCESS,200,787,781,6,1934,0,
SYNC-ACCT-039-PRODUCT-20260402,2026-04-02,ACCT-039,PRODUCT,Production,SUCCESS,200,1255,1247,8,3075,0,
SYNC-ACCT-039-PRODUCT-20260405,2026-04-05,ACCT-039,PRODUCT,Production,SUCCESS,200,1302,1297,5,2015,0,
SYNC-ACCT-039-PRODUCT-20260408,2026-04-08,ACCT-039,PRODUCT,Production,SUCCESS,200,1345,1335,10,1895,0,
SYNC-ACCT-039-PRODUCT-20260411,2026-04-11,ACCT-039,PRODUCT,Production,SUCCESS,200,1357,1357,0,912,0,
SYNC-ACCT-039-PRODUCT-20260414,2026-04-14,ACCT-039,PRODUCT,Production,SUCCESS,200,1203,1203,0,2827,0,
SYNC-ACCT-039-PRODUCT-20260417,2026-04-17,ACCT-039,PRODUCT,Production,SUCCESS,200,883,883,0,657,0,
SYNC-ACCT-039-PRODUCT-20260420,2026-04-20,ACCT-039,PRODUCT,Production,SUCCESS,200,1515,1512,3,2283,0,
SYNC-ACCT-039-PRODUCT-20260423,2026-04-23,ACCT-039,PRODUCT,Production,SUCCESS,200,733,730,3,2766,0,
SYNC-ACCT-039-PRODUCT-20260426,2026-04-26,ACCT-039,PRODUCT,Production,SUCCESS,200,1559,1555,4,1732,0,
SYNC-ACCT-039-PRODUCT-20260429,2026-04-29,ACCT-039,PRODUCT,Production,SUCCESS,200,834,832,2,1985,0,
SYNC-ACCT-039-PRODUCT-20260502,2026-05-02,ACCT-039,PRODUCT,Production,SUCCESS,200,1542,1533,9,1734,0,
SYNC-ACCT-039-PRODUCT-20260505,2026-05-05,ACCT-039,PRODUCT,Production,SUCCESS,200,1029,1025,4,840,0,
SYNC-ACCT-039-PRODUCT-20260508,2026-05-08,ACCT-039,PRODUCT,Production,SUCCESS,200,1497,1492,5,3189,0,
SYNC-ACCT-039-PRODUCT-20260511,2026-05-11,ACCT-039,PRODUCT,Production,SUCCESS,200,1545,1536,9,1174,0,
SYNC-ACCT-039-PRODUCT-20260514,2026-05-14,ACCT-039,PRODUCT,Production,SUCCESS,200,754,752,2,2965,0,
SYNC-ACCT-039-PRODUCT-20260517,2026-05-17,ACCT-039,PRODUCT,Production,SUCCESS,200,903,903,0,1752,0,
SYNC-ACCT-039-PRODUCT-20260520,2026-05-20,ACCT-039,PRODUCT,Production,SUCCESS,200,1483,1474,9,2394,0,
SYNC-ACCT-039-PRODUCT-20260523,2026-05-23,ACCT-039,PRODUCT,Production,SUCCESS,200,1289,1288,1,1237,0,
SYNC-ACCT-039-PRODUCT-20260526,2026-05-26,ACCT-039,PRODUCT,Production,SUCCESS,200,1274,1270,4,1403,0,
SYNC-ACCT-039-PRODUCT-20260529,2026-05-29,ACCT-039,PRODUCT,Production,SUCCESS,200,1379,1373,6,3261,0,
SYNC-ACCT-039-PRODUCT-20260601,2026-06-01,ACCT-039,PRODUCT,Production,SUCCESS,200,1552,1542,10,2746,0,
SYNC-ACCT-039-PRODUCT-20260604,2026-06-04,ACCT-039,PRODUCT,Production,SUCCESS,200,1619,1612,7,1140,0,
SYNC-ACCT-039-PRODUCT-20260607,2026-06-07,ACCT-039,PRODUCT,Production,SUCCESS,200,980,975,5,2901,0,
SYNC-ACCT-039-PRODUCT-20260610,2026-06-10,ACCT-039,PRODUCT,Production,SUCCESS,200,895,891,4,3179,0,
SYNC-ACCT-039-PRODUCT-20260613,2026-06-13,ACCT-039,PRODUCT,Production,SUCCESS,200,969,964,5,2993,0,
SYNC-ACCT-039-PRODUCT-20260616,2026-06-16,ACCT-039,PRODUCT,Production,SUCCESS,200,809,804,5,2576,0,
SYNC-ACCT-039-PRODUCT-20260619,2026-06-19,ACCT-039,PRODUCT,Production,SUCCESS,200,1594,1585,9,973,0,
SYNC-ACCT-039-PRODUCT-20260622,2026-06-22,ACCT-039,PRODUCT,Production,SUCCESS,200,970,966,4,863,0,
SYNC-ACCT-039-PRODUCT-20260625,2026-06-25,ACCT-039,PRODUCT,Production,SUCCESS,200,1084,1080,4,935,0,
SYNC-ACCT-039-PRODUCT-20260628,2026-06-28,ACCT-039,PRODUCT,Production,SUCCESS,200,937,936,1,1563,0,
SYNC-ACCT-040-CRM-20260225,2026-02-25,ACCT-040,CRM,Production,SUCCESS,200,1111,1111,0,2724,0,
SYNC-ACCT-040-CRM-20260228,2026-02-28,ACCT-040,CRM,Production,SUCCESS,200,1531,1523,8,2747,0,
SYNC-ACCT-040-CRM-20260303,2026-03-03,ACCT-040,CRM,Production,SUCCESS,200,1515,1510,5,2996,0,
SYNC-ACCT-040-CRM-20260306,2026-03-06,ACCT-040,CRM,Production,SUCCESS,200,1431,1426,5,536,0,
SYNC-ACCT-040-CRM-20260309,2026-03-09,ACCT-040,CRM,Production,SUCCESS,200,1559,1554,5,2774,0,
SYNC-ACCT-040-CRM-20260312,2026-03-12,ACCT-040,CRM,Production,SUCCESS,200,1570,1561,9,2038,0,
SYNC-ACCT-040-CRM-20260315,2026-03-15,ACCT-040,CRM,Production,SUCCESS,200,1083,1082,1,1665,0,
SYNC-ACCT-040-CRM-20260318,2026-03-18,ACCT-040,CRM,Production,SUCCESS,200,1329,1318,11,2575,0,
SYNC-ACCT-040-CRM-20260321,2026-03-21,ACCT-040,CRM,Production,SUCCESS,200,1633,1620,13,1249,0,
SYNC-ACCT-040-CRM-20260324,2026-03-24,ACCT-040,CRM,Production,SUCCESS,200,876,871,5,2682,0,
SYNC-ACCT-040-CRM-20260327,2026-03-27,ACCT-040,CRM,Production,SUCCESS,200,1073,1065,8,585,0,
SYNC-ACCT-040-CRM-20260330,2026-03-30,ACCT-040,CRM,Production,SUCCESS,200,1286,1281,5,2794,0,
SYNC-ACCT-040-CRM-20260402,2026-04-02,ACCT-040,CRM,Production,SUCCESS,200,1060,1057,3,2779,0,
SYNC-ACCT-040-CRM-20260405,2026-04-05,ACCT-040,CRM,Production,SUCCESS,200,1226,1223,3,2287,0,
SYNC-ACCT-040-CRM-20260408,2026-04-08,ACCT-040,CRM,Production,SUCCESS,200,868,863,5,2506,0,
SYNC-ACCT-040-CRM-20260411,2026-04-11,ACCT-040,CRM,Production,SUCCESS,200,1370,1370,0,1632,0,
SYNC-ACCT-040-CRM-20260414,2026-04-14,ACCT-040,CRM,Production,SUCCESS,200,1530,1522,8,1858,0,
SYNC-ACCT-040-CRM-20260417,2026-04-17,ACCT-040,CRM,Production,SUCCESS,200,1518,1510,8,3043,0,
SYNC-ACCT-040-CRM-20260420,2026-04-20,ACCT-040,CRM,Production,SUCCESS,200,788,786,2,1442,0,
SYNC-ACCT-040-CRM-20260423,2026-04-23,ACCT-040,CRM,Production,SUCCESS,200,1432,1429,3,1836,0,
SYNC-ACCT-040-CRM-20260426,2026-04-26,ACCT-040,CRM,Production,SUCCESS,200,1474,1474,0,2362,0,
SYNC-ACCT-040-CRM-20260429,2026-04-29,ACCT-040,CRM,Production,SUCCESS,200,986,982,4,1580,0,
SYNC-ACCT-040-CRM-20260502,2026-05-02,ACCT-040,CRM,Production,SUCCESS,200,1038,1038,0,1108,0,
SYNC-ACCT-040-CRM-20260505,2026-05-05,ACCT-040,CRM,Production,SUCCESS,200,1188,1186,2,1420,0,
SYNC-ACCT-040-CRM-20260508,2026-05-08,ACCT-040,CRM,Production,SUCCESS,200,894,888,6,3027,0,
SYNC-ACCT-040-CRM-20260511,2026-05-11,ACCT-040,CRM,Production,SUCCESS,200,1378,1375,3,1666,0,
SYNC-ACCT-040-CRM-20260514,2026-05-14,ACCT-040,CRM,Production,SUCCESS,200,961,955,6,1206,0,
SYNC-ACCT-040-CRM-20260517,2026-05-17,ACCT-040,CRM,Production,SUCCESS,200,1232,1222,10,2109,0,
SYNC-ACCT-040-CRM-20260520,2026-05-20,ACCT-040,CRM,Production,FAILED,503,1517,0,1517,3330,2,UPSTREAM_UNAVAILABLE
SYNC-ACCT-040-CRM-20260523,2026-05-23,ACCT-040,CRM,Production,SUCCESS,200,1439,1438,1,1860,0,
SYNC-ACCT-040-CRM-20260526,2026-05-26,ACCT-040,CRM,Production,SUCCESS,200,904,902,2,2123,0,
SYNC-ACCT-040-CRM-20260529,2026-05-29,ACCT-040,CRM,Production,SUCCESS,200,1128,1128,0,1315,0,
SYNC-ACCT-040-CRM-20260601,2026-06-01,ACCT-040,CRM,Production,SUCCESS,200,1346,1346,0,1804,0,
SYNC-ACCT-040-CRM-20260604,2026-06-04,ACCT-040,CRM,Production,SUCCESS,200,936,930,6,3094,0,
SYNC-ACCT-040-CRM-20260607,2026-06-07,ACCT-040,CRM,Production,SUCCESS,200,1325,1321,4,1875,0,
SYNC-ACCT-040-CRM-20260610,2026-06-10,ACCT-040,CRM,Production,SUCCESS,200,916,910,6,1351,0,
SYNC-ACCT-040-CRM-20260613,2026-06-13,ACCT-040,CRM,Production,SUCCESS,200,1021,1019,2,2974,0,
SYNC-ACCT-040-CRM-20260616,2026-06-16,ACCT-040,CRM,Production,SUCCESS,200,1367,1367,0,2115,0,
SYNC-ACCT-040-CRM-20260619,2026-06-19,ACCT-040,CRM,Production,SUCCESS,200,1515,1509,6,535,0,
SYNC-ACCT-040-CRM-20260622,2026-06-22,ACCT-040,CRM,Production,SUCCESS,200,1263,1260,3,2989,0,
SYNC-ACCT-040-CRM-20260625,2026-06-25,ACCT-040,CRM,Production,SUCCESS,200,910,904,6,2559,0,
SYNC-ACCT-040-CRM-20260628,2026-06-28,ACCT-040,CRM,Production,SUCCESS,200,1557,1548,9,743,0,
SYNC-ACCT-040-BILLING-20260225,2026-02-25,ACCT-040,BILLING,Production,SUCCESS,200,1665,1661,4,785,0,
SYNC-ACCT-040-BILLING-20260228,2026-02-28,ACCT-040,BILLING,Production,SUCCESS,200,1512,1506,6,736,0,
SYNC-ACCT-040-BILLING-20260303,2026-03-03,ACCT-040,BILLING,Production,SUCCESS,200,1413,1408,5,3390,0,
SYNC-ACCT-040-BILLING-20260306,2026-03-06,ACCT-040,BILLING,Production,SUCCESS,200,1538,1533,5,1626,0,
SYNC-ACCT-040-BILLING-20260309,2026-03-09,ACCT-040,BILLING,Production,SUCCESS,200,828,822,6,525,0,
SYNC-ACCT-040-BILLING-20260312,2026-03-12,ACCT-040,BILLING,Production,SUCCESS,200,762,759,3,1325,0,
SYNC-ACCT-040-BILLING-20260315,2026-03-15,ACCT-040,BILLING,Production,SUCCESS,200,886,881,5,1513,0,
SYNC-ACCT-040-BILLING-20260318,2026-03-18,ACCT-040,BILLING,Production,SUCCESS,200,998,992,6,2573,0,
SYNC-ACCT-040-BILLING-20260321,2026-03-21,ACCT-040,BILLING,Production,SUCCESS,200,837,836,1,659,0,
SYNC-ACCT-040-BILLING-20260324,2026-03-24,ACCT-040,BILLING,Production,SUCCESS,200,941,937,4,2880,0,
SYNC-ACCT-040-BILLING-20260327,2026-03-27,ACCT-040,BILLING,Production,SUCCESS,200,1553,1544,9,1004,0,
SYNC-ACCT-040-BILLING-20260330,2026-03-30,ACCT-040,BILLING,Production,SUCCESS,200,1206,1200,6,1009,0,
SYNC-ACCT-040-BILLING-20260402,2026-04-02,ACCT-040,BILLING,Production,SUCCESS,200,1511,1504,7,1480,0,
SYNC-ACCT-040-BILLING-20260405,2026-04-05,ACCT-040,BILLING,Production,SUCCESS,200,1093,1086,7,1177,0,
SYNC-ACCT-040-BILLING-20260408,2026-04-08,ACCT-040,BILLING,Production,SUCCESS,200,1674,1668,6,2826,0,
SYNC-ACCT-040-BILLING-20260411,2026-04-11,ACCT-040,BILLING,Production,SUCCESS,200,734,733,1,3154,0,
SYNC-ACCT-040-BILLING-20260414,2026-04-14,ACCT-040,BILLING,Production,SUCCESS,200,782,779,3,1992,0,
SYNC-ACCT-040-BILLING-20260417,2026-04-17,ACCT-040,BILLING,Production,SUCCESS,200,1058,1050,8,2467,0,
SYNC-ACCT-040-BILLING-20260420,2026-04-20,ACCT-040,BILLING,Production,SUCCESS,200,1046,1046,0,1785,0,
SYNC-ACCT-040-BILLING-20260423,2026-04-23,ACCT-040,BILLING,Production,SUCCESS,200,1445,1443,2,1209,0,
SYNC-ACCT-040-BILLING-20260426,2026-04-26,ACCT-040,BILLING,Production,SUCCESS,200,1259,1258,1,2935,0,
SYNC-ACCT-040-BILLING-20260429,2026-04-29,ACCT-040,BILLING,Production,SUCCESS,200,1248,1243,5,1849,0,
SYNC-ACCT-040-BILLING-20260502,2026-05-02,ACCT-040,BILLING,Production,SUCCESS,200,1286,1283,3,3194,0,
SYNC-ACCT-040-BILLING-20260505,2026-05-05,ACCT-040,BILLING,Production,FAILED,422,1673,1271,402,713,0,SCHEMA_FIELD_CHANGED
SYNC-ACCT-040-BILLING-20260508,2026-05-08,ACCT-040,BILLING,Production,FAILED,422,1201,913,288,2894,0,SCHEMA_FIELD_CHANGED
SYNC-ACCT-040-BILLING-20260511,2026-05-11,ACCT-040,BILLING,Production,FAILED,422,730,555,175,1018,0,SCHEMA_FIELD_CHANGED
SYNC-ACCT-040-BILLING-20260514,2026-05-14,ACCT-040,BILLING,Production,SUCCESS,200,1579,1569,10,3013,0,
SYNC-ACCT-040-BILLING-20260517,2026-05-17,ACCT-040,BILLING,Production,SUCCESS,200,741,735,6,2836,0,
SYNC-ACCT-040-BILLING-20260520,2026-05-20,ACCT-040,BILLING,Production,SUCCESS,200,1342,1342,0,693,0,
SYNC-ACCT-040-BILLING-20260523,2026-05-23,ACCT-040,BILLING,Production,SUCCESS,200,1127,1121,6,1381,0,
SYNC-ACCT-040-BILLING-20260526,2026-05-26,ACCT-040,BILLING,Production,SUCCESS,200,942,939,3,1790,0,
SYNC-ACCT-040-BILLING-20260529,2026-05-29,ACCT-040,BILLING,Production,SUCCESS,200,768,765,3,3219,0,
SYNC-ACCT-040-BILLING-20260601,2026-06-01,ACCT-040,BILLING,Production,SUCCESS,200,1563,1551,12,626,0,
SYNC-ACCT-040-BILLING-20260604,2026-06-04,ACCT-040,BILLING,Production,SUCCESS,200,1503,1497,6,2726,0,
SYNC-ACCT-040-BILLING-20260607,2026-06-07,ACCT-040,BILLING,Production,SUCCESS,200,1627,1625,2,1050,0,
SYNC-ACCT-040-BILLING-20260610,2026-06-10,ACCT-040,BILLING,Production,SUCCESS,200,1074,1073,1,665,0,
SYNC-ACCT-040-BILLING-20260613,2026-06-13,ACCT-040,BILLING,Production,SUCCESS,200,1604,1592,12,1938,0,
SYNC-ACCT-040-BILLING-20260616,2026-06-16,ACCT-040,BILLING,Production,SUCCESS,200,1527,1526,1,1844,0,
SYNC-ACCT-040-BILLING-20260619,2026-06-19,ACCT-040,BILLING,Production,SUCCESS,200,843,836,7,3147,0,
SYNC-ACCT-040-BILLING-20260622,2026-06-22,ACCT-040,BILLING,Production,SUCCESS,200,1515,1511,4,2601,0,
SYNC-ACCT-040-BILLING-20260625,2026-06-25,ACCT-040,BILLING,Production,SUCCESS,200,1341,1331,10,1469,0,
SYNC-ACCT-040-BILLING-20260628,2026-06-28,ACCT-040,BILLING,Production,SUCCESS,200,796,796,0,3113,0,
SYNC-ACCT-040-PRODUCT-20260225,2026-02-25,ACCT-040,PRODUCT,Production,SUCCESS,200,1104,1097,7,1261,0,
SYNC-ACCT-040-PRODUCT-20260228,2026-02-28,ACCT-040,PRODUCT,Production,SUCCESS,200,1252,1249,3,2265,0,
SYNC-ACCT-040-PRODUCT-20260303,2026-03-03,ACCT-040,PRODUCT,Production,SUCCESS,200,1384,1382,2,3092,0,
SYNC-ACCT-040-PRODUCT-20260306,2026-03-06,ACCT-040,PRODUCT,Production,SUCCESS,200,1469,1463,6,741,0,
SYNC-ACCT-040-PRODUCT-20260309,2026-03-09,ACCT-040,PRODUCT,Production,SUCCESS,200,1129,1123,6,2745,0,
SYNC-ACCT-040-PRODUCT-20260312,2026-03-12,ACCT-040,PRODUCT,Production,SUCCESS,200,933,926,7,3357,0,
SYNC-ACCT-040-PRODUCT-20260315,2026-03-15,ACCT-040,PRODUCT,Production,SUCCESS,200,1097,1094,3,2891,0,
SYNC-ACCT-040-PRODUCT-20260318,2026-03-18,ACCT-040,PRODUCT,Production,SUCCESS,200,785,784,1,1790,0,
SYNC-ACCT-040-PRODUCT-20260321,2026-03-21,ACCT-040,PRODUCT,Production,SUCCESS,200,1013,1007,6,1838,0,
SYNC-ACCT-040-PRODUCT-20260324,2026-03-24,ACCT-040,PRODUCT,Production,SUCCESS,200,1012,1006,6,2947,0,
SYNC-ACCT-040-PRODUCT-20260327,2026-03-27,ACCT-040,PRODUCT,Production,SUCCESS,200,1013,1009,4,1235,0,
SYNC-ACCT-040-PRODUCT-20260330,2026-03-30,ACCT-040,PRODUCT,Production,SUCCESS,200,1278,1275,3,2427,0,
SYNC-ACCT-040-PRODUCT-20260402,2026-04-02,ACCT-040,PRODUCT,Production,SUCCESS,200,1487,1476,11,2660,0,
SYNC-ACCT-040-PRODUCT-20260405,2026-04-05,ACCT-040,PRODUCT,Production,SUCCESS,200,968,962,6,1824,0,
SYNC-ACCT-040-PRODUCT-20260408,2026-04-08,ACCT-040,PRODUCT,Production,SUCCESS,200,956,951,5,3099,0,
SYNC-ACCT-040-PRODUCT-20260411,2026-04-11,ACCT-040,PRODUCT,Production,SUCCESS,200,1039,1033,6,870,0,
SYNC-ACCT-040-PRODUCT-20260414,2026-04-14,ACCT-040,PRODUCT,Production,SUCCESS,200,1406,1402,4,3205,0,
SYNC-ACCT-040-PRODUCT-20260417,2026-04-17,ACCT-040,PRODUCT,Production,SUCCESS,200,1566,1556,10,1462,0,
SYNC-ACCT-040-PRODUCT-20260420,2026-04-20,ACCT-040,PRODUCT,Production,SUCCESS,200,1467,1465,2,1536,0,
SYNC-ACCT-040-PRODUCT-20260423,2026-04-23,ACCT-040,PRODUCT,Production,SUCCESS,200,970,964,6,3285,0,
SYNC-ACCT-040-PRODUCT-20260426,2026-04-26,ACCT-040,PRODUCT,Production,SUCCESS,200,928,923,5,3317,0,
SYNC-ACCT-040-PRODUCT-20260429,2026-04-29,ACCT-040,PRODUCT,Production,SUCCESS,200,1105,1105,0,844,0,
SYNC-ACCT-040-PRODUCT-20260502,2026-05-02,ACCT-040,PRODUCT,Production,SUCCESS,200,1439,1429,10,3137,0,
SYNC-ACCT-040-PRODUCT-20260505,2026-05-05,ACCT-040,PRODUCT,Production,SUCCESS,200,1212,1202,10,1031,0,
SYNC-ACCT-040-PRODUCT-20260508,2026-05-08,ACCT-040,PRODUCT,Production,SUCCESS,200,1204,1199,5,1696,0,
SYNC-ACCT-040-PRODUCT-20260511,2026-05-11,ACCT-040,PRODUCT,Production,SUCCESS,200,1015,1007,8,1116,0,
SYNC-ACCT-040-PRODUCT-20260514,2026-05-14,ACCT-040,PRODUCT,Production,SUCCESS,200,1338,1329,9,801,0,
SYNC-ACCT-040-PRODUCT-20260517,2026-05-17,ACCT-040,PRODUCT,Production,SUCCESS,200,1622,1612,10,2788,0,
SYNC-ACCT-040-PRODUCT-20260520,2026-05-20,ACCT-040,PRODUCT,Production,SUCCESS,200,1110,1110,0,1400,0,
SYNC-ACCT-040-PRODUCT-20260523,2026-05-23,ACCT-040,PRODUCT,Production,SUCCESS,200,1674,1661,13,2558,0,
SYNC-ACCT-040-PRODUCT-20260526,2026-05-26,ACCT-040,PRODUCT,Production,SUCCESS,200,796,793,3,2524,0,
SYNC-ACCT-040-PRODUCT-20260529,2026-05-29,ACCT-040,PRODUCT,Production,SUCCESS,200,1328,1325,3,2441,0,
SYNC-ACCT-040-PRODUCT-20260601,2026-06-01,ACCT-040,PRODUCT,Production,SUCCESS,200,1167,1163,4,1212,0,
SYNC-ACCT-040-PRODUCT-20260604,2026-06-04,ACCT-040,PRODUCT,Production,SUCCESS,200,782,778,4,2964,0,
SYNC-ACCT-040-PRODUCT-20260607,2026-06-07,ACCT-040,PRODUCT,Production,SUCCESS,200,1225,1224,1,2129,0,
SYNC-ACCT-040-PRODUCT-20260610,2026-06-10,ACCT-040,PRODUCT,Production,SUCCESS,200,1315,1313,2,3018,0,
SYNC-ACCT-040-PRODUCT-20260613,2026-06-13,ACCT-040,PRODUCT,Production,SUCCESS,200,1261,1258,3,3282,0,
SYNC-ACCT-040-PRODUCT-20260616,2026-06-16,ACCT-040,PRODUCT,Production,SUCCESS,200,1380,1371,9,2168,0,
SYNC-ACCT-040-PRODUCT-20260619,2026-06-19,ACCT-040,PRODUCT,Production,SUCCESS,200,894,891,3,2737,0,
SYNC-ACCT-040-PRODUCT-20260622,2026-06-22,ACCT-040,PRODUCT,Production,SUCCESS,200,785,779,6,724,0,
SYNC-ACCT-040-PRODUCT-20260625,2026-06-25,ACCT-040,PRODUCT,Production,SUCCESS,200,1435,1427,8,2790,0,
SYNC-ACCT-040-PRODUCT-20260628,2026-06-28,ACCT-040,PRODUCT,Production,SUCCESS,200,1281,1280,1,2232,0,
SYNC-ACCT-040-WAREHOUSE-20260225,2026-02-25,ACCT-040,WAREHOUSE,Production,SUCCESS,200,1404,1393,11,776,0,
SYNC-ACCT-040-WAREHOUSE-20260228,2026-02-28,ACCT-040,WAREHOUSE,Production,SUCCESS,200,1107,1104,3,833,0,
SYNC-ACCT-040-WAREHOUSE-20260303,2026-03-03,ACCT-040,WAREHOUSE,Production,SUCCESS,200,1193,1191,2,1165,0,
SYNC-ACCT-040-WAREHOUSE-20260306,2026-03-06,ACCT-040,WAREHOUSE,Production,SUCCESS,200,1311,1310,1,729,0,
SYNC-ACCT-040-WAREHOUSE-20260309,2026-03-09,ACCT-040,WAREHOUSE,Production,SUCCESS,200,945,941,4,2305,0,
SYNC-ACCT-040-WAREHOUSE-20260312,2026-03-12,ACCT-040,WAREHOUSE,Production,SUCCESS,200,1039,1032,7,854,0,
SYNC-ACCT-040-WAREHOUSE-20260315,2026-03-15,ACCT-040,WAREHOUSE,Production,SUCCESS,200,896,894,2,2702,0,
SYNC-ACCT-040-WAREHOUSE-20260318,2026-03-18,ACCT-040,WAREHOUSE,Production,SUCCESS,200,1250,1246,4,2609,0,
SYNC-ACCT-040-WAREHOUSE-20260321,2026-03-21,ACCT-040,WAREHOUSE,Production,SUCCESS,200,945,942,3,2897,0,
SYNC-ACCT-040-WAREHOUSE-20260324,2026-03-24,ACCT-040,WAREHOUSE,Production,SUCCESS,200,1539,1537,2,3227,0,
SYNC-ACCT-040-WAREHOUSE-20260327,2026-03-27,ACCT-040,WAREHOUSE,Production,SUCCESS,200,1224,1222,2,3302,0,
SYNC-ACCT-040-WAREHOUSE-20260330,2026-03-30,ACCT-040,WAREHOUSE,Production,SUCCESS,200,795,793,2,1405,0,
SYNC-ACCT-040-WAREHOUSE-20260402,2026-04-02,ACCT-040,WAREHOUSE,Production,SUCCESS,200,1322,1318,4,3337,0,
SYNC-ACCT-040-WAREHOUSE-20260405,2026-04-05,ACCT-040,WAREHOUSE,Production,SUCCESS,200,1321,1310,11,2160,0,
SYNC-ACCT-040-WAREHOUSE-20260408,2026-04-08,ACCT-040,WAREHOUSE,Production,SUCCESS,200,1164,1157,7,2522,0,
SYNC-ACCT-040-WAREHOUSE-20260411,2026-04-11,ACCT-040,WAREHOUSE,Production,SUCCESS,200,730,726,4,3289,0,
SYNC-ACCT-040-WAREHOUSE-20260414,2026-04-14,ACCT-040,WAREHOUSE,Production,SUCCESS,200,757,757,0,1977,0,
SYNC-ACCT-040-WAREHOUSE-20260417,2026-04-17,ACCT-040,WAREHOUSE,Production,SUCCESS,200,1588,1583,5,3162,0,
SYNC-ACCT-040-WAREHOUSE-20260420,2026-04-20,ACCT-040,WAREHOUSE,Production,SUCCESS,200,920,918,2,2068,0,
SYNC-ACCT-040-WAREHOUSE-20260423,2026-04-23,ACCT-040,WAREHOUSE,Production,SUCCESS,200,1668,1659,9,675,0,
SYNC-ACCT-040-WAREHOUSE-20260426,2026-04-26,ACCT-040,WAREHOUSE,Production,SUCCESS,200,1633,1626,7,2344,0,
SYNC-ACCT-040-WAREHOUSE-20260429,2026-04-29,ACCT-040,WAREHOUSE,Production,SUCCESS,200,827,825,2,1308,0,
SYNC-ACCT-040-WAREHOUSE-20260502,2026-05-02,ACCT-040,WAREHOUSE,Production,SUCCESS,200,1025,1022,3,1970,0,
SYNC-ACCT-040-WAREHOUSE-20260505,2026-05-05,ACCT-040,WAREHOUSE,Production,SUCCESS,200,1123,1119,4,2832,0,
SYNC-ACCT-040-WAREHOUSE-20260508,2026-05-08,ACCT-040,WAREHOUSE,Production,SUCCESS,200,1137,1133,4,2265,0,
SYNC-ACCT-040-WAREHOUSE-20260511,2026-05-11,ACCT-040,WAREHOUSE,Production,SUCCESS,200,1164,1159,5,1204,0,
SYNC-ACCT-040-WAREHOUSE-20260514,2026-05-14,ACCT-040,WAREHOUSE,Production,SUCCESS,200,1229,1219,10,3392,0,
SYNC-ACCT-040-WAREHOUSE-20260517,2026-05-17,ACCT-040,WAREHOUSE,Production,SUCCESS,200,915,909,6,2275,0,
SYNC-ACCT-040-WAREHOUSE-20260520,2026-05-20,ACCT-040,WAREHOUSE,Production,FAILED,429,846,0,846,11566,3,RATE_LIMITED
SYNC-ACCT-040-WAREHOUSE-20260523,2026-05-23,ACCT-040,WAREHOUSE,Production,FAILED,429,1107,0,1107,14887,3,RATE_LIMITED
SYNC-ACCT-040-WAREHOUSE-20260526,2026-05-26,ACCT-040,WAREHOUSE,Production,SUCCESS,200,1575,1565,10,2226,0,
SYNC-ACCT-040-WAREHOUSE-20260529,2026-05-29,ACCT-040,WAREHOUSE,Production,SUCCESS,200,1552,1543,9,2340,0,
SYNC-ACCT-040-WAREHOUSE-20260601,2026-06-01,ACCT-040,WAREHOUSE,Production,SUCCESS,200,1263,1256,7,2755,0,
SYNC-ACCT-040-WAREHOUSE-20260604,2026-06-04,ACCT-040,WAREHOUSE,Production,SUCCESS,200,812,812,0,775,0,
SYNC-ACCT-040-WAREHOUSE-20260607,2026-06-07,ACCT-040,WAREHOUSE,Production,SUCCESS,200,983,983,0,1749,0,
SYNC-ACCT-040-WAREHOUSE-20260610,2026-06-10,ACCT-040,WAREHOUSE,Production,SUCCESS,200,843,839,4,3367,0,
SYNC-ACCT-040-WAREHOUSE-20260613,2026-06-13,ACCT-040,WAREHOUSE,Production,SUCCESS,200,970,970,0,2373,0,
SYNC-ACCT-040-WAREHOUSE-20260616,2026-06-16,ACCT-040,WAREHOUSE,Production,SUCCESS,200,902,899,3,3128,0,
SYNC-ACCT-040-WAREHOUSE-20260619,2026-06-19,ACCT-040,WAREHOUSE,Production,SUCCESS,200,1027,1026,1,1666,0,
SYNC-ACCT-040-WAREHOUSE-20260622,2026-06-22,ACCT-040,WAREHOUSE,Production,FAILED,503,1506,0,1506,1729,2,UPSTREAM_UNAVAILABLE
SYNC-ACCT-040-WAREHOUSE-20260625,2026-06-25,ACCT-040,WAREHOUSE,Production,SUCCESS,200,1024,1023,1,2212,0,
SYNC-ACCT-040-WAREHOUSE-20260628,2026-06-28,ACCT-040,WAREHOUSE,Production,SUCCESS,200,926,926,0,2947,0,
SYNC-ACCT-041-CRM-20260303,2026-03-03,ACCT-041,CRM,Production,SUCCESS,200,1132,1127,5,2709,0,
SYNC-ACCT-041-CRM-20260306,2026-03-06,ACCT-041,CRM,Production,SUCCESS,200,1194,1188,6,2091,0,
SYNC-ACCT-041-CRM-20260309,2026-03-09,ACCT-041,CRM,Production,SUCCESS,200,732,730,2,1550,0,
SYNC-ACCT-041-CRM-20260312,2026-03-12,ACCT-041,CRM,Production,SUCCESS,200,1289,1279,10,1977,0,
SYNC-ACCT-041-CRM-20260315,2026-03-15,ACCT-041,CRM,Production,SUCCESS,200,1046,1038,8,3211,0,
SYNC-ACCT-041-CRM-20260318,2026-03-18,ACCT-041,CRM,Production,SUCCESS,200,1061,1061,0,2484,0,
SYNC-ACCT-041-CRM-20260321,2026-03-21,ACCT-041,CRM,Production,SUCCESS,200,1556,1551,5,2788,0,
SYNC-ACCT-041-CRM-20260324,2026-03-24,ACCT-041,CRM,Production,SUCCESS,200,1191,1189,2,722,0,
SYNC-ACCT-041-CRM-20260327,2026-03-27,ACCT-041,CRM,Production,SUCCESS,200,1479,1477,2,2871,0,
SYNC-ACCT-041-CRM-20260330,2026-03-30,ACCT-041,CRM,Production,SUCCESS,200,1639,1628,11,2936,0,
SYNC-ACCT-041-CRM-20260402,2026-04-02,ACCT-041,CRM,Production,SUCCESS,200,994,987,7,1111,0,
SYNC-ACCT-041-CRM-20260405,2026-04-05,ACCT-041,CRM,Production,SUCCESS,200,986,981,5,1841,0,
SYNC-ACCT-041-CRM-20260408,2026-04-08,ACCT-041,CRM,Production,SUCCESS,200,1645,1636,9,2045,0,
SYNC-ACCT-041-CRM-20260411,2026-04-11,ACCT-041,CRM,Production,SUCCESS,200,936,936,0,1315,0,
SYNC-ACCT-041-CRM-20260414,2026-04-14,ACCT-041,CRM,Production,SUCCESS,200,730,729,1,2234,0,
SYNC-ACCT-041-CRM-20260417,2026-04-17,ACCT-041,CRM,Production,SUCCESS,200,1312,1309,3,585,0,
SYNC-ACCT-041-CRM-20260420,2026-04-20,ACCT-041,CRM,Production,SUCCESS,200,1608,1598,10,1744,0,
SYNC-ACCT-041-CRM-20260423,2026-04-23,ACCT-041,CRM,Production,SUCCESS,200,895,895,0,872,0,
SYNC-ACCT-041-CRM-20260426,2026-04-26,ACCT-041,CRM,Production,SUCCESS,200,1426,1415,11,3317,0,
SYNC-ACCT-041-CRM-20260429,2026-04-29,ACCT-041,CRM,Production,SUCCESS,200,1206,1205,1,2963,0,
SYNC-ACCT-041-CRM-20260502,2026-05-02,ACCT-041,CRM,Production,SUCCESS,200,914,908,6,2957,0,
SYNC-ACCT-041-CRM-20260505,2026-05-05,ACCT-041,CRM,Production,SUCCESS,200,1219,1218,1,1610,0,
SYNC-ACCT-041-CRM-20260508,2026-05-08,ACCT-041,CRM,Production,SUCCESS,200,1627,1621,6,3357,0,
SYNC-ACCT-041-CRM-20260511,2026-05-11,ACCT-041,CRM,Production,SUCCESS,200,940,934,6,2227,0,
SYNC-ACCT-041-CRM-20260514,2026-05-14,ACCT-041,CRM,Production,SUCCESS,200,1470,1461,9,3214,0,
SYNC-ACCT-041-CRM-20260517,2026-05-17,ACCT-041,CRM,Production,SUCCESS,200,1672,1662,10,2359,0,
SYNC-ACCT-041-CRM-20260520,2026-05-20,ACCT-041,CRM,Production,SUCCESS,200,1621,1611,10,1674,0,
SYNC-ACCT-041-CRM-20260523,2026-05-23,ACCT-041,CRM,Production,SUCCESS,200,1081,1073,8,1580,0,
SYNC-ACCT-041-CRM-20260526,2026-05-26,ACCT-041,CRM,Production,SUCCESS,200,1413,1408,5,2854,0,
SYNC-ACCT-041-CRM-20260529,2026-05-29,ACCT-041,CRM,Production,SUCCESS,200,723,723,0,663,0,
SYNC-ACCT-041-CRM-20260601,2026-06-01,ACCT-041,CRM,Production,SUCCESS,200,1433,1423,10,860,0,
SYNC-ACCT-041-CRM-20260604,2026-06-04,ACCT-041,CRM,Production,SUCCESS,200,730,724,6,3063,0,
SYNC-ACCT-041-CRM-20260607,2026-06-07,ACCT-041,CRM,Production,SUCCESS,200,1377,1371,6,2944,0,
SYNC-ACCT-041-CRM-20260610,2026-06-10,ACCT-041,CRM,Production,SUCCESS,200,1334,1324,10,2960,0,
SYNC-ACCT-041-CRM-20260613,2026-06-13,ACCT-041,CRM,Production,SUCCESS,200,1292,1287,5,669,0,
SYNC-ACCT-041-CRM-20260616,2026-06-16,ACCT-041,CRM,Production,SUCCESS,200,1565,1565,0,2025,0,
SYNC-ACCT-041-CRM-20260619,2026-06-19,ACCT-041,CRM,Production,SUCCESS,200,1329,1323,6,643,0,
SYNC-ACCT-041-CRM-20260622,2026-06-22,ACCT-041,CRM,Production,SUCCESS,200,1510,1507,3,2240,0,
SYNC-ACCT-041-CRM-20260625,2026-06-25,ACCT-041,CRM,Production,SUCCESS,200,967,965,2,2652,0,
SYNC-ACCT-041-CRM-20260628,2026-06-28,ACCT-041,CRM,Production,SUCCESS,200,980,974,6,1317,0,
SYNC-ACCT-041-BILLING-20260303,2026-03-03,ACCT-041,BILLING,Production,SUCCESS,200,1398,1388,10,1860,0,
SYNC-ACCT-041-BILLING-20260306,2026-03-06,ACCT-041,BILLING,Production,SUCCESS,200,1568,1560,8,1722,0,
SYNC-ACCT-041-BILLING-20260309,2026-03-09,ACCT-041,BILLING,Production,SUCCESS,200,951,950,1,3263,0,
SYNC-ACCT-041-BILLING-20260312,2026-03-12,ACCT-041,BILLING,Production,SUCCESS,200,1625,1625,0,2877,0,
SYNC-ACCT-041-BILLING-20260315,2026-03-15,ACCT-041,BILLING,Production,SUCCESS,200,1539,1539,0,2913,0,
SYNC-ACCT-041-BILLING-20260318,2026-03-18,ACCT-041,BILLING,Production,SUCCESS,200,1013,1005,8,2337,0,
SYNC-ACCT-041-BILLING-20260321,2026-03-21,ACCT-041,BILLING,Production,SUCCESS,200,1662,1653,9,2112,0,
SYNC-ACCT-041-BILLING-20260324,2026-03-24,ACCT-041,BILLING,Production,SUCCESS,200,1088,1088,0,1267,0,
SYNC-ACCT-041-BILLING-20260327,2026-03-27,ACCT-041,BILLING,Production,SUCCESS,200,927,925,2,1625,0,
SYNC-ACCT-041-BILLING-20260330,2026-03-30,ACCT-041,BILLING,Production,SUCCESS,200,1315,1306,9,2152,0,
SYNC-ACCT-041-BILLING-20260402,2026-04-02,ACCT-041,BILLING,Production,SUCCESS,200,1352,1342,10,992,0,
SYNC-ACCT-041-BILLING-20260405,2026-04-05,ACCT-041,BILLING,Production,SUCCESS,200,1094,1089,5,574,0,
SYNC-ACCT-041-BILLING-20260408,2026-04-08,ACCT-041,BILLING,Production,SUCCESS,200,1259,1256,3,2823,0,
SYNC-ACCT-041-BILLING-20260411,2026-04-11,ACCT-041,BILLING,Production,SUCCESS,200,1240,1230,10,2324,0,
SYNC-ACCT-041-BILLING-20260414,2026-04-14,ACCT-041,BILLING,Production,SUCCESS,200,1158,1155,3,1054,0,
SYNC-ACCT-041-BILLING-20260417,2026-04-17,ACCT-041,BILLING,Production,SUCCESS,200,826,825,1,781,0,
SYNC-ACCT-041-BILLING-20260420,2026-04-20,ACCT-041,BILLING,Production,SUCCESS,200,1447,1437,10,929,0,
SYNC-ACCT-041-BILLING-20260423,2026-04-23,ACCT-041,BILLING,Production,SUCCESS,200,1195,1185,10,2334,0,
SYNC-ACCT-041-BILLING-20260426,2026-04-26,ACCT-041,BILLING,Production,SUCCESS,200,1053,1049,4,1324,0,
SYNC-ACCT-041-BILLING-20260429,2026-04-29,ACCT-041,BILLING,Production,SUCCESS,200,830,823,7,1358,0,
SYNC-ACCT-041-BILLING-20260502,2026-05-02,ACCT-041,BILLING,Production,SUCCESS,200,1667,1655,12,2938,0,
SYNC-ACCT-041-BILLING-20260505,2026-05-05,ACCT-041,BILLING,Production,SUCCESS,200,1372,1370,2,3023,0,
SYNC-ACCT-041-BILLING-20260508,2026-05-08,ACCT-041,BILLING,Production,SUCCESS,200,1050,1048,2,2297,0,
SYNC-ACCT-041-BILLING-20260511,2026-05-11,ACCT-041,BILLING,Production,SUCCESS,200,1595,1583,12,1797,0,
SYNC-ACCT-041-BILLING-20260514,2026-05-14,ACCT-041,BILLING,Production,SUCCESS,200,1588,1582,6,2044,0,
SYNC-ACCT-041-BILLING-20260517,2026-05-17,ACCT-041,BILLING,Production,SUCCESS,200,1610,1606,4,1971,0,
SYNC-ACCT-041-BILLING-20260520,2026-05-20,ACCT-041,BILLING,Production,SUCCESS,200,1616,1605,11,538,0,
SYNC-ACCT-041-BILLING-20260523,2026-05-23,ACCT-041,BILLING,Production,SUCCESS,200,1035,1032,3,1231,0,
SYNC-ACCT-041-BILLING-20260526,2026-05-26,ACCT-041,BILLING,Production,SUCCESS,200,1280,1277,3,2412,0,
SYNC-ACCT-041-BILLING-20260529,2026-05-29,ACCT-041,BILLING,Production,SUCCESS,200,948,947,1,579,0,
SYNC-ACCT-041-BILLING-20260601,2026-06-01,ACCT-041,BILLING,Production,SUCCESS,200,753,749,4,1402,0,
SYNC-ACCT-041-BILLING-20260604,2026-06-04,ACCT-041,BILLING,Production,SUCCESS,200,924,921,3,2121,0,
SYNC-ACCT-041-BILLING-20260607,2026-06-07,ACCT-041,BILLING,Production,SUCCESS,200,1464,1458,6,3081,0,
SYNC-ACCT-041-BILLING-20260610,2026-06-10,ACCT-041,BILLING,Production,SUCCESS,200,1135,1131,4,2797,0,
SYNC-ACCT-041-BILLING-20260613,2026-06-13,ACCT-041,BILLING,Production,SUCCESS,200,1327,1316,11,3005,0,
SYNC-ACCT-041-BILLING-20260616,2026-06-16,ACCT-041,BILLING,Production,SUCCESS,200,1554,1544,10,1406,0,
SYNC-ACCT-041-BILLING-20260619,2026-06-19,ACCT-041,BILLING,Production,SUCCESS,200,1335,1324,11,2144,0,
SYNC-ACCT-041-BILLING-20260622,2026-06-22,ACCT-041,BILLING,Production,SUCCESS,200,1185,1185,0,2905,0,
SYNC-ACCT-041-BILLING-20260625,2026-06-25,ACCT-041,BILLING,Production,SUCCESS,200,1349,1341,8,2931,0,
SYNC-ACCT-041-BILLING-20260628,2026-06-28,ACCT-041,BILLING,Production,SUCCESS,200,1207,1200,7,2728,0,
SYNC-ACCT-042-CRM-20260306,2026-03-06,ACCT-042,CRM,Production,SUCCESS,200,1670,1664,6,3074,0,
SYNC-ACCT-042-CRM-20260309,2026-03-09,ACCT-042,CRM,Production,SUCCESS,200,1090,1088,2,1389,0,
SYNC-ACCT-042-CRM-20260312,2026-03-12,ACCT-042,CRM,Production,SUCCESS,200,1138,1131,7,551,0,
SYNC-ACCT-042-CRM-20260315,2026-03-15,ACCT-042,CRM,Production,SUCCESS,200,762,756,6,1005,0,
SYNC-ACCT-042-CRM-20260318,2026-03-18,ACCT-042,CRM,Production,SUCCESS,200,1264,1261,3,2020,0,
SYNC-ACCT-042-CRM-20260321,2026-03-21,ACCT-042,CRM,Production,SUCCESS,200,1140,1133,7,622,0,
SYNC-ACCT-042-CRM-20260324,2026-03-24,ACCT-042,CRM,Production,SUCCESS,200,854,853,1,2255,0,
SYNC-ACCT-042-CRM-20260327,2026-03-27,ACCT-042,CRM,Production,SUCCESS,200,755,753,2,3309,0,
SYNC-ACCT-042-CRM-20260330,2026-03-30,ACCT-042,CRM,Production,SUCCESS,200,889,886,3,1572,0,
SYNC-ACCT-042-CRM-20260402,2026-04-02,ACCT-042,CRM,Production,SUCCESS,200,997,993,4,2156,0,
SYNC-ACCT-042-CRM-20260405,2026-04-05,ACCT-042,CRM,Production,SUCCESS,200,1222,1214,8,3341,0,
SYNC-ACCT-042-CRM-20260408,2026-04-08,ACCT-042,CRM,Production,SUCCESS,200,1644,1635,9,1956,0,
SYNC-ACCT-042-CRM-20260411,2026-04-11,ACCT-042,CRM,Production,SUCCESS,200,1556,1545,11,2082,0,
SYNC-ACCT-042-CRM-20260414,2026-04-14,ACCT-042,CRM,Production,SUCCESS,200,1286,1285,1,2889,0,
SYNC-ACCT-042-CRM-20260417,2026-04-17,ACCT-042,CRM,Production,SUCCESS,200,1667,1667,0,608,0,
SYNC-ACCT-042-CRM-20260420,2026-04-20,ACCT-042,CRM,Production,SUCCESS,200,1630,1625,5,2874,0,
SYNC-ACCT-042-CRM-20260423,2026-04-23,ACCT-042,CRM,Production,SUCCESS,200,1054,1047,7,1912,0,
SYNC-ACCT-042-CRM-20260426,2026-04-26,ACCT-042,CRM,Production,SUCCESS,200,883,883,0,2853,0,
SYNC-ACCT-042-CRM-20260429,2026-04-29,ACCT-042,CRM,Production,SUCCESS,200,1282,1280,2,1710,0,
SYNC-ACCT-042-CRM-20260502,2026-05-02,ACCT-042,CRM,Production,SUCCESS,200,1256,1246,10,731,0,
SYNC-ACCT-042-CRM-20260505,2026-05-05,ACCT-042,CRM,Production,SUCCESS,200,1349,1348,1,1060,0,
SYNC-ACCT-042-CRM-20260508,2026-05-08,ACCT-042,CRM,Production,SUCCESS,200,1450,1448,2,3383,0,
SYNC-ACCT-042-CRM-20260511,2026-05-11,ACCT-042,CRM,Production,SUCCESS,200,1181,1179,2,2214,0,
SYNC-ACCT-042-CRM-20260514,2026-05-14,ACCT-042,CRM,Production,SUCCESS,200,1665,1656,9,2094,0,
SYNC-ACCT-042-CRM-20260517,2026-05-17,ACCT-042,CRM,Production,SUCCESS,200,1060,1052,8,2058,0,
SYNC-ACCT-042-CRM-20260520,2026-05-20,ACCT-042,CRM,Production,SUCCESS,200,725,725,0,3203,0,
SYNC-ACCT-042-CRM-20260523,2026-05-23,ACCT-042,CRM,Production,SUCCESS,200,834,832,2,3364,0,
SYNC-ACCT-042-CRM-20260526,2026-05-26,ACCT-042,CRM,Production,SUCCESS,200,900,894,6,2437,0,
SYNC-ACCT-042-CRM-20260529,2026-05-29,ACCT-042,CRM,Production,SUCCESS,200,1330,1327,3,1549,0,
SYNC-ACCT-042-CRM-20260601,2026-06-01,ACCT-042,CRM,Production,SUCCESS,200,1645,1642,3,2957,0,
SYNC-ACCT-042-CRM-20260604,2026-06-04,ACCT-042,CRM,Production,SUCCESS,200,954,950,4,2898,0,
SYNC-ACCT-042-CRM-20260607,2026-06-07,ACCT-042,CRM,Production,SUCCESS,200,1066,1059,7,3275,0,
SYNC-ACCT-042-CRM-20260610,2026-06-10,ACCT-042,CRM,Production,SUCCESS,200,795,793,2,3310,0,
SYNC-ACCT-042-CRM-20260613,2026-06-13,ACCT-042,CRM,Production,SUCCESS,200,1240,1234,6,3225,0,
SYNC-ACCT-042-CRM-20260616,2026-06-16,ACCT-042,CRM,Production,SUCCESS,200,1678,1671,7,1154,0,
SYNC-ACCT-042-CRM-20260619,2026-06-19,ACCT-042,CRM,Production,SUCCESS,200,1553,1543,10,1529,0,
SYNC-ACCT-042-CRM-20260622,2026-06-22,ACCT-042,CRM,Production,SUCCESS,200,1520,1510,10,3356,0,
SYNC-ACCT-042-CRM-20260625,2026-06-25,ACCT-042,CRM,Production,SUCCESS,200,1305,1298,7,685,0,
SYNC-ACCT-042-CRM-20260628,2026-06-28,ACCT-042,CRM,Production,SUCCESS,200,1225,1217,8,2350,0,
SYNC-ACCT-042-BILLING-20260306,2026-03-06,ACCT-042,BILLING,Production,SUCCESS,200,1456,1455,1,2705,0,
SYNC-ACCT-042-BILLING-20260309,2026-03-09,ACCT-042,BILLING,Production,SUCCESS,200,1160,1155,5,2831,0,
SYNC-ACCT-042-BILLING-20260312,2026-03-12,ACCT-042,BILLING,Production,SUCCESS,200,1260,1260,0,991,0,
SYNC-ACCT-042-BILLING-20260315,2026-03-15,ACCT-042,BILLING,Production,SUCCESS,200,1513,1506,7,2932,0,
SYNC-ACCT-042-BILLING-20260318,2026-03-18,ACCT-042,BILLING,Production,SUCCESS,200,1641,1631,10,937,0,
SYNC-ACCT-042-BILLING-20260321,2026-03-21,ACCT-042,BILLING,Production,SUCCESS,200,1564,1562,2,2603,0,
SYNC-ACCT-042-BILLING-20260324,2026-03-24,ACCT-042,BILLING,Production,SUCCESS,200,1007,1000,7,2650,0,
SYNC-ACCT-042-BILLING-20260327,2026-03-27,ACCT-042,BILLING,Production,SUCCESS,200,1672,1667,5,2244,0,
SYNC-ACCT-042-BILLING-20260330,2026-03-30,ACCT-042,BILLING,Production,SUCCESS,200,1181,1181,0,2635,0,
SYNC-ACCT-042-BILLING-20260402,2026-04-02,ACCT-042,BILLING,Production,SUCCESS,200,1171,1163,8,1956,0,
SYNC-ACCT-042-BILLING-20260405,2026-04-05,ACCT-042,BILLING,Production,SUCCESS,200,1029,1023,6,1548,0,
SYNC-ACCT-042-BILLING-20260408,2026-04-08,ACCT-042,BILLING,Production,SUCCESS,200,742,742,0,1209,0,
SYNC-ACCT-042-BILLING-20260411,2026-04-11,ACCT-042,BILLING,Production,SUCCESS,200,1127,1126,1,1449,0,
SYNC-ACCT-042-BILLING-20260414,2026-04-14,ACCT-042,BILLING,Production,SUCCESS,200,1446,1446,0,2815,0,
SYNC-ACCT-042-BILLING-20260417,2026-04-17,ACCT-042,BILLING,Production,SUCCESS,200,1179,1179,0,1999,0,
SYNC-ACCT-042-BILLING-20260420,2026-04-20,ACCT-042,BILLING,Production,SUCCESS,200,1061,1061,0,1839,0,
SYNC-ACCT-042-BILLING-20260423,2026-04-23,ACCT-042,BILLING,Production,SUCCESS,200,1324,1315,9,2151,0,
SYNC-ACCT-042-BILLING-20260426,2026-04-26,ACCT-042,BILLING,Production,SUCCESS,200,1030,1024,6,1079,0,
SYNC-ACCT-042-BILLING-20260429,2026-04-29,ACCT-042,BILLING,Production,SUCCESS,200,1209,1207,2,2825,0,
SYNC-ACCT-042-BILLING-20260502,2026-05-02,ACCT-042,BILLING,Production,SUCCESS,200,761,761,0,1018,0,
SYNC-ACCT-042-BILLING-20260505,2026-05-05,ACCT-042,BILLING,Production,SUCCESS,200,1644,1637,7,3192,0,
SYNC-ACCT-042-BILLING-20260508,2026-05-08,ACCT-042,BILLING,Production,SUCCESS,200,945,941,4,1093,0,
SYNC-ACCT-042-BILLING-20260511,2026-05-11,ACCT-042,BILLING,Production,SUCCESS,200,1646,1645,1,2351,0,
SYNC-ACCT-042-BILLING-20260514,2026-05-14,ACCT-042,BILLING,Production,SUCCESS,200,836,834,2,3331,0,
SYNC-ACCT-042-BILLING-20260517,2026-05-17,ACCT-042,BILLING,Production,SUCCESS,200,866,866,0,2711,0,
SYNC-ACCT-042-BILLING-20260520,2026-05-20,ACCT-042,BILLING,Production,SUCCESS,200,854,850,4,1950,0,
SYNC-ACCT-042-BILLING-20260523,2026-05-23,ACCT-042,BILLING,Production,SUCCESS,200,1038,1031,7,1829,0,
SYNC-ACCT-042-BILLING-20260526,2026-05-26,ACCT-042,BILLING,Production,SUCCESS,200,1131,1128,3,3288,0,
SYNC-ACCT-042-BILLING-20260529,2026-05-29,ACCT-042,BILLING,Production,SUCCESS,200,1006,1003,3,2299,0,
SYNC-ACCT-042-BILLING-20260601,2026-06-01,ACCT-042,BILLING,Production,SUCCESS,200,1230,1224,6,1758,0,
SYNC-ACCT-042-BILLING-20260604,2026-06-04,ACCT-042,BILLING,Production,SUCCESS,200,1268,1263,5,1733,0,
SYNC-ACCT-042-BILLING-20260607,2026-06-07,ACCT-042,BILLING,Production,SUCCESS,200,1568,1567,1,1486,0,
SYNC-ACCT-042-BILLING-20260610,2026-06-10,ACCT-042,BILLING,Production,SUCCESS,200,856,855,1,2051,0,
SYNC-ACCT-042-BILLING-20260613,2026-06-13,ACCT-042,BILLING,Production,SUCCESS,200,1095,1088,7,862,0,
SYNC-ACCT-042-BILLING-20260616,2026-06-16,ACCT-042,BILLING,Production,SUCCESS,200,993,991,2,2476,0,
SYNC-ACCT-042-BILLING-20260619,2026-06-19,ACCT-042,BILLING,Production,SUCCESS,200,1199,1199,0,2926,0,
SYNC-ACCT-042-BILLING-20260622,2026-06-22,ACCT-042,BILLING,Production,SUCCESS,200,1185,1179,6,1629,0,
SYNC-ACCT-042-BILLING-20260625,2026-06-25,ACCT-042,BILLING,Production,SUCCESS,200,1017,1010,7,843,0,
SYNC-ACCT-042-BILLING-20260628,2026-06-28,ACCT-042,BILLING,Production,SUCCESS,200,1299,1290,9,1506,0,
SYNC-ACCT-042-PRODUCT-20260306,2026-03-06,ACCT-042,PRODUCT,Production,SUCCESS,200,1111,1104,7,2825,0,
SYNC-ACCT-042-PRODUCT-20260309,2026-03-09,ACCT-042,PRODUCT,Production,SUCCESS,200,1107,1105,2,2010,0,
SYNC-ACCT-042-PRODUCT-20260312,2026-03-12,ACCT-042,PRODUCT,Production,SUCCESS,200,769,764,5,1275,0,
SYNC-ACCT-042-PRODUCT-20260315,2026-03-15,ACCT-042,PRODUCT,Production,SUCCESS,200,1297,1293,4,2903,0,
SYNC-ACCT-042-PRODUCT-20260318,2026-03-18,ACCT-042,PRODUCT,Production,SUCCESS,200,762,762,0,2700,0,
SYNC-ACCT-042-PRODUCT-20260321,2026-03-21,ACCT-042,PRODUCT,Production,SUCCESS,200,1558,1558,0,1596,0,
SYNC-ACCT-042-PRODUCT-20260324,2026-03-24,ACCT-042,PRODUCT,Production,SUCCESS,200,1423,1417,6,1773,0,
SYNC-ACCT-042-PRODUCT-20260327,2026-03-27,ACCT-042,PRODUCT,Production,SUCCESS,200,1156,1151,5,1599,0,
SYNC-ACCT-042-PRODUCT-20260330,2026-03-30,ACCT-042,PRODUCT,Production,SUCCESS,200,736,731,5,2506,0,
SYNC-ACCT-042-PRODUCT-20260402,2026-04-02,ACCT-042,PRODUCT,Production,SUCCESS,200,1544,1542,2,648,0,
SYNC-ACCT-042-PRODUCT-20260405,2026-04-05,ACCT-042,PRODUCT,Production,SUCCESS,200,1181,1177,4,2889,0,
SYNC-ACCT-042-PRODUCT-20260408,2026-04-08,ACCT-042,PRODUCT,Production,SUCCESS,200,1365,1363,2,1549,0,
SYNC-ACCT-042-PRODUCT-20260411,2026-04-11,ACCT-042,PRODUCT,Production,SUCCESS,200,1643,1643,0,1447,0,
SYNC-ACCT-042-PRODUCT-20260414,2026-04-14,ACCT-042,PRODUCT,Production,SUCCESS,200,1417,1411,6,2495,0,
SYNC-ACCT-042-PRODUCT-20260417,2026-04-17,ACCT-042,PRODUCT,Production,SUCCESS,200,1277,1270,7,1123,0,
SYNC-ACCT-042-PRODUCT-20260420,2026-04-20,ACCT-042,PRODUCT,Production,SUCCESS,200,1627,1623,4,2715,0,
SYNC-ACCT-042-PRODUCT-20260423,2026-04-23,ACCT-042,PRODUCT,Production,SUCCESS,200,1234,1234,0,3306,0,
SYNC-ACCT-042-PRODUCT-20260426,2026-04-26,ACCT-042,PRODUCT,Production,SUCCESS,200,1018,1015,3,3083,0,
SYNC-ACCT-042-PRODUCT-20260429,2026-04-29,ACCT-042,PRODUCT,Production,SUCCESS,200,1045,1040,5,1539,0,
SYNC-ACCT-042-PRODUCT-20260502,2026-05-02,ACCT-042,PRODUCT,Production,SUCCESS,200,1385,1374,11,2492,0,
SYNC-ACCT-042-PRODUCT-20260505,2026-05-05,ACCT-042,PRODUCT,Production,SUCCESS,200,982,976,6,521,0,
SYNC-ACCT-042-PRODUCT-20260508,2026-05-08,ACCT-042,PRODUCT,Production,SUCCESS,200,1655,1642,13,2278,0,
SYNC-ACCT-042-PRODUCT-20260511,2026-05-11,ACCT-042,PRODUCT,Production,SUCCESS,200,1258,1251,7,2409,0,
SYNC-ACCT-042-PRODUCT-20260514,2026-05-14,ACCT-042,PRODUCT,Production,FAILED,503,1508,0,1508,2551,2,UPSTREAM_UNAVAILABLE
SYNC-ACCT-042-PRODUCT-20260517,2026-05-17,ACCT-042,PRODUCT,Production,SUCCESS,200,1123,1120,3,2804,0,
SYNC-ACCT-042-PRODUCT-20260520,2026-05-20,ACCT-042,PRODUCT,Production,SUCCESS,200,1384,1383,1,746,0,
SYNC-ACCT-042-PRODUCT-20260523,2026-05-23,ACCT-042,PRODUCT,Production,SUCCESS,200,821,816,5,2062,0,
SYNC-ACCT-042-PRODUCT-20260526,2026-05-26,ACCT-042,PRODUCT,Production,SUCCESS,200,1620,1614,6,3163,0,
SYNC-ACCT-042-PRODUCT-20260529,2026-05-29,ACCT-042,PRODUCT,Production,SUCCESS,200,747,743,4,752,0,
SYNC-ACCT-042-PRODUCT-20260601,2026-06-01,ACCT-042,PRODUCT,Production,SUCCESS,200,820,817,3,1083,0,
SYNC-ACCT-042-PRODUCT-20260604,2026-06-04,ACCT-042,PRODUCT,Production,SUCCESS,200,1655,1643,12,1439,0,
SYNC-ACCT-042-PRODUCT-20260607,2026-06-07,ACCT-042,PRODUCT,Production,SUCCESS,200,1045,1038,7,817,0,
SYNC-ACCT-042-PRODUCT-20260610,2026-06-10,ACCT-042,PRODUCT,Production,SUCCESS,200,1541,1537,4,2978,0,
SYNC-ACCT-042-PRODUCT-20260613,2026-06-13,ACCT-042,PRODUCT,Production,SUCCESS,200,915,915,0,3250,0,
SYNC-ACCT-042-PRODUCT-20260616,2026-06-16,ACCT-042,PRODUCT,Production,SUCCESS,200,1140,1135,5,642,0,
SYNC-ACCT-042-PRODUCT-20260619,2026-06-19,ACCT-042,PRODUCT,Production,SUCCESS,200,1593,1585,8,521,0,
SYNC-ACCT-042-PRODUCT-20260622,2026-06-22,ACCT-042,PRODUCT,Production,SUCCESS,200,861,855,6,1755,0,
SYNC-ACCT-042-PRODUCT-20260625,2026-06-25,ACCT-042,PRODUCT,Production,SUCCESS,200,973,970,3,3367,0,
SYNC-ACCT-042-PRODUCT-20260628,2026-06-28,ACCT-042,PRODUCT,Production,SUCCESS,200,915,915,0,1751,0,
SYNC-ACCT-043-CRM-20260312,2026-03-12,ACCT-043,CRM,Production,SUCCESS,200,1044,1041,3,1211,0,
SYNC-ACCT-043-CRM-20260315,2026-03-15,ACCT-043,CRM,Production,SUCCESS,200,786,784,2,855,0,
SYNC-ACCT-043-CRM-20260318,2026-03-18,ACCT-043,CRM,Production,SUCCESS,200,881,878,3,3326,0,
SYNC-ACCT-043-CRM-20260321,2026-03-21,ACCT-043,CRM,Production,SUCCESS,200,1524,1516,8,3048,0,
SYNC-ACCT-043-CRM-20260324,2026-03-24,ACCT-043,CRM,Production,SUCCESS,200,850,845,5,1103,0,
SYNC-ACCT-043-CRM-20260327,2026-03-27,ACCT-043,CRM,Production,SUCCESS,200,1148,1147,1,1623,0,
SYNC-ACCT-043-CRM-20260330,2026-03-30,ACCT-043,CRM,Production,SUCCESS,200,952,948,4,1564,0,
SYNC-ACCT-043-CRM-20260402,2026-04-02,ACCT-043,CRM,Production,SUCCESS,200,1124,1124,0,1307,0,
SYNC-ACCT-043-CRM-20260405,2026-04-05,ACCT-043,CRM,Production,SUCCESS,200,802,801,1,2813,0,
SYNC-ACCT-043-CRM-20260408,2026-04-08,ACCT-043,CRM,Production,SUCCESS,200,1006,1001,5,3312,0,
SYNC-ACCT-043-CRM-20260411,2026-04-11,ACCT-043,CRM,Production,SUCCESS,200,1318,1316,2,3380,0,
SYNC-ACCT-043-CRM-20260414,2026-04-14,ACCT-043,CRM,Production,SUCCESS,200,1154,1151,3,657,0,
SYNC-ACCT-043-CRM-20260417,2026-04-17,ACCT-043,CRM,Production,SUCCESS,200,1252,1247,5,1390,0,
SYNC-ACCT-043-CRM-20260420,2026-04-20,ACCT-043,CRM,Production,SUCCESS,200,1611,1610,1,2333,0,
SYNC-ACCT-043-CRM-20260423,2026-04-23,ACCT-043,CRM,Production,SUCCESS,200,886,883,3,2730,0,
SYNC-ACCT-043-CRM-20260426,2026-04-26,ACCT-043,CRM,Production,SUCCESS,200,1527,1524,3,1716,0,
SYNC-ACCT-043-CRM-20260429,2026-04-29,ACCT-043,CRM,Production,SUCCESS,200,1040,1039,1,1993,0,
SYNC-ACCT-043-CRM-20260502,2026-05-02,ACCT-043,CRM,Production,SUCCESS,200,1260,1251,9,2090,0,
SYNC-ACCT-043-CRM-20260505,2026-05-05,ACCT-043,CRM,Production,SUCCESS,200,733,727,6,707,0,
SYNC-ACCT-043-CRM-20260508,2026-05-08,ACCT-043,CRM,Production,SUCCESS,200,907,907,0,752,0,
SYNC-ACCT-043-CRM-20260511,2026-05-11,ACCT-043,CRM,Production,SUCCESS,200,899,892,7,2610,0,
SYNC-ACCT-043-CRM-20260514,2026-05-14,ACCT-043,CRM,Production,SUCCESS,200,1414,1404,10,1574,0,
SYNC-ACCT-043-CRM-20260517,2026-05-17,ACCT-043,CRM,Production,SUCCESS,200,855,855,0,2595,0,
SYNC-ACCT-043-CRM-20260520,2026-05-20,ACCT-043,CRM,Production,SUCCESS,200,1411,1411,0,3050,0,
SYNC-ACCT-043-CRM-20260523,2026-05-23,ACCT-043,CRM,Production,SUCCESS,200,1533,1526,7,2373,0,
SYNC-ACCT-043-CRM-20260526,2026-05-26,ACCT-043,CRM,Production,SUCCESS,200,1497,1487,10,2967,0,
SYNC-ACCT-043-CRM-20260529,2026-05-29,ACCT-043,CRM,Production,SUCCESS,200,1391,1383,8,2432,0,
SYNC-ACCT-043-CRM-20260601,2026-06-01,ACCT-043,CRM,Production,SUCCESS,200,798,792,6,2891,0,
SYNC-ACCT-043-CRM-20260604,2026-06-04,ACCT-043,CRM,Production,SUCCESS,200,1488,1479,9,572,0,
SYNC-ACCT-043-CRM-20260607,2026-06-07,ACCT-043,CRM,Production,SUCCESS,200,1060,1057,3,1210,0,
SYNC-ACCT-043-CRM-20260610,2026-06-10,ACCT-043,CRM,Production,SUCCESS,200,1495,1490,5,3016,0,
SYNC-ACCT-043-CRM-20260613,2026-06-13,ACCT-043,CRM,Production,SUCCESS,200,1564,1551,13,1078,0,
SYNC-ACCT-043-CRM-20260616,2026-06-16,ACCT-043,CRM,Production,SUCCESS,200,1353,1347,6,967,0,
SYNC-ACCT-043-CRM-20260619,2026-06-19,ACCT-043,CRM,Production,SUCCESS,200,1650,1645,5,1121,0,
SYNC-ACCT-043-CRM-20260622,2026-06-22,ACCT-043,CRM,Production,SUCCESS,200,1644,1634,10,1495,0,
SYNC-ACCT-043-CRM-20260625,2026-06-25,ACCT-043,CRM,Production,SUCCESS,200,1179,1172,7,1400,0,
SYNC-ACCT-043-CRM-20260628,2026-06-28,ACCT-043,CRM,Production,SUCCESS,200,1391,1381,10,772,0,
SYNC-ACCT-043-BILLING-20260312,2026-03-12,ACCT-043,BILLING,Production,SUCCESS,200,959,958,1,2716,0,
SYNC-ACCT-043-BILLING-20260315,2026-03-15,ACCT-043,BILLING,Production,SUCCESS,200,1256,1249,7,2339,0,
SYNC-ACCT-043-BILLING-20260318,2026-03-18,ACCT-043,BILLING,Production,SUCCESS,200,1243,1235,8,2395,0,
SYNC-ACCT-043-BILLING-20260321,2026-03-21,ACCT-043,BILLING,Production,SUCCESS,200,1021,1015,6,1777,0,
SYNC-ACCT-043-BILLING-20260324,2026-03-24,ACCT-043,BILLING,Production,SUCCESS,200,962,954,8,2287,0,
SYNC-ACCT-043-BILLING-20260327,2026-03-27,ACCT-043,BILLING,Production,SUCCESS,200,1050,1049,1,2448,0,
SYNC-ACCT-043-BILLING-20260330,2026-03-30,ACCT-043,BILLING,Production,SUCCESS,200,1146,1145,1,2335,0,
SYNC-ACCT-043-BILLING-20260402,2026-04-02,ACCT-043,BILLING,Production,SUCCESS,200,1530,1526,4,2212,0,
SYNC-ACCT-043-BILLING-20260405,2026-04-05,ACCT-043,BILLING,Production,SUCCESS,200,1637,1625,12,2143,0,
SYNC-ACCT-043-BILLING-20260408,2026-04-08,ACCT-043,BILLING,Production,SUCCESS,200,885,879,6,3358,0,
SYNC-ACCT-043-BILLING-20260411,2026-04-11,ACCT-043,BILLING,Production,SUCCESS,200,960,954,6,1933,0,
SYNC-ACCT-043-BILLING-20260414,2026-04-14,ACCT-043,BILLING,Production,SUCCESS,200,1257,1256,1,1189,0,
SYNC-ACCT-043-BILLING-20260417,2026-04-17,ACCT-043,BILLING,Production,SUCCESS,200,957,957,0,3387,0,
SYNC-ACCT-043-BILLING-20260420,2026-04-20,ACCT-043,BILLING,Production,SUCCESS,200,1637,1632,5,1188,0,
SYNC-ACCT-043-BILLING-20260423,2026-04-23,ACCT-043,BILLING,Production,SUCCESS,200,1512,1510,2,1313,0,
SYNC-ACCT-043-BILLING-20260426,2026-04-26,ACCT-043,BILLING,Production,SUCCESS,200,1332,1331,1,2919,0,
SYNC-ACCT-043-BILLING-20260429,2026-04-29,ACCT-043,BILLING,Production,SUCCESS,200,1647,1635,12,2145,0,
SYNC-ACCT-043-BILLING-20260502,2026-05-02,ACCT-043,BILLING,Production,SUCCESS,200,1323,1318,5,842,0,
SYNC-ACCT-043-BILLING-20260505,2026-05-05,ACCT-043,BILLING,Production,FAILED,503,1635,0,1635,1529,2,UPSTREAM_UNAVAILABLE
SYNC-ACCT-043-BILLING-20260508,2026-05-08,ACCT-043,BILLING,Production,SUCCESS,200,1628,1616,12,1671,0,
SYNC-ACCT-043-BILLING-20260511,2026-05-11,ACCT-043,BILLING,Production,SUCCESS,200,1418,1411,7,604,0,
SYNC-ACCT-043-BILLING-20260514,2026-05-14,ACCT-043,BILLING,Production,SUCCESS,200,1154,1150,4,792,0,
SYNC-ACCT-043-BILLING-20260517,2026-05-17,ACCT-043,BILLING,Production,SUCCESS,200,1455,1444,11,786,0,
SYNC-ACCT-043-BILLING-20260520,2026-05-20,ACCT-043,BILLING,Production,SUCCESS,200,1326,1315,11,910,0,
SYNC-ACCT-043-BILLING-20260523,2026-05-23,ACCT-043,BILLING,Production,FAILED,503,1066,0,1066,2014,2,UPSTREAM_UNAVAILABLE
SYNC-ACCT-043-BILLING-20260526,2026-05-26,ACCT-043,BILLING,Production,SUCCESS,200,1179,1175,4,2720,0,
SYNC-ACCT-043-BILLING-20260529,2026-05-29,ACCT-043,BILLING,Production,SUCCESS,200,1298,1298,0,2185,0,
SYNC-ACCT-043-BILLING-20260601,2026-06-01,ACCT-043,BILLING,Production,SUCCESS,200,736,735,1,3138,0,
SYNC-ACCT-043-BILLING-20260604,2026-06-04,ACCT-043,BILLING,Production,SUCCESS,200,1467,1464,3,623,0,
SYNC-ACCT-043-BILLING-20260607,2026-06-07,ACCT-043,BILLING,Production,SUCCESS,200,1451,1440,11,1244,0,
SYNC-ACCT-043-BILLING-20260610,2026-06-10,ACCT-043,BILLING,Production,SUCCESS,200,926,919,7,2835,0,
SYNC-ACCT-043-BILLING-20260613,2026-06-13,ACCT-043,BILLING,Production,SUCCESS,200,1582,1574,8,1673,0,
SYNC-ACCT-043-BILLING-20260616,2026-06-16,ACCT-043,BILLING,Production,SUCCESS,200,805,803,2,2995,0,
SYNC-ACCT-043-BILLING-20260619,2026-06-19,ACCT-043,BILLING,Production,SUCCESS,200,916,913,3,3394,0,
SYNC-ACCT-043-BILLING-20260622,2026-06-22,ACCT-043,BILLING,Production,SUCCESS,200,1292,1285,7,1347,0,
SYNC-ACCT-043-BILLING-20260625,2026-06-25,ACCT-043,BILLING,Production,SUCCESS,200,1285,1281,4,3320,0,
SYNC-ACCT-043-BILLING-20260628,2026-06-28,ACCT-043,BILLING,Production,SUCCESS,200,1550,1543,7,732,0,
SYNC-ACCT-044-CRM-20260318,2026-03-18,ACCT-044,CRM,Production,SUCCESS,200,1251,1244,7,3017,0,
SYNC-ACCT-044-CRM-20260321,2026-03-21,ACCT-044,CRM,Production,SUCCESS,200,941,934,7,3055,0,
SYNC-ACCT-044-CRM-20260324,2026-03-24,ACCT-044,CRM,Production,SUCCESS,200,1343,1343,0,2700,0,
SYNC-ACCT-044-CRM-20260327,2026-03-27,ACCT-044,CRM,Production,SUCCESS,200,1256,1249,7,2016,0,
SYNC-ACCT-044-CRM-20260330,2026-03-30,ACCT-044,CRM,Production,SUCCESS,200,993,987,6,1618,0,
SYNC-ACCT-044-CRM-20260402,2026-04-02,ACCT-044,CRM,Production,SUCCESS,200,1159,1150,9,899,0,
SYNC-ACCT-044-CRM-20260405,2026-04-05,ACCT-044,CRM,Production,SUCCESS,200,1281,1275,6,584,0,
SYNC-ACCT-044-CRM-20260408,2026-04-08,ACCT-044,CRM,Production,SUCCESS,200,828,825,3,1275,0,
SYNC-ACCT-044-CRM-20260411,2026-04-11,ACCT-044,CRM,Production,SUCCESS,200,1637,1632,5,722,0,
SYNC-ACCT-044-CRM-20260414,2026-04-14,ACCT-044,CRM,Production,SUCCESS,200,723,718,5,1483,0,
SYNC-ACCT-044-CRM-20260417,2026-04-17,ACCT-044,CRM,Production,SUCCESS,200,1208,1199,9,1393,0,
SYNC-ACCT-044-CRM-20260420,2026-04-20,ACCT-044,CRM,Production,SUCCESS,200,1310,1306,4,1495,0,
SYNC-ACCT-044-CRM-20260423,2026-04-23,ACCT-044,CRM,Production,SUCCESS,200,770,768,2,2575,0,
SYNC-ACCT-044-CRM-20260426,2026-04-26,ACCT-044,CRM,Production,SUCCESS,200,1636,1628,8,711,0,
SYNC-ACCT-044-CRM-20260429,2026-04-29,ACCT-044,CRM,Production,SUCCESS,200,1412,1409,3,2610,0,
SYNC-ACCT-044-CRM-20260502,2026-05-02,ACCT-044,CRM,Production,SUCCESS,200,1131,1128,3,2541,0,
SYNC-ACCT-044-CRM-20260505,2026-05-05,ACCT-044,CRM,Production,SUCCESS,200,845,843,2,1834,0,
SYNC-ACCT-044-CRM-20260508,2026-05-08,ACCT-044,CRM,Production,SUCCESS,200,1497,1486,11,993,0,
SYNC-ACCT-044-CRM-20260511,2026-05-11,ACCT-044,CRM,Production,SUCCESS,200,922,915,7,2838,0,
SYNC-ACCT-044-CRM-20260514,2026-05-14,ACCT-044,CRM,Production,SUCCESS,200,744,744,0,1701,0,
SYNC-ACCT-044-CRM-20260517,2026-05-17,ACCT-044,CRM,Production,SUCCESS,200,1259,1253,6,679,0,
SYNC-ACCT-044-CRM-20260520,2026-05-20,ACCT-044,CRM,Production,SUCCESS,200,822,816,6,811,0,
SYNC-ACCT-044-CRM-20260523,2026-05-23,ACCT-044,CRM,Production,SUCCESS,200,1113,1111,2,742,0,
SYNC-ACCT-044-CRM-20260526,2026-05-26,ACCT-044,CRM,Production,SUCCESS,200,1250,1250,0,508,0,
SYNC-ACCT-044-CRM-20260529,2026-05-29,ACCT-044,CRM,Production,SUCCESS,200,1226,1220,6,972,0,
SYNC-ACCT-044-CRM-20260601,2026-06-01,ACCT-044,CRM,Production,SUCCESS,200,1404,1396,8,2979,0,
SYNC-ACCT-044-CRM-20260604,2026-06-04,ACCT-044,CRM,Production,SUCCESS,200,1428,1419,9,1043,0,
SYNC-ACCT-044-CRM-20260607,2026-06-07,ACCT-044,CRM,Production,SUCCESS,200,1196,1187,9,1754,0,
SYNC-ACCT-044-CRM-20260610,2026-06-10,ACCT-044,CRM,Production,SUCCESS,200,1528,1523,5,2867,0,
SYNC-ACCT-044-CRM-20260613,2026-06-13,ACCT-044,CRM,Production,SUCCESS,200,1214,1212,2,3288,0,
SYNC-ACCT-044-CRM-20260616,2026-06-16,ACCT-044,CRM,Production,SUCCESS,200,911,904,7,2646,0,
SYNC-ACCT-044-CRM-20260619,2026-06-19,ACCT-044,CRM,Production,SUCCESS,200,1397,1386,11,583,0,
SYNC-ACCT-044-CRM-20260622,2026-06-22,ACCT-044,CRM,Production,SUCCESS,200,1496,1486,10,2306,0,
SYNC-ACCT-044-CRM-20260625,2026-06-25,ACCT-044,CRM,Production,SUCCESS,200,1306,1296,10,1402,0,
SYNC-ACCT-044-CRM-20260628,2026-06-28,ACCT-044,CRM,Production,SUCCESS,200,1285,1284,1,1519,0,
SYNC-ACCT-044-BILLING-20260318,2026-03-18,ACCT-044,BILLING,Production,SUCCESS,200,1200,1199,1,698,0,
SYNC-ACCT-044-BILLING-20260321,2026-03-21,ACCT-044,BILLING,Production,SUCCESS,200,1369,1358,11,2418,0,
SYNC-ACCT-044-BILLING-20260324,2026-03-24,ACCT-044,BILLING,Production,SUCCESS,200,897,892,5,2340,0,
SYNC-ACCT-044-BILLING-20260327,2026-03-27,ACCT-044,BILLING,Production,SUCCESS,200,1201,1193,8,2534,0,
SYNC-ACCT-044-BILLING-20260330,2026-03-30,ACCT-044,BILLING,Production,SUCCESS,200,904,900,4,1490,0,
SYNC-ACCT-044-BILLING-20260402,2026-04-02,ACCT-044,BILLING,Production,SUCCESS,200,736,730,6,2283,0,
SYNC-ACCT-044-BILLING-20260405,2026-04-05,ACCT-044,BILLING,Production,SUCCESS,200,1132,1131,1,1237,0,
SYNC-ACCT-044-BILLING-20260408,2026-04-08,ACCT-044,BILLING,Production,SUCCESS,200,1257,1250,7,3268,0,
SYNC-ACCT-044-BILLING-20260411,2026-04-11,ACCT-044,BILLING,Production,SUCCESS,200,1599,1599,0,3328,0,
SYNC-ACCT-044-BILLING-20260414,2026-04-14,ACCT-044,BILLING,Production,SUCCESS,200,1030,1024,6,2380,0,
SYNC-ACCT-044-BILLING-20260417,2026-04-17,ACCT-044,BILLING,Production,SUCCESS,200,1031,1030,1,1562,0,
SYNC-ACCT-044-BILLING-20260420,2026-04-20,ACCT-044,BILLING,Production,SUCCESS,200,1281,1273,8,3304,0,
SYNC-ACCT-044-BILLING-20260423,2026-04-23,ACCT-044,BILLING,Production,SUCCESS,200,1462,1455,7,1227,0,
SYNC-ACCT-044-BILLING-20260426,2026-04-26,ACCT-044,BILLING,Production,SUCCESS,200,1022,1020,2,2639,0,
SYNC-ACCT-044-BILLING-20260429,2026-04-29,ACCT-044,BILLING,Production,SUCCESS,200,1351,1349,2,2531,0,
SYNC-ACCT-044-BILLING-20260502,2026-05-02,ACCT-044,BILLING,Production,SUCCESS,200,1166,1159,7,3140,0,
SYNC-ACCT-044-BILLING-20260505,2026-05-05,ACCT-044,BILLING,Production,FAILED,422,927,705,222,2716,0,SCHEMA_FIELD_CHANGED
SYNC-ACCT-044-BILLING-20260508,2026-05-08,ACCT-044,BILLING,Production,FAILED,422,1671,1270,401,787,0,SCHEMA_FIELD_CHANGED
SYNC-ACCT-044-BILLING-20260511,2026-05-11,ACCT-044,BILLING,Production,FAILED,422,1631,1240,391,604,0,SCHEMA_FIELD_CHANGED
SYNC-ACCT-044-BILLING-20260514,2026-05-14,ACCT-044,BILLING,Production,SUCCESS,200,1377,1367,10,519,0,
SYNC-ACCT-044-BILLING-20260517,2026-05-17,ACCT-044,BILLING,Production,SUCCESS,200,1510,1510,0,1300,0,
SYNC-ACCT-044-BILLING-20260520,2026-05-20,ACCT-044,BILLING,Production,SUCCESS,200,1200,1192,8,1391,0,
SYNC-ACCT-044-BILLING-20260523,2026-05-23,ACCT-044,BILLING,Production,SUCCESS,200,752,748,4,1754,0,
SYNC-ACCT-044-BILLING-20260526,2026-05-26,ACCT-044,BILLING,Production,SUCCESS,200,789,784,5,2597,0,
SYNC-ACCT-044-BILLING-20260529,2026-05-29,ACCT-044,BILLING,Production,SUCCESS,200,1012,1007,5,2079,0,
SYNC-ACCT-044-BILLING-20260601,2026-06-01,ACCT-044,BILLING,Production,SUCCESS,200,1492,1487,5,1085,0,
SYNC-ACCT-044-BILLING-20260604,2026-06-04,ACCT-044,BILLING,Production,SUCCESS,200,1239,1235,4,2059,0,
SYNC-ACCT-044-BILLING-20260607,2026-06-07,ACCT-044,BILLING,Production,SUCCESS,200,1356,1345,11,1186,0,
SYNC-ACCT-044-BILLING-20260610,2026-06-10,ACCT-044,BILLING,Production,SUCCESS,200,944,942,2,3398,0,
SYNC-ACCT-044-BILLING-20260613,2026-06-13,ACCT-044,BILLING,Production,SUCCESS,200,1363,1363,0,1107,0,
SYNC-ACCT-044-BILLING-20260616,2026-06-16,ACCT-044,BILLING,Production,SUCCESS,200,970,967,3,1174,0,
SYNC-ACCT-044-BILLING-20260619,2026-06-19,ACCT-044,BILLING,Production,SUCCESS,200,1525,1515,10,1644,0,
SYNC-ACCT-044-BILLING-20260622,2026-06-22,ACCT-044,BILLING,Production,SUCCESS,200,1092,1083,9,3379,0,
SYNC-ACCT-044-BILLING-20260625,2026-06-25,ACCT-044,BILLING,Production,SUCCESS,200,1662,1660,2,3237,0,
SYNC-ACCT-044-BILLING-20260628,2026-06-28,ACCT-044,BILLING,Production,SUCCESS,200,1440,1436,4,2696,0,
SYNC-ACCT-045-CRM-20260321,2026-03-21,ACCT-045,CRM,Production,SUCCESS,200,754,752,2,1567,0,
SYNC-ACCT-045-CRM-20260324,2026-03-24,ACCT-045,CRM,Production,SUCCESS,200,942,938,4,2316,0,
SYNC-ACCT-045-CRM-20260327,2026-03-27,ACCT-045,CRM,Production,SUCCESS,200,932,931,1,2103,0,
SYNC-ACCT-045-CRM-20260330,2026-03-30,ACCT-045,CRM,Production,SUCCESS,200,1316,1308,8,715,0,
SYNC-ACCT-045-CRM-20260402,2026-04-02,ACCT-045,CRM,Production,SUCCESS,200,1625,1622,3,2914,0,
SYNC-ACCT-045-CRM-20260405,2026-04-05,ACCT-045,CRM,Production,SUCCESS,200,1177,1170,7,3255,0,
SYNC-ACCT-045-CRM-20260408,2026-04-08,ACCT-045,CRM,Production,SUCCESS,200,1319,1315,4,664,0,
SYNC-ACCT-045-CRM-20260411,2026-04-11,ACCT-045,CRM,Production,SUCCESS,200,806,806,0,1716,0,
SYNC-ACCT-045-CRM-20260414,2026-04-14,ACCT-045,CRM,Production,SUCCESS,200,769,769,0,1529,0,
SYNC-ACCT-045-CRM-20260417,2026-04-17,ACCT-045,CRM,Production,SUCCESS,200,1255,1246,9,1932,0,
SYNC-ACCT-045-CRM-20260420,2026-04-20,ACCT-045,CRM,Production,SUCCESS,200,995,990,5,989,0,
SYNC-ACCT-045-CRM-20260423,2026-04-23,ACCT-045,CRM,Production,SUCCESS,200,1597,1589,8,3245,0,
SYNC-ACCT-045-CRM-20260426,2026-04-26,ACCT-045,CRM,Production,SUCCESS,200,1670,1662,8,2298,0,
SYNC-ACCT-045-CRM-20260429,2026-04-29,ACCT-045,CRM,Production,SUCCESS,200,760,758,2,1656,0,
SYNC-ACCT-045-CRM-20260502,2026-05-02,ACCT-045,CRM,Production,SUCCESS,200,1361,1352,9,2609,0,
SYNC-ACCT-045-CRM-20260505,2026-05-05,ACCT-045,CRM,Production,SUCCESS,200,1112,1105,7,3325,0,
SYNC-ACCT-045-CRM-20260508,2026-05-08,ACCT-045,CRM,Production,SUCCESS,200,1020,1017,3,2452,0,
SYNC-ACCT-045-CRM-20260511,2026-05-11,ACCT-045,CRM,Production,SUCCESS,200,920,915,5,1023,0,
SYNC-ACCT-045-CRM-20260514,2026-05-14,ACCT-045,CRM,Production,SUCCESS,200,986,980,6,1693,0,
SYNC-ACCT-045-CRM-20260517,2026-05-17,ACCT-045,CRM,Production,FAILED,503,786,0,786,1473,2,UPSTREAM_UNAVAILABLE
SYNC-ACCT-045-CRM-20260520,2026-05-20,ACCT-045,CRM,Production,SUCCESS,200,921,914,7,2206,0,
SYNC-ACCT-045-CRM-20260523,2026-05-23,ACCT-045,CRM,Production,SUCCESS,200,1480,1469,11,2215,0,
SYNC-ACCT-045-CRM-20260526,2026-05-26,ACCT-045,CRM,Production,SUCCESS,200,1609,1603,6,1208,0,
SYNC-ACCT-045-CRM-20260529,2026-05-29,ACCT-045,CRM,Production,SUCCESS,200,1317,1306,11,2319,0,
SYNC-ACCT-045-CRM-20260601,2026-06-01,ACCT-045,CRM,Production,SUCCESS,200,741,737,4,1223,0,
SYNC-ACCT-045-CRM-20260604,2026-06-04,ACCT-045,CRM,Production,SUCCESS,200,1278,1275,3,2841,0,
SYNC-ACCT-045-CRM-20260607,2026-06-07,ACCT-045,CRM,Production,SUCCESS,200,1524,1518,6,1021,0,
SYNC-ACCT-045-CRM-20260610,2026-06-10,ACCT-045,CRM,Production,SUCCESS,200,1324,1315,9,793,0,
SYNC-ACCT-045-CRM-20260613,2026-06-13,ACCT-045,CRM,Production,SUCCESS,200,1138,1130,8,1734,0,
SYNC-ACCT-045-CRM-20260616,2026-06-16,ACCT-045,CRM,Production,SUCCESS,200,736,733,3,2515,0,
SYNC-ACCT-045-CRM-20260619,2026-06-19,ACCT-045,CRM,Production,SUCCESS,200,940,938,2,2597,0,
SYNC-ACCT-045-CRM-20260622,2026-06-22,ACCT-045,CRM,Production,SUCCESS,200,922,916,6,1955,0,
SYNC-ACCT-045-CRM-20260625,2026-06-25,ACCT-045,CRM,Production,SUCCESS,200,985,978,7,2468,0,
SYNC-ACCT-045-CRM-20260628,2026-06-28,ACCT-045,CRM,Production,SUCCESS,200,729,723,6,2940,0,
SYNC-ACCT-045-BILLING-20260321,2026-03-21,ACCT-045,BILLING,Production,SUCCESS,200,1157,1152,5,2127,0,
SYNC-ACCT-045-BILLING-20260324,2026-03-24,ACCT-045,BILLING,Production,SUCCESS,200,1533,1531,2,1226,0,
SYNC-ACCT-045-BILLING-20260327,2026-03-27,ACCT-045,BILLING,Production,SUCCESS,200,1240,1235,5,983,0,
SYNC-ACCT-045-BILLING-20260330,2026-03-30,ACCT-045,BILLING,Production,SUCCESS,200,1537,1527,10,611,0,
SYNC-ACCT-045-BILLING-20260402,2026-04-02,ACCT-045,BILLING,Production,SUCCESS,200,1485,1477,8,3267,0,
SYNC-ACCT-045-BILLING-20260405,2026-04-05,ACCT-045,BILLING,Production,SUCCESS,200,1100,1093,7,3355,0,
SYNC-ACCT-045-BILLING-20260408,2026-04-08,ACCT-045,BILLING,Production,SUCCESS,200,851,845,6,1799,0,
SYNC-ACCT-045-BILLING-20260411,2026-04-11,ACCT-045,BILLING,Production,SUCCESS,200,1110,1105,5,980,0,
SYNC-ACCT-045-BILLING-20260414,2026-04-14,ACCT-045,BILLING,Production,SUCCESS,200,1077,1073,4,869,0,
SYNC-ACCT-045-BILLING-20260417,2026-04-17,ACCT-045,BILLING,Production,SUCCESS,200,1085,1083,2,3344,0,
SYNC-ACCT-045-BILLING-20260420,2026-04-20,ACCT-045,BILLING,Production,SUCCESS,200,1237,1237,0,1292,0,
SYNC-ACCT-045-BILLING-20260423,2026-04-23,ACCT-045,BILLING,Production,SUCCESS,200,1541,1535,6,2961,0,
SYNC-ACCT-045-BILLING-20260426,2026-04-26,ACCT-045,BILLING,Production,SUCCESS,200,1547,1540,7,2074,0,
SYNC-ACCT-045-BILLING-20260429,2026-04-29,ACCT-045,BILLING,Production,SUCCESS,200,1046,1043,3,1610,0,
SYNC-ACCT-045-BILLING-20260502,2026-05-02,ACCT-045,BILLING,Production,SUCCESS,200,1118,1109,9,2859,0,
SYNC-ACCT-045-BILLING-20260505,2026-05-05,ACCT-045,BILLING,Production,SUCCESS,200,1027,1024,3,2424,0,
SYNC-ACCT-045-BILLING-20260508,2026-05-08,ACCT-045,BILLING,Production,SUCCESS,200,1262,1255,7,710,0,
SYNC-ACCT-045-BILLING-20260511,2026-05-11,ACCT-045,BILLING,Production,SUCCESS,200,1000,996,4,2654,0,
SYNC-ACCT-045-BILLING-20260514,2026-05-14,ACCT-045,BILLING,Production,SUCCESS,200,1200,1194,6,1410,0,
SYNC-ACCT-045-BILLING-20260517,2026-05-17,ACCT-045,BILLING,Production,SUCCESS,200,1002,997,5,980,0,
SYNC-ACCT-045-BILLING-20260520,2026-05-20,ACCT-045,BILLING,Production,SUCCESS,200,1633,1631,2,2234,0,
SYNC-ACCT-045-BILLING-20260523,2026-05-23,ACCT-045,BILLING,Production,SUCCESS,200,1003,998,5,3078,0,
SYNC-ACCT-045-BILLING-20260526,2026-05-26,ACCT-045,BILLING,Production,SUCCESS,200,933,926,7,2542,0,
SYNC-ACCT-045-BILLING-20260529,2026-05-29,ACCT-045,BILLING,Production,SUCCESS,200,733,729,4,1447,0,
SYNC-ACCT-045-BILLING-20260601,2026-06-01,ACCT-045,BILLING,Production,SUCCESS,200,1223,1219,4,2052,0,
SYNC-ACCT-045-BILLING-20260604,2026-06-04,ACCT-045,BILLING,Production,SUCCESS,200,1629,1624,5,770,0,
SYNC-ACCT-045-BILLING-20260607,2026-06-07,ACCT-045,BILLING,Production,SUCCESS,200,1409,1398,11,679,0,
SYNC-ACCT-045-BILLING-20260610,2026-06-10,ACCT-045,BILLING,Production,SUCCESS,200,1148,1144,4,2523,0,
SYNC-ACCT-045-BILLING-20260613,2026-06-13,ACCT-045,BILLING,Production,SUCCESS,200,900,895,5,1431,0,
SYNC-ACCT-045-BILLING-20260616,2026-06-16,ACCT-045,BILLING,Production,SUCCESS,200,1511,1510,1,3111,0,
SYNC-ACCT-045-BILLING-20260619,2026-06-19,ACCT-045,BILLING,Production,SUCCESS,200,1076,1069,7,533,0,
SYNC-ACCT-045-BILLING-20260622,2026-06-22,ACCT-045,BILLING,Production,SUCCESS,200,723,721,2,1678,0,
SYNC-ACCT-045-BILLING-20260625,2026-06-25,ACCT-045,BILLING,Production,SUCCESS,200,1186,1186,0,1973,0,
SYNC-ACCT-045-BILLING-20260628,2026-06-28,ACCT-045,BILLING,Production,SUCCESS,200,1641,1639,2,2356,0,
SYNC-ACCT-045-PRODUCT-20260321,2026-03-21,ACCT-045,PRODUCT,Production,SUCCESS,200,1505,1501,4,2446,0,
SYNC-ACCT-045-PRODUCT-20260324,2026-03-24,ACCT-045,PRODUCT,Production,SUCCESS,200,1321,1318,3,2329,0,
SYNC-ACCT-045-PRODUCT-20260327,2026-03-27,ACCT-045,PRODUCT,Production,SUCCESS,200,1527,1517,10,3018,0,
SYNC-ACCT-045-PRODUCT-20260330,2026-03-30,ACCT-045,PRODUCT,Production,SUCCESS,200,934,934,0,1831,0,
SYNC-ACCT-045-PRODUCT-20260402,2026-04-02,ACCT-045,PRODUCT,Production,SUCCESS,200,1105,1103,2,3068,0,
SYNC-ACCT-045-PRODUCT-20260405,2026-04-05,ACCT-045,PRODUCT,Production,SUCCESS,200,1139,1135,4,2188,0,
SYNC-ACCT-045-PRODUCT-20260408,2026-04-08,ACCT-045,PRODUCT,Production,SUCCESS,200,929,925,4,1599,0,
SYNC-ACCT-045-PRODUCT-20260411,2026-04-11,ACCT-045,PRODUCT,Production,SUCCESS,200,1569,1561,8,683,0,
SYNC-ACCT-045-PRODUCT-20260414,2026-04-14,ACCT-045,PRODUCT,Production,SUCCESS,200,890,890,0,1865,0,
SYNC-ACCT-045-PRODUCT-20260417,2026-04-17,ACCT-045,PRODUCT,Production,SUCCESS,200,1023,1020,3,1583,0,
SYNC-ACCT-045-PRODUCT-20260420,2026-04-20,ACCT-045,PRODUCT,Production,SUCCESS,200,996,991,5,2636,0,
SYNC-ACCT-045-PRODUCT-20260423,2026-04-23,ACCT-045,PRODUCT,Production,SUCCESS,200,1199,1195,4,2270,0,
SYNC-ACCT-045-PRODUCT-20260426,2026-04-26,ACCT-045,PRODUCT,Production,SUCCESS,200,880,874,6,1841,0,
SYNC-ACCT-045-PRODUCT-20260429,2026-04-29,ACCT-045,PRODUCT,Production,SUCCESS,200,1331,1320,11,1214,0,
SYNC-ACCT-045-PRODUCT-20260502,2026-05-02,ACCT-045,PRODUCT,Production,SUCCESS,200,818,817,1,2631,0,
SYNC-ACCT-045-PRODUCT-20260505,2026-05-05,ACCT-045,PRODUCT,Production,FAILED,503,834,0,834,2520,2,UPSTREAM_UNAVAILABLE
SYNC-ACCT-045-PRODUCT-20260508,2026-05-08,ACCT-045,PRODUCT,Production,SUCCESS,200,975,975,0,3030,0,
SYNC-ACCT-045-PRODUCT-20260511,2026-05-11,ACCT-045,PRODUCT,Production,SUCCESS,200,1129,1128,1,535,0,
SYNC-ACCT-045-PRODUCT-20260514,2026-05-14,ACCT-045,PRODUCT,Production,SUCCESS,200,1413,1402,11,1372,0,
SYNC-ACCT-045-PRODUCT-20260517,2026-05-17,ACCT-045,PRODUCT,Production,SUCCESS,200,917,910,7,534,0,
SYNC-ACCT-045-PRODUCT-20260520,2026-05-20,ACCT-045,PRODUCT,Production,SUCCESS,200,1540,1529,11,3348,0,
SYNC-ACCT-045-PRODUCT-20260523,2026-05-23,ACCT-045,PRODUCT,Production,SUCCESS,200,854,847,7,2739,0,
SYNC-ACCT-045-PRODUCT-20260526,2026-05-26,ACCT-045,PRODUCT,Production,SUCCESS,200,1238,1238,0,2527,0,
SYNC-ACCT-045-PRODUCT-20260529,2026-05-29,ACCT-045,PRODUCT,Production,SUCCESS,200,1053,1049,4,2992,0,
SYNC-ACCT-045-PRODUCT-20260601,2026-06-01,ACCT-045,PRODUCT,Production,SUCCESS,200,1265,1255,10,2837,0,
SYNC-ACCT-045-PRODUCT-20260604,2026-06-04,ACCT-045,PRODUCT,Production,SUCCESS,200,966,965,1,1699,0,
SYNC-ACCT-045-PRODUCT-20260607,2026-06-07,ACCT-045,PRODUCT,Production,SUCCESS,200,1038,1033,5,2448,0,
SYNC-ACCT-045-PRODUCT-20260610,2026-06-10,ACCT-045,PRODUCT,Production,SUCCESS,200,1322,1313,9,1388,0,
SYNC-ACCT-045-PRODUCT-20260613,2026-06-13,ACCT-045,PRODUCT,Production,SUCCESS,200,770,770,0,1330,0,
SYNC-ACCT-045-PRODUCT-20260616,2026-06-16,ACCT-045,PRODUCT,Production,SUCCESS,200,1171,1163,8,901,0,
SYNC-ACCT-045-PRODUCT-20260619,2026-06-19,ACCT-045,PRODUCT,Production,SUCCESS,200,1528,1522,6,2877,0,
SYNC-ACCT-045-PRODUCT-20260622,2026-06-22,ACCT-045,PRODUCT,Production,SUCCESS,200,1001,997,4,2225,0,
SYNC-ACCT-045-PRODUCT-20260625,2026-06-25,ACCT-045,PRODUCT,Production,SUCCESS,200,1088,1088,0,3288,0,
SYNC-ACCT-045-PRODUCT-20260628,2026-06-28,ACCT-045,PRODUCT,Production,SUCCESS,200,1611,1603,8,2652,0,
SYNC-ACCT-045-WAREHOUSE-20260321,2026-03-21,ACCT-045,WAREHOUSE,Production,SUCCESS,200,1097,1095,2,3167,0,
SYNC-ACCT-045-WAREHOUSE-20260324,2026-03-24,ACCT-045,WAREHOUSE,Production,SUCCESS,200,1400,1390,10,2282,0,
SYNC-ACCT-045-WAREHOUSE-20260327,2026-03-27,ACCT-045,WAREHOUSE,Production,SUCCESS,200,1265,1256,9,3071,0,
SYNC-ACCT-045-WAREHOUSE-20260330,2026-03-30,ACCT-045,WAREHOUSE,Production,SUCCESS,200,1509,1498,11,3219,0,
SYNC-ACCT-045-WAREHOUSE-20260402,2026-04-02,ACCT-045,WAREHOUSE,Production,SUCCESS,200,1639,1628,11,725,0,
SYNC-ACCT-045-WAREHOUSE-20260405,2026-04-05,ACCT-045,WAREHOUSE,Production,SUCCESS,200,1009,1004,5,2767,0,
SYNC-ACCT-045-WAREHOUSE-20260408,2026-04-08,ACCT-045,WAREHOUSE,Production,SUCCESS,200,971,967,4,3135,0,
SYNC-ACCT-045-WAREHOUSE-20260411,2026-04-11,ACCT-045,WAREHOUSE,Production,SUCCESS,200,927,920,7,1054,0,
SYNC-ACCT-045-WAREHOUSE-20260414,2026-04-14,ACCT-045,WAREHOUSE,Production,SUCCESS,200,1085,1082,3,2302,0,
SYNC-ACCT-045-WAREHOUSE-20260417,2026-04-17,ACCT-045,WAREHOUSE,Production,SUCCESS,200,1040,1033,7,1681,0,
SYNC-ACCT-045-WAREHOUSE-20260420,2026-04-20,ACCT-045,WAREHOUSE,Production,SUCCESS,200,1343,1343,0,2241,0,
SYNC-ACCT-045-WAREHOUSE-20260423,2026-04-23,ACCT-045,WAREHOUSE,Production,SUCCESS,200,1179,1178,1,1042,0,
SYNC-ACCT-045-WAREHOUSE-20260426,2026-04-26,ACCT-045,WAREHOUSE,Production,SUCCESS,200,1608,1602,6,532,0,
SYNC-ACCT-045-WAREHOUSE-20260429,2026-04-29,ACCT-045,WAREHOUSE,Production,SUCCESS,200,1339,1330,9,1242,0,
SYNC-ACCT-045-WAREHOUSE-20260502,2026-05-02,ACCT-045,WAREHOUSE,Production,SUCCESS,200,1598,1596,2,2465,0,
SYNC-ACCT-045-WAREHOUSE-20260505,2026-05-05,ACCT-045,WAREHOUSE,Production,SUCCESS,200,917,916,1,814,0,
SYNC-ACCT-045-WAREHOUSE-20260508,2026-05-08,ACCT-045,WAREHOUSE,Production,SUCCESS,200,1661,1656,5,753,0,
SYNC-ACCT-045-WAREHOUSE-20260511,2026-05-11,ACCT-045,WAREHOUSE,Production,SUCCESS,200,770,764,6,2797,0,
SYNC-ACCT-045-WAREHOUSE-20260514,2026-05-14,ACCT-045,WAREHOUSE,Production,SUCCESS,200,1133,1126,7,1848,0,
SYNC-ACCT-045-WAREHOUSE-20260517,2026-05-17,ACCT-045,WAREHOUSE,Production,SUCCESS,200,1063,1062,1,3029,0,
SYNC-ACCT-045-WAREHOUSE-20260520,2026-05-20,ACCT-045,WAREHOUSE,Production,FAILED,429,852,0,852,11734,3,RATE_LIMITED
SYNC-ACCT-045-WAREHOUSE-20260523,2026-05-23,ACCT-045,WAREHOUSE,Production,FAILED,429,1055,0,1055,11675,3,RATE_LIMITED
SYNC-ACCT-045-WAREHOUSE-20260526,2026-05-26,ACCT-045,WAREHOUSE,Production,SUCCESS,200,1627,1625,2,1297,0,
SYNC-ACCT-045-WAREHOUSE-20260529,2026-05-29,ACCT-045,WAREHOUSE,Production,SUCCESS,200,1599,1594,5,2920,0,
SYNC-ACCT-045-WAREHOUSE-20260601,2026-06-01,ACCT-045,WAREHOUSE,Production,SUCCESS,200,1421,1419,2,2900,0,
SYNC-ACCT-045-WAREHOUSE-20260604,2026-06-04,ACCT-045,WAREHOUSE,Production,SUCCESS,200,1632,1630,2,3047,0,
SYNC-ACCT-045-WAREHOUSE-20260607,2026-06-07,ACCT-045,WAREHOUSE,Production,SUCCESS,200,1029,1029,0,758,0,
SYNC-ACCT-045-WAREHOUSE-20260610,2026-06-10,ACCT-045,WAREHOUSE,Production,SUCCESS,200,825,821,4,1155,0,
SYNC-ACCT-045-WAREHOUSE-20260613,2026-06-13,ACCT-045,WAREHOUSE,Production,SUCCESS,200,1607,1594,13,1601,0,
SYNC-ACCT-045-WAREHOUSE-20260616,2026-06-16,ACCT-045,WAREHOUSE,Production,SUCCESS,200,736,734,2,504,0,
SYNC-ACCT-045-WAREHOUSE-20260619,2026-06-19,ACCT-045,WAREHOUSE,Production,SUCCESS,200,1053,1046,7,765,0,
SYNC-ACCT-045-WAREHOUSE-20260622,2026-06-22,ACCT-045,WAREHOUSE,Production,SUCCESS,200,727,721,6,2043,0,
SYNC-ACCT-045-WAREHOUSE-20260625,2026-06-25,ACCT-045,WAREHOUSE,Production,SUCCESS,200,1079,1077,2,1567,0,
SYNC-ACCT-045-WAREHOUSE-20260628,2026-06-28,ACCT-045,WAREHOUSE,Production,SUCCESS,200,1373,1368,5,3323,0,
SYNC-ACCT-046-CRM-20260327,2026-03-27,ACCT-046,CRM,Production,SUCCESS,200,1169,1164,5,1183,0,
SYNC-ACCT-046-CRM-20260330,2026-03-30,ACCT-046,CRM,Production,SUCCESS,200,1324,1313,11,3310,0,
SYNC-ACCT-046-CRM-20260402,2026-04-02,ACCT-046,CRM,Production,SUCCESS,200,1407,1398,9,533,0,
SYNC-ACCT-046-CRM-20260405,2026-04-05,ACCT-046,CRM,Production,SUCCESS,200,1132,1129,3,1282,0,
SYNC-ACCT-046-CRM-20260408,2026-04-08,ACCT-046,CRM,Production,SUCCESS,200,739,737,2,2749,0,
SYNC-ACCT-046-CRM-20260411,2026-04-11,ACCT-046,CRM,Production,SUCCESS,200,765,761,4,1863,0,
SYNC-ACCT-046-CRM-20260414,2026-04-14,ACCT-046,CRM,Production,SUCCESS,200,780,778,2,815,0,
SYNC-ACCT-046-CRM-20260417,2026-04-17,ACCT-046,CRM,Production,SUCCESS,200,819,817,2,2770,0,
SYNC-ACCT-046-CRM-20260420,2026-04-20,ACCT-046,CRM,Production,SUCCESS,200,796,790,6,3045,0,
SYNC-ACCT-046-CRM-20260423,2026-04-23,ACCT-046,CRM,Production,SUCCESS,200,1274,1266,8,882,0,
SYNC-ACCT-046-CRM-20260426,2026-04-26,ACCT-046,CRM,Production,SUCCESS,200,810,805,5,1160,0,
SYNC-ACCT-046-CRM-20260429,2026-04-29,ACCT-046,CRM,Production,SUCCESS,200,1131,1126,5,1852,0,
SYNC-ACCT-046-CRM-20260502,2026-05-02,ACCT-046,CRM,Production,SUCCESS,200,733,730,3,995,0,
SYNC-ACCT-046-CRM-20260505,2026-05-05,ACCT-046,CRM,Production,SUCCESS,200,875,873,2,1486,0,
SYNC-ACCT-046-CRM-20260508,2026-05-08,ACCT-046,CRM,Production,SUCCESS,200,864,860,4,3222,0,
SYNC-ACCT-046-CRM-20260511,2026-05-11,ACCT-046,CRM,Production,SUCCESS,200,1262,1253,9,1263,0,
SYNC-ACCT-046-CRM-20260514,2026-05-14,ACCT-046,CRM,Production,SUCCESS,200,986,983,3,2439,0,
SYNC-ACCT-046-CRM-20260517,2026-05-17,ACCT-046,CRM,Production,SUCCESS,200,832,830,2,1061,0,
SYNC-ACCT-046-CRM-20260520,2026-05-20,ACCT-046,CRM,Production,SUCCESS,200,1182,1179,3,1210,0,
SYNC-ACCT-046-CRM-20260523,2026-05-23,ACCT-046,CRM,Production,SUCCESS,200,1534,1525,9,3205,0,
SYNC-ACCT-046-CRM-20260526,2026-05-26,ACCT-046,CRM,Production,SUCCESS,200,1676,1669,7,734,0,
SYNC-ACCT-046-CRM-20260529,2026-05-29,ACCT-046,CRM,Production,SUCCESS,200,1252,1247,5,798,0,
SYNC-ACCT-046-CRM-20260601,2026-06-01,ACCT-046,CRM,Production,SUCCESS,200,1401,1398,3,2348,0,
SYNC-ACCT-046-CRM-20260604,2026-06-04,ACCT-046,CRM,Production,SUCCESS,200,1460,1453,7,995,0,
SYNC-ACCT-046-CRM-20260607,2026-06-07,ACCT-046,CRM,Production,SUCCESS,200,1470,1460,10,1085,0,
SYNC-ACCT-046-CRM-20260610,2026-06-10,ACCT-046,CRM,Production,SUCCESS,200,1355,1351,4,3137,0,
SYNC-ACCT-046-CRM-20260613,2026-06-13,ACCT-046,CRM,Production,SUCCESS,200,1360,1354,6,1758,0,
SYNC-ACCT-046-CRM-20260616,2026-06-16,ACCT-046,CRM,Production,SUCCESS,200,1158,1154,4,2276,0,
SYNC-ACCT-046-CRM-20260619,2026-06-19,ACCT-046,CRM,Production,SUCCESS,200,1395,1386,9,1897,0,
SYNC-ACCT-046-CRM-20260622,2026-06-22,ACCT-046,CRM,Production,SUCCESS,200,1680,1679,1,1857,0,
SYNC-ACCT-046-CRM-20260625,2026-06-25,ACCT-046,CRM,Production,SUCCESS,200,1642,1635,7,1894,0,
SYNC-ACCT-046-CRM-20260628,2026-06-28,ACCT-046,CRM,Production,SUCCESS,200,876,873,3,2311,0,
SYNC-ACCT-046-BILLING-20260327,2026-03-27,ACCT-046,BILLING,Production,SUCCESS,200,1111,1102,9,1573,0,
SYNC-ACCT-046-BILLING-20260330,2026-03-30,ACCT-046,BILLING,Production,SUCCESS,200,1166,1164,2,3329,0,
SYNC-ACCT-046-BILLING-20260402,2026-04-02,ACCT-046,BILLING,Production,SUCCESS,200,1089,1089,0,589,0,
SYNC-ACCT-046-BILLING-20260405,2026-04-05,ACCT-046,BILLING,Production,SUCCESS,200,946,940,6,2939,0,
SYNC-ACCT-046-BILLING-20260408,2026-04-08,ACCT-046,BILLING,Production,SUCCESS,200,745,743,2,2991,0,
SYNC-ACCT-046-BILLING-20260411,2026-04-11,ACCT-046,BILLING,Production,SUCCESS,200,1415,1413,2,2969,0,
SYNC-ACCT-046-BILLING-20260414,2026-04-14,ACCT-046,BILLING,Production,SUCCESS,200,1204,1197,7,2905,0,
SYNC-ACCT-046-BILLING-20260417,2026-04-17,ACCT-046,BILLING,Production,SUCCESS,200,820,815,5,1523,0,
SYNC-ACCT-046-BILLING-20260420,2026-04-20,ACCT-046,BILLING,Production,SUCCESS,200,863,863,0,2830,0,
SYNC-ACCT-046-BILLING-20260423,2026-04-23,ACCT-046,BILLING,Production,SUCCESS,200,841,838,3,1652,0,
SYNC-ACCT-046-BILLING-20260426,2026-04-26,ACCT-046,BILLING,Production,SUCCESS,200,1649,1649,0,2017,0,
SYNC-ACCT-046-BILLING-20260429,2026-04-29,ACCT-046,BILLING,Production,SUCCESS,200,1278,1276,2,946,0,
SYNC-ACCT-046-BILLING-20260502,2026-05-02,ACCT-046,BILLING,Production,SUCCESS,200,1538,1536,2,2374,0,
SYNC-ACCT-046-BILLING-20260505,2026-05-05,ACCT-046,BILLING,Production,SUCCESS,200,722,722,0,2506,0,
SYNC-ACCT-046-BILLING-20260508,2026-05-08,ACCT-046,BILLING,Production,SUCCESS,200,807,804,3,2054,0,
SYNC-ACCT-046-BILLING-20260511,2026-05-11,ACCT-046,BILLING,Production,SUCCESS,200,1295,1286,9,832,0,
SYNC-ACCT-046-BILLING-20260514,2026-05-14,ACCT-046,BILLING,Production,SUCCESS,200,1648,1639,9,1993,0,
SYNC-ACCT-046-BILLING-20260517,2026-05-17,ACCT-046,BILLING,Production,SUCCESS,200,996,993,3,2101,0,
SYNC-ACCT-046-BILLING-20260520,2026-05-20,ACCT-046,BILLING,Production,SUCCESS,200,805,805,0,1644,0,
SYNC-ACCT-046-BILLING-20260523,2026-05-23,ACCT-046,BILLING,Production,SUCCESS,200,1370,1359,11,2290,0,
SYNC-ACCT-046-BILLING-20260526,2026-05-26,ACCT-046,BILLING,Production,SUCCESS,200,1238,1228,10,3192,0,
SYNC-ACCT-046-BILLING-20260529,2026-05-29,ACCT-046,BILLING,Production,SUCCESS,200,934,933,1,2943,0,
SYNC-ACCT-046-BILLING-20260601,2026-06-01,ACCT-046,BILLING,Production,SUCCESS,200,897,893,4,1385,0,
SYNC-ACCT-046-BILLING-20260604,2026-06-04,ACCT-046,BILLING,Production,SUCCESS,200,1470,1459,11,2903,0,
SYNC-ACCT-046-BILLING-20260607,2026-06-07,ACCT-046,BILLING,Production,SUCCESS,200,1664,1663,1,500,0,
SYNC-ACCT-046-BILLING-20260610,2026-06-10,ACCT-046,BILLING,Production,SUCCESS,200,889,888,1,1475,0,
SYNC-ACCT-046-BILLING-20260613,2026-06-13,ACCT-046,BILLING,Production,SUCCESS,200,1213,1210,3,2636,0,
SYNC-ACCT-046-BILLING-20260616,2026-06-16,ACCT-046,BILLING,Production,SUCCESS,200,1347,1341,6,1359,0,
SYNC-ACCT-046-BILLING-20260619,2026-06-19,ACCT-046,BILLING,Production,SUCCESS,200,742,741,1,1606,0,
SYNC-ACCT-046-BILLING-20260622,2026-06-22,ACCT-046,BILLING,Production,SUCCESS,200,933,926,7,2379,0,
SYNC-ACCT-046-BILLING-20260625,2026-06-25,ACCT-046,BILLING,Production,SUCCESS,200,1141,1132,9,1488,0,
SYNC-ACCT-046-BILLING-20260628,2026-06-28,ACCT-046,BILLING,Production,SUCCESS,200,1365,1365,0,2641,0,
SYNC-ACCT-047-CRM-20260402,2026-04-02,ACCT-047,CRM,Production,SUCCESS,200,865,861,4,920,0,
SYNC-ACCT-047-CRM-20260405,2026-04-05,ACCT-047,CRM,Production,SUCCESS,200,961,953,8,860,0,
SYNC-ACCT-047-CRM-20260408,2026-04-08,ACCT-047,CRM,Production,SUCCESS,200,783,782,1,1453,0,
SYNC-ACCT-047-CRM-20260411,2026-04-11,ACCT-047,CRM,Production,SUCCESS,200,1128,1123,5,3144,0,
SYNC-ACCT-047-CRM-20260414,2026-04-14,ACCT-047,CRM,Production,SUCCESS,200,1529,1527,2,2614,0,
SYNC-ACCT-047-CRM-20260417,2026-04-17,ACCT-047,CRM,Production,SUCCESS,200,1190,1181,9,2739,0,
SYNC-ACCT-047-CRM-20260420,2026-04-20,ACCT-047,CRM,Production,SUCCESS,200,1226,1223,3,2879,0,
SYNC-ACCT-047-CRM-20260423,2026-04-23,ACCT-047,CRM,Production,SUCCESS,200,1551,1551,0,2188,0,
SYNC-ACCT-047-CRM-20260426,2026-04-26,ACCT-047,CRM,Production,SUCCESS,200,740,740,0,2971,0,
SYNC-ACCT-047-CRM-20260429,2026-04-29,ACCT-047,CRM,Production,SUCCESS,200,1279,1279,0,759,0,
SYNC-ACCT-047-CRM-20260502,2026-05-02,ACCT-047,CRM,Production,SUCCESS,200,956,951,5,2557,0,
SYNC-ACCT-047-CRM-20260505,2026-05-05,ACCT-047,CRM,Production,SUCCESS,200,1412,1404,8,1050,0,
SYNC-ACCT-047-CRM-20260508,2026-05-08,ACCT-047,CRM,Production,SUCCESS,200,1265,1259,6,1163,0,
SYNC-ACCT-047-CRM-20260511,2026-05-11,ACCT-047,CRM,Production,SUCCESS,200,1090,1087,3,3205,0,
SYNC-ACCT-047-CRM-20260514,2026-05-14,ACCT-047,CRM,Production,SUCCESS,200,986,978,8,2416,0,
SYNC-ACCT-047-CRM-20260517,2026-05-17,ACCT-047,CRM,Production,SUCCESS,200,932,927,5,1858,0,
SYNC-ACCT-047-CRM-20260520,2026-05-20,ACCT-047,CRM,Production,SUCCESS,200,1338,1334,4,1730,0,
SYNC-ACCT-047-CRM-20260523,2026-05-23,ACCT-047,CRM,Production,SUCCESS,200,1637,1627,10,2854,0,
SYNC-ACCT-047-CRM-20260526,2026-05-26,ACCT-047,CRM,Production,SUCCESS,200,1424,1422,2,1775,0,
SYNC-ACCT-047-CRM-20260529,2026-05-29,ACCT-047,CRM,Production,SUCCESS,200,1431,1422,9,1033,0,
SYNC-ACCT-047-CRM-20260601,2026-06-01,ACCT-047,CRM,Production,SUCCESS,200,1168,1165,3,2613,0,
SYNC-ACCT-047-CRM-20260604,2026-06-04,ACCT-047,CRM,Production,SUCCESS,200,1213,1204,9,1151,0,
SYNC-ACCT-047-CRM-20260607,2026-06-07,ACCT-047,CRM,Production,SUCCESS,200,1174,1174,0,2174,0,
SYNC-ACCT-047-CRM-20260610,2026-06-10,ACCT-047,CRM,Production,SUCCESS,200,1625,1616,9,2950,0,
SYNC-ACCT-047-CRM-20260613,2026-06-13,ACCT-047,CRM,Production,SUCCESS,200,1495,1487,8,2995,0,
SYNC-ACCT-047-CRM-20260616,2026-06-16,ACCT-047,CRM,Production,SUCCESS,200,813,811,2,2065,0,
SYNC-ACCT-047-CRM-20260619,2026-06-19,ACCT-047,CRM,Production,SUCCESS,200,1469,1459,10,1431,0,
SYNC-ACCT-047-CRM-20260622,2026-06-22,ACCT-047,CRM,Production,SUCCESS,200,1054,1054,0,3303,0,
SYNC-ACCT-047-CRM-20260625,2026-06-25,ACCT-047,CRM,Production,SUCCESS,200,914,912,2,772,0,
SYNC-ACCT-047-CRM-20260628,2026-06-28,ACCT-047,CRM,Production,SUCCESS,200,998,996,2,2057,0,
SYNC-ACCT-047-BILLING-20260402,2026-04-02,ACCT-047,BILLING,Production,SUCCESS,200,1659,1648,11,1344,0,
SYNC-ACCT-047-BILLING-20260405,2026-04-05,ACCT-047,BILLING,Production,SUCCESS,200,1636,1630,6,955,0,
SYNC-ACCT-047-BILLING-20260408,2026-04-08,ACCT-047,BILLING,Production,SUCCESS,200,1027,1023,4,2395,0,
SYNC-ACCT-047-BILLING-20260411,2026-04-11,ACCT-047,BILLING,Production,SUCCESS,200,860,854,6,1667,0,
SYNC-ACCT-047-BILLING-20260414,2026-04-14,ACCT-047,BILLING,Production,SUCCESS,200,913,912,1,1830,0,
SYNC-ACCT-047-BILLING-20260417,2026-04-17,ACCT-047,BILLING,Production,SUCCESS,200,722,721,1,554,0,
SYNC-ACCT-047-BILLING-20260420,2026-04-20,ACCT-047,BILLING,Production,SUCCESS,200,1102,1094,8,853,0,
SYNC-ACCT-047-BILLING-20260423,2026-04-23,ACCT-047,BILLING,Production,SUCCESS,200,807,805,2,767,0,
SYNC-ACCT-047-BILLING-20260426,2026-04-26,ACCT-047,BILLING,Production,SUCCESS,200,1630,1617,13,2503,0,
SYNC-ACCT-047-BILLING-20260429,2026-04-29,ACCT-047,BILLING,Production,SUCCESS,200,1618,1613,5,1689,0,
SYNC-ACCT-047-BILLING-20260502,2026-05-02,ACCT-047,BILLING,Production,SUCCESS,200,999,995,4,1589,0,
SYNC-ACCT-047-BILLING-20260505,2026-05-05,ACCT-047,BILLING,Production,SUCCESS,200,1053,1048,5,887,0,
SYNC-ACCT-047-BILLING-20260508,2026-05-08,ACCT-047,BILLING,Production,SUCCESS,200,1078,1077,1,1837,0,
SYNC-ACCT-047-BILLING-20260511,2026-05-11,ACCT-047,BILLING,Production,SUCCESS,200,1220,1210,10,825,0,
SYNC-ACCT-047-BILLING-20260514,2026-05-14,ACCT-047,BILLING,Production,SUCCESS,200,1227,1221,6,692,0,
SYNC-ACCT-047-BILLING-20260517,2026-05-17,ACCT-047,BILLING,Production,SUCCESS,200,1204,1198,6,778,0,
SYNC-ACCT-047-BILLING-20260520,2026-05-20,ACCT-047,BILLING,Production,SUCCESS,200,1153,1150,3,2683,0,
SYNC-ACCT-047-BILLING-20260523,2026-05-23,ACCT-047,BILLING,Production,SUCCESS,200,915,909,6,1140,0,
SYNC-ACCT-047-BILLING-20260526,2026-05-26,ACCT-047,BILLING,Production,SUCCESS,200,765,760,5,2811,0,
SYNC-ACCT-047-BILLING-20260529,2026-05-29,ACCT-047,BILLING,Production,SUCCESS,200,1165,1160,5,539,0,
SYNC-ACCT-047-BILLING-20260601,2026-06-01,ACCT-047,BILLING,Production,SUCCESS,200,1032,1026,6,2096,0,
SYNC-ACCT-047-BILLING-20260604,2026-06-04,ACCT-047,BILLING,Production,SUCCESS,200,1363,1355,8,2716,0,
SYNC-ACCT-047-BILLING-20260607,2026-06-07,ACCT-047,BILLING,Production,SUCCESS,200,1068,1065,3,1629,0,
SYNC-ACCT-047-BILLING-20260610,2026-06-10,ACCT-047,BILLING,Production,SUCCESS,200,1423,1418,5,1452,0,
SYNC-ACCT-047-BILLING-20260613,2026-06-13,ACCT-047,BILLING,Production,SUCCESS,200,742,739,3,1110,0,
SYNC-ACCT-047-BILLING-20260616,2026-06-16,ACCT-047,BILLING,Production,SUCCESS,200,1497,1488,9,2575,0,
SYNC-ACCT-047-BILLING-20260619,2026-06-19,ACCT-047,BILLING,Production,SUCCESS,200,1528,1523,5,3022,0,
SYNC-ACCT-047-BILLING-20260622,2026-06-22,ACCT-047,BILLING,Production,SUCCESS,200,1187,1186,1,1173,0,
SYNC-ACCT-047-BILLING-20260625,2026-06-25,ACCT-047,BILLING,Production,SUCCESS,200,883,880,3,2868,0,
SYNC-ACCT-047-BILLING-20260628,2026-06-28,ACCT-047,BILLING,Production,SUCCESS,200,814,807,7,2055,0,
SYNC-ACCT-048-CRM-20260405,2026-04-05,ACCT-048,CRM,Production,SUCCESS,200,1236,1235,1,821,0,
SYNC-ACCT-048-CRM-20260408,2026-04-08,ACCT-048,CRM,Production,SUCCESS,200,1055,1048,7,2630,0,
SYNC-ACCT-048-CRM-20260411,2026-04-11,ACCT-048,CRM,Production,SUCCESS,200,1210,1208,2,568,0,
SYNC-ACCT-048-CRM-20260414,2026-04-14,ACCT-048,CRM,Production,FAILED,503,720,0,720,733,2,UPSTREAM_UNAVAILABLE
SYNC-ACCT-048-CRM-20260417,2026-04-17,ACCT-048,CRM,Production,SUCCESS,200,1145,1137,8,601,0,
SYNC-ACCT-048-CRM-20260420,2026-04-20,ACCT-048,CRM,Production,SUCCESS,200,859,854,5,1359,0,
SYNC-ACCT-048-CRM-20260423,2026-04-23,ACCT-048,CRM,Production,SUCCESS,200,995,988,7,1219,0,
SYNC-ACCT-048-CRM-20260426,2026-04-26,ACCT-048,CRM,Production,SUCCESS,200,1032,1032,0,706,0,
SYNC-ACCT-048-CRM-20260429,2026-04-29,ACCT-048,CRM,Production,SUCCESS,200,1004,1001,3,1166,0,
SYNC-ACCT-048-CRM-20260502,2026-05-02,ACCT-048,CRM,Production,SUCCESS,200,785,785,0,1297,0,
SYNC-ACCT-048-CRM-20260505,2026-05-05,ACCT-048,CRM,Production,SUCCESS,200,1025,1018,7,2662,0,
SYNC-ACCT-048-CRM-20260508,2026-05-08,ACCT-048,CRM,Production,SUCCESS,200,732,730,2,1038,0,
SYNC-ACCT-048-CRM-20260511,2026-05-11,ACCT-048,CRM,Production,SUCCESS,200,1313,1304,9,1206,0,
SYNC-ACCT-048-CRM-20260514,2026-05-14,ACCT-048,CRM,Production,SUCCESS,200,852,846,6,3047,0,
SYNC-ACCT-048-CRM-20260517,2026-05-17,ACCT-048,CRM,Production,SUCCESS,200,818,814,4,2488,0,
SYNC-ACCT-048-CRM-20260520,2026-05-20,ACCT-048,CRM,Production,SUCCESS,200,1332,1329,3,1012,0,
SYNC-ACCT-048-CRM-20260523,2026-05-23,ACCT-048,CRM,Production,SUCCESS,200,1400,1394,6,1550,0,
SYNC-ACCT-048-CRM-20260526,2026-05-26,ACCT-048,CRM,Production,SUCCESS,200,1366,1355,11,1852,0,
SYNC-ACCT-048-CRM-20260529,2026-05-29,ACCT-048,CRM,Production,SUCCESS,200,1189,1180,9,1297,0,
SYNC-ACCT-048-CRM-20260601,2026-06-01,ACCT-048,CRM,Production,SUCCESS,200,931,929,2,3256,0,
SYNC-ACCT-048-CRM-20260604,2026-06-04,ACCT-048,CRM,Production,SUCCESS,200,725,721,4,3352,0,
SYNC-ACCT-048-CRM-20260607,2026-06-07,ACCT-048,CRM,Production,SUCCESS,200,813,809,4,3045,0,
SYNC-ACCT-048-CRM-20260610,2026-06-10,ACCT-048,CRM,Production,SUCCESS,200,946,940,6,2491,0,
SYNC-ACCT-048-CRM-20260613,2026-06-13,ACCT-048,CRM,Production,SUCCESS,200,1088,1085,3,2996,0,
SYNC-ACCT-048-CRM-20260616,2026-06-16,ACCT-048,CRM,Production,SUCCESS,200,1116,1116,0,813,0,
SYNC-ACCT-048-CRM-20260619,2026-06-19,ACCT-048,CRM,Production,SUCCESS,200,1286,1276,10,2465,0,
SYNC-ACCT-048-CRM-20260622,2026-06-22,ACCT-048,CRM,Production,SUCCESS,200,1094,1086,8,660,0,
SYNC-ACCT-048-CRM-20260625,2026-06-25,ACCT-048,CRM,Production,SUCCESS,200,1527,1527,0,2281,0,
SYNC-ACCT-048-CRM-20260628,2026-06-28,ACCT-048,CRM,Production,SUCCESS,200,1186,1185,1,3007,0,
SYNC-ACCT-048-BILLING-20260405,2026-04-05,ACCT-048,BILLING,Production,SUCCESS,200,1476,1473,3,1255,0,
SYNC-ACCT-048-BILLING-20260408,2026-04-08,ACCT-048,BILLING,Production,SUCCESS,200,804,803,1,1675,0,
SYNC-ACCT-048-BILLING-20260411,2026-04-11,ACCT-048,BILLING,Production,SUCCESS,200,1356,1350,6,1215,0,
SYNC-ACCT-048-BILLING-20260414,2026-04-14,ACCT-048,BILLING,Production,SUCCESS,200,1182,1174,8,1710,0,
SYNC-ACCT-048-BILLING-20260417,2026-04-17,ACCT-048,BILLING,Production,SUCCESS,200,1138,1132,6,1124,0,
SYNC-ACCT-048-BILLING-20260420,2026-04-20,ACCT-048,BILLING,Production,SUCCESS,200,721,717,4,782,0,
SYNC-ACCT-048-BILLING-20260423,2026-04-23,ACCT-048,BILLING,Production,SUCCESS,200,1612,1599,13,2037,0,
SYNC-ACCT-048-BILLING-20260426,2026-04-26,ACCT-048,BILLING,Production,SUCCESS,200,1549,1538,11,3193,0,
SYNC-ACCT-048-BILLING-20260429,2026-04-29,ACCT-048,BILLING,Production,SUCCESS,200,721,718,3,2439,0,
SYNC-ACCT-048-BILLING-20260502,2026-05-02,ACCT-048,BILLING,Production,SUCCESS,200,772,770,2,1466,0,
SYNC-ACCT-048-BILLING-20260505,2026-05-05,ACCT-048,BILLING,Production,FAILED,422,1288,979,309,1659,0,SCHEMA_FIELD_CHANGED
SYNC-ACCT-048-BILLING-20260508,2026-05-08,ACCT-048,BILLING,Production,FAILED,422,1651,1255,396,690,0,SCHEMA_FIELD_CHANGED
SYNC-ACCT-048-BILLING-20260511,2026-05-11,ACCT-048,BILLING,Production,FAILED,422,1071,814,257,2908,0,SCHEMA_FIELD_CHANGED
SYNC-ACCT-048-BILLING-20260514,2026-05-14,ACCT-048,BILLING,Production,SUCCESS,200,1094,1090,4,1295,0,
SYNC-ACCT-048-BILLING-20260517,2026-05-17,ACCT-048,BILLING,Production,SUCCESS,200,989,981,8,2168,0,
SYNC-ACCT-048-BILLING-20260520,2026-05-20,ACCT-048,BILLING,Production,SUCCESS,200,1267,1260,7,2901,0,
SYNC-ACCT-048-BILLING-20260523,2026-05-23,ACCT-048,BILLING,Production,SUCCESS,200,1235,1226,9,1969,0,
SYNC-ACCT-048-BILLING-20260526,2026-05-26,ACCT-048,BILLING,Production,SUCCESS,200,1069,1061,8,2900,0,
SYNC-ACCT-048-BILLING-20260529,2026-05-29,ACCT-048,BILLING,Production,SUCCESS,200,1584,1578,6,611,0,
SYNC-ACCT-048-BILLING-20260601,2026-06-01,ACCT-048,BILLING,Production,SUCCESS,200,1640,1634,6,2740,0,
SYNC-ACCT-048-BILLING-20260604,2026-06-04,ACCT-048,BILLING,Production,SUCCESS,200,1056,1048,8,855,0,
SYNC-ACCT-048-BILLING-20260607,2026-06-07,ACCT-048,BILLING,Production,SUCCESS,200,1105,1101,4,2218,0,
SYNC-ACCT-048-BILLING-20260610,2026-06-10,ACCT-048,BILLING,Production,SUCCESS,200,851,845,6,1116,0,
SYNC-ACCT-048-BILLING-20260613,2026-06-13,ACCT-048,BILLING,Production,SUCCESS,200,1438,1435,3,2930,0,
SYNC-ACCT-048-BILLING-20260616,2026-06-16,ACCT-048,BILLING,Production,SUCCESS,200,1297,1287,10,3062,0,
SYNC-ACCT-048-BILLING-20260619,2026-06-19,ACCT-048,BILLING,Production,SUCCESS,200,915,913,2,3195,0,
SYNC-ACCT-048-BILLING-20260622,2026-06-22,ACCT-048,BILLING,Production,SUCCESS,200,1514,1512,2,1835,0,
SYNC-ACCT-048-BILLING-20260625,2026-06-25,ACCT-048,BILLING,Production,SUCCESS,200,1450,1444,6,671,0,
SYNC-ACCT-048-BILLING-20260628,2026-06-28,ACCT-048,BILLING,Production,SUCCESS,200,1107,1102,5,1538,0,
SYNC-ACCT-048-PRODUCT-20260405,2026-04-05,ACCT-048,PRODUCT,Production,SUCCESS,200,1064,1060,4,2131,0,
SYNC-ACCT-048-PRODUCT-20260408,2026-04-08,ACCT-048,PRODUCT,Production,SUCCESS,200,1580,1572,8,1287,0,
SYNC-ACCT-048-PRODUCT-20260411,2026-04-11,ACCT-048,PRODUCT,Production,SUCCESS,200,821,819,2,2088,0,
SYNC-ACCT-048-PRODUCT-20260414,2026-04-14,ACCT-048,PRODUCT,Production,SUCCESS,200,759,754,5,3205,0,
SYNC-ACCT-048-PRODUCT-20260417,2026-04-17,ACCT-048,PRODUCT,Production,SUCCESS,200,1250,1240,10,2752,0,
SYNC-ACCT-048-PRODUCT-20260420,2026-04-20,ACCT-048,PRODUCT,Production,SUCCESS,200,1351,1342,9,821,0,
SYNC-ACCT-048-PRODUCT-20260423,2026-04-23,ACCT-048,PRODUCT,Production,SUCCESS,200,1399,1394,5,1549,0,
SYNC-ACCT-048-PRODUCT-20260426,2026-04-26,ACCT-048,PRODUCT,Production,SUCCESS,200,1587,1579,8,3261,0,
SYNC-ACCT-048-PRODUCT-20260429,2026-04-29,ACCT-048,PRODUCT,Production,SUCCESS,200,850,848,2,712,0,
SYNC-ACCT-048-PRODUCT-20260502,2026-05-02,ACCT-048,PRODUCT,Production,SUCCESS,200,957,956,1,1909,0,
SYNC-ACCT-048-PRODUCT-20260505,2026-05-05,ACCT-048,PRODUCT,Production,SUCCESS,200,1165,1162,3,2143,0,
SYNC-ACCT-048-PRODUCT-20260508,2026-05-08,ACCT-048,PRODUCT,Production,SUCCESS,200,973,966,7,1464,0,
SYNC-ACCT-048-PRODUCT-20260511,2026-05-11,ACCT-048,PRODUCT,Production,SUCCESS,200,726,721,5,2200,0,
SYNC-ACCT-048-PRODUCT-20260514,2026-05-14,ACCT-048,PRODUCT,Production,SUCCESS,200,934,928,6,1921,0,
SYNC-ACCT-048-PRODUCT-20260517,2026-05-17,ACCT-048,PRODUCT,Production,SUCCESS,200,1541,1529,12,2925,0,
SYNC-ACCT-048-PRODUCT-20260520,2026-05-20,ACCT-048,PRODUCT,Production,SUCCESS,200,1074,1074,0,2306,0,
SYNC-ACCT-048-PRODUCT-20260523,2026-05-23,ACCT-048,PRODUCT,Production,SUCCESS,200,899,893,6,1936,0,
SYNC-ACCT-048-PRODUCT-20260526,2026-05-26,ACCT-048,PRODUCT,Production,SUCCESS,200,1643,1631,12,2460,0,
SYNC-ACCT-048-PRODUCT-20260529,2026-05-29,ACCT-048,PRODUCT,Production,SUCCESS,200,722,717,5,559,0,
SYNC-ACCT-048-PRODUCT-20260601,2026-06-01,ACCT-048,PRODUCT,Production,SUCCESS,200,908,908,0,1110,0,
SYNC-ACCT-048-PRODUCT-20260604,2026-06-04,ACCT-048,PRODUCT,Production,SUCCESS,200,1419,1413,6,873,0,
SYNC-ACCT-048-PRODUCT-20260607,2026-06-07,ACCT-048,PRODUCT,Production,SUCCESS,200,896,895,1,1965,0,
SYNC-ACCT-048-PRODUCT-20260610,2026-06-10,ACCT-048,PRODUCT,Production,SUCCESS,200,1025,1024,1,3324,0,
SYNC-ACCT-048-PRODUCT-20260613,2026-06-13,ACCT-048,PRODUCT,Production,SUCCESS,200,918,911,7,2238,0,
SYNC-ACCT-048-PRODUCT-20260616,2026-06-16,ACCT-048,PRODUCT,Production,SUCCESS,200,1486,1482,4,2014,0,
SYNC-ACCT-048-PRODUCT-20260619,2026-06-19,ACCT-048,PRODUCT,Production,SUCCESS,200,874,873,1,1795,0,
SYNC-ACCT-048-PRODUCT-20260622,2026-06-22,ACCT-048,PRODUCT,Production,SUCCESS,200,740,737,3,2686,0,
SYNC-ACCT-048-PRODUCT-20260625,2026-06-25,ACCT-048,PRODUCT,Production,SUCCESS,200,1364,1361,3,1491,0,
SYNC-ACCT-048-PRODUCT-20260628,2026-06-28,ACCT-048,PRODUCT,Production,SUCCESS,200,1101,1094,7,2056,0,
SYNC-ACCT-049-CRM-20260411,2026-04-11,ACCT-049,CRM,Production,SUCCESS,200,845,843,2,2362,0,
SYNC-ACCT-049-CRM-20260414,2026-04-14,ACCT-049,CRM,Production,FAILED,503,902,0,902,1659,2,UPSTREAM_UNAVAILABLE
SYNC-ACCT-049-CRM-20260417,2026-04-17,ACCT-049,CRM,Production,SUCCESS,200,1604,1591,13,1703,0,
SYNC-ACCT-049-CRM-20260420,2026-04-20,ACCT-049,CRM,Production,SUCCESS,200,1301,1301,0,600,0,
SYNC-ACCT-049-CRM-20260423,2026-04-23,ACCT-049,CRM,Production,SUCCESS,200,1644,1638,6,698,0,
SYNC-ACCT-049-CRM-20260426,2026-04-26,ACCT-049,CRM,Production,SUCCESS,200,1413,1404,9,1933,0,
SYNC-ACCT-049-CRM-20260429,2026-04-29,ACCT-049,CRM,Production,SUCCESS,200,1362,1353,9,2528,0,
SYNC-ACCT-049-CRM-20260502,2026-05-02,ACCT-049,CRM,Production,SUCCESS,200,1403,1395,8,3352,0,
SYNC-ACCT-049-CRM-20260505,2026-05-05,ACCT-049,CRM,Production,SUCCESS,200,1253,1251,2,2744,0,
SYNC-ACCT-049-CRM-20260508,2026-05-08,ACCT-049,CRM,Production,SUCCESS,200,1590,1584,6,835,0,
SYNC-ACCT-049-CRM-20260511,2026-05-11,ACCT-049,CRM,Production,SUCCESS,200,1313,1308,5,2880,0,
SYNC-ACCT-049-CRM-20260514,2026-05-14,ACCT-049,CRM,Production,SUCCESS,200,729,729,0,2603,0,
SYNC-ACCT-049-CRM-20260517,2026-05-17,ACCT-049,CRM,Production,SUCCESS,200,944,938,6,697,0,
SYNC-ACCT-049-CRM-20260520,2026-05-20,ACCT-049,CRM,Production,SUCCESS,200,1499,1496,3,3011,0,
SYNC-ACCT-049-CRM-20260523,2026-05-23,ACCT-049,CRM,Production,SUCCESS,200,1209,1201,8,1714,0,
SYNC-ACCT-049-CRM-20260526,2026-05-26,ACCT-049,CRM,Production,SUCCESS,200,997,995,2,1724,0,
SYNC-ACCT-049-CRM-20260529,2026-05-29,ACCT-049,CRM,Production,SUCCESS,200,1577,1575,2,1336,0,
SYNC-ACCT-049-CRM-20260601,2026-06-01,ACCT-049,CRM,Production,SUCCESS,200,1170,1163,7,2992,0,
SYNC-ACCT-049-CRM-20260604,2026-06-04,ACCT-049,CRM,Production,SUCCESS,200,1310,1308,2,2253,0,
SYNC-ACCT-049-CRM-20260607,2026-06-07,ACCT-049,CRM,Production,SUCCESS,200,943,942,1,2200,0,
SYNC-ACCT-049-CRM-20260610,2026-06-10,ACCT-049,CRM,Production,SUCCESS,200,1029,1025,4,2425,0,
SYNC-ACCT-049-CRM-20260613,2026-06-13,ACCT-049,CRM,Production,SUCCESS,200,1261,1260,1,3068,0,
SYNC-ACCT-049-CRM-20260616,2026-06-16,ACCT-049,CRM,Production,SUCCESS,200,1034,1033,1,2533,0,
SYNC-ACCT-049-CRM-20260619,2026-06-19,ACCT-049,CRM,Production,SUCCESS,200,920,914,6,1604,0,
SYNC-ACCT-049-CRM-20260622,2026-06-22,ACCT-049,CRM,Production,SUCCESS,200,751,749,2,3331,0,
SYNC-ACCT-049-CRM-20260625,2026-06-25,ACCT-049,CRM,Production,SUCCESS,200,1338,1331,7,844,0,
SYNC-ACCT-049-CRM-20260628,2026-06-28,ACCT-049,CRM,Production,SUCCESS,200,908,906,2,2473,0,
SYNC-ACCT-049-BILLING-20260411,2026-04-11,ACCT-049,BILLING,Production,SUCCESS,200,923,923,0,2023,0,
SYNC-ACCT-049-BILLING-20260414,2026-04-14,ACCT-049,BILLING,Production,SUCCESS,200,1414,1414,0,1160,0,
SYNC-ACCT-049-BILLING-20260417,2026-04-17,ACCT-049,BILLING,Production,SUCCESS,200,1344,1344,0,1107,0,
SYNC-ACCT-049-BILLING-20260420,2026-04-20,ACCT-049,BILLING,Production,SUCCESS,200,1082,1080,2,1005,0,
SYNC-ACCT-049-BILLING-20260423,2026-04-23,ACCT-049,BILLING,Production,SUCCESS,200,1383,1379,4,2338,0,
SYNC-ACCT-049-BILLING-20260426,2026-04-26,ACCT-049,BILLING,Production,SUCCESS,200,1391,1386,5,1258,0,
SYNC-ACCT-049-BILLING-20260429,2026-04-29,ACCT-049,BILLING,Production,SUCCESS,200,1010,1008,2,991,0,
SYNC-ACCT-049-BILLING-20260502,2026-05-02,ACCT-049,BILLING,Production,SUCCESS,200,1001,1001,0,2596,0,
SYNC-ACCT-049-BILLING-20260505,2026-05-05,ACCT-049,BILLING,Production,SUCCESS,200,1136,1134,2,3144,0,
SYNC-ACCT-049-BILLING-20260508,2026-05-08,ACCT-049,BILLING,Production,SUCCESS,200,1262,1254,8,2401,0,
SYNC-ACCT-049-BILLING-20260511,2026-05-11,ACCT-049,BILLING,Production,SUCCESS,200,1041,1033,8,1069,0,
SYNC-ACCT-049-BILLING-20260514,2026-05-14,ACCT-049,BILLING,Production,SUCCESS,200,992,990,2,1705,0,
SYNC-ACCT-049-BILLING-20260517,2026-05-17,ACCT-049,BILLING,Production,SUCCESS,200,742,737,5,2498,0,
SYNC-ACCT-049-BILLING-20260520,2026-05-20,ACCT-049,BILLING,Production,SUCCESS,200,1096,1092,4,1189,0,
SYNC-ACCT-049-BILLING-20260523,2026-05-23,ACCT-049,BILLING,Production,SUCCESS,200,1506,1504,2,1539,0,
SYNC-ACCT-049-BILLING-20260526,2026-05-26,ACCT-049,BILLING,Production,SUCCESS,200,1535,1525,10,3233,0,
SYNC-ACCT-049-BILLING-20260529,2026-05-29,ACCT-049,BILLING,Production,FAILED,503,996,0,996,933,2,UPSTREAM_UNAVAILABLE
SYNC-ACCT-049-BILLING-20260601,2026-06-01,ACCT-049,BILLING,Production,SUCCESS,200,1382,1380,2,1488,0,
SYNC-ACCT-049-BILLING-20260604,2026-06-04,ACCT-049,BILLING,Production,SUCCESS,200,1362,1355,7,3336,0,
SYNC-ACCT-049-BILLING-20260607,2026-06-07,ACCT-049,BILLING,Production,SUCCESS,200,1680,1668,12,1047,0,
SYNC-ACCT-049-BILLING-20260610,2026-06-10,ACCT-049,BILLING,Production,SUCCESS,200,837,832,5,1681,0,
SYNC-ACCT-049-BILLING-20260613,2026-06-13,ACCT-049,BILLING,Production,SUCCESS,200,804,803,1,1169,0,
SYNC-ACCT-049-BILLING-20260616,2026-06-16,ACCT-049,BILLING,Production,SUCCESS,200,1272,1262,10,818,0,
SYNC-ACCT-049-BILLING-20260619,2026-06-19,ACCT-049,BILLING,Production,SUCCESS,200,1557,1552,5,2856,0,
SYNC-ACCT-049-BILLING-20260622,2026-06-22,ACCT-049,BILLING,Production,SUCCESS,200,904,900,4,2156,0,
SYNC-ACCT-049-BILLING-20260625,2026-06-25,ACCT-049,BILLING,Production,SUCCESS,200,1610,1600,10,3142,0,
SYNC-ACCT-049-BILLING-20260628,2026-06-28,ACCT-049,BILLING,Production,SUCCESS,200,1450,1448,2,636,0,
SYNC-ACCT-050-CRM-20260417,2026-04-17,ACCT-050,CRM,Production,SUCCESS,200,1461,1452,9,3259,0,
SYNC-ACCT-050-CRM-20260420,2026-04-20,ACCT-050,CRM,Production,SUCCESS,200,1369,1359,10,2045,0,
SYNC-ACCT-050-CRM-20260423,2026-04-23,ACCT-050,CRM,Production,SUCCESS,200,820,813,7,2946,0,
SYNC-ACCT-050-CRM-20260426,2026-04-26,ACCT-050,CRM,Production,SUCCESS,200,1143,1136,7,1449,0,
SYNC-ACCT-050-CRM-20260429,2026-04-29,ACCT-050,CRM,Production,SUCCESS,200,1555,1554,1,552,0,
SYNC-ACCT-050-CRM-20260502,2026-05-02,ACCT-050,CRM,Production,SUCCESS,200,761,757,4,1941,0,
SYNC-ACCT-050-CRM-20260505,2026-05-05,ACCT-050,CRM,Production,SUCCESS,200,1149,1143,6,2087,0,
SYNC-ACCT-050-CRM-20260508,2026-05-08,ACCT-050,CRM,Production,SUCCESS,200,858,857,1,1688,0,
SYNC-ACCT-050-CRM-20260511,2026-05-11,ACCT-050,CRM,Production,SUCCESS,200,774,770,4,813,0,
SYNC-ACCT-050-CRM-20260514,2026-05-14,ACCT-050,CRM,Production,SUCCESS,200,1678,1674,4,1337,0,
SYNC-ACCT-050-CRM-20260517,2026-05-17,ACCT-050,CRM,Production,SUCCESS,200,1038,1033,5,1550,0,
SYNC-ACCT-050-CRM-20260520,2026-05-20,ACCT-050,CRM,Production,SUCCESS,200,1320,1317,3,2924,0,
SYNC-ACCT-050-CRM-20260523,2026-05-23,ACCT-050,CRM,Production,SUCCESS,200,852,847,5,1422,0,
SYNC-ACCT-050-CRM-20260526,2026-05-26,ACCT-050,CRM,Production,SUCCESS,200,1560,1550,10,2515,0,
SYNC-ACCT-050-CRM-20260529,2026-05-29,ACCT-050,CRM,Production,SUCCESS,200,807,806,1,1470,0,
SYNC-ACCT-050-CRM-20260601,2026-06-01,ACCT-050,CRM,Production,SUCCESS,200,811,809,2,880,0,
SYNC-ACCT-050-CRM-20260604,2026-06-04,ACCT-050,CRM,Production,SUCCESS,200,1596,1590,6,3349,0,
SYNC-ACCT-050-CRM-20260607,2026-06-07,ACCT-050,CRM,Production,SUCCESS,200,1612,1605,7,1679,0,
SYNC-ACCT-050-CRM-20260610,2026-06-10,ACCT-050,CRM,Production,SUCCESS,200,1298,1289,9,2015,0,
SYNC-ACCT-050-CRM-20260613,2026-06-13,ACCT-050,CRM,Production,SUCCESS,200,1575,1563,12,503,0,
SYNC-ACCT-050-CRM-20260616,2026-06-16,ACCT-050,CRM,Production,SUCCESS,200,1241,1237,4,2267,0,
SYNC-ACCT-050-CRM-20260619,2026-06-19,ACCT-050,CRM,Production,SUCCESS,200,1516,1515,1,677,0,
SYNC-ACCT-050-CRM-20260622,2026-06-22,ACCT-050,CRM,Production,SUCCESS,200,1322,1316,6,781,0,
SYNC-ACCT-050-CRM-20260625,2026-06-25,ACCT-050,CRM,Production,SUCCESS,200,1432,1432,0,1277,0,
SYNC-ACCT-050-CRM-20260628,2026-06-28,ACCT-050,CRM,Production,SUCCESS,200,815,815,0,985,0,
SYNC-ACCT-050-BILLING-20260417,2026-04-17,ACCT-050,BILLING,Production,SUCCESS,200,1055,1050,5,1776,0,
SYNC-ACCT-050-BILLING-20260420,2026-04-20,ACCT-050,BILLING,Production,SUCCESS,200,937,930,7,598,0,
SYNC-ACCT-050-BILLING-20260423,2026-04-23,ACCT-050,BILLING,Production,SUCCESS,200,1187,1185,2,1035,0,
SYNC-ACCT-050-BILLING-20260426,2026-04-26,ACCT-050,BILLING,Production,SUCCESS,200,1661,1654,7,3048,0,
SYNC-ACCT-050-BILLING-20260429,2026-04-29,ACCT-050,BILLING,Production,SUCCESS,200,1678,1666,12,1249,0,
SYNC-ACCT-050-BILLING-20260502,2026-05-02,ACCT-050,BILLING,Production,SUCCESS,200,1519,1509,10,2523,0,
SYNC-ACCT-050-BILLING-20260505,2026-05-05,ACCT-050,BILLING,Production,SUCCESS,200,859,854,5,3121,0,
SYNC-ACCT-050-BILLING-20260508,2026-05-08,ACCT-050,BILLING,Production,FAILED,503,1003,0,1003,3288,2,UPSTREAM_UNAVAILABLE
SYNC-ACCT-050-BILLING-20260511,2026-05-11,ACCT-050,BILLING,Production,SUCCESS,200,1157,1152,5,1193,0,
SYNC-ACCT-050-BILLING-20260514,2026-05-14,ACCT-050,BILLING,Production,SUCCESS,200,1450,1441,9,1746,0,
SYNC-ACCT-050-BILLING-20260517,2026-05-17,ACCT-050,BILLING,Production,SUCCESS,200,1539,1530,9,605,0,
SYNC-ACCT-050-BILLING-20260520,2026-05-20,ACCT-050,BILLING,Production,SUCCESS,200,1511,1511,0,672,0,
SYNC-ACCT-050-BILLING-20260523,2026-05-23,ACCT-050,BILLING,Production,SUCCESS,200,1644,1641,3,1321,0,
SYNC-ACCT-050-BILLING-20260526,2026-05-26,ACCT-050,BILLING,Production,SUCCESS,200,880,877,3,1264,0,
SYNC-ACCT-050-BILLING-20260529,2026-05-29,ACCT-050,BILLING,Production,SUCCESS,200,805,799,6,2738,0,
SYNC-ACCT-050-BILLING-20260601,2026-06-01,ACCT-050,BILLING,Production,SUCCESS,200,951,948,3,2886,0,
SYNC-ACCT-050-BILLING-20260604,2026-06-04,ACCT-050,BILLING,Production,SUCCESS,200,1006,998,8,3221,0,
SYNC-ACCT-050-BILLING-20260607,2026-06-07,ACCT-050,BILLING,Production,SUCCESS,200,1055,1055,0,536,0,
SYNC-ACCT-050-BILLING-20260610,2026-06-10,ACCT-050,BILLING,Production,SUCCESS,200,1190,1188,2,2913,0,
SYNC-ACCT-050-BILLING-20260613,2026-06-13,ACCT-050,BILLING,Production,SUCCESS,200,881,879,2,3134,0,
SYNC-ACCT-050-BILLING-20260616,2026-06-16,ACCT-050,BILLING,Production,SUCCESS,200,961,956,5,571,0,
SYNC-ACCT-050-BILLING-20260619,2026-06-19,ACCT-050,BILLING,Production,SUCCESS,200,1451,1444,7,3014,0,
SYNC-ACCT-050-BILLING-20260622,2026-06-22,ACCT-050,BILLING,Production,SUCCESS,200,1069,1064,5,2586,0,
SYNC-ACCT-050-BILLING-20260625,2026-06-25,ACCT-050,BILLING,Production,SUCCESS,200,1599,1592,7,2053,0,
SYNC-ACCT-050-BILLING-20260628,2026-06-28,ACCT-050,BILLING,Production,SUCCESS,200,1606,1597,9,2054,0,
SYNC-ACCT-050-PRODUCT-20260417,2026-04-17,ACCT-050,PRODUCT,Production,SUCCESS,200,1499,1488,11,2453,0,
SYNC-ACCT-050-PRODUCT-20260420,2026-04-20,ACCT-050,PRODUCT,Production,SUCCESS,200,952,948,4,570,0,
SYNC-ACCT-050-PRODUCT-20260423,2026-04-23,ACCT-050,PRODUCT,Production,SUCCESS,200,795,791,4,876,0,
SYNC-ACCT-050-PRODUCT-20260426,2026-04-26,ACCT-050,PRODUCT,Production,SUCCESS,200,871,864,7,559,0,
SYNC-ACCT-050-PRODUCT-20260429,2026-04-29,ACCT-050,PRODUCT,Production,SUCCESS,200,1363,1353,10,2064,0,
SYNC-ACCT-050-PRODUCT-20260502,2026-05-02,ACCT-050,PRODUCT,Production,SUCCESS,200,1137,1134,3,2523,0,
SYNC-ACCT-050-PRODUCT-20260505,2026-05-05,ACCT-050,PRODUCT,Production,SUCCESS,200,1223,1220,3,619,0,
SYNC-ACCT-050-PRODUCT-20260508,2026-05-08,ACCT-050,PRODUCT,Production,SUCCESS,200,1441,1433,8,1647,0,
SYNC-ACCT-050-PRODUCT-20260511,2026-05-11,ACCT-050,PRODUCT,Production,SUCCESS,200,1276,1273,3,1178,0,
SYNC-ACCT-050-PRODUCT-20260514,2026-05-14,ACCT-050,PRODUCT,Production,SUCCESS,200,1063,1055,8,1572,0,
SYNC-ACCT-050-PRODUCT-20260517,2026-05-17,ACCT-050,PRODUCT,Production,SUCCESS,200,1025,1025,0,2291,0,
SYNC-ACCT-050-PRODUCT-20260520,2026-05-20,ACCT-050,PRODUCT,Production,SUCCESS,200,1596,1589,7,548,0,
SYNC-ACCT-050-PRODUCT-20260523,2026-05-23,ACCT-050,PRODUCT,Production,SUCCESS,200,791,787,4,1481,0,
SYNC-ACCT-050-PRODUCT-20260526,2026-05-26,ACCT-050,PRODUCT,Production,SUCCESS,200,795,792,3,2343,0,
SYNC-ACCT-050-PRODUCT-20260529,2026-05-29,ACCT-050,PRODUCT,Production,SUCCESS,200,958,952,6,3182,0,
SYNC-ACCT-050-PRODUCT-20260601,2026-06-01,ACCT-050,PRODUCT,Production,SUCCESS,200,1537,1536,1,516,0,
SYNC-ACCT-050-PRODUCT-20260604,2026-06-04,ACCT-050,PRODUCT,Production,SUCCESS,200,1533,1531,2,2920,0,
SYNC-ACCT-050-PRODUCT-20260607,2026-06-07,ACCT-050,PRODUCT,Production,SUCCESS,200,1559,1556,3,844,0,
SYNC-ACCT-050-PRODUCT-20260610,2026-06-10,ACCT-050,PRODUCT,Production,SUCCESS,200,1024,1018,6,2691,0,
SYNC-ACCT-050-PRODUCT-20260613,2026-06-13,ACCT-050,PRODUCT,Production,SUCCESS,200,1653,1647,6,1816,0,
SYNC-ACCT-050-PRODUCT-20260616,2026-06-16,ACCT-050,PRODUCT,Production,SUCCESS,200,1652,1644,8,1432,0,
SYNC-ACCT-050-PRODUCT-20260619,2026-06-19,ACCT-050,PRODUCT,Production,SUCCESS,200,1593,1583,10,551,0,
SYNC-ACCT-050-PRODUCT-20260622,2026-06-22,ACCT-050,PRODUCT,Production,SUCCESS,200,1508,1504,4,3066,0,
SYNC-ACCT-050-PRODUCT-20260625,2026-06-25,ACCT-050,PRODUCT,Production,SUCCESS,200,1104,1098,6,1182,0,
SYNC-ACCT-050-PRODUCT-20260628,2026-06-28,ACCT-050,PRODUCT,Production,SUCCESS,200,792,788,4,610,0,
SYNC-ACCT-050-WAREHOUSE-20260417,2026-04-17,ACCT-050,WAREHOUSE,Production,SUCCESS,200,1376,1372,4,2475,0,
SYNC-ACCT-050-WAREHOUSE-20260420,2026-04-20,ACCT-050,WAREHOUSE,Production,SUCCESS,200,1520,1508,12,3206,0,
SYNC-ACCT-050-WAREHOUSE-20260423,2026-04-23,ACCT-050,WAREHOUSE,Production,SUCCESS,200,1233,1228,5,1134,0,
SYNC-ACCT-050-WAREHOUSE-20260426,2026-04-26,ACCT-050,WAREHOUSE,Production,SUCCESS,200,1149,1142,7,2564,0,
SYNC-ACCT-050-WAREHOUSE-20260429,2026-04-29,ACCT-050,WAREHOUSE,Production,SUCCESS,200,888,886,2,773,0,
SYNC-ACCT-050-WAREHOUSE-20260502,2026-05-02,ACCT-050,WAREHOUSE,Production,SUCCESS,200,1438,1429,9,2173,0,
SYNC-ACCT-050-WAREHOUSE-20260505,2026-05-05,ACCT-050,WAREHOUSE,Production,FAILED,503,988,0,988,3064,2,UPSTREAM_UNAVAILABLE
SYNC-ACCT-050-WAREHOUSE-20260508,2026-05-08,ACCT-050,WAREHOUSE,Production,SUCCESS,200,939,932,7,2225,0,
SYNC-ACCT-050-WAREHOUSE-20260511,2026-05-11,ACCT-050,WAREHOUSE,Production,SUCCESS,200,919,917,2,2458,0,
SYNC-ACCT-050-WAREHOUSE-20260514,2026-05-14,ACCT-050,WAREHOUSE,Production,SUCCESS,200,958,955,3,2248,0,
SYNC-ACCT-050-WAREHOUSE-20260517,2026-05-17,ACCT-050,WAREHOUSE,Production,SUCCESS,200,1085,1085,0,3312,0,
SYNC-ACCT-050-WAREHOUSE-20260520,2026-05-20,ACCT-050,WAREHOUSE,Production,FAILED,429,1261,0,1261,9051,3,RATE_LIMITED
SYNC-ACCT-050-WAREHOUSE-20260523,2026-05-23,ACCT-050,WAREHOUSE,Production,FAILED,429,972,0,972,16338,3,RATE_LIMITED
SYNC-ACCT-050-WAREHOUSE-20260526,2026-05-26,ACCT-050,WAREHOUSE,Production,SUCCESS,200,1584,1579,5,2318,0,
SYNC-ACCT-050-WAREHOUSE-20260529,2026-05-29,ACCT-050,WAREHOUSE,Production,SUCCESS,200,1228,1222,6,2767,0,
SYNC-ACCT-050-WAREHOUSE-20260601,2026-06-01,ACCT-050,WAREHOUSE,Production,SUCCESS,200,1078,1074,4,2648,0,
SYNC-ACCT-050-WAREHOUSE-20260604,2026-06-04,ACCT-050,WAREHOUSE,Production,SUCCESS,200,1304,1294,10,737,0,
SYNC-ACCT-050-WAREHOUSE-20260607,2026-06-07,ACCT-050,WAREHOUSE,Production,SUCCESS,200,1079,1075,4,1348,0,
SYNC-ACCT-050-WAREHOUSE-20260610,2026-06-10,ACCT-050,WAREHOUSE,Production,SUCCESS,200,1097,1091,6,2440,0,
SYNC-ACCT-050-WAREHOUSE-20260613,2026-06-13,ACCT-050,WAREHOUSE,Production,SUCCESS,200,1061,1061,0,1311,0,
SYNC-ACCT-050-WAREHOUSE-20260616,2026-06-16,ACCT-050,WAREHOUSE,Production,SUCCESS,200,1362,1362,0,2254,0,
SYNC-ACCT-050-WAREHOUSE-20260619,2026-06-19,ACCT-050,WAREHOUSE,Production,SUCCESS,200,1456,1449,7,712,0,
SYNC-ACCT-050-WAREHOUSE-20260622,2026-06-22,ACCT-050,WAREHOUSE,Production,SUCCESS,200,1111,1108,3,1153,0,
SYNC-ACCT-050-WAREHOUSE-20260625,2026-06-25,ACCT-050,WAREHOUSE,Production,SUCCESS,200,988,980,8,969,0,
SYNC-ACCT-050-WAREHOUSE-20260628,2026-06-28,ACCT-050,WAREHOUSE,Production,SUCCESS,200,1523,1513,10,2788,0,
SYNC-ACCT-051-CRM-20260420,2026-04-20,ACCT-051,CRM,Production,SUCCESS,200,1305,1299,6,664,0,
SYNC-ACCT-051-CRM-20260423,2026-04-23,ACCT-051,CRM,Production,SUCCESS,200,1388,1384,4,3105,0,
SYNC-ACCT-051-CRM-20260426,2026-04-26,ACCT-051,CRM,Production,SUCCESS,200,788,784,4,1658,0,
SYNC-ACCT-051-CRM-20260429,2026-04-29,ACCT-051,CRM,Production,SUCCESS,200,941,933,8,1270,0,
SYNC-ACCT-051-CRM-20260502,2026-05-02,ACCT-051,CRM,Production,SUCCESS,200,1075,1075,0,2044,0,
SYNC-ACCT-051-CRM-20260505,2026-05-05,ACCT-051,CRM,Production,SUCCESS,200,1020,1020,0,3242,0,
SYNC-ACCT-051-CRM-20260508,2026-05-08,ACCT-051,CRM,Production,SUCCESS,200,830,830,0,1105,0,
SYNC-ACCT-051-CRM-20260511,2026-05-11,ACCT-051,CRM,Production,SUCCESS,200,1427,1420,7,1584,0,
SYNC-ACCT-051-CRM-20260514,2026-05-14,ACCT-051,CRM,Production,SUCCESS,200,975,971,4,1290,0,
SYNC-ACCT-051-CRM-20260517,2026-05-17,ACCT-051,CRM,Production,SUCCESS,200,1592,1592,0,1515,0,
SYNC-ACCT-051-CRM-20260520,2026-05-20,ACCT-051,CRM,Production,SUCCESS,200,1221,1219,2,3014,0,
SYNC-ACCT-051-CRM-20260523,2026-05-23,ACCT-051,CRM,Production,SUCCESS,200,1517,1511,6,1912,0,
SYNC-ACCT-051-CRM-20260526,2026-05-26,ACCT-051,CRM,Production,SUCCESS,200,1577,1577,0,3001,0,
SYNC-ACCT-051-CRM-20260529,2026-05-29,ACCT-051,CRM,Production,SUCCESS,200,1077,1071,6,2755,0,
SYNC-ACCT-051-CRM-20260601,2026-06-01,ACCT-051,CRM,Production,SUCCESS,200,1270,1268,2,695,0,
SYNC-ACCT-051-CRM-20260604,2026-06-04,ACCT-051,CRM,Production,SUCCESS,200,1344,1343,1,892,0,
SYNC-ACCT-051-CRM-20260607,2026-06-07,ACCT-051,CRM,Production,SUCCESS,200,1584,1575,9,2005,0,
SYNC-ACCT-051-CRM-20260610,2026-06-10,ACCT-051,CRM,Production,SUCCESS,200,1433,1423,10,710,0,
SYNC-ACCT-051-CRM-20260613,2026-06-13,ACCT-051,CRM,Production,SUCCESS,200,1089,1083,6,1777,0,
SYNC-ACCT-051-CRM-20260616,2026-06-16,ACCT-051,CRM,Production,SUCCESS,200,828,822,6,2616,0,
SYNC-ACCT-051-CRM-20260619,2026-06-19,ACCT-051,CRM,Production,SUCCESS,200,1026,1024,2,1664,0,
SYNC-ACCT-051-CRM-20260622,2026-06-22,ACCT-051,CRM,Production,SUCCESS,200,978,970,8,2649,0,
SYNC-ACCT-051-CRM-20260625,2026-06-25,ACCT-051,CRM,Production,SUCCESS,200,1117,1112,5,1918,0,
SYNC-ACCT-051-CRM-20260628,2026-06-28,ACCT-051,CRM,Production,SUCCESS,200,1140,1139,1,2891,0,
SYNC-ACCT-051-BILLING-20260420,2026-04-20,ACCT-051,BILLING,Production,SUCCESS,200,758,754,4,2376,0,
SYNC-ACCT-051-BILLING-20260423,2026-04-23,ACCT-051,BILLING,Production,SUCCESS,200,875,874,1,3027,0,
SYNC-ACCT-051-BILLING-20260426,2026-04-26,ACCT-051,BILLING,Production,SUCCESS,200,1144,1140,4,3296,0,
SYNC-ACCT-051-BILLING-20260429,2026-04-29,ACCT-051,BILLING,Production,SUCCESS,200,1420,1420,0,3088,0,
SYNC-ACCT-051-BILLING-20260502,2026-05-02,ACCT-051,BILLING,Production,SUCCESS,200,1105,1097,8,934,0,
SYNC-ACCT-051-BILLING-20260505,2026-05-05,ACCT-051,BILLING,Production,SUCCESS,200,1071,1069,2,2205,0,
SYNC-ACCT-051-BILLING-20260508,2026-05-08,ACCT-051,BILLING,Production,SUCCESS,200,967,967,0,1813,0,
SYNC-ACCT-051-BILLING-20260511,2026-05-11,ACCT-051,BILLING,Production,SUCCESS,200,1467,1459,8,2018,0,
SYNC-ACCT-051-BILLING-20260514,2026-05-14,ACCT-051,BILLING,Production,SUCCESS,200,1134,1126,8,2843,0,
SYNC-ACCT-051-BILLING-20260517,2026-05-17,ACCT-051,BILLING,Production,SUCCESS,200,820,819,1,1926,0,
SYNC-ACCT-051-BILLING-20260520,2026-05-20,ACCT-051,BILLING,Production,SUCCESS,200,1527,1525,2,1914,0,
SYNC-ACCT-051-BILLING-20260523,2026-05-23,ACCT-051,BILLING,Production,SUCCESS,200,1307,1304,3,1587,0,
SYNC-ACCT-051-BILLING-20260526,2026-05-26,ACCT-051,BILLING,Production,SUCCESS,200,1315,1311,4,1542,0,
SYNC-ACCT-051-BILLING-20260529,2026-05-29,ACCT-051,BILLING,Production,SUCCESS,200,975,967,8,2918,0,
SYNC-ACCT-051-BILLING-20260601,2026-06-01,ACCT-051,BILLING,Production,SUCCESS,200,911,910,1,2357,0,
SYNC-ACCT-051-BILLING-20260604,2026-06-04,ACCT-051,BILLING,Production,SUCCESS,200,1590,1578,12,3256,0,
SYNC-ACCT-051-BILLING-20260607,2026-06-07,ACCT-051,BILLING,Production,SUCCESS,200,847,841,6,2002,0,
SYNC-ACCT-051-BILLING-20260610,2026-06-10,ACCT-051,BILLING,Production,SUCCESS,200,1473,1463,10,1626,0,
SYNC-ACCT-051-BILLING-20260613,2026-06-13,ACCT-051,BILLING,Production,SUCCESS,200,960,958,2,1212,0,
SYNC-ACCT-051-BILLING-20260616,2026-06-16,ACCT-051,BILLING,Production,SUCCESS,200,995,987,8,715,0,
SYNC-ACCT-051-BILLING-20260619,2026-06-19,ACCT-051,BILLING,Production,SUCCESS,200,1474,1465,9,3146,0,
SYNC-ACCT-051-BILLING-20260622,2026-06-22,ACCT-051,BILLING,Production,SUCCESS,200,1268,1267,1,1235,0,
SYNC-ACCT-051-BILLING-20260625,2026-06-25,ACCT-051,BILLING,Production,SUCCESS,200,1445,1444,1,859,0,
SYNC-ACCT-051-BILLING-20260628,2026-06-28,ACCT-051,BILLING,Production,SUCCESS,200,793,792,1,1778,0,
SYNC-ACCT-051-PRODUCT-20260420,2026-04-20,ACCT-051,PRODUCT,Production,SUCCESS,200,1319,1314,5,3295,0,
SYNC-ACCT-051-PRODUCT-20260423,2026-04-23,ACCT-051,PRODUCT,Production,SUCCESS,200,1370,1359,11,2841,0,
SYNC-ACCT-051-PRODUCT-20260426,2026-04-26,ACCT-051,PRODUCT,Production,SUCCESS,200,866,863,3,1136,0,
SYNC-ACCT-051-PRODUCT-20260429,2026-04-29,ACCT-051,PRODUCT,Production,SUCCESS,200,970,967,3,1641,0,
SYNC-ACCT-051-PRODUCT-20260502,2026-05-02,ACCT-051,PRODUCT,Production,SUCCESS,200,1000,992,8,538,0,
SYNC-ACCT-051-PRODUCT-20260505,2026-05-05,ACCT-051,PRODUCT,Production,SUCCESS,200,863,857,6,2594,0,
SYNC-ACCT-051-PRODUCT-20260508,2026-05-08,ACCT-051,PRODUCT,Production,SUCCESS,200,1390,1384,6,1586,0,
SYNC-ACCT-051-PRODUCT-20260511,2026-05-11,ACCT-051,PRODUCT,Production,FAILED,503,1223,0,1223,3087,2,UPSTREAM_UNAVAILABLE
SYNC-ACCT-051-PRODUCT-20260514,2026-05-14,ACCT-051,PRODUCT,Production,SUCCESS,200,1477,1467,10,2594,0,
SYNC-ACCT-051-PRODUCT-20260517,2026-05-17,ACCT-051,PRODUCT,Production,SUCCESS,200,956,953,3,3098,0,
SYNC-ACCT-051-PRODUCT-20260520,2026-05-20,ACCT-051,PRODUCT,Production,SUCCESS,200,898,893,5,3362,0,
SYNC-ACCT-051-PRODUCT-20260523,2026-05-23,ACCT-051,PRODUCT,Production,SUCCESS,200,1370,1368,2,1912,0,
SYNC-ACCT-051-PRODUCT-20260526,2026-05-26,ACCT-051,PRODUCT,Production,SUCCESS,200,889,886,3,1251,0,
SYNC-ACCT-051-PRODUCT-20260529,2026-05-29,ACCT-051,PRODUCT,Production,SUCCESS,200,1288,1285,3,1826,0,
SYNC-ACCT-051-PRODUCT-20260601,2026-06-01,ACCT-051,PRODUCT,Production,SUCCESS,200,1516,1505,11,3003,0,
SYNC-ACCT-051-PRODUCT-20260604,2026-06-04,ACCT-051,PRODUCT,Production,SUCCESS,200,854,850,4,3200,0,
SYNC-ACCT-051-PRODUCT-20260607,2026-06-07,ACCT-051,PRODUCT,Production,SUCCESS,200,836,835,1,2561,0,
SYNC-ACCT-051-PRODUCT-20260610,2026-06-10,ACCT-051,PRODUCT,Production,SUCCESS,200,1059,1056,3,1530,0,
SYNC-ACCT-051-PRODUCT-20260613,2026-06-13,ACCT-051,PRODUCT,Production,SUCCESS,200,1323,1320,3,2748,0,
SYNC-ACCT-051-PRODUCT-20260616,2026-06-16,ACCT-051,PRODUCT,Production,SUCCESS,200,1592,1588,4,536,0,
SYNC-ACCT-051-PRODUCT-20260619,2026-06-19,ACCT-051,PRODUCT,Production,SUCCESS,200,1123,1116,7,2384,0,
SYNC-ACCT-051-PRODUCT-20260622,2026-06-22,ACCT-051,PRODUCT,Production,SUCCESS,200,1507,1497,10,2198,0,
SYNC-ACCT-051-PRODUCT-20260625,2026-06-25,ACCT-051,PRODUCT,Production,SUCCESS,200,928,928,0,2723,0,
SYNC-ACCT-051-PRODUCT-20260628,2026-06-28,ACCT-051,PRODUCT,Production,SUCCESS,200,812,806,6,1835,0,
SYNC-ACCT-052-CRM-20260426,2026-04-26,ACCT-052,CRM,Production,SUCCESS,200,995,990,5,1194,0,
SYNC-ACCT-052-CRM-20260429,2026-04-29,ACCT-052,CRM,Production,SUCCESS,200,861,854,7,2326,0,
SYNC-ACCT-052-CRM-20260502,2026-05-02,ACCT-052,CRM,Production,SUCCESS,200,1338,1337,1,3277,0,
SYNC-ACCT-052-CRM-20260505,2026-05-05,ACCT-052,CRM,Production,SUCCESS,200,860,854,6,3305,0,
SYNC-ACCT-052-CRM-20260508,2026-05-08,ACCT-052,CRM,Production,SUCCESS,200,769,768,1,3130,0,
SYNC-ACCT-052-CRM-20260511,2026-05-11,ACCT-052,CRM,Production,SUCCESS,200,1162,1162,0,559,0,
SYNC-ACCT-052-CRM-20260514,2026-05-14,ACCT-052,CRM,Production,SUCCESS,200,1511,1500,11,2009,0,
SYNC-ACCT-052-CRM-20260517,2026-05-17,ACCT-052,CRM,Production,SUCCESS,200,1371,1364,7,2920,0,
SYNC-ACCT-052-CRM-20260520,2026-05-20,ACCT-052,CRM,Production,SUCCESS,200,1306,1301,5,3294,0,
SYNC-ACCT-052-CRM-20260523,2026-05-23,ACCT-052,CRM,Production,SUCCESS,200,759,756,3,3213,0,
SYNC-ACCT-052-CRM-20260526,2026-05-26,ACCT-052,CRM,Production,SUCCESS,200,1292,1292,0,782,0,
SYNC-ACCT-052-CRM-20260529,2026-05-29,ACCT-052,CRM,Production,SUCCESS,200,1196,1196,0,2193,0,
SYNC-ACCT-052-CRM-20260601,2026-06-01,ACCT-052,CRM,Production,SUCCESS,200,1369,1361,8,3254,0,
SYNC-ACCT-052-CRM-20260604,2026-06-04,ACCT-052,CRM,Production,SUCCESS,200,1055,1054,1,2814,0,
SYNC-ACCT-052-CRM-20260607,2026-06-07,ACCT-052,CRM,Production,SUCCESS,200,790,784,6,3137,0,
SYNC-ACCT-052-CRM-20260610,2026-06-10,ACCT-052,CRM,Production,SUCCESS,200,1095,1090,5,919,0,
SYNC-ACCT-052-CRM-20260613,2026-06-13,ACCT-052,CRM,Production,SUCCESS,200,923,920,3,590,0,
SYNC-ACCT-052-CRM-20260616,2026-06-16,ACCT-052,CRM,Production,SUCCESS,200,1497,1490,7,3090,0,
SYNC-ACCT-052-CRM-20260619,2026-06-19,ACCT-052,CRM,Production,SUCCESS,200,1283,1275,8,2318,0,
SYNC-ACCT-052-CRM-20260622,2026-06-22,ACCT-052,CRM,Production,SUCCESS,200,1654,1641,13,3320,0,
SYNC-ACCT-052-CRM-20260625,2026-06-25,ACCT-052,CRM,Production,SUCCESS,200,1561,1559,2,1486,0,
SYNC-ACCT-052-CRM-20260628,2026-06-28,ACCT-052,CRM,Production,SUCCESS,200,896,895,1,821,0,
SYNC-ACCT-052-BILLING-20260426,2026-04-26,ACCT-052,BILLING,Production,SUCCESS,200,1383,1379,4,2492,0,
SYNC-ACCT-052-BILLING-20260429,2026-04-29,ACCT-052,BILLING,Production,SUCCESS,200,1309,1305,4,632,0,
SYNC-ACCT-052-BILLING-20260502,2026-05-02,ACCT-052,BILLING,Production,SUCCESS,200,1460,1454,6,985,0,
SYNC-ACCT-052-BILLING-20260505,2026-05-05,ACCT-052,BILLING,Production,FAILED,422,1481,1126,355,1830,0,SCHEMA_FIELD_CHANGED
SYNC-ACCT-052-BILLING-20260508,2026-05-08,ACCT-052,BILLING,Production,FAILED,422,748,568,180,1551,0,SCHEMA_FIELD_CHANGED
SYNC-ACCT-052-BILLING-20260511,2026-05-11,ACCT-052,BILLING,Production,FAILED,422,1675,1273,402,3264,0,SCHEMA_FIELD_CHANGED
SYNC-ACCT-052-BILLING-20260514,2026-05-14,ACCT-052,BILLING,Production,SUCCESS,200,1278,1278,0,2594,0,
SYNC-ACCT-052-BILLING-20260517,2026-05-17,ACCT-052,BILLING,Production,SUCCESS,200,968,960,8,1463,0,
SYNC-ACCT-052-BILLING-20260520,2026-05-20,ACCT-052,BILLING,Production,SUCCESS,200,804,799,5,539,0,
SYNC-ACCT-052-BILLING-20260523,2026-05-23,ACCT-052,BILLING,Production,SUCCESS,200,1467,1459,8,2369,0,
SYNC-ACCT-052-BILLING-20260526,2026-05-26,ACCT-052,BILLING,Production,SUCCESS,200,1208,1208,0,619,0,
SYNC-ACCT-052-BILLING-20260529,2026-05-29,ACCT-052,BILLING,Production,SUCCESS,200,1204,1194,10,3301,0,
SYNC-ACCT-052-BILLING-20260601,2026-06-01,ACCT-052,BILLING,Production,SUCCESS,200,894,892,2,1649,0,
SYNC-ACCT-052-BILLING-20260604,2026-06-04,ACCT-052,BILLING,Production,SUCCESS,200,806,805,1,2603,0,
SYNC-ACCT-052-BILLING-20260607,2026-06-07,ACCT-052,BILLING,Production,SUCCESS,200,900,897,3,2387,0,
SYNC-ACCT-052-BILLING-20260610,2026-06-10,ACCT-052,BILLING,Production,SUCCESS,200,1582,1576,6,3341,0,
SYNC-ACCT-052-BILLING-20260613,2026-06-13,ACCT-052,BILLING,Production,SUCCESS,200,1196,1196,0,2027,0,
SYNC-ACCT-052-BILLING-20260616,2026-06-16,ACCT-052,BILLING,Production,SUCCESS,200,1063,1057,6,1320,0,
SYNC-ACCT-052-BILLING-20260619,2026-06-19,ACCT-052,BILLING,Production,SUCCESS,200,888,883,5,3083,0,
SYNC-ACCT-052-BILLING-20260622,2026-06-22,ACCT-052,BILLING,Production,SUCCESS,200,1110,1101,9,972,0,
SYNC-ACCT-052-BILLING-20260625,2026-06-25,ACCT-052,BILLING,Production,SUCCESS,200,1125,1117,8,2050,0,
SYNC-ACCT-052-BILLING-20260628,2026-06-28,ACCT-052,BILLING,Production,SUCCESS,200,1077,1077,0,1229,0,
SYNC-ACCT-053-CRM-20260502,2026-05-02,ACCT-053,CRM,Production,SUCCESS,200,839,836,3,2008,0,
SYNC-ACCT-053-CRM-20260505,2026-05-05,ACCT-053,CRM,Production,SUCCESS,200,1539,1537,2,1466,0,
SYNC-ACCT-053-CRM-20260508,2026-05-08,ACCT-053,CRM,Production,SUCCESS,200,963,957,6,3251,0,
SYNC-ACCT-053-CRM-20260511,2026-05-11,ACCT-053,CRM,Production,SUCCESS,200,1471,1470,1,2021,0,
SYNC-ACCT-053-CRM-20260514,2026-05-14,ACCT-053,CRM,Production,SUCCESS,200,1293,1289,4,1493,0,
SYNC-ACCT-053-CRM-20260517,2026-05-17,ACCT-053,CRM,Production,SUCCESS,200,851,846,5,3392,0,
SYNC-ACCT-053-CRM-20260520,2026-05-20,ACCT-053,CRM,Production,SUCCESS,200,1270,1266,4,2372,0,
SYNC-ACCT-053-CRM-20260523,2026-05-23,ACCT-053,CRM,Production,SUCCESS,200,1338,1337,1,557,0,
SYNC-ACCT-053-CRM-20260526,2026-05-26,ACCT-053,CRM,Production,SUCCESS,200,1596,1592,4,3282,0,
SYNC-ACCT-053-CRM-20260529,2026-05-29,ACCT-053,CRM,Production,FAILED,503,1509,0,1509,3211,2,UPSTREAM_UNAVAILABLE
SYNC-ACCT-053-CRM-20260601,2026-06-01,ACCT-053,CRM,Production,SUCCESS,200,815,814,1,824,0,
SYNC-ACCT-053-CRM-20260604,2026-06-04,ACCT-053,CRM,Production,SUCCESS,200,1607,1604,3,2006,0,
SYNC-ACCT-053-CRM-20260607,2026-06-07,ACCT-053,CRM,Production,SUCCESS,200,1329,1329,0,2428,0,
SYNC-ACCT-053-CRM-20260610,2026-06-10,ACCT-053,CRM,Production,SUCCESS,200,1218,1216,2,2897,0,
SYNC-ACCT-053-CRM-20260613,2026-06-13,ACCT-053,CRM,Production,SUCCESS,200,1245,1244,1,1732,0,
SYNC-ACCT-053-CRM-20260616,2026-06-16,ACCT-053,CRM,Production,SUCCESS,200,1346,1340,6,2987,0,
SYNC-ACCT-053-CRM-20260619,2026-06-19,ACCT-053,CRM,Production,SUCCESS,200,1633,1621,12,548,0,
SYNC-ACCT-053-CRM-20260622,2026-06-22,ACCT-053,CRM,Production,SUCCESS,200,1277,1273,4,2139,0,
SYNC-ACCT-053-CRM-20260625,2026-06-25,ACCT-053,CRM,Production,SUCCESS,200,1337,1329,8,2818,0,
SYNC-ACCT-053-CRM-20260628,2026-06-28,ACCT-053,CRM,Production,SUCCESS,200,978,977,1,2007,0,
SYNC-ACCT-053-BILLING-20260502,2026-05-02,ACCT-053,BILLING,Production,SUCCESS,200,1036,1029,7,2657,0,
SYNC-ACCT-053-BILLING-20260505,2026-05-05,ACCT-053,BILLING,Production,SUCCESS,200,1280,1272,8,2523,0,
SYNC-ACCT-053-BILLING-20260508,2026-05-08,ACCT-053,BILLING,Production,SUCCESS,200,1359,1351,8,794,0,
SYNC-ACCT-053-BILLING-20260511,2026-05-11,ACCT-053,BILLING,Production,SUCCESS,200,1024,1022,2,1639,0,
SYNC-ACCT-053-BILLING-20260514,2026-05-14,ACCT-053,BILLING,Production,SUCCESS,200,789,788,1,729,0,
SYNC-ACCT-053-BILLING-20260517,2026-05-17,ACCT-053,BILLING,Production,SUCCESS,200,1116,1107,9,1621,0,
SYNC-ACCT-053-BILLING-20260520,2026-05-20,ACCT-053,BILLING,Production,SUCCESS,200,1379,1370,9,3036,0,
SYNC-ACCT-053-BILLING-20260523,2026-05-23,ACCT-053,BILLING,Production,SUCCESS,200,904,904,0,1584,0,
SYNC-ACCT-053-BILLING-20260526,2026-05-26,ACCT-053,BILLING,Production,SUCCESS,200,1536,1534,2,1124,0,
SYNC-ACCT-053-BILLING-20260529,2026-05-29,ACCT-053,BILLING,Production,SUCCESS,200,907,900,7,2241,0,
SYNC-ACCT-053-BILLING-20260601,2026-06-01,ACCT-053,BILLING,Production,SUCCESS,200,1654,1646,8,1787,0,
SYNC-ACCT-053-BILLING-20260604,2026-06-04,ACCT-053,BILLING,Production,SUCCESS,200,1162,1157,5,1364,0,
SYNC-ACCT-053-BILLING-20260607,2026-06-07,ACCT-053,BILLING,Production,SUCCESS,200,1494,1483,11,1792,0,
SYNC-ACCT-053-BILLING-20260610,2026-06-10,ACCT-053,BILLING,Production,SUCCESS,200,1592,1588,4,3213,0,
SYNC-ACCT-053-BILLING-20260613,2026-06-13,ACCT-053,BILLING,Production,SUCCESS,200,1560,1552,8,1271,0,
SYNC-ACCT-053-BILLING-20260616,2026-06-16,ACCT-053,BILLING,Production,SUCCESS,200,1456,1450,6,1718,0,
SYNC-ACCT-053-BILLING-20260619,2026-06-19,ACCT-053,BILLING,Production,SUCCESS,200,803,803,0,3318,0,
SYNC-ACCT-053-BILLING-20260622,2026-06-22,ACCT-053,BILLING,Production,SUCCESS,200,1649,1638,11,635,0,
SYNC-ACCT-053-BILLING-20260625,2026-06-25,ACCT-053,BILLING,Production,SUCCESS,200,1494,1490,4,2133,0,
SYNC-ACCT-053-BILLING-20260628,2026-06-28,ACCT-053,BILLING,Production,SUCCESS,200,1214,1208,6,585,0,
SYNC-ACCT-054-CRM-20260505,2026-05-05,ACCT-054,CRM,Production,SUCCESS,200,823,817,6,711,0,
SYNC-ACCT-054-CRM-20260508,2026-05-08,ACCT-054,CRM,Production,SUCCESS,200,1514,1511,3,2042,0,
SYNC-ACCT-054-CRM-20260511,2026-05-11,ACCT-054,CRM,Production,SUCCESS,200,790,790,0,2487,0,
SYNC-ACCT-054-CRM-20260514,2026-05-14,ACCT-054,CRM,Production,SUCCESS,200,1063,1063,0,2705,0,
SYNC-ACCT-054-CRM-20260517,2026-05-17,ACCT-054,CRM,Production,SUCCESS,200,1450,1448,2,599,0,
SYNC-ACCT-054-CRM-20260520,2026-05-20,ACCT-054,CRM,Production,SUCCESS,200,1619,1609,10,1198,0,
SYNC-ACCT-054-CRM-20260523,2026-05-23,ACCT-054,CRM,Production,SUCCESS,200,1321,1319,2,540,0,
SYNC-ACCT-054-CRM-20260526,2026-05-26,ACCT-054,CRM,Production,SUCCESS,200,846,844,2,1266,0,
SYNC-ACCT-054-CRM-20260529,2026-05-29,ACCT-054,CRM,Production,SUCCESS,200,1006,1004,2,1713,0,
SYNC-ACCT-054-CRM-20260601,2026-06-01,ACCT-054,CRM,Production,SUCCESS,200,1329,1321,8,2696,0,
SYNC-ACCT-054-CRM-20260604,2026-06-04,ACCT-054,CRM,Production,SUCCESS,200,1065,1061,4,1010,0,
SYNC-ACCT-054-CRM-20260607,2026-06-07,ACCT-054,CRM,Production,SUCCESS,200,1487,1478,9,598,0,
SYNC-ACCT-054-CRM-20260610,2026-06-10,ACCT-054,CRM,Production,SUCCESS,200,1046,1040,6,2234,0,
SYNC-ACCT-054-CRM-20260613,2026-06-13,ACCT-054,CRM,Production,SUCCESS,200,1355,1349,6,2412,0,
SYNC-ACCT-054-CRM-20260616,2026-06-16,ACCT-054,CRM,Production,SUCCESS,200,1391,1389,2,1054,0,
SYNC-ACCT-054-CRM-20260619,2026-06-19,ACCT-054,CRM,Production,SUCCESS,200,1512,1500,12,1789,0,
SYNC-ACCT-054-CRM-20260622,2026-06-22,ACCT-054,CRM,Production,SUCCESS,200,722,722,0,1393,0,
SYNC-ACCT-054-CRM-20260625,2026-06-25,ACCT-054,CRM,Production,SUCCESS,200,894,887,7,616,0,
SYNC-ACCT-054-CRM-20260628,2026-06-28,ACCT-054,CRM,Production,SUCCESS,200,1315,1314,1,2914,0,
SYNC-ACCT-054-BILLING-20260505,2026-05-05,ACCT-054,BILLING,Production,SUCCESS,200,1371,1370,1,671,0,
SYNC-ACCT-054-BILLING-20260508,2026-05-08,ACCT-054,BILLING,Production,SUCCESS,200,850,848,2,1759,0,
SYNC-ACCT-054-BILLING-20260511,2026-05-11,ACCT-054,BILLING,Production,SUCCESS,200,753,753,0,3274,0,
SYNC-ACCT-054-BILLING-20260514,2026-05-14,ACCT-054,BILLING,Production,SUCCESS,200,1606,1593,13,2081,0,
SYNC-ACCT-054-BILLING-20260517,2026-05-17,ACCT-054,BILLING,Production,SUCCESS,200,1285,1276,9,1098,0,
SYNC-ACCT-054-BILLING-20260520,2026-05-20,ACCT-054,BILLING,Production,SUCCESS,200,1073,1066,7,894,0,
SYNC-ACCT-054-BILLING-20260523,2026-05-23,ACCT-054,BILLING,Production,SUCCESS,200,1400,1396,4,1314,0,
SYNC-ACCT-054-BILLING-20260526,2026-05-26,ACCT-054,BILLING,Production,SUCCESS,200,1178,1177,1,2388,0,
SYNC-ACCT-054-BILLING-20260529,2026-05-29,ACCT-054,BILLING,Production,SUCCESS,200,769,769,0,2942,0,
SYNC-ACCT-054-BILLING-20260601,2026-06-01,ACCT-054,BILLING,Production,SUCCESS,200,1343,1343,0,686,0,
SYNC-ACCT-054-BILLING-20260604,2026-06-04,ACCT-054,BILLING,Production,SUCCESS,200,1344,1336,8,1575,0,
SYNC-ACCT-054-BILLING-20260607,2026-06-07,ACCT-054,BILLING,Production,SUCCESS,200,959,956,3,2076,0,
SYNC-ACCT-054-BILLING-20260610,2026-06-10,ACCT-054,BILLING,Production,SUCCESS,200,1382,1380,2,1812,0,
SYNC-ACCT-054-BILLING-20260613,2026-06-13,ACCT-054,BILLING,Production,SUCCESS,200,1102,1095,7,2366,0,
SYNC-ACCT-054-BILLING-20260616,2026-06-16,ACCT-054,BILLING,Production,SUCCESS,200,1513,1501,12,818,0,
SYNC-ACCT-054-BILLING-20260619,2026-06-19,ACCT-054,BILLING,Production,SUCCESS,200,1453,1443,10,2442,0,
SYNC-ACCT-054-BILLING-20260622,2026-06-22,ACCT-054,BILLING,Production,SUCCESS,200,994,993,1,1949,0,
SYNC-ACCT-054-BILLING-20260625,2026-06-25,ACCT-054,BILLING,Production,SUCCESS,200,1301,1293,8,1565,0,
SYNC-ACCT-054-BILLING-20260628,2026-06-28,ACCT-054,BILLING,Production,SUCCESS,200,1413,1409,4,1423,0,
SYNC-ACCT-054-PRODUCT-20260505,2026-05-05,ACCT-054,PRODUCT,Production,SUCCESS,200,725,720,5,1612,0,
SYNC-ACCT-054-PRODUCT-20260508,2026-05-08,ACCT-054,PRODUCT,Production,SUCCESS,200,1570,1559,11,3032,0,
SYNC-ACCT-054-PRODUCT-20260511,2026-05-11,ACCT-054,PRODUCT,Production,SUCCESS,200,943,943,0,511,0,
SYNC-ACCT-054-PRODUCT-20260514,2026-05-14,ACCT-054,PRODUCT,Production,SUCCESS,200,1529,1526,3,760,0,
SYNC-ACCT-054-PRODUCT-20260517,2026-05-17,ACCT-054,PRODUCT,Production,SUCCESS,200,1316,1306,10,3204,0,
SYNC-ACCT-054-PRODUCT-20260520,2026-05-20,ACCT-054,PRODUCT,Production,SUCCESS,200,1366,1361,5,1556,0,
SYNC-ACCT-054-PRODUCT-20260523,2026-05-23,ACCT-054,PRODUCT,Production,SUCCESS,200,758,753,5,1420,0,
SYNC-ACCT-054-PRODUCT-20260526,2026-05-26,ACCT-054,PRODUCT,Production,SUCCESS,200,986,983,3,1725,0,
SYNC-ACCT-054-PRODUCT-20260529,2026-05-29,ACCT-054,PRODUCT,Production,SUCCESS,200,1596,1589,7,2929,0,
SYNC-ACCT-054-PRODUCT-20260601,2026-06-01,ACCT-054,PRODUCT,Production,SUCCESS,200,1349,1339,10,2034,0,
SYNC-ACCT-054-PRODUCT-20260604,2026-06-04,ACCT-054,PRODUCT,Production,SUCCESS,200,850,849,1,1921,0,
SYNC-ACCT-054-PRODUCT-20260607,2026-06-07,ACCT-054,PRODUCT,Production,SUCCESS,200,1006,1006,0,3045,0,
SYNC-ACCT-054-PRODUCT-20260610,2026-06-10,ACCT-054,PRODUCT,Production,SUCCESS,200,1650,1639,11,2588,0,
SYNC-ACCT-054-PRODUCT-20260613,2026-06-13,ACCT-054,PRODUCT,Production,SUCCESS,200,1234,1234,0,1788,0,
SYNC-ACCT-054-PRODUCT-20260616,2026-06-16,ACCT-054,PRODUCT,Production,SUCCESS,200,969,968,1,2973,0,
SYNC-ACCT-054-PRODUCT-20260619,2026-06-19,ACCT-054,PRODUCT,Production,SUCCESS,200,881,874,7,1875,0,
SYNC-ACCT-054-PRODUCT-20260622,2026-06-22,ACCT-054,PRODUCT,Production,SUCCESS,200,1341,1333,8,1384,0,
SYNC-ACCT-054-PRODUCT-20260625,2026-06-25,ACCT-054,PRODUCT,Production,SUCCESS,200,743,741,2,1597,0,
SYNC-ACCT-054-PRODUCT-20260628,2026-06-28,ACCT-054,PRODUCT,Production,SUCCESS,200,1549,1548,1,540,0,
SYNC-ACCT-055-CRM-20260511,2026-05-11,ACCT-055,CRM,Production,SUCCESS,200,1477,1470,7,1451,0,
SYNC-ACCT-055-CRM-20260514,2026-05-14,ACCT-055,CRM,Production,SUCCESS,200,1122,1117,5,1531,0,
SYNC-ACCT-055-CRM-20260517,2026-05-17,ACCT-055,CRM,Production,SUCCESS,200,911,911,0,992,0,
SYNC-ACCT-055-CRM-20260520,2026-05-20,ACCT-055,CRM,Production,SUCCESS,200,1589,1587,2,3224,0,
SYNC-ACCT-055-CRM-20260523,2026-05-23,ACCT-055,CRM,Production,SUCCESS,200,1351,1344,7,1369,0,
SYNC-ACCT-055-CRM-20260526,2026-05-26,ACCT-055,CRM,Production,SUCCESS,200,1533,1524,9,3391,0,
SYNC-ACCT-055-CRM-20260529,2026-05-29,ACCT-055,CRM,Production,SUCCESS,200,1532,1526,6,2746,0,
SYNC-ACCT-055-CRM-20260601,2026-06-01,ACCT-055,CRM,Production,SUCCESS,200,1506,1504,2,2161,0,
SYNC-ACCT-055-CRM-20260604,2026-06-04,ACCT-055,CRM,Production,SUCCESS,200,1607,1597,10,682,0,
SYNC-ACCT-055-CRM-20260607,2026-06-07,ACCT-055,CRM,Production,SUCCESS,200,1481,1476,5,1173,0,
SYNC-ACCT-055-CRM-20260610,2026-06-10,ACCT-055,CRM,Production,SUCCESS,200,1003,1003,0,2308,0,
SYNC-ACCT-055-CRM-20260613,2026-06-13,ACCT-055,CRM,Production,SUCCESS,200,726,720,6,1031,0,
SYNC-ACCT-055-CRM-20260616,2026-06-16,ACCT-055,CRM,Production,SUCCESS,200,1504,1499,5,2965,0,
SYNC-ACCT-055-CRM-20260619,2026-06-19,ACCT-055,CRM,Production,SUCCESS,200,1016,1013,3,2635,0,
SYNC-ACCT-055-CRM-20260622,2026-06-22,ACCT-055,CRM,Production,SUCCESS,200,1562,1558,4,2050,0,
SYNC-ACCT-055-CRM-20260625,2026-06-25,ACCT-055,CRM,Production,SUCCESS,200,959,959,0,2745,0,
SYNC-ACCT-055-CRM-20260628,2026-06-28,ACCT-055,CRM,Production,SUCCESS,200,1405,1399,6,669,0,
SYNC-ACCT-055-BILLING-20260511,2026-05-11,ACCT-055,BILLING,Production,SUCCESS,200,1550,1546,4,1975,0,
SYNC-ACCT-055-BILLING-20260514,2026-05-14,ACCT-055,BILLING,Production,SUCCESS,200,1526,1517,9,2050,0,
SYNC-ACCT-055-BILLING-20260517,2026-05-17,ACCT-055,BILLING,Production,SUCCESS,200,811,807,4,1718,0,
SYNC-ACCT-055-BILLING-20260520,2026-05-20,ACCT-055,BILLING,Production,SUCCESS,200,842,841,1,988,0,
SYNC-ACCT-055-BILLING-20260523,2026-05-23,ACCT-055,BILLING,Production,SUCCESS,200,1264,1260,4,1754,0,
SYNC-ACCT-055-BILLING-20260526,2026-05-26,ACCT-055,BILLING,Production,SUCCESS,200,1531,1531,0,1505,0,
SYNC-ACCT-055-BILLING-20260529,2026-05-29,ACCT-055,BILLING,Production,SUCCESS,200,1524,1522,2,3011,0,
SYNC-ACCT-055-BILLING-20260601,2026-06-01,ACCT-055,BILLING,Production,SUCCESS,200,883,876,7,1241,0,
SYNC-ACCT-055-BILLING-20260604,2026-06-04,ACCT-055,BILLING,Production,SUCCESS,200,751,751,0,2267,0,
SYNC-ACCT-055-BILLING-20260607,2026-06-07,ACCT-055,BILLING,Production,SUCCESS,200,1153,1147,6,2959,0,
SYNC-ACCT-055-BILLING-20260610,2026-06-10,ACCT-055,BILLING,Production,SUCCESS,200,1184,1176,8,2784,0,
SYNC-ACCT-055-BILLING-20260613,2026-06-13,ACCT-055,BILLING,Production,SUCCESS,200,1191,1181,10,1808,0,
SYNC-ACCT-055-BILLING-20260616,2026-06-16,ACCT-055,BILLING,Production,SUCCESS,200,735,729,6,1119,0,
SYNC-ACCT-055-BILLING-20260619,2026-06-19,ACCT-055,BILLING,Production,SUCCESS,200,1197,1192,5,1322,0,
SYNC-ACCT-055-BILLING-20260622,2026-06-22,ACCT-055,BILLING,Production,SUCCESS,200,1507,1501,6,1572,0,
SYNC-ACCT-055-BILLING-20260625,2026-06-25,ACCT-055,BILLING,Production,SUCCESS,200,1040,1032,8,1177,0,
SYNC-ACCT-055-BILLING-20260628,2026-06-28,ACCT-055,BILLING,Production,SUCCESS,200,1139,1138,1,1869,0,
SYNC-ACCT-055-PRODUCT-20260511,2026-05-11,ACCT-055,PRODUCT,Production,SUCCESS,200,1535,1524,11,2088,0,
SYNC-ACCT-055-PRODUCT-20260514,2026-05-14,ACCT-055,PRODUCT,Production,SUCCESS,200,765,761,4,2585,0,
SYNC-ACCT-055-PRODUCT-20260517,2026-05-17,ACCT-055,PRODUCT,Production,SUCCESS,200,924,922,2,2448,0,
SYNC-ACCT-055-PRODUCT-20260520,2026-05-20,ACCT-055,PRODUCT,Production,SUCCESS,200,1273,1269,4,2354,0,
SYNC-ACCT-055-PRODUCT-20260523,2026-05-23,ACCT-055,PRODUCT,Production,SUCCESS,200,1091,1090,1,3290,0,
SYNC-ACCT-055-PRODUCT-20260526,2026-05-26,ACCT-055,PRODUCT,Production,SUCCESS,200,747,742,5,519,0,
SYNC-ACCT-055-PRODUCT-20260529,2026-05-29,ACCT-055,PRODUCT,Production,SUCCESS,200,1304,1304,0,3128,0,
SYNC-ACCT-055-PRODUCT-20260601,2026-06-01,ACCT-055,PRODUCT,Production,SUCCESS,200,1220,1210,10,993,0,
SYNC-ACCT-055-PRODUCT-20260604,2026-06-04,ACCT-055,PRODUCT,Production,SUCCESS,200,1518,1507,11,2746,0,
SYNC-ACCT-055-PRODUCT-20260607,2026-06-07,ACCT-055,PRODUCT,Production,SUCCESS,200,1007,1000,7,1846,0,
SYNC-ACCT-055-PRODUCT-20260610,2026-06-10,ACCT-055,PRODUCT,Production,SUCCESS,200,1438,1427,11,2266,0,
SYNC-ACCT-055-PRODUCT-20260613,2026-06-13,ACCT-055,PRODUCT,Production,SUCCESS,200,854,851,3,2856,0,
SYNC-ACCT-055-PRODUCT-20260616,2026-06-16,ACCT-055,PRODUCT,Production,SUCCESS,200,1139,1135,4,1528,0,
SYNC-ACCT-055-PRODUCT-20260619,2026-06-19,ACCT-055,PRODUCT,Production,SUCCESS,200,750,749,1,1685,0,
SYNC-ACCT-055-PRODUCT-20260622,2026-06-22,ACCT-055,PRODUCT,Production,SUCCESS,200,1176,1172,4,3253,0,
SYNC-ACCT-055-PRODUCT-20260625,2026-06-25,ACCT-055,PRODUCT,Production,SUCCESS,200,1248,1247,1,1991,0,
SYNC-ACCT-055-PRODUCT-20260628,2026-06-28,ACCT-055,PRODUCT,Production,FAILED,503,1505,0,1505,997,2,UPSTREAM_UNAVAILABLE
SYNC-ACCT-055-WAREHOUSE-20260511,2026-05-11,ACCT-055,WAREHOUSE,Production,SUCCESS,200,805,800,5,2393,0,
SYNC-ACCT-055-WAREHOUSE-20260514,2026-05-14,ACCT-055,WAREHOUSE,Production,SUCCESS,200,850,847,3,2245,0,
SYNC-ACCT-055-WAREHOUSE-20260517,2026-05-17,ACCT-055,WAREHOUSE,Production,SUCCESS,200,1109,1109,0,3322,0,
SYNC-ACCT-055-WAREHOUSE-20260520,2026-05-20,ACCT-055,WAREHOUSE,Production,FAILED,429,1516,0,1516,14715,3,RATE_LIMITED
SYNC-ACCT-055-WAREHOUSE-20260523,2026-05-23,ACCT-055,WAREHOUSE,Production,FAILED,429,850,0,850,9637,3,RATE_LIMITED
SYNC-ACCT-055-WAREHOUSE-20260526,2026-05-26,ACCT-055,WAREHOUSE,Production,SUCCESS,200,1503,1503,0,3172,0,
SYNC-ACCT-055-WAREHOUSE-20260529,2026-05-29,ACCT-055,WAREHOUSE,Production,SUCCESS,200,900,898,2,1447,0,
SYNC-ACCT-055-WAREHOUSE-20260601,2026-06-01,ACCT-055,WAREHOUSE,Production,SUCCESS,200,967,962,5,1833,0,
SYNC-ACCT-055-WAREHOUSE-20260604,2026-06-04,ACCT-055,WAREHOUSE,Production,SUCCESS,200,931,927,4,3258,0,
SYNC-ACCT-055-WAREHOUSE-20260607,2026-06-07,ACCT-055,WAREHOUSE,Production,SUCCESS,200,864,861,3,2793,0,
SYNC-ACCT-055-WAREHOUSE-20260610,2026-06-10,ACCT-055,WAREHOUSE,Production,SUCCESS,200,1160,1155,5,1720,0,
SYNC-ACCT-055-WAREHOUSE-20260613,2026-06-13,ACCT-055,WAREHOUSE,Production,SUCCESS,200,1246,1239,7,1351,0,
SYNC-ACCT-055-WAREHOUSE-20260616,2026-06-16,ACCT-055,WAREHOUSE,Production,SUCCESS,200,1351,1343,8,1520,0,
SYNC-ACCT-055-WAREHOUSE-20260619,2026-06-19,ACCT-055,WAREHOUSE,Production,SUCCESS,200,1227,1227,0,1488,0,
SYNC-ACCT-055-WAREHOUSE-20260622,2026-06-22,ACCT-055,WAREHOUSE,Production,SUCCESS,200,1572,1567,5,2727,0,
SYNC-ACCT-055-WAREHOUSE-20260625,2026-06-25,ACCT-055,WAREHOUSE,Production,SUCCESS,200,1602,1594,8,1803,0,
SYNC-ACCT-055-WAREHOUSE-20260628,2026-06-28,ACCT-055,WAREHOUSE,Production,SUCCESS,200,799,799,0,741,0,
SYNC-ACCT-056-CRM-20260517,2026-05-17,ACCT-056,CRM,Production,SUCCESS,200,1251,1247,4,3006,0,
SYNC-ACCT-056-CRM-20260520,2026-05-20,ACCT-056,CRM,Production,SUCCESS,200,1087,1087,0,1620,0,
SYNC-ACCT-056-CRM-20260523,2026-05-23,ACCT-056,CRM,Production,SUCCESS,200,1258,1251,7,2561,0,
SYNC-ACCT-056-CRM-20260526,2026-05-26,ACCT-056,CRM,Production,SUCCESS,200,894,889,5,1736,0,
SYNC-ACCT-056-CRM-20260529,2026-05-29,ACCT-056,CRM,Production,SUCCESS,200,782,776,6,1776,0,
SYNC-ACCT-056-CRM-20260601,2026-06-01,ACCT-056,CRM,Production,SUCCESS,200,1496,1487,9,3176,0,
SYNC-ACCT-056-CRM-20260604,2026-06-04,ACCT-056,CRM,Production,SUCCESS,200,1527,1518,9,1513,0,
SYNC-ACCT-056-CRM-20260607,2026-06-07,ACCT-056,CRM,Production,SUCCESS,200,1483,1483,0,1333,0,
SYNC-ACCT-056-CRM-20260610,2026-06-10,ACCT-056,CRM,Production,SUCCESS,200,1604,1603,1,842,0,
SYNC-ACCT-056-CRM-20260613,2026-06-13,ACCT-056,CRM,Production,SUCCESS,200,1095,1091,4,987,0,
SYNC-ACCT-056-CRM-20260616,2026-06-16,ACCT-056,CRM,Production,SUCCESS,200,1228,1228,0,1126,0,
SYNC-ACCT-056-CRM-20260619,2026-06-19,ACCT-056,CRM,Production,SUCCESS,200,1644,1638,6,924,0,
SYNC-ACCT-056-CRM-20260622,2026-06-22,ACCT-056,CRM,Production,SUCCESS,200,1005,998,7,1854,0,
SYNC-ACCT-056-CRM-20260625,2026-06-25,ACCT-056,CRM,Production,SUCCESS,200,760,760,0,734,0,
SYNC-ACCT-056-CRM-20260628,2026-06-28,ACCT-056,CRM,Production,SUCCESS,200,1616,1607,9,794,0,
SYNC-ACCT-056-BILLING-20260517,2026-05-17,ACCT-056,BILLING,Production,SUCCESS,200,923,916,7,2522,0,
SYNC-ACCT-056-BILLING-20260520,2026-05-20,ACCT-056,BILLING,Production,SUCCESS,200,1319,1312,7,669,0,
SYNC-ACCT-056-BILLING-20260523,2026-05-23,ACCT-056,BILLING,Production,SUCCESS,200,1552,1543,9,1987,0,
SYNC-ACCT-056-BILLING-20260526,2026-05-26,ACCT-056,BILLING,Production,SUCCESS,200,1135,1126,9,783,0,
SYNC-ACCT-056-BILLING-20260529,2026-05-29,ACCT-056,BILLING,Production,SUCCESS,200,1277,1268,9,651,0,
SYNC-ACCT-056-BILLING-20260601,2026-06-01,ACCT-056,BILLING,Production,SUCCESS,200,1376,1376,0,1690,0,
SYNC-ACCT-056-BILLING-20260604,2026-06-04,ACCT-056,BILLING,Production,SUCCESS,200,1187,1185,2,2570,0,
SYNC-ACCT-056-BILLING-20260607,2026-06-07,ACCT-056,BILLING,Production,SUCCESS,200,747,747,0,3376,0,
SYNC-ACCT-056-BILLING-20260610,2026-06-10,ACCT-056,BILLING,Production,SUCCESS,200,1517,1514,3,1367,0,
SYNC-ACCT-056-BILLING-20260613,2026-06-13,ACCT-056,BILLING,Production,SUCCESS,200,986,986,0,767,0,
SYNC-ACCT-056-BILLING-20260616,2026-06-16,ACCT-056,BILLING,Production,SUCCESS,200,800,798,2,2848,0,
SYNC-ACCT-056-BILLING-20260619,2026-06-19,ACCT-056,BILLING,Production,SUCCESS,200,879,879,0,1169,0,
SYNC-ACCT-056-BILLING-20260622,2026-06-22,ACCT-056,BILLING,Production,SUCCESS,200,803,799,4,1242,0,
SYNC-ACCT-056-BILLING-20260625,2026-06-25,ACCT-056,BILLING,Production,SUCCESS,200,749,746,3,1858,0,
SYNC-ACCT-056-BILLING-20260628,2026-06-28,ACCT-056,BILLING,Production,SUCCESS,200,814,814,0,1819,0,
SYNC-ACCT-057-CRM-20260520,2026-05-20,ACCT-057,CRM,Production,SUCCESS,200,1586,1573,13,2202,0,
SYNC-ACCT-057-CRM-20260523,2026-05-23,ACCT-057,CRM,Production,SUCCESS,200,1040,1034,6,2244,0,
SYNC-ACCT-057-CRM-20260526,2026-05-26,ACCT-057,CRM,Production,SUCCESS,200,1271,1271,0,2282,0,
SYNC-ACCT-057-CRM-20260529,2026-05-29,ACCT-057,CRM,Production,SUCCESS,200,847,842,5,553,0,
SYNC-ACCT-057-CRM-20260601,2026-06-01,ACCT-057,CRM,Production,SUCCESS,200,1221,1212,9,3027,0,
SYNC-ACCT-057-CRM-20260604,2026-06-04,ACCT-057,CRM,Production,SUCCESS,200,1137,1132,5,2448,0,
SYNC-ACCT-057-CRM-20260607,2026-06-07,ACCT-057,CRM,Production,SUCCESS,200,1262,1260,2,1151,0,
SYNC-ACCT-057-CRM-20260610,2026-06-10,ACCT-057,CRM,Production,SUCCESS,200,751,749,2,914,0,
SYNC-ACCT-057-CRM-20260613,2026-06-13,ACCT-057,CRM,Production,SUCCESS,200,740,734,6,1848,0,
SYNC-ACCT-057-CRM-20260616,2026-06-16,ACCT-057,CRM,Production,SUCCESS,200,727,724,3,2525,0,
SYNC-ACCT-057-CRM-20260619,2026-06-19,ACCT-057,CRM,Production,SUCCESS,200,761,758,3,2509,0,
SYNC-ACCT-057-CRM-20260622,2026-06-22,ACCT-057,CRM,Production,SUCCESS,200,1427,1419,8,2196,0,
SYNC-ACCT-057-CRM-20260625,2026-06-25,ACCT-057,CRM,Production,SUCCESS,200,1424,1416,8,2710,0,
SYNC-ACCT-057-CRM-20260628,2026-06-28,ACCT-057,CRM,Production,SUCCESS,200,856,854,2,970,0,
SYNC-ACCT-057-BILLING-20260520,2026-05-20,ACCT-057,BILLING,Production,SUCCESS,200,1179,1175,4,977,0,
SYNC-ACCT-057-BILLING-20260523,2026-05-23,ACCT-057,BILLING,Production,SUCCESS,200,810,809,1,1955,0,
SYNC-ACCT-057-BILLING-20260526,2026-05-26,ACCT-057,BILLING,Production,SUCCESS,200,1371,1362,9,2270,0,
SYNC-ACCT-057-BILLING-20260529,2026-05-29,ACCT-057,BILLING,Production,SUCCESS,200,1294,1293,1,1215,0,
SYNC-ACCT-057-BILLING-20260601,2026-06-01,ACCT-057,BILLING,Production,SUCCESS,200,1389,1378,11,2129,0,
SYNC-ACCT-057-BILLING-20260604,2026-06-04,ACCT-057,BILLING,Production,SUCCESS,200,1015,1009,6,2699,0,
SYNC-ACCT-057-BILLING-20260607,2026-06-07,ACCT-057,BILLING,Production,SUCCESS,200,1117,1116,1,3207,0,
SYNC-ACCT-057-BILLING-20260610,2026-06-10,ACCT-057,BILLING,Production,SUCCESS,200,1138,1129,9,799,0,
SYNC-ACCT-057-BILLING-20260613,2026-06-13,ACCT-057,BILLING,Production,SUCCESS,200,1604,1599,5,2543,0,
SYNC-ACCT-057-BILLING-20260616,2026-06-16,ACCT-057,BILLING,Production,SUCCESS,200,1422,1414,8,973,0,
SYNC-ACCT-057-BILLING-20260619,2026-06-19,ACCT-057,BILLING,Production,SUCCESS,200,1558,1558,0,3150,0,
SYNC-ACCT-057-BILLING-20260622,2026-06-22,ACCT-057,BILLING,Production,SUCCESS,200,1627,1621,6,1106,0,
SYNC-ACCT-057-BILLING-20260625,2026-06-25,ACCT-057,BILLING,Production,SUCCESS,200,1158,1149,9,1882,0,
SYNC-ACCT-057-BILLING-20260628,2026-06-28,ACCT-057,BILLING,Production,SUCCESS,200,1249,1249,0,3106,0,
SYNC-ACCT-057-PRODUCT-20260520,2026-05-20,ACCT-057,PRODUCT,Production,SUCCESS,200,1654,1645,9,1242,0,
SYNC-ACCT-057-PRODUCT-20260523,2026-05-23,ACCT-057,PRODUCT,Production,SUCCESS,200,1263,1255,8,1794,0,
SYNC-ACCT-057-PRODUCT-20260526,2026-05-26,ACCT-057,PRODUCT,Production,SUCCESS,200,1035,1030,5,1951,0,
SYNC-ACCT-057-PRODUCT-20260529,2026-05-29,ACCT-057,PRODUCT,Production,SUCCESS,200,769,767,2,1555,0,
SYNC-ACCT-057-PRODUCT-20260601,2026-06-01,ACCT-057,PRODUCT,Production,SUCCESS,200,890,887,3,662,0,
SYNC-ACCT-057-PRODUCT-20260604,2026-06-04,ACCT-057,PRODUCT,Production,SUCCESS,200,841,836,5,2335,0,
SYNC-ACCT-057-PRODUCT-20260607,2026-06-07,ACCT-057,PRODUCT,Production,SUCCESS,200,1422,1411,11,1553,0,
SYNC-ACCT-057-PRODUCT-20260610,2026-06-10,ACCT-057,PRODUCT,Production,SUCCESS,200,1097,1097,0,740,0,
SYNC-ACCT-057-PRODUCT-20260613,2026-06-13,ACCT-057,PRODUCT,Production,SUCCESS,200,1231,1225,6,2999,0,
SYNC-ACCT-057-PRODUCT-20260616,2026-06-16,ACCT-057,PRODUCT,Production,SUCCESS,200,1325,1319,6,2804,0,
SYNC-ACCT-057-PRODUCT-20260619,2026-06-19,ACCT-057,PRODUCT,Production,SUCCESS,200,1542,1537,5,1989,0,
SYNC-ACCT-057-PRODUCT-20260622,2026-06-22,ACCT-057,PRODUCT,Production,SUCCESS,200,1126,1126,0,2560,0,
SYNC-ACCT-057-PRODUCT-20260625,2026-06-25,ACCT-057,PRODUCT,Production,SUCCESS,200,1493,1489,4,602,0,
SYNC-ACCT-057-PRODUCT-20260628,2026-06-28,ACCT-057,PRODUCT,Production,SUCCESS,200,1470,1465,5,2848,0,
SYNC-ACCT-058-CRM-20260526,2026-05-26,ACCT-058,CRM,Production,SUCCESS,200,1620,1616,4,2290,0,
SYNC-ACCT-058-CRM-20260529,2026-05-29,ACCT-058,CRM,Production,SUCCESS,200,1595,1589,6,1650,0,
SYNC-ACCT-058-CRM-20260601,2026-06-01,ACCT-058,CRM,Production,SUCCESS,200,1383,1382,1,2574,0,
SYNC-ACCT-058-CRM-20260604,2026-06-04,ACCT-058,CRM,Production,SUCCESS,200,1676,1670,6,1541,0,
SYNC-ACCT-058-CRM-20260607,2026-06-07,ACCT-058,CRM,Production,SUCCESS,200,1514,1507,7,3265,0,
SYNC-ACCT-058-CRM-20260610,2026-06-10,ACCT-058,CRM,Production,SUCCESS,200,1310,1303,7,2178,0,
SYNC-ACCT-058-CRM-20260613,2026-06-13,ACCT-058,CRM,Production,SUCCESS,200,1131,1129,2,1136,0,
SYNC-ACCT-058-CRM-20260616,2026-06-16,ACCT-058,CRM,Production,SUCCESS,200,938,938,0,1629,0,
SYNC-ACCT-058-CRM-20260619,2026-06-19,ACCT-058,CRM,Production,SUCCESS,200,1621,1613,8,2100,0,
SYNC-ACCT-058-CRM-20260622,2026-06-22,ACCT-058,CRM,Production,SUCCESS,200,1461,1451,10,797,0,
SYNC-ACCT-058-CRM-20260625,2026-06-25,ACCT-058,CRM,Production,FAILED,503,1397,0,1397,2662,2,UPSTREAM_UNAVAILABLE
SYNC-ACCT-058-CRM-20260628,2026-06-28,ACCT-058,CRM,Production,SUCCESS,200,890,889,1,3346,0,
SYNC-ACCT-058-BILLING-20260526,2026-05-26,ACCT-058,BILLING,Production,SUCCESS,200,1566,1556,10,1999,0,
SYNC-ACCT-058-BILLING-20260529,2026-05-29,ACCT-058,BILLING,Production,SUCCESS,200,1068,1063,5,1606,0,
SYNC-ACCT-058-BILLING-20260601,2026-06-01,ACCT-058,BILLING,Production,SUCCESS,200,786,780,6,3066,0,
SYNC-ACCT-058-BILLING-20260604,2026-06-04,ACCT-058,BILLING,Production,SUCCESS,200,1259,1255,4,862,0,
SYNC-ACCT-058-BILLING-20260607,2026-06-07,ACCT-058,BILLING,Production,SUCCESS,200,982,981,1,2838,0,
SYNC-ACCT-058-BILLING-20260610,2026-06-10,ACCT-058,BILLING,Production,SUCCESS,200,1260,1252,8,1195,0,
SYNC-ACCT-058-BILLING-20260613,2026-06-13,ACCT-058,BILLING,Production,SUCCESS,200,1391,1384,7,2754,0,
SYNC-ACCT-058-BILLING-20260616,2026-06-16,ACCT-058,BILLING,Production,SUCCESS,200,795,793,2,757,0,
SYNC-ACCT-058-BILLING-20260619,2026-06-19,ACCT-058,BILLING,Production,SUCCESS,200,791,789,2,1894,0,
SYNC-ACCT-058-BILLING-20260622,2026-06-22,ACCT-058,BILLING,Production,SUCCESS,200,782,779,3,2731,0,
SYNC-ACCT-058-BILLING-20260625,2026-06-25,ACCT-058,BILLING,Production,SUCCESS,200,1593,1583,10,1129,0,
SYNC-ACCT-058-BILLING-20260628,2026-06-28,ACCT-058,BILLING,Production,FAILED,503,1671,0,1671,3024,2,UPSTREAM_UNAVAILABLE
SYNC-ACCT-059-CRM-20260601,2026-06-01,ACCT-059,CRM,Production,FAILED,503,1317,0,1317,1523,2,UPSTREAM_UNAVAILABLE
SYNC-ACCT-059-CRM-20260604,2026-06-04,ACCT-059,CRM,Production,SUCCESS,200,1030,1028,2,2265,0,
SYNC-ACCT-059-CRM-20260607,2026-06-07,ACCT-059,CRM,Production,SUCCESS,200,1320,1311,9,895,0,
SYNC-ACCT-059-CRM-20260610,2026-06-10,ACCT-059,CRM,Production,SUCCESS,200,985,980,5,2253,0,
SYNC-ACCT-059-CRM-20260613,2026-06-13,ACCT-059,CRM,Production,SUCCESS,200,909,903,6,789,0,
SYNC-ACCT-059-CRM-20260616,2026-06-16,ACCT-059,CRM,Production,SUCCESS,200,1668,1662,6,2149,0,
SYNC-ACCT-059-CRM-20260619,2026-06-19,ACCT-059,CRM,Production,SUCCESS,200,1584,1578,6,2475,0,
SYNC-ACCT-059-CRM-20260622,2026-06-22,ACCT-059,CRM,Production,SUCCESS,200,1057,1052,5,594,0,
SYNC-ACCT-059-CRM-20260625,2026-06-25,ACCT-059,CRM,Production,SUCCESS,200,1501,1495,6,1868,0,
SYNC-ACCT-059-CRM-20260628,2026-06-28,ACCT-059,CRM,Production,SUCCESS,200,1155,1154,1,2268,0,
SYNC-ACCT-059-BILLING-20260601,2026-06-01,ACCT-059,BILLING,Production,SUCCESS,200,794,790,4,1666,0,
SYNC-ACCT-059-BILLING-20260604,2026-06-04,ACCT-059,BILLING,Production,SUCCESS,200,1003,999,4,716,0,
SYNC-ACCT-059-BILLING-20260607,2026-06-07,ACCT-059,BILLING,Production,SUCCESS,200,1557,1554,3,1627,0,
SYNC-ACCT-059-BILLING-20260610,2026-06-10,ACCT-059,BILLING,Production,SUCCESS,200,1677,1677,0,516,0,
SYNC-ACCT-059-BILLING-20260613,2026-06-13,ACCT-059,BILLING,Production,SUCCESS,200,1593,1591,2,2644,0,
SYNC-ACCT-059-BILLING-20260616,2026-06-16,ACCT-059,BILLING,Production,SUCCESS,200,831,826,5,1066,0,
SYNC-ACCT-059-BILLING-20260619,2026-06-19,ACCT-059,BILLING,Production,SUCCESS,200,1093,1086,7,865,0,
SYNC-ACCT-059-BILLING-20260622,2026-06-22,ACCT-059,BILLING,Production,SUCCESS,200,745,744,1,2502,0,
SYNC-ACCT-059-BILLING-20260625,2026-06-25,ACCT-059,BILLING,Production,SUCCESS,200,858,858,0,2422,0,
SYNC-ACCT-059-BILLING-20260628,2026-06-28,ACCT-059,BILLING,Production,SUCCESS,200,1625,1612,13,3311,0,
SYNC-ACCT-060-CRM-20260604,2026-06-04,ACCT-060,CRM,Production,SUCCESS,200,1504,1492,12,613,0,
SYNC-ACCT-060-CRM-20260607,2026-06-07,ACCT-060,CRM,Production,SUCCESS,200,897,896,1,1167,0,
SYNC-ACCT-060-CRM-20260610,2026-06-10,ACCT-060,CRM,Production,SUCCESS,200,1471,1459,12,1104,0,
SYNC-ACCT-060-CRM-20260613,2026-06-13,ACCT-060,CRM,Production,SUCCESS,200,1120,1115,5,1492,0,
SYNC-ACCT-060-CRM-20260616,2026-06-16,ACCT-060,CRM,Production,SUCCESS,200,1428,1422,6,3400,0,
SYNC-ACCT-060-CRM-20260619,2026-06-19,ACCT-060,CRM,Production,SUCCESS,200,1555,1549,6,3380,0,
SYNC-ACCT-060-CRM-20260622,2026-06-22,ACCT-060,CRM,Production,SUCCESS,200,1327,1322,5,2904,0,
SYNC-ACCT-060-CRM-20260625,2026-06-25,ACCT-060,CRM,Production,SUCCESS,200,1434,1423,11,1880,0,
SYNC-ACCT-060-CRM-20260628,2026-06-28,ACCT-060,CRM,Production,SUCCESS,200,1219,1215,4,3343,0,
SYNC-ACCT-060-BILLING-20260604,2026-06-04,ACCT-060,BILLING,Production,SUCCESS,200,775,773,2,2609,0,
SYNC-ACCT-060-BILLING-20260607,2026-06-07,ACCT-060,BILLING,Production,SUCCESS,200,807,801,6,1250,0,
SYNC-ACCT-060-BILLING-20260610,2026-06-10,ACCT-060,BILLING,Production,SUCCESS,200,1413,1404,9,1384,0,
SYNC-ACCT-060-BILLING-20260613,2026-06-13,ACCT-060,BILLING,Production,SUCCESS,200,1379,1379,0,880,0,
SYNC-ACCT-060-BILLING-20260616,2026-06-16,ACCT-060,BILLING,Production,SUCCESS,200,994,989,5,601,0,
SYNC-ACCT-060-BILLING-20260619,2026-06-19,ACCT-060,BILLING,Production,SUCCESS,200,1469,1466,3,3284,0,
SYNC-ACCT-060-BILLING-20260622,2026-06-22,ACCT-060,BILLING,Production,SUCCESS,200,1112,1106,6,2469,0,
SYNC-ACCT-060-BILLING-20260625,2026-06-25,ACCT-060,BILLING,Production,FAILED,503,1558,0,1558,2404,2,UPSTREAM_UNAVAILABLE
SYNC-ACCT-060-BILLING-20260628,2026-06-28,ACCT-060,BILLING,Production,SUCCESS,200,1186,1181,5,1855,0,
SYNC-ACCT-060-PRODUCT-20260604,2026-06-04,ACCT-060,PRODUCT,Production,SUCCESS,200,1168,1159,9,1335,0,
SYNC-ACCT-060-PRODUCT-20260607,2026-06-07,ACCT-060,PRODUCT,Production,SUCCESS,200,1016,1016,0,1825,0,
SYNC-ACCT-060-PRODUCT-20260610,2026-06-10,ACCT-060,PRODUCT,Production,SUCCESS,200,1264,1256,8,2030,0,
SYNC-ACCT-060-PRODUCT-20260613,2026-06-13,ACCT-060,PRODUCT,Production,SUCCESS,200,981,976,5,2155,0,
SYNC-ACCT-060-PRODUCT-20260616,2026-06-16,ACCT-060,PRODUCT,Production,SUCCESS,200,1006,998,8,3239,0,
SYNC-ACCT-060-PRODUCT-20260619,2026-06-19,ACCT-060,PRODUCT,Production,SUCCESS,200,935,928,7,2995,0,
SYNC-ACCT-060-PRODUCT-20260622,2026-06-22,ACCT-060,PRODUCT,Production,SUCCESS,200,1497,1495,2,2685,0,
SYNC-ACCT-060-PRODUCT-20260625,2026-06-25,ACCT-060,PRODUCT,Production,SUCCESS,200,1059,1053,6,3229,0,
SYNC-ACCT-060-PRODUCT-20260628,2026-06-28,ACCT-060,PRODUCT,Production,SUCCESS,200,978,976,2,1947,0,
SYNC-ACCT-060-WAREHOUSE-20260604,2026-06-04,ACCT-060,WAREHOUSE,Production,SUCCESS,200,1016,1015,1,2257,0,
SYNC-ACCT-060-WAREHOUSE-20260607,2026-06-07,ACCT-060,WAREHOUSE,Production,SUCCESS,200,1069,1066,3,1698,0,
SYNC-ACCT-060-WAREHOUSE-20260610,2026-06-10,ACCT-060,WAREHOUSE,Production,SUCCESS,200,1146,1146,0,1856,0,
SYNC-ACCT-060-WAREHOUSE-20260613,2026-06-13,ACCT-060,WAREHOUSE,Production,SUCCESS,200,1584,1577,7,1575,0,
SYNC-ACCT-060-WAREHOUSE-20260616,2026-06-16,ACCT-060,WAREHOUSE,Production,SUCCESS,200,765,763,2,523,0,
SYNC-ACCT-060-WAREHOUSE-20260619,2026-06-19,ACCT-060,WAREHOUSE,Production,SUCCESS,200,760,755,5,1740,0,
SYNC-ACCT-060-WAREHOUSE-20260622,2026-06-22,ACCT-060,WAREHOUSE,Production,SUCCESS,200,808,804,4,1048,0,
SYNC-ACCT-060-WAREHOUSE-20260625,2026-06-25,ACCT-060,WAREHOUSE,Production,SUCCESS,200,1647,1644,3,2683,0,
SYNC-ACCT-060-WAREHOUSE-20260628,2026-06-28,ACCT-060,WAREHOUSE,Production,SUCCESS,200,1188,1184,4,3167,0,
